geocodigo,municipio,uf,ano,mes,fire_count,model,y_pred,cut,period,abs_error,is_dry,is_critical,vol,stratum,interval_low,interval_high,interval_width,covered,alpha,nominal_coverage,n_calib
2200277,Alegrete do Piauí,PI,2023,1,0.0,climatology_apa_intensity12,0.1069819819819819,2023-01,2023-01,0.1069819819819819,False,False,low,low_wet,0.0,0.3184181521947478,0.3184181521947478,True,0.05,0.95,3456
2202091,Caldeirão Grande do Piauí,PI,2023,1,0.0,climatology_apa_intensity12,0.1604729729729729,2023-01,2023-01,0.1604729729729729,False,False,mid,mid_wet,0.0,0.8790726733593168,0.8790726733593168,True,0.05,0.95,3456
2202554,Caridade do Piauí,PI,2023,1,0.0,climatology_apa_intensity12,0.0534909909909909,2023-01,2023-01,0.0534909909909909,False,False,mid,mid_wet,0.0,0.7720906913773348,0.7720906913773348,True,0.05,0.95,3456
2203271,Curral Novo do Piauí,PI,2023,1,0.0,climatology_apa_intensity12,0.0,2023-01,2023-01,0.0,False,False,mid,mid_wet,0.0,0.7185997003863439,0.7185997003863439,True,0.05,0.95,3456
2204154,Francisco Macedo,PI,2023,1,0.0,climatology_apa_intensity12,0.0,2023-01,2023-01,0.0,False,False,low,low_wet,0.0,0.2114361702127659,0.2114361702127659,True,0.05,0.95,3456
2204303,Fronteiras,PI,2023,1,0.0,climatology_apa_intensity12,0.4279279279279279,2023-01,2023-01,0.4279279279279279,False,False,high,high_wet,0.0,2.1403764875987097,2.1403764875987097,True,0.05,0.95,3456
2205953,Marcolândia,PI,2023,1,0.0,climatology_apa_intensity12,0.1604729729729729,2023-01,2023-01,0.1604729729729729,False,False,low,low_wet,0.0,0.37190914318573876,0.37190914318573876,True,0.05,0.95,3456
2207207,Padre Marcos,PI,2023,1,0.0,climatology_apa_intensity12,0.3209459459459459,2023-01,2023-01,0.3209459459459459,False,False,low,low_wet,0.10950977573317999,0.5323821161587118,0.4228723404255318,False,0.05,0.95,3456
2210300,São Julião,PI,2023,1,0.0,climatology_apa_intensity12,0.0534909909909909,2023-01,2023-01,0.0534909909909909,False,False,low,low_wet,0.0,0.2649271612037568,0.2649271612037568,True,0.05,0.95,3456
2210706,Simões,PI,2023,1,0.0,climatology_apa_intensity12,0.1604729729729729,2023-01,2023-01,0.1604729729729729,False,False,mid,mid_wet,0.0,0.8790726733593168,0.8790726733593168,True,0.05,0.95,3456
2300101,Abaiara,CE,2023,1,0.0,climatology_apa_intensity12,0.0534909909909909,2023-01,2023-01,0.0534909909909909,False,False,low,low_wet,0.0,0.2649271612037568,0.2649271612037568,True,0.05,0.95,3456
2300606,Altaneira,CE,2023,1,0.0,climatology_apa_intensity12,0.0,2023-01,2023-01,0.0,False,False,low,low_wet,0.0,0.2114361702127659,0.2114361702127659,True,0.05,0.95,3456
2301307,Araripe,CE,2023,1,1.0,climatology_apa_intensity12,1.3907657657657655,2023-01,2023-01,0.3907657657657655,False,False,high,high_wet,0.0,3.1032143254365474,3.1032143254365474,True,0.05,0.95,3456
2301604,Assaré,CE,2023,1,0.0,climatology_apa_intensity12,1.9791666666666667,2023-01,2023-01,1.9791666666666667,False,False,high,high_wet,0.26671810699588483,3.691615226337449,3.424897119341564,False,0.05,0.95,3456
2301901,Barbalha,CE,2023,1,1.0,climatology_apa_intensity12,0.4279279279279279,2023-01,2023-01,0.5720720720720721,False,False,high,high_wet,0.0,2.1403764875987097,2.1403764875987097,True,0.05,0.95,3456
2302503,Brejo Santo,CE,2023,1,0.0,climatology_apa_intensity12,0.3744369369369369,2023-01,2023-01,0.3744369369369369,False,False,mid,mid_wet,0.0,1.093036637323281,1.093036637323281,True,0.05,0.95,3456
2302701,Campos Sales,CE,2023,1,1.0,climatology_apa_intensity12,0.3744369369369369,2023-01,2023-01,0.6255630630630631,False,False,low,low_wet,0.16300076672417102,0.5858731071497028,0.42287234042553173,False,0.05,0.95,3456
2304202,Crato,CE,2023,1,0.0,climatology_apa_intensity12,0.8023648648648648,2023-01,2023-01,0.8023648648648648,False,False,high,high_wet,0.0,2.514813424535647,2.514813424535647,True,0.05,0.95,3456
2304301,Farias Brito,CE,2023,1,0.0,climatology_apa_intensity12,0.5884009009009009,2023-01,2023-01,0.5884009009009009,False,False,mid,mid_wet,0.0,1.3070006012872448,1.3070006012872448,True,0.05,0.95,3456
2307106,Jardim,CE,2023,1,0.0,climatology_apa_intensity12,0.4814189189189188,2023-01,2023-01,0.4814189189189188,False,False,mid,mid_wet,0.0,1.2000186193052627,1.2000186193052627,True,0.05,0.95,3456
2307205,Jati,CE,2023,1,0.0,climatology_apa_intensity12,0.3744369369369369,2023-01,2023-01,0.3744369369369369,False,False,low,low_wet,0.16300076672417102,0.5858731071497028,0.42287234042553173,False,0.05,0.95,3456
2308401,Missão Velha,CE,2023,1,1.0,climatology_apa_intensity12,1.123310810810811,2023-01,2023-01,0.12331081081081097,False,False,high,high_wet,0.0,2.835759370481593,2.835759370481593,True,0.05,0.95,3456
2309201,Nova Olinda,CE,2023,1,0.0,climatology_apa_intensity12,0.2674549549549549,2023-01,2023-01,0.2674549549549549,False,False,mid,mid_wet,0.0,0.9860546553412988,0.9860546553412988,True,0.05,0.95,3456
2310605,Penaforte,CE,2023,1,0.0,climatology_apa_intensity12,0.0534909909909909,2023-01,2023-01,0.0534909909909909,False,False,low,low_wet,0.0,0.2649271612037568,0.2649271612037568,True,0.05,0.95,3456
2311108,Porteiras,CE,2023,1,0.0,climatology_apa_intensity12,0.2139639639639639,2023-01,2023-01,0.2139639639639639,False,False,low,low_wet,0.002527793751197993,0.4254001341767298,0.4228723404255318,False,0.05,0.95,3456
2311207,Potengi,CE,2023,1,0.0,climatology_apa_intensity12,0.7488738738738738,2023-01,2023-01,0.7488738738738738,False,False,mid,mid_wet,0.03027417348752992,1.4674735742602176,1.4371994007726876,False,0.05,0.95,3456
2311959,Salitre,CE,2023,1,0.0,climatology_apa_intensity12,0.5349099099099098,2023-01,2023-01,0.5349099099099098,False,False,mid,mid_wet,0.0,1.2535096102962537,1.2535096102962537,True,0.05,0.95,3456
2312106,Santana do Cariri,CE,2023,1,0.0,climatology_apa_intensity12,3.637387387387387,2023-01,2023-01,3.637387387387387,False,False,high,high_wet,1.924938827716605,5.349835947058169,3.4248971193415643,False,0.05,0.95,3456
2601102,Araripina,PE,2023,1,0.0,climatology_apa_intensity12,0.4279279279279279,2023-01,2023-01,0.4279279279279279,False,False,high,high_wet,0.0,2.1403764875987097,2.1403764875987097,True,0.05,0.95,3456
2602001,Bodocó,PE,2023,1,1.0,climatology_apa_intensity12,1.7652027027027026,2023-01,2023-01,0.7652027027027026,False,False,high,high_wet,0.05275414303192072,3.4776512623734845,3.424897119341564,True,0.05,0.95,3456
2604304,Cedro,PE,2023,1,0.0,climatology_apa_intensity12,0.0534909909909909,2023-01,2023-01,0.0534909909909909,False,False,low,low_wet,0.0,0.2649271612037568,0.2649271612037568,True,0.05,0.95,3456
2605301,Exu,PE,2023,1,2.0,climatology_apa_intensity12,2.0861486486486487,2023-01,2023-01,0.08614864864864868,False,False,high,high_wet,0.3737000889778668,3.7985972083194306,3.424897119341564,True,0.05,0.95,3456
2607307,Ipubi,PE,2023,1,0.0,climatology_apa_intensity12,0.4814189189189188,2023-01,2023-01,0.4814189189189188,False,False,high,high_wet,0.0,2.1938674785897008,2.1938674785897008,True,0.05,0.95,3456
2614006,Serrita,PE,2023,1,1.0,climatology_apa_intensity12,1.3907657657657655,2023-01,2023-01,0.3907657657657655,False,False,high,high_wet,0.0,3.1032143254365474,3.1032143254365474,True,0.05,0.95,3456
2614303,Moreilândia,PE,2023,1,0.0,climatology_apa_intensity12,0.3209459459459459,2023-01,2023-01,0.3209459459459459,False,False,mid,mid_wet,0.0,1.0395456463322899,1.0395456463322899,True,0.05,0.95,3456
2615607,Trindade,PE,2023,1,1.0,climatology_apa_intensity12,0.0534909909909909,2023-01,2023-01,0.9465090090090091,False,False,low,low_wet,0.0,0.2649271612037568,0.2649271612037568,False,0.05,0.95,3456
2200277,Alegrete do Piauí,PI,2023,2,0.0,climatology_apa_intensity12,0.0,2023-02,2023-02,0.0,False,False,low,low_wet,0.0,0.1776340999081569,0.1776340999081569,True,0.05,0.95,3492
2202091,Caldeirão Grande do Piauí,PI,2023,2,0.0,climatology_apa_intensity12,0.0540274011199943,2023-02,2023-02,0.0540274011199943,False,False,mid,mid_wet,0.0,0.7726271015063382,0.7726271015063382,True,0.05,0.95,3492
2202554,Caridade do Piauí,PI,2023,2,0.0,climatology_apa_intensity12,0.0,2023-02,2023-02,0.0,False,False,mid,mid_wet,0.0,0.7185997003863439,0.7185997003863439,True,0.05,0.95,3492
2203271,Curral Novo do Piauí,PI,2023,2,0.0,climatology_apa_intensity12,0.0,2023-02,2023-02,0.0,False,False,mid,mid_wet,0.0,0.7185997003863439,0.7185997003863439,True,0.05,0.95,3492
2204154,Francisco Macedo,PI,2023,2,0.0,climatology_apa_intensity12,0.0,2023-02,2023-02,0.0,False,False,low,low_wet,0.0,0.1776340999081569,0.1776340999081569,True,0.05,0.95,3492
2204303,Fronteiras,PI,2023,2,0.0,climatology_apa_intensity12,0.0,2023-02,2023-02,0.0,False,False,high,high_wet,0.0,1.7746577746577747,1.7746577746577747,True,0.05,0.95,3492
2205953,Marcolândia,PI,2023,2,0.0,climatology_apa_intensity12,0.0,2023-02,2023-02,0.0,False,False,low,low_wet,0.0,0.1776340999081569,0.1776340999081569,True,0.05,0.95,3492
2207207,Padre Marcos,PI,2023,2,0.0,climatology_apa_intensity12,0.0540274011199943,2023-02,2023-02,0.0540274011199943,False,False,low,low_wet,0.0,0.2316615010281512,0.2316615010281512,True,0.05,0.95,3492
2210300,São Julião,PI,2023,2,0.0,climatology_apa_intensity12,0.0,2023-02,2023-02,0.0,False,False,low,low_wet,0.0,0.1776340999081569,0.1776340999081569,True,0.05,0.95,3492
2210706,Simões,PI,2023,2,0.0,climatology_apa_intensity12,0.1080548022399887,2023-02,2023-02,0.1080548022399887,False,False,mid,mid_wet,0.0,0.8266545026263326,0.8266545026263326,True,0.05,0.95,3492
2300101,Abaiara,CE,2023,2,0.0,climatology_apa_intensity12,0.0,2023-02,2023-02,0.0,False,False,low,low_wet,0.0,0.1776340999081569,0.1776340999081569,True,0.05,0.95,3492
2300606,Altaneira,CE,2023,2,0.0,climatology_apa_intensity12,0.0,2023-02,2023-02,0.0,False,False,low,low_wet,0.0,0.1776340999081569,0.1776340999081569,True,0.05,0.95,3492
2301307,Araripe,CE,2023,2,1.0,climatology_apa_intensity12,0.1080548022399887,2023-02,2023-02,0.8919451977600112,False,False,high,high_wet,0.0,1.8827125768977635,1.8827125768977635,True,0.05,0.95,3492
2301604,Assaré,CE,2023,2,0.0,climatology_apa_intensity12,0.2701370055999718,2023-02,2023-02,0.2701370055999718,False,False,high,high_wet,0.0,2.0447947802577464,2.0447947802577464,True,0.05,0.95,3492
2301901,Barbalha,CE,2023,2,0.0,climatology_apa_intensity12,0.162082203359983,2023-02,2023-02,0.162082203359983,False,False,high,high_wet,0.0,1.9367399780177577,1.9367399780177577,True,0.05,0.95,3492
2302503,Brejo Santo,CE,2023,2,1.0,climatology_apa_intensity12,0.0540274011199943,2023-02,2023-02,0.9459725988800057,False,False,mid,mid_wet,0.0,0.7726271015063382,0.7726271015063382,False,0.05,0.95,3492
2302701,Campos Sales,CE,2023,2,0.0,climatology_apa_intensity12,0.0540274011199943,2023-02,2023-02,0.0540274011199943,False,False,mid,mid_wet,0.0,0.7726271015063382,0.7726271015063382,True,0.05,0.95,3492
2304202,Crato,CE,2023,2,1.0,climatology_apa_intensity12,0.2701370055999718,2023-02,2023-02,0.7298629944000282,False,False,high,high_wet,0.0,2.0447947802577464,2.0447947802577464,True,0.05,0.95,3492
2304301,Farias Brito,CE,2023,2,0.0,climatology_apa_intensity12,0.0,2023-02,2023-02,0.0,False,False,mid,mid_wet,0.0,0.7185997003863439,0.7185997003863439,True,0.05,0.95,3492
2307106,Jardim,CE,2023,2,0.0,climatology_apa_intensity12,0.1080548022399887,2023-02,2023-02,0.1080548022399887,False,False,mid,mid_wet,0.0,0.8266545026263326,0.8266545026263326,True,0.05,0.95,3492
2307205,Jati,CE,2023,2,0.0,climatology_apa_intensity12,0.162082203359983,2023-02,2023-02,0.162082203359983,False,False,low,low_wet,0.0,0.3397163032681399,0.3397163032681399,True,0.05,0.95,3492
2308401,Missão Velha,CE,2023,2,2.0,climatology_apa_intensity12,0.1080548022399887,2023-02,2023-02,1.8919451977600112,False,False,high,high_wet,0.0,1.8827125768977635,1.8827125768977635,False,0.05,0.95,3492
2309201,Nova Olinda,CE,2023,2,0.0,climatology_apa_intensity12,0.0,2023-02,2023-02,0.0,False,False,mid,mid_wet,0.0,0.7185997003863439,0.7185997003863439,True,0.05,0.95,3492
2310605,Penaforte,CE,2023,2,0.0,climatology_apa_intensity12,0.1080548022399887,2023-02,2023-02,0.1080548022399887,False,False,low,low_wet,0.0,0.2856889021481456,0.2856889021481456,True,0.05,0.95,3492
2311108,Porteiras,CE,2023,2,0.0,climatology_apa_intensity12,0.1080548022399887,2023-02,2023-02,0.1080548022399887,False,False,low,low_wet,0.0,0.2856889021481456,0.2856889021481456,True,0.05,0.95,3492
2311207,Potengi,CE,2023,2,0.0,climatology_apa_intensity12,0.3241644067199661,2023-02,2023-02,0.3241644067199661,False,False,mid,mid_wet,0.0,1.04276410710631,1.04276410710631,True,0.05,0.95,3492
2311959,Salitre,CE,2023,2,0.0,climatology_apa_intensity12,0.0540274011199943,2023-02,2023-02,0.0540274011199943,False,False,mid,mid_wet,0.0,0.7726271015063382,0.7726271015063382,True,0.05,0.95,3492
2312106,Santana do Cariri,CE,2023,2,0.0,climatology_apa_intensity12,0.2701370055999718,2023-02,2023-02,0.2701370055999718,False,False,high,high_wet,0.0,2.0447947802577464,2.0447947802577464,True,0.05,0.95,3492
2601102,Araripina,PE,2023,2,0.0,climatology_apa_intensity12,0.162082203359983,2023-02,2023-02,0.162082203359983,False,False,high,high_wet,0.0,1.9367399780177577,1.9367399780177577,True,0.05,0.95,3492
2602001,Bodocó,PE,2023,2,1.0,climatology_apa_intensity12,0.2701370055999718,2023-02,2023-02,0.7298629944000282,False,False,high,high_wet,0.0,2.0447947802577464,2.0447947802577464,True,0.05,0.95,3492
2604304,Cedro,PE,2023,2,0.0,climatology_apa_intensity12,0.0,2023-02,2023-02,0.0,False,False,low,low_wet,0.0,0.1776340999081569,0.1776340999081569,True,0.05,0.95,3492
2605301,Exu,PE,2023,2,2.0,climatology_apa_intensity12,0.2161096044799774,2023-02,2023-02,1.7838903955200225,False,False,high,high_wet,0.0,1.9907673791377523,1.9907673791377523,False,0.05,0.95,3492
2607307,Ipubi,PE,2023,2,0.0,climatology_apa_intensity12,0.1080548022399887,2023-02,2023-02,0.1080548022399887,False,False,high,high_wet,0.0,1.8827125768977635,1.8827125768977635,True,0.05,0.95,3492
2614006,Serrita,PE,2023,2,0.0,climatology_apa_intensity12,0.1080548022399887,2023-02,2023-02,0.1080548022399887,False,False,high,high_wet,0.0,1.8827125768977635,1.8827125768977635,True,0.05,0.95,3492
2614303,Moreilândia,PE,2023,2,0.0,climatology_apa_intensity12,0.162082203359983,2023-02,2023-02,0.162082203359983,False,False,mid,mid_wet,0.0,0.8806819037463269,0.8806819037463269,True,0.05,0.95,3492
2615607,Trindade,PE,2023,2,0.0,climatology_apa_intensity12,0.0540274011199943,2023-02,2023-02,0.0540274011199943,False,False,low,low_wet,0.0,0.2316615010281512,0.2316615010281512,True,0.05,0.95,3492
2200277,Alegrete do Piauí,PI,2023,3,0.0,climatology_apa_intensity12,0.0,2023-03,2023-03,0.0,False,False,low,low_wet,0.0,0.1776340999081569,0.1776340999081569,True,0.05,0.95,3528
2202091,Caldeirão Grande do Piauí,PI,2023,3,0.0,climatology_apa_intensity12,0.0,2023-03,2023-03,0.0,False,False,mid,mid_wet,0.0,0.7400265957446808,0.7400265957446808,True,0.05,0.95,3528
2202554,Caridade do Piauí,PI,2023,3,1.0,climatology_apa_intensity12,0.0,2023-03,2023-03,1.0,False,False,mid,mid_wet,0.0,0.7400265957446808,0.7400265957446808,False,0.05,0.95,3528
2203271,Curral Novo do Piauí,PI,2023,3,0.0,climatology_apa_intensity12,0.0,2023-03,2023-03,0.0,False,False,mid,mid_wet,0.0,0.7400265957446808,0.7400265957446808,True,0.05,0.95,3528
2204154,Francisco Macedo,PI,2023,3,0.0,climatology_apa_intensity12,0.0,2023-03,2023-03,0.0,False,False,low,low_wet,0.0,0.1776340999081569,0.1776340999081569,True,0.05,0.95,3528
2204303,Fronteiras,PI,2023,3,0.0,climatology_apa_intensity12,0.0,2023-03,2023-03,0.0,False,False,high,high_wet,0.0,1.7838903955200225,1.7838903955200225,True,0.05,0.95,3528
2205953,Marcolândia,PI,2023,3,0.0,climatology_apa_intensity12,0.0,2023-03,2023-03,0.0,False,False,low,low_wet,0.0,0.1776340999081569,0.1776340999081569,True,0.05,0.95,3528
2207207,Padre Marcos,PI,2023,3,0.0,climatology_apa_intensity12,0.0,2023-03,2023-03,0.0,False,False,low,low_wet,0.0,0.1776340999081569,0.1776340999081569,True,0.05,0.95,3528
2210300,São Julião,PI,2023,3,0.0,climatology_apa_intensity12,0.0,2023-03,2023-03,0.0,False,False,low,low_wet,0.0,0.1776340999081569,0.1776340999081569,True,0.05,0.95,3528
2210706,Simões,PI,2023,3,0.0,climatology_apa_intensity12,0.0,2023-03,2023-03,0.0,False,False,mid,mid_wet,0.0,0.7400265957446808,0.7400265957446808,True,0.05,0.95,3528
2300101,Abaiara,CE,2023,3,1.0,climatology_apa_intensity12,0.0,2023-03,2023-03,1.0,False,False,low,low_wet,0.0,0.1776340999081569,0.1776340999081569,False,0.05,0.95,3528
2300606,Altaneira,CE,2023,3,0.0,climatology_apa_intensity12,0.0,2023-03,2023-03,0.0,False,False,low,low_wet,0.0,0.1776340999081569,0.1776340999081569,True,0.05,0.95,3528
2301307,Araripe,CE,2023,3,0.0,climatology_apa_intensity12,0.0,2023-03,2023-03,0.0,False,False,high,high_wet,0.0,1.7838903955200225,1.7838903955200225,True,0.05,0.95,3528
2301604,Assaré,CE,2023,3,0.0,climatology_apa_intensity12,0.0,2023-03,2023-03,0.0,False,False,high,high_wet,0.0,1.7838903955200225,1.7838903955200225,True,0.05,0.95,3528
2301901,Barbalha,CE,2023,3,0.0,climatology_apa_intensity12,0.0,2023-03,2023-03,0.0,False,False,high,high_wet,0.0,1.7838903955200225,1.7838903955200225,True,0.05,0.95,3528
2302503,Brejo Santo,CE,2023,3,0.0,climatology_apa_intensity12,0.0,2023-03,2023-03,0.0,False,False,mid,mid_wet,0.0,0.7400265957446808,0.7400265957446808,True,0.05,0.95,3528
2302701,Campos Sales,CE,2023,3,0.0,climatology_apa_intensity12,0.0,2023-03,2023-03,0.0,False,False,mid,mid_wet,0.0,0.7400265957446808,0.7400265957446808,True,0.05,0.95,3528
2304202,Crato,CE,2023,3,1.0,climatology_apa_intensity12,0.1088663394573583,2023-03,2023-03,0.8911336605426416,False,False,high,high_wet,0.0,1.8927567349773808,1.8927567349773808,True,0.05,0.95,3528
2304301,Farias Brito,CE,2023,3,0.0,climatology_apa_intensity12,0.0544331697286791,2023-03,2023-03,0.0544331697286791,False,False,mid,mid_wet,0.0,0.7944597654733598,0.7944597654733598,True,0.05,0.95,3528
2307106,Jardim,CE,2023,3,0.0,climatology_apa_intensity12,0.0544331697286791,2023-03,2023-03,0.0544331697286791,False,False,mid,mid_wet,0.0,0.7944597654733598,0.7944597654733598,True,0.05,0.95,3528
2307205,Jati,CE,2023,3,0.0,climatology_apa_intensity12,0.0,2023-03,2023-03,0.0,False,False,low,low_wet,0.0,0.1776340999081569,0.1776340999081569,True,0.05,0.95,3528
2308401,Missão Velha,CE,2023,3,0.0,climatology_apa_intensity12,0.3265990183720749,2023-03,2023-03,0.3265990183720749,False,False,high,high_wet,0.0,2.1104894138920973,2.1104894138920973,True,0.05,0.95,3528
2309201,Nova Olinda,CE,2023,3,0.0,climatology_apa_intensity12,0.0,2023-03,2023-03,0.0,False,False,mid,mid_wet,0.0,0.7400265957446808,0.7400265957446808,True,0.05,0.95,3528
2310605,Penaforte,CE,2023,3,0.0,climatology_apa_intensity12,0.0,2023-03,2023-03,0.0,False,False,low,low_wet,0.0,0.1776340999081569,0.1776340999081569,True,0.05,0.95,3528
2311108,Porteiras,CE,2023,3,0.0,climatology_apa_intensity12,0.0,2023-03,2023-03,0.0,False,False,low,low_wet,0.0,0.1776340999081569,0.1776340999081569,True,0.05,0.95,3528
2311207,Potengi,CE,2023,3,0.0,climatology_apa_intensity12,0.0,2023-03,2023-03,0.0,False,False,mid,mid_wet,0.0,0.7400265957446808,0.7400265957446808,True,0.05,0.95,3528
2311959,Salitre,CE,2023,3,0.0,climatology_apa_intensity12,0.0544331697286791,2023-03,2023-03,0.0544331697286791,False,False,mid,mid_wet,0.0,0.7944597654733598,0.7944597654733598,True,0.05,0.95,3528
2312106,Santana do Cariri,CE,2023,3,0.0,climatology_apa_intensity12,0.0,2023-03,2023-03,0.0,False,False,high,high_wet,0.0,1.7838903955200225,1.7838903955200225,True,0.05,0.95,3528
2601102,Araripina,PE,2023,3,0.0,climatology_apa_intensity12,0.0544331697286791,2023-03,2023-03,0.0544331697286791,False,False,high,high_wet,0.0,1.8383235652487016,1.8383235652487016,True,0.05,0.95,3528
2602001,Bodocó,PE,2023,3,0.0,climatology_apa_intensity12,0.2721658486433957,2023-03,2023-03,0.2721658486433957,False,False,high,high_wet,0.0,2.0560562441634183,2.0560562441634183,True,0.05,0.95,3528
2604304,Cedro,PE,2023,3,0.0,climatology_apa_intensity12,0.0,2023-03,2023-03,0.0,False,False,low,low_wet,0.0,0.1776340999081569,0.1776340999081569,True,0.05,0.95,3528
2605301,Exu,PE,2023,3,1.0,climatology_apa_intensity12,0.0544331697286791,2023-03,2023-03,0.9455668302713209,False,False,high,high_wet,0.0,1.8383235652487016,1.8383235652487016,True,0.05,0.95,3528
2607307,Ipubi,PE,2023,3,0.0,climatology_apa_intensity12,0.0544331697286791,2023-03,2023-03,0.0544331697286791,False,False,high,high_wet,0.0,1.8383235652487016,1.8383235652487016,True,0.05,0.95,3528
2614006,Serrita,PE,2023,3,0.0,climatology_apa_intensity12,0.0,2023-03,2023-03,0.0,False,False,high,high_wet,0.0,1.7838903955200225,1.7838903955200225,True,0.05,0.95,3528
2614303,Moreilândia,PE,2023,3,0.0,climatology_apa_intensity12,0.0,2023-03,2023-03,0.0,False,False,mid,mid_wet,0.0,0.7400265957446808,0.7400265957446808,True,0.05,0.95,3528
2615607,Trindade,PE,2023,3,0.0,climatology_apa_intensity12,0.0,2023-03,2023-03,0.0,False,False,low,low_wet,0.0,0.1776340999081569,0.1776340999081569,True,0.05,0.95,3528
2200277,Alegrete do Piauí,PI,2023,4,0.0,climatology_apa_intensity12,0.0,2023-04,2023-04,0.0,False,False,low,low_wet,0.0,0.2253422253422253,0.2253422253422253,True,0.05,0.95,3564
2202091,Caldeirão Grande do Piauí,PI,2023,4,0.0,climatology_apa_intensity12,0.0,2023-04,2023-04,0.0,False,False,mid,mid_wet,0.0,0.7400265957446808,0.7400265957446808,True,0.05,0.95,3564
2202554,Caridade do Piauí,PI,2023,4,0.0,climatology_apa_intensity12,0.0,2023-04,2023-04,0.0,False,False,mid,mid_wet,0.0,0.7400265957446808,0.7400265957446808,True,0.05,0.95,3564
2203271,Curral Novo do Piauí,PI,2023,4,0.0,climatology_apa_intensity12,0.0,2023-04,2023-04,0.0,False,False,mid,mid_wet,0.0,0.7400265957446808,0.7400265957446808,True,0.05,0.95,3564
2204154,Francisco Macedo,PI,2023,4,0.0,climatology_apa_intensity12,0.0,2023-04,2023-04,0.0,False,False,low,low_wet,0.0,0.2253422253422253,0.2253422253422253,True,0.05,0.95,3564
2204303,Fronteiras,PI,2023,4,0.0,climatology_apa_intensity12,0.0,2023-04,2023-04,0.0,False,False,high,high_wet,0.0,1.7834868137466202,1.7834868137466202,True,0.05,0.95,3564
2205953,Marcolândia,PI,2023,4,0.0,climatology_apa_intensity12,0.0,2023-04,2023-04,0.0,False,False,low,low_wet,0.0,0.2253422253422253,0.2253422253422253,True,0.05,0.95,3564
2207207,Padre Marcos,PI,2023,4,0.0,climatology_apa_intensity12,0.0,2023-04,2023-04,0.0,False,False,low,low_wet,0.0,0.2253422253422253,0.2253422253422253,True,0.05,0.95,3564
2210300,São Julião,PI,2023,4,0.0,climatology_apa_intensity12,0.0,2023-04,2023-04,0.0,False,False,low,low_wet,0.0,0.2253422253422253,0.2253422253422253,True,0.05,0.95,3564
2210706,Simões,PI,2023,4,0.0,climatology_apa_intensity12,0.0,2023-04,2023-04,0.0,False,False,mid,mid_wet,0.0,0.7400265957446808,0.7400265957446808,True,0.05,0.95,3564
2300101,Abaiara,CE,2023,4,0.0,climatology_apa_intensity12,0.0,2023-04,2023-04,0.0,False,False,low,low_wet,0.0,0.2253422253422253,0.2253422253422253,True,0.05,0.95,3564
2300606,Altaneira,CE,2023,4,0.0,climatology_apa_intensity12,0.0,2023-04,2023-04,0.0,False,False,low,low_wet,0.0,0.2253422253422253,0.2253422253422253,True,0.05,0.95,3564
2301307,Araripe,CE,2023,4,0.0,climatology_apa_intensity12,0.0,2023-04,2023-04,0.0,False,False,high,high_wet,0.0,1.7834868137466202,1.7834868137466202,True,0.05,0.95,3564
2301604,Assaré,CE,2023,4,0.0,climatology_apa_intensity12,0.0,2023-04,2023-04,0.0,False,False,high,high_wet,0.0,1.7834868137466202,1.7834868137466202,True,0.05,0.95,3564
2301901,Barbalha,CE,2023,4,0.0,climatology_apa_intensity12,0.0,2023-04,2023-04,0.0,False,False,high,high_wet,0.0,1.7834868137466202,1.7834868137466202,True,0.05,0.95,3564
2302503,Brejo Santo,CE,2023,4,0.0,climatology_apa_intensity12,0.0,2023-04,2023-04,0.0,False,False,mid,mid_wet,0.0,0.7400265957446808,0.7400265957446808,True,0.05,0.95,3564
2302701,Campos Sales,CE,2023,4,0.0,climatology_apa_intensity12,0.0,2023-04,2023-04,0.0,False,False,low,low_wet,0.0,0.2253422253422253,0.2253422253422253,True,0.05,0.95,3564
2304202,Crato,CE,2023,4,0.0,climatology_apa_intensity12,0.0,2023-04,2023-04,0.0,False,False,high,high_wet,0.0,1.7834868137466202,1.7834868137466202,True,0.05,0.95,3564
2304301,Farias Brito,CE,2023,4,0.0,climatology_apa_intensity12,0.0,2023-04,2023-04,0.0,False,False,mid,mid_wet,0.0,0.7400265957446808,0.7400265957446808,True,0.05,0.95,3564
2307106,Jardim,CE,2023,4,0.0,climatology_apa_intensity12,0.0,2023-04,2023-04,0.0,False,False,mid,mid_wet,0.0,0.7400265957446808,0.7400265957446808,True,0.05,0.95,3564
2307205,Jati,CE,2023,4,0.0,climatology_apa_intensity12,0.0,2023-04,2023-04,0.0,False,False,low,low_wet,0.0,0.2253422253422253,0.2253422253422253,True,0.05,0.95,3564
2308401,Missão Velha,CE,2023,4,0.0,climatology_apa_intensity12,0.2188154536654052,2023-04,2023-04,0.2188154536654052,False,False,high,high_wet,0.0,2.002302267412025,2.002302267412025,True,0.05,0.95,3564
2309201,Nova Olinda,CE,2023,4,0.0,climatology_apa_intensity12,0.0,2023-04,2023-04,0.0,False,False,mid,mid_wet,0.0,0.7400265957446808,0.7400265957446808,True,0.05,0.95,3564
2310605,Penaforte,CE,2023,4,0.0,climatology_apa_intensity12,0.0,2023-04,2023-04,0.0,False,False,low,low_wet,0.0,0.2253422253422253,0.2253422253422253,True,0.05,0.95,3564
2311108,Porteiras,CE,2023,4,0.0,climatology_apa_intensity12,0.0,2023-04,2023-04,0.0,False,False,low,low_wet,0.0,0.2253422253422253,0.2253422253422253,True,0.05,0.95,3564
2311207,Potengi,CE,2023,4,0.0,climatology_apa_intensity12,0.0,2023-04,2023-04,0.0,False,False,mid,mid_wet,0.0,0.7400265957446808,0.7400265957446808,True,0.05,0.95,3564
2311959,Salitre,CE,2023,4,0.0,climatology_apa_intensity12,0.0547038634163513,2023-04,2023-04,0.0547038634163513,False,False,mid,mid_wet,0.0,0.794730459161032,0.794730459161032,True,0.05,0.95,3564
2312106,Santana do Cariri,CE,2023,4,0.0,climatology_apa_intensity12,0.0,2023-04,2023-04,0.0,False,False,high,high_wet,0.0,1.7834868137466202,1.7834868137466202,True,0.05,0.95,3564
2601102,Araripina,PE,2023,4,0.0,climatology_apa_intensity12,0.0547038634163513,2023-04,2023-04,0.0547038634163513,False,False,high,high_wet,0.0,1.8381906771629715,1.8381906771629715,True,0.05,0.95,3564
2602001,Bodocó,PE,2023,4,0.0,climatology_apa_intensity12,0.1094077268327026,2023-04,2023-04,0.1094077268327026,False,False,high,high_wet,0.0,1.8928945405793227,1.8928945405793227,True,0.05,0.95,3564
2604304,Cedro,PE,2023,4,0.0,climatology_apa_intensity12,0.0,2023-04,2023-04,0.0,False,False,low,low_wet,0.0,0.2253422253422253,0.2253422253422253,True,0.05,0.95,3564
2605301,Exu,PE,2023,4,1.0,climatology_apa_intensity12,0.0547038634163513,2023-04,2023-04,0.9452961365836487,False,False,high,high_wet,0.0,1.8381906771629715,1.8381906771629715,True,0.05,0.95,3564
2607307,Ipubi,PE,2023,4,0.0,climatology_apa_intensity12,0.0547038634163513,2023-04,2023-04,0.0547038634163513,False,False,high,high_wet,0.0,1.8381906771629715,1.8381906771629715,True,0.05,0.95,3564
2614006,Serrita,PE,2023,4,0.0,climatology_apa_intensity12,0.0547038634163513,2023-04,2023-04,0.0547038634163513,False,False,high,high_wet,0.0,1.8381906771629715,1.8381906771629715,True,0.05,0.95,3564
2614303,Moreilândia,PE,2023,4,0.0,climatology_apa_intensity12,0.0,2023-04,2023-04,0.0,False,False,mid,mid_wet,0.0,0.7400265957446808,0.7400265957446808,True,0.05,0.95,3564
2615607,Trindade,PE,2023,4,0.0,climatology_apa_intensity12,0.0,2023-04,2023-04,0.0,False,False,low,low_wet,0.0,0.2253422253422253,0.2253422253422253,True,0.05,0.95,3564
2200277,Alegrete do Piauí,PI,2023,5,0.0,climatology_apa_intensity12,0.0,2023-05,2023-05,0.0,False,False,low,low_wet,0.0,0.2197831479210178,0.2197831479210178,True,0.05,0.95,3600
2202091,Caldeirão Grande do Piauí,PI,2023,5,0.0,climatology_apa_intensity12,0.0,2023-05,2023-05,0.0,False,False,mid,mid_wet,0.0,0.7185997003863439,0.7185997003863439,True,0.05,0.95,3600
2202554,Caridade do Piauí,PI,2023,5,0.0,climatology_apa_intensity12,0.0,2023-05,2023-05,0.0,False,False,mid,mid_wet,0.0,0.7185997003863439,0.7185997003863439,True,0.05,0.95,3600
2203271,Curral Novo do Piauí,PI,2023,5,0.0,climatology_apa_intensity12,0.2190908994906418,2023-05,2023-05,0.2190908994906418,False,False,mid,mid_wet,0.0,0.9376905998769858,0.9376905998769858,True,0.05,0.95,3600
2204154,Francisco Macedo,PI,2023,5,0.0,climatology_apa_intensity12,0.0,2023-05,2023-05,0.0,False,False,low,low_wet,0.0,0.2197831479210178,0.2197831479210178,True,0.05,0.95,3600
2204303,Fronteiras,PI,2023,5,0.0,climatology_apa_intensity12,0.0,2023-05,2023-05,0.0,False,False,high,high_wet,0.0,1.7746577746577747,1.7746577746577747,True,0.05,0.95,3600
2205953,Marcolândia,PI,2023,5,0.0,climatology_apa_intensity12,0.0,2023-05,2023-05,0.0,False,False,low,low_wet,0.0,0.2197831479210178,0.2197831479210178,True,0.05,0.95,3600
2207207,Padre Marcos,PI,2023,5,0.0,climatology_apa_intensity12,0.0,2023-05,2023-05,0.0,False,False,low,low_wet,0.0,0.2197831479210178,0.2197831479210178,True,0.05,0.95,3600
2210300,São Julião,PI,2023,5,0.0,climatology_apa_intensity12,0.0,2023-05,2023-05,0.0,False,False,low,low_wet,0.0,0.2197831479210178,0.2197831479210178,True,0.05,0.95,3600
2210706,Simões,PI,2023,5,0.0,climatology_apa_intensity12,0.0,2023-05,2023-05,0.0,False,False,mid,mid_wet,0.0,0.7185997003863439,0.7185997003863439,True,0.05,0.95,3600
2300101,Abaiara,CE,2023,5,0.0,climatology_apa_intensity12,0.0547727248726604,2023-05,2023-05,0.0547727248726604,False,False,low,low_wet,0.0,0.2745558727936782,0.2745558727936782,True,0.05,0.95,3600
2300606,Altaneira,CE,2023,5,0.0,climatology_apa_intensity12,0.0,2023-05,2023-05,0.0,False,False,low,low_wet,0.0,0.2197831479210178,0.2197831479210178,True,0.05,0.95,3600
2301307,Araripe,CE,2023,5,0.0,climatology_apa_intensity12,0.2738636243633022,2023-05,2023-05,0.2738636243633022,False,False,high,high_wet,0.0,2.048521399021077,2.048521399021077,True,0.05,0.95,3600
2301604,Assaré,CE,2023,5,0.0,climatology_apa_intensity12,0.0,2023-05,2023-05,0.0,False,False,high,high_wet,0.0,1.7746577746577747,1.7746577746577747,True,0.05,0.95,3600
2301901,Barbalha,CE,2023,5,0.0,climatology_apa_intensity12,0.0,2023-05,2023-05,0.0,False,False,high,high_wet,0.0,1.7746577746577747,1.7746577746577747,True,0.05,0.95,3600
2302503,Brejo Santo,CE,2023,5,0.0,climatology_apa_intensity12,0.1095454497453209,2023-05,2023-05,0.1095454497453209,False,False,mid,mid_wet,0.0,0.8281451501316648,0.8281451501316648,True,0.05,0.95,3600
2302701,Campos Sales,CE,2023,5,0.0,climatology_apa_intensity12,0.0,2023-05,2023-05,0.0,False,False,low,low_wet,0.0,0.2197831479210178,0.2197831479210178,True,0.05,0.95,3600
2304202,Crato,CE,2023,5,0.0,climatology_apa_intensity12,0.0547727248726604,2023-05,2023-05,0.0547727248726604,False,False,high,high_wet,0.0,1.8294304995304351,1.8294304995304351,True,0.05,0.95,3600
2304301,Farias Brito,CE,2023,5,0.0,climatology_apa_intensity12,0.0,2023-05,2023-05,0.0,False,False,mid,mid_wet,0.0,0.7185997003863439,0.7185997003863439,True,0.05,0.95,3600
2307106,Jardim,CE,2023,5,0.0,climatology_apa_intensity12,0.1643181746179813,2023-05,2023-05,0.1643181746179813,False,False,mid,mid_wet,0.0,0.8829178750043252,0.8829178750043252,True,0.05,0.95,3600
2307205,Jati,CE,2023,5,0.0,climatology_apa_intensity12,0.0,2023-05,2023-05,0.0,False,False,low,low_wet,0.0,0.2197831479210178,0.2197831479210178,True,0.05,0.95,3600
2308401,Missão Velha,CE,2023,5,1.0,climatology_apa_intensity12,0.0,2023-05,2023-05,1.0,False,False,high,high_wet,0.0,1.7746577746577747,1.7746577746577747,True,0.05,0.95,3600
2309201,Nova Olinda,CE,2023,5,0.0,climatology_apa_intensity12,0.1643181746179813,2023-05,2023-05,0.1643181746179813,False,False,mid,mid_wet,0.0,0.8829178750043252,0.8829178750043252,True,0.05,0.95,3600
2310605,Penaforte,CE,2023,5,0.0,climatology_apa_intensity12,0.0,2023-05,2023-05,0.0,False,False,low,low_wet,0.0,0.2197831479210178,0.2197831479210178,True,0.05,0.95,3600
2311108,Porteiras,CE,2023,5,0.0,climatology_apa_intensity12,0.0547727248726604,2023-05,2023-05,0.0547727248726604,False,False,low,low_wet,0.0,0.2745558727936782,0.2745558727936782,True,0.05,0.95,3600
2311207,Potengi,CE,2023,5,0.0,climatology_apa_intensity12,0.0547727248726604,2023-05,2023-05,0.0547727248726604,False,False,mid,mid_wet,0.0,0.7733724252590043,0.7733724252590043,True,0.05,0.95,3600
2311959,Salitre,CE,2023,5,0.0,climatology_apa_intensity12,0.0547727248726604,2023-05,2023-05,0.0547727248726604,False,False,mid,mid_wet,0.0,0.7733724252590043,0.7733724252590043,True,0.05,0.95,3600
2312106,Santana do Cariri,CE,2023,5,2.0,climatology_apa_intensity12,0.0,2023-05,2023-05,2.0,False,False,high,high_wet,0.0,1.7746577746577747,1.7746577746577747,False,0.05,0.95,3600
2601102,Araripina,PE,2023,5,1.0,climatology_apa_intensity12,0.0547727248726604,2023-05,2023-05,0.9452272751273396,False,False,high,high_wet,0.0,1.8294304995304351,1.8294304995304351,True,0.05,0.95,3600
2602001,Bodocó,PE,2023,5,0.0,climatology_apa_intensity12,0.1095454497453209,2023-05,2023-05,0.1095454497453209,False,False,high,high_wet,0.0,1.8842032244030957,1.8842032244030957,True,0.05,0.95,3600
2604304,Cedro,PE,2023,5,0.0,climatology_apa_intensity12,0.0,2023-05,2023-05,0.0,False,False,low,low_wet,0.0,0.2197831479210178,0.2197831479210178,True,0.05,0.95,3600
2605301,Exu,PE,2023,5,0.0,climatology_apa_intensity12,0.1643181746179813,2023-05,2023-05,0.1643181746179813,False,False,high,high_wet,0.0,1.9389759492757561,1.9389759492757561,True,0.05,0.95,3600
2607307,Ipubi,PE,2023,5,0.0,climatology_apa_intensity12,0.0547727248726604,2023-05,2023-05,0.0547727248726604,False,False,high,high_wet,0.0,1.8294304995304351,1.8294304995304351,True,0.05,0.95,3600
2614006,Serrita,PE,2023,5,0.0,climatology_apa_intensity12,0.0,2023-05,2023-05,0.0,False,False,high,high_wet,0.0,1.7746577746577747,1.7746577746577747,True,0.05,0.95,3600
2614303,Moreilândia,PE,2023,5,0.0,climatology_apa_intensity12,0.0,2023-05,2023-05,0.0,False,False,mid,mid_wet,0.0,0.7185997003863439,0.7185997003863439,True,0.05,0.95,3600
2615607,Trindade,PE,2023,5,0.0,climatology_apa_intensity12,0.0,2023-05,2023-05,0.0,False,False,low,low_wet,0.0,0.2197831479210178,0.2197831479210178,True,0.05,0.95,3600
2200277,Alegrete do Piauí,PI,2023,6,0.0,climatology_apa_intensity12,0.0,2023-06,2023-06,0.0,False,False,low,low_wet,0.0,0.2197831479210178,0.2197831479210178,True,0.05,0.95,3636
2202091,Caldeirão Grande do Piauí,PI,2023,6,1.0,climatology_apa_intensity12,0.1091049871537676,2023-06,2023-06,0.8908950128462324,False,False,mid,mid_wet,0.0,0.8277046875401115,0.8277046875401115,False,0.05,0.95,3636
2202554,Caridade do Piauí,PI,2023,6,0.0,climatology_apa_intensity12,0.0,2023-06,2023-06,0.0,False,False,mid,mid_wet,0.0,0.7185997003863439,0.7185997003863439,True,0.05,0.95,3636
2203271,Curral Novo do Piauí,PI,2023,6,0.0,climatology_apa_intensity12,0.0,2023-06,2023-06,0.0,False,False,mid,mid_wet,0.0,0.7185997003863439,0.7185997003863439,True,0.05,0.95,3636
2204154,Francisco Macedo,PI,2023,6,0.0,climatology_apa_intensity12,0.0,2023-06,2023-06,0.0,False,False,low,low_wet,0.0,0.2197831479210178,0.2197831479210178,True,0.05,0.95,3636
2204303,Fronteiras,PI,2023,6,0.0,climatology_apa_intensity12,0.0,2023-06,2023-06,0.0,False,False,high,high_wet,0.0,1.7834868137466202,1.7834868137466202,True,0.05,0.95,3636
2205953,Marcolândia,PI,2023,6,0.0,climatology_apa_intensity12,0.0,2023-06,2023-06,0.0,False,False,low,low_wet,0.0,0.2197831479210178,0.2197831479210178,True,0.05,0.95,3636
2207207,Padre Marcos,PI,2023,6,0.0,climatology_apa_intensity12,0.0,2023-06,2023-06,0.0,False,False,low,low_wet,0.0,0.2197831479210178,0.2197831479210178,True,0.05,0.95,3636
2210300,São Julião,PI,2023,6,0.0,climatology_apa_intensity12,0.0,2023-06,2023-06,0.0,False,False,low,low_wet,0.0,0.2197831479210178,0.2197831479210178,True,0.05,0.95,3636
2210706,Simões,PI,2023,6,0.0,climatology_apa_intensity12,0.0545524935768838,2023-06,2023-06,0.0545524935768838,False,False,mid,mid_wet,0.0,0.7731521939632278,0.7731521939632278,True,0.05,0.95,3636
2300101,Abaiara,CE,2023,6,0.0,climatology_apa_intensity12,0.1636574807306514,2023-06,2023-06,0.1636574807306514,False,False,low,low_wet,0.0,0.38344062865166917,0.38344062865166917,True,0.05,0.95,3636
2300606,Altaneira,CE,2023,6,0.0,climatology_apa_intensity12,0.0,2023-06,2023-06,0.0,False,False,low,low_wet,0.0,0.2197831479210178,0.2197831479210178,True,0.05,0.95,3636
2301307,Araripe,CE,2023,6,0.0,climatology_apa_intensity12,0.1636574807306514,2023-06,2023-06,0.1636574807306514,False,False,high,high_wet,0.0,1.9471442944772717,1.9471442944772717,True,0.05,0.95,3636
2301604,Assaré,CE,2023,6,0.0,climatology_apa_intensity12,0.0,2023-06,2023-06,0.0,False,False,high,high_wet,0.0,1.7834868137466202,1.7834868137466202,True,0.05,0.95,3636
2301901,Barbalha,CE,2023,6,0.0,climatology_apa_intensity12,0.1636574807306514,2023-06,2023-06,0.1636574807306514,False,False,high,high_wet,0.0,1.9471442944772717,1.9471442944772717,True,0.05,0.95,3636
2302503,Brejo Santo,CE,2023,6,1.0,climatology_apa_intensity12,0.2727624678844191,2023-06,2023-06,0.7272375321155808,False,False,mid,mid_wet,0.0,0.991362168270763,0.991362168270763,False,0.05,0.95,3636
2302701,Campos Sales,CE,2023,6,0.0,climatology_apa_intensity12,0.0,2023-06,2023-06,0.0,False,False,low,low_wet,0.0,0.2197831479210178,0.2197831479210178,True,0.05,0.95,3636
2304202,Crato,CE,2023,6,0.0,climatology_apa_intensity12,0.0545524935768838,2023-06,2023-06,0.0545524935768838,False,False,high,high_wet,0.0,1.838039307323504,1.838039307323504,True,0.05,0.95,3636
2304301,Farias Brito,CE,2023,6,0.0,climatology_apa_intensity12,0.0,2023-06,2023-06,0.0,False,False,mid,mid_wet,0.0,0.7185997003863439,0.7185997003863439,True,0.05,0.95,3636
2307106,Jardim,CE,2023,6,0.0,climatology_apa_intensity12,0.0545524935768838,2023-06,2023-06,0.0545524935768838,False,False,mid,mid_wet,0.0,0.7731521939632278,0.7731521939632278,True,0.05,0.95,3636
2307205,Jati,CE,2023,6,0.0,climatology_apa_intensity12,0.0,2023-06,2023-06,0.0,False,False,low,low_wet,0.0,0.2197831479210178,0.2197831479210178,True,0.05,0.95,3636
2308401,Missão Velha,CE,2023,6,0.0,climatology_apa_intensity12,0.1091049871537676,2023-06,2023-06,0.1091049871537676,False,False,high,high_wet,0.0,1.8925918009003877,1.8925918009003877,True,0.05,0.95,3636
2309201,Nova Olinda,CE,2023,6,0.0,climatology_apa_intensity12,0.0,2023-06,2023-06,0.0,False,False,mid,mid_wet,0.0,0.7185997003863439,0.7185997003863439,True,0.05,0.95,3636
2310605,Penaforte,CE,2023,6,0.0,climatology_apa_intensity12,0.0,2023-06,2023-06,0.0,False,False,low,low_wet,0.0,0.2197831479210178,0.2197831479210178,True,0.05,0.95,3636
2311108,Porteiras,CE,2023,6,0.0,climatology_apa_intensity12,0.0545524935768838,2023-06,2023-06,0.0545524935768838,False,False,low,low_wet,0.0,0.2743356414979016,0.2743356414979016,True,0.05,0.95,3636
2311207,Potengi,CE,2023,6,0.0,climatology_apa_intensity12,0.0,2023-06,2023-06,0.0,False,False,mid,mid_wet,0.0,0.7185997003863439,0.7185997003863439,True,0.05,0.95,3636
2311959,Salitre,CE,2023,6,0.0,climatology_apa_intensity12,0.1091049871537676,2023-06,2023-06,0.1091049871537676,False,False,mid,mid_wet,0.0,0.8277046875401115,0.8277046875401115,True,0.05,0.95,3636
2312106,Santana do Cariri,CE,2023,6,2.0,climatology_apa_intensity12,0.0,2023-06,2023-06,2.0,False,False,high,high_wet,0.0,1.7834868137466202,1.7834868137466202,False,0.05,0.95,3636
2601102,Araripina,PE,2023,6,2.0,climatology_apa_intensity12,0.4364199486150705,2023-06,2023-06,1.5635800513849296,False,False,high,high_wet,0.0,2.2199067623616906,2.2199067623616906,True,0.05,0.95,3636
2602001,Bodocó,PE,2023,6,0.0,climatology_apa_intensity12,0.0545524935768838,2023-06,2023-06,0.0545524935768838,False,False,high,high_wet,0.0,1.838039307323504,1.838039307323504,True,0.05,0.95,3636
2604304,Cedro,PE,2023,6,0.0,climatology_apa_intensity12,0.2182099743075352,2023-06,2023-06,0.2182099743075352,False,False,low,low_wet,0.0,0.437993122228553,0.437993122228553,True,0.05,0.95,3636
2605301,Exu,PE,2023,6,0.0,climatology_apa_intensity12,0.1091049871537676,2023-06,2023-06,0.1091049871537676,False,False,high,high_wet,0.0,1.8925918009003877,1.8925918009003877,True,0.05,0.95,3636
2607307,Ipubi,PE,2023,6,0.0,climatology_apa_intensity12,0.2182099743075352,2023-06,2023-06,0.2182099743075352,False,False,high,high_wet,0.0,2.001696788054155,2.001696788054155,True,0.05,0.95,3636
2614006,Serrita,PE,2023,6,0.0,climatology_apa_intensity12,0.0,2023-06,2023-06,0.0,False,False,high,high_wet,0.0,1.7834868137466202,1.7834868137466202,True,0.05,0.95,3636
2614303,Moreilândia,PE,2023,6,0.0,climatology_apa_intensity12,0.1091049871537676,2023-06,2023-06,0.1091049871537676,False,False,mid,mid_wet,0.0,0.8277046875401115,0.8277046875401115,True,0.05,0.95,3636
2615607,Trindade,PE,2023,6,0.0,climatology_apa_intensity12,0.0,2023-06,2023-06,0.0,False,False,low,low_wet,0.0,0.2197831479210178,0.2197831479210178,True,0.05,0.95,3636
2200277,Alegrete do Piauí,PI,2023,7,0.0,climatology_apa_intensity12,0.0,2023-07,2023-07,0.0,False,False,low,low_wet,0.0,0.2182099743075352,0.2182099743075352,True,0.05,0.95,3672
2202091,Caldeirão Grande do Piauí,PI,2023,7,1.0,climatology_apa_intensity12,0.0,2023-07,2023-07,1.0,False,False,mid,mid_wet,0.0,0.7272375321155808,0.7272375321155808,False,0.05,0.95,3672
2202554,Caridade do Piauí,PI,2023,7,0.0,climatology_apa_intensity12,0.0,2023-07,2023-07,0.0,False,False,mid,mid_wet,0.0,0.7272375321155808,0.7272375321155808,True,0.05,0.95,3672
2203271,Curral Novo do Piauí,PI,2023,7,1.0,climatology_apa_intensity12,0.0548207418041583,2023-07,2023-07,0.9451792581958417,False,False,mid,mid_wet,0.0,0.7820582739197391,0.7820582739197391,False,0.05,0.95,3672
2204154,Francisco Macedo,PI,2023,7,0.0,climatology_apa_intensity12,0.0548207418041583,2023-07,2023-07,0.0548207418041583,False,False,low,low_wet,0.0,0.2730307161116935,0.2730307161116935,True,0.05,0.95,3672
2204303,Fronteiras,PI,2023,7,3.0,climatology_apa_intensity12,0.1096414836083167,2023-07,2023-07,2.890358516391683,False,False,high,high_wet,0.0,1.8931282973549368,1.8931282973549368,False,0.05,0.95,3672
2205953,Marcolândia,PI,2023,7,0.0,climatology_apa_intensity12,0.0,2023-07,2023-07,0.0,False,False,low,low_wet,0.0,0.2182099743075352,0.2182099743075352,True,0.05,0.95,3672
2207207,Padre Marcos,PI,2023,7,0.0,climatology_apa_intensity12,0.0,2023-07,2023-07,0.0,False,False,low,low_wet,0.0,0.2182099743075352,0.2182099743075352,True,0.05,0.95,3672
2210300,São Julião,PI,2023,7,0.0,climatology_apa_intensity12,0.0,2023-07,2023-07,0.0,False,False,low,low_wet,0.0,0.2182099743075352,0.2182099743075352,True,0.05,0.95,3672
2210706,Simões,PI,2023,7,1.0,climatology_apa_intensity12,0.0548207418041583,2023-07,2023-07,0.9451792581958417,False,False,mid,mid_wet,0.0,0.7820582739197391,0.7820582739197391,False,0.05,0.95,3672
2300101,Abaiara,CE,2023,7,0.0,climatology_apa_intensity12,0.164462225412475,2023-07,2023-07,0.164462225412475,False,False,low,low_wet,0.0,0.3826721997200102,0.3826721997200102,True,0.05,0.95,3672
2300606,Altaneira,CE,2023,7,0.0,climatology_apa_intensity12,0.0,2023-07,2023-07,0.0,False,False,low,low_wet,0.0,0.2182099743075352,0.2182099743075352,True,0.05,0.95,3672
2301307,Araripe,CE,2023,7,1.0,climatology_apa_intensity12,0.3289244508249501,2023-07,2023-07,0.67107554917505,False,False,high,high_wet,0.0,2.1124112645715702,2.1124112645715702,True,0.05,0.95,3672
2301604,Assaré,CE,2023,7,0.0,climatology_apa_intensity12,0.0548207418041583,2023-07,2023-07,0.0548207418041583,False,False,high,high_wet,0.0,1.8383075555507786,1.8383075555507786,True,0.05,0.95,3672
2301901,Barbalha,CE,2023,7,1.0,climatology_apa_intensity12,0.3289244508249501,2023-07,2023-07,0.67107554917505,False,False,high,high_wet,0.0,2.1124112645715702,2.1124112645715702,True,0.05,0.95,3672
2302503,Brejo Santo,CE,2023,7,0.0,climatology_apa_intensity12,0.2192829672166334,2023-07,2023-07,0.2192829672166334,False,False,mid,mid_wet,0.0,0.9465204993322143,0.9465204993322143,True,0.05,0.95,3672
2302701,Campos Sales,CE,2023,7,4.0,climatology_apa_intensity12,0.0548207418041583,2023-07,2023-07,3.9451792581958416,False,False,low,low_wet,0.0,0.2730307161116935,0.2730307161116935,False,0.05,0.95,3672
2304202,Crato,CE,2023,7,0.0,climatology_apa_intensity12,0.0,2023-07,2023-07,0.0,False,False,high,high_wet,0.0,1.7834868137466202,1.7834868137466202,True,0.05,0.95,3672
2304301,Farias Brito,CE,2023,7,0.0,climatology_apa_intensity12,0.2192829672166334,2023-07,2023-07,0.2192829672166334,False,False,mid,mid_wet,0.0,0.9465204993322143,0.9465204993322143,True,0.05,0.95,3672
2307106,Jardim,CE,2023,7,0.0,climatology_apa_intensity12,0.0548207418041583,2023-07,2023-07,0.0548207418041583,False,False,mid,mid_wet,0.0,0.7820582739197391,0.7820582739197391,True,0.05,0.95,3672
2307205,Jati,CE,2023,7,0.0,climatology_apa_intensity12,0.0,2023-07,2023-07,0.0,False,False,low,low_wet,0.0,0.2182099743075352,0.2182099743075352,True,0.05,0.95,3672
2308401,Missão Velha,CE,2023,7,1.0,climatology_apa_intensity12,0.1096414836083167,2023-07,2023-07,0.8903585163916833,False,False,high,high_wet,0.0,1.8931282973549368,1.8931282973549368,True,0.05,0.95,3672
2309201,Nova Olinda,CE,2023,7,0.0,climatology_apa_intensity12,0.4385659344332668,2023-07,2023-07,0.4385659344332668,False,False,mid,mid_wet,0.0,1.1658034665488477,1.1658034665488477,True,0.05,0.95,3672
2310605,Penaforte,CE,2023,7,1.0,climatology_apa_intensity12,0.0,2023-07,2023-07,1.0,False,False,low,low_wet,0.0,0.2182099743075352,0.2182099743075352,False,0.05,0.95,3672
2311108,Porteiras,CE,2023,7,0.0,climatology_apa_intensity12,0.164462225412475,2023-07,2023-07,0.164462225412475,False,False,low,low_wet,0.0,0.3826721997200102,0.3826721997200102,True,0.05,0.95,3672
2311207,Potengi,CE,2023,7,1.0,climatology_apa_intensity12,0.1096414836083167,2023-07,2023-07,0.8903585163916833,False,False,mid,mid_wet,0.0,0.8368790157238976,0.8368790157238976,False,0.05,0.95,3672
2311959,Salitre,CE,2023,7,4.0,climatology_apa_intensity12,0.2192829672166334,2023-07,2023-07,3.780717032783367,False,False,mid,mid_wet,0.0,0.9465204993322143,0.9465204993322143,False,0.05,0.95,3672
2312106,Santana do Cariri,CE,2023,7,0.0,climatology_apa_intensity12,0.4933866762374251,2023-07,2023-07,0.4933866762374251,False,False,high,high_wet,0.0,2.2768734899840455,2.2768734899840455,True,0.05,0.95,3672
2601102,Araripina,PE,2023,7,5.0,climatology_apa_intensity12,1.1512355778873256,2023-07,2023-07,3.8487644221126747,False,False,high,high_wet,0.0,2.9347223916339455,2.9347223916339455,False,0.05,0.95,3672
2602001,Bodocó,PE,2023,7,3.0,climatology_apa_intensity12,0.2741037090207917,2023-07,2023-07,2.7258962909792084,False,False,high,high_wet,0.0,2.057590522767412,2.057590522767412,False,0.05,0.95,3672
2604304,Cedro,PE,2023,7,0.0,climatology_apa_intensity12,0.0,2023-07,2023-07,0.0,False,False,low,low_wet,0.0,0.2182099743075352,0.2182099743075352,True,0.05,0.95,3672
2605301,Exu,PE,2023,7,0.0,climatology_apa_intensity12,0.0548207418041583,2023-07,2023-07,0.0548207418041583,False,False,high,high_wet,0.0,1.8383075555507786,1.8383075555507786,True,0.05,0.95,3672
2607307,Ipubi,PE,2023,7,4.0,climatology_apa_intensity12,0.1096414836083167,2023-07,2023-07,3.890358516391683,False,False,high,high_wet,0.0,1.8931282973549368,1.8931282973549368,False,0.05,0.95,3672
2614006,Serrita,PE,2023,7,0.0,climatology_apa_intensity12,0.0,2023-07,2023-07,0.0,False,False,high,high_wet,0.0,1.7834868137466202,1.7834868137466202,True,0.05,0.95,3672
2614303,Moreilândia,PE,2023,7,0.0,climatology_apa_intensity12,0.1096414836083167,2023-07,2023-07,0.1096414836083167,False,False,mid,mid_wet,0.0,0.8368790157238976,0.8368790157238976,True,0.05,0.95,3672
2615607,Trindade,PE,2023,7,0.0,climatology_apa_intensity12,0.0,2023-07,2023-07,0.0,False,False,low,low_wet,0.0,0.2182099743075352,0.2182099743075352,True,0.05,0.95,3672
2200277,Alegrete do Piauí,PI,2023,8,0.0,climatology_apa_intensity12,0.0561296531763482,2023-08,2023-08,0.0561296531763482,True,False,low,low_dry,0.0,2.7951450970243896,2.7951450970243896,True,0.05,0.95,3708
2202091,Caldeirão Grande do Piauí,PI,2023,8,3.0,climatology_apa_intensity12,0.1122593063526965,2023-08,2023-08,2.8877406936473036,True,False,mid,mid_dry,0.0,5.357293937428949,5.357293937428949,True,0.05,0.95,3708
2202554,Caridade do Piauí,PI,2023,8,0.0,climatology_apa_intensity12,0.0561296531763482,2023-08,2023-08,0.0561296531763482,True,False,mid,mid_dry,0.0,5.3011642842526,5.3011642842526,True,0.05,0.95,3708
2203271,Curral Novo do Piauí,PI,2023,8,1.0,climatology_apa_intensity12,0.0561296531763482,2023-08,2023-08,0.9438703468236518,True,False,mid,mid_dry,0.0,5.3011642842526,5.3011642842526,True,0.05,0.95,3708
2204154,Francisco Macedo,PI,2023,8,0.0,climatology_apa_intensity12,0.0,2023-08,2023-08,0.0,True,False,low,low_dry,0.0,2.7390154438480416,2.7390154438480416,True,0.05,0.95,3708
2204303,Fronteiras,PI,2023,8,1.0,climatology_apa_intensity12,0.224518612705393,2023-08,2023-08,0.775481387294607,True,False,high,high_dry,0.0,11.620805561711444,11.620805561711444,True,0.05,0.95,3708
2205953,Marcolândia,PI,2023,8,0.0,climatology_apa_intensity12,0.1122593063526965,2023-08,2023-08,0.1122593063526965,True,False,low,low_dry,0.0,2.851274750200738,2.851274750200738,True,0.05,0.95,3708
2207207,Padre Marcos,PI,2023,8,0.0,climatology_apa_intensity12,0.1683889595290447,2023-08,2023-08,0.1683889595290447,True,False,low,low_dry,0.0,2.9074044033770865,2.9074044033770865,True,0.05,0.95,3708
2210300,São Julião,PI,2023,8,0.0,climatology_apa_intensity12,0.0,2023-08,2023-08,0.0,True,False,low,low_dry,0.0,2.7390154438480416,2.7390154438480416,True,0.05,0.95,3708
2210706,Simões,PI,2023,8,1.0,climatology_apa_intensity12,0.2806482658817413,2023-08,2023-08,0.7193517341182587,True,False,mid,mid_dry,0.0,5.525682896957994,5.525682896957994,True,0.05,0.95,3708
2300101,Abaiara,CE,2023,8,0.0,climatology_apa_intensity12,0.3929075722344378,2023-08,2023-08,0.3929075722344378,True,False,low,low_dry,0.0,3.1319230160824794,3.1319230160824794,True,0.05,0.95,3708
2300606,Altaneira,CE,2023,8,0.0,climatology_apa_intensity12,0.0,2023-08,2023-08,0.0,True,False,low,low_dry,0.0,2.7390154438480416,2.7390154438480416,True,0.05,0.95,3708
2301307,Araripe,CE,2023,8,0.0,climatology_apa_intensity12,0.9542041039979204,2023-08,2023-08,0.9542041039979204,True,False,high,high_dry,0.0,12.35049105300397,12.35049105300397,True,0.05,0.95,3708
2301604,Assaré,CE,2023,8,0.0,climatology_apa_intensity12,1.0103337571742688,2023-08,2023-08,1.0103337571742688,True,False,high,high_dry,0.0,12.40662070618032,12.40662070618032,True,0.05,0.95,3708
2301901,Barbalha,CE,2023,8,6.0,climatology_apa_intensity12,1.2348523698796618,2023-08,2023-08,4.765147630120338,True,False,high,high_dry,0.0,12.631139318885712,12.631139318885712,True,0.05,0.95,3708
2302503,Brejo Santo,CE,2023,8,1.0,climatology_apa_intensity12,0.1683889595290447,2023-08,2023-08,0.8316110404709554,True,False,mid,mid_dry,0.0,5.413423590605297,5.413423590605297,True,0.05,0.95,3708
2302701,Campos Sales,CE,2023,8,0.0,climatology_apa_intensity12,0.3367779190580895,2023-08,2023-08,0.3367779190580895,True,False,mid,mid_dry,0.0,5.581812550134342,5.581812550134342,True,0.05,0.95,3708
2304202,Crato,CE,2023,8,0.0,climatology_apa_intensity12,1.740019248466796,2023-08,2023-08,1.740019248466796,True,False,high,high_dry,0.0,13.136306197472846,13.136306197472846,True,0.05,0.95,3708
2304301,Farias Brito,CE,2023,8,0.0,climatology_apa_intensity12,0.1683889595290447,2023-08,2023-08,0.1683889595290447,True,False,mid,mid_dry,0.0,5.413423590605297,5.413423590605297,True,0.05,0.95,3708
2307106,Jardim,CE,2023,8,0.0,climatology_apa_intensity12,0.1683889595290447,2023-08,2023-08,0.1683889595290447,True,False,mid,mid_dry,0.0,5.413423590605297,5.413423590605297,True,0.05,0.95,3708
2307205,Jati,CE,2023,8,0.0,climatology_apa_intensity12,0.0,2023-08,2023-08,0.0,True,False,low,low_dry,0.0,2.7390154438480416,2.7390154438480416,True,0.05,0.95,3708
2308401,Missão Velha,CE,2023,8,3.0,climatology_apa_intensity12,0.7858151444688757,2023-08,2023-08,2.2141848555311245,True,False,high,high_dry,0.0,12.182102093474926,12.182102093474926,True,0.05,0.95,3708
2309201,Nova Olinda,CE,2023,8,0.0,climatology_apa_intensity12,0.224518612705393,2023-08,2023-08,0.224518612705393,True,False,mid,mid_dry,0.0,5.469553243781645,5.469553243781645,True,0.05,0.95,3708
2310605,Penaforte,CE,2023,8,0.0,climatology_apa_intensity12,0.0,2023-08,2023-08,0.0,True,False,low,low_dry,0.0,2.7390154438480416,2.7390154438480416,True,0.05,0.95,3708
2311108,Porteiras,CE,2023,8,0.0,climatology_apa_intensity12,0.1683889595290447,2023-08,2023-08,0.1683889595290447,True,False,low,low_dry,0.0,2.9074044033770865,2.9074044033770865,True,0.05,0.95,3708
2311207,Potengi,CE,2023,8,0.0,climatology_apa_intensity12,0.0,2023-08,2023-08,0.0,True,False,mid,mid_dry,0.0,5.245034631076252,5.245034631076252,True,0.05,0.95,3708
2311959,Salitre,CE,2023,8,6.0,climatology_apa_intensity12,0.2806482658817413,2023-08,2023-08,5.719351734118259,True,False,mid,mid_dry,0.0,5.525682896957994,5.525682896957994,False,0.05,0.95,3708
2312106,Santana do Cariri,CE,2023,8,1.0,climatology_apa_intensity12,0.7858151444688757,2023-08,2023-08,0.21418485553112432,True,False,high,high_dry,0.0,12.182102093474926,12.182102093474926,True,0.05,0.95,3708
2601102,Araripina,PE,2023,8,7.0,climatology_apa_intensity12,1.7961489016431442,2023-08,2023-08,5.203851098356855,True,False,high,high_dry,0.0,13.192435850649195,13.192435850649195,True,0.05,0.95,3708
2602001,Bodocó,PE,2023,8,8.0,climatology_apa_intensity12,0.6174261849398309,2023-08,2023-08,7.382573815060169,True,False,high,high_dry,0.0,12.013713133945881,12.013713133945881,True,0.05,0.95,3708
2604304,Cedro,PE,2023,8,0.0,climatology_apa_intensity12,0.0,2023-08,2023-08,0.0,True,False,low,low_dry,0.0,2.7390154438480416,2.7390154438480416,True,0.05,0.95,3708
2605301,Exu,PE,2023,8,2.0,climatology_apa_intensity12,0.5612965317634826,2023-08,2023-08,1.4387034682365174,True,False,high,high_dry,0.0,11.957583480769532,11.957583480769532,True,0.05,0.95,3708
2607307,Ipubi,PE,2023,8,2.0,climatology_apa_intensity12,1.066463410350617,2023-08,2023-08,0.933536589649383,True,False,high,high_dry,0.0,12.462750359356667,12.462750359356667,True,0.05,0.95,3708
2614006,Serrita,PE,2023,8,0.0,climatology_apa_intensity12,0.224518612705393,2023-08,2023-08,0.224518612705393,True,False,high,high_dry,0.0,11.620805561711444,11.620805561711444,True,0.05,0.95,3708
2614303,Moreilândia,PE,2023,8,0.0,climatology_apa_intensity12,0.0,2023-08,2023-08,0.0,True,False,mid,mid_dry,0.0,5.245034631076252,5.245034631076252,True,0.05,0.95,3708
2615607,Trindade,PE,2023,8,0.0,climatology_apa_intensity12,0.6735558381161791,2023-08,2023-08,0.6735558381161791,True,False,low,low_dry,0.0,3.4125712819642207,3.4125712819642207,True,0.05,0.95,3708
2200277,Alegrete do Piauí,PI,2023,9,3.0,climatology_apa_intensity12,0.6316808010124844,2023-09,2023-09,2.368319198987516,True,False,low,low_dry,0.0,3.370696244860526,3.370696244860526,True,0.05,0.95,3744
2202091,Caldeirão Grande do Piauí,PI,2023,9,1.0,climatology_apa_intensity12,2.0673189851317666,2023-09,2023-09,1.0673189851317666,True,False,mid,mid_dry,0.0,7.396164524772579,7.396164524772579,True,0.05,0.95,3744
2202554,Caridade do Piauí,PI,2023,9,8.0,climatology_apa_intensity12,1.7801913483079104,2023-09,2023-09,6.219808651692089,True,False,mid,mid_dry,0.0,7.109036887948722,7.109036887948722,False,0.05,0.95,3744
2203271,Curral Novo do Piauí,PI,2023,9,1.0,climatology_apa_intensity12,2.4692976766851658,2023-09,2023-09,1.4692976766851658,True,False,mid,mid_dry,0.0,7.798143216325978,7.798143216325978,True,0.05,0.95,3744
2204154,Francisco Macedo,PI,2023,9,5.0,climatology_apa_intensity12,0.1722765820943139,2023-09,2023-09,4.827723417905686,True,False,low,low_dry,0.0,2.9112920259423554,2.9112920259423554,False,0.05,0.95,3744
2204303,Fronteiras,PI,2023,9,19.0,climatology_apa_intensity12,2.7564253135090224,2023-09,2023-09,16.243574686490977,True,False,mid,mid_dry,0.0,8.085270853149835,8.085270853149835,False,0.05,0.95,3744
2205953,Marcolândia,PI,2023,9,0.0,climatology_apa_intensity12,0.6891063283772556,2023-09,2023-09,0.6891063283772556,True,False,low,low_dry,0.0,3.428121772225297,3.428121772225297,True,0.05,0.95,3744
2207207,Padre Marcos,PI,2023,9,0.0,climatology_apa_intensity12,0.1148510547295426,2023-09,2023-09,0.1148510547295426,True,False,low,low_dry,0.0,2.853866498577584,2.853866498577584,True,0.05,0.95,3744
2210300,São Julião,PI,2023,9,5.0,climatology_apa_intensity12,1.493063711484054,2023-09,2023-09,3.506936288515946,True,False,low,low_dry,0.0,4.232079155332095,4.232079155332095,False,0.05,0.95,3744
2210706,Simões,PI,2023,9,6.0,climatology_apa_intensity12,1.7801913483079104,2023-09,2023-09,4.219808651692089,True,False,mid,mid_dry,0.0,7.109036887948722,7.109036887948722,True,0.05,0.95,3744
2300101,Abaiara,CE,2023,9,3.0,climatology_apa_intensity12,0.4019786915533991,2023-09,2023-09,2.598021308446601,True,False,low,low_dry,0.0,3.140994135401441,3.140994135401441,True,0.05,0.95,3744
2300606,Altaneira,CE,2023,9,0.0,climatology_apa_intensity12,0.3445531641886278,2023-09,2023-09,0.3445531641886278,True,False,low,low_dry,0.0,3.0835686080366695,3.0835686080366695,True,0.05,0.95,3744
2301307,Araripe,CE,2023,9,10.0,climatology_apa_intensity12,7.695020666879354,2023-09,2023-09,2.304979333120646,True,False,high,high_dry,0.0,19.267772500148354,19.267772500148354,True,0.05,0.95,3744
2301604,Assaré,CE,2023,9,17.0,climatology_apa_intensity12,1.32078712938974,2023-09,2023-09,15.679212870610261,True,False,high,high_dry,0.0,12.893538962658738,12.893538962658738,False,0.05,0.95,3744
2301901,Barbalha,CE,2023,9,5.0,climatology_apa_intensity12,3.273255059791964,2023-09,2023-09,1.726744940208036,True,False,high,high_dry,0.0,14.846006893060963,14.846006893060963,True,0.05,0.95,3744
2302503,Brejo Santo,CE,2023,9,12.0,climatology_apa_intensity12,1.6079147662135964,2023-09,2023-09,10.392085233786403,True,False,mid,mid_dry,0.0,6.936760305854409,6.936760305854409,False,0.05,0.95,3744
2302701,Campos Sales,CE,2023,9,6.0,climatology_apa_intensity12,1.6079147662135964,2023-09,2023-09,4.392085233786403,True,False,mid,mid_dry,0.0,6.936760305854409,6.936760305854409,True,0.05,0.95,3744
2304202,Crato,CE,2023,9,7.0,climatology_apa_intensity12,4.249489024993077,2023-09,2023-09,2.7505109750069234,True,False,high,high_dry,0.0,15.822240858262075,15.822240858262075,True,0.05,0.95,3744
2304301,Farias Brito,CE,2023,9,3.0,climatology_apa_intensity12,3.3881061145215066,2023-09,2023-09,0.38810611452150656,True,False,mid,mid_dry,0.0,8.716951654162319,8.716951654162319,True,0.05,0.95,3744
2307106,Jardim,CE,2023,9,3.0,climatology_apa_intensity12,1.7801913483079104,2023-09,2023-09,1.2198086516920896,True,False,mid,mid_dry,0.0,7.109036887948722,7.109036887948722,True,0.05,0.95,3744
2307205,Jati,CE,2023,9,1.0,climatology_apa_intensity12,0.5168297462829416,2023-09,2023-09,0.48317025371705835,True,False,low,low_dry,0.0,3.2558451901309833,3.2558451901309833,True,0.05,0.95,3744
2308401,Missão Velha,CE,2023,9,3.0,climatology_apa_intensity12,3.3881061145215066,2023-09,2023-09,0.38810611452150656,True,False,high,high_dry,0.0,14.960857947790505,14.960857947790505,True,0.05,0.95,3744
2309201,Nova Olinda,CE,2023,9,0.0,climatology_apa_intensity12,0.8613829104715696,2023-09,2023-09,0.8613829104715696,True,False,mid,mid_dry,0.0,6.190228450112382,6.190228450112382,True,0.05,0.95,3744
2310605,Penaforte,CE,2023,9,0.0,climatology_apa_intensity12,0.0,2023-09,2023-09,0.0,True,False,low,low_dry,0.0,2.7390154438480416,2.7390154438480416,True,0.05,0.95,3744
2311108,Porteiras,CE,2023,9,0.0,climatology_apa_intensity12,0.9762339652011122,2023-09,2023-09,0.9762339652011122,True,False,low,low_dry,0.0,3.7152494090491537,3.7152494090491537,True,0.05,0.95,3744
2311207,Potengi,CE,2023,9,7.0,climatology_apa_intensity12,1.493063711484054,2023-09,2023-09,5.506936288515946,True,False,mid,mid_dry,0.0,6.8219092511248665,6.8219092511248665,False,0.05,0.95,3744
2311959,Salitre,CE,2023,9,12.0,climatology_apa_intensity12,1.7227658209431391,2023-09,2023-09,10.277234179056862,True,False,high,high_dry,0.0,13.295517654212137,13.295517654212137,True,0.05,0.95,3744
2312106,Santana do Cariri,CE,2023,9,13.0,climatology_apa_intensity12,2.297021094590852,2023-09,2023-09,10.702978905409148,True,False,high,high_dry,0.0,13.86977292785985,13.86977292785985,True,0.05,0.95,3744
2601102,Araripina,PE,2023,9,27.0,climatology_apa_intensity12,10.508871507753147,2023-09,2023-09,16.49112849224685,True,False,high,high_dry,0.0,22.081623341022144,22.081623341022144,False,0.05,0.95,3744
2602001,Bodocó,PE,2023,9,36.0,climatology_apa_intensity12,12.518764965520145,2023-09,2023-09,23.481235034479855,True,False,high,high_dry,0.9460131322511458,24.091516798789144,23.145503666537998,False,0.05,0.95,3744
2604304,Cedro,PE,2023,9,0.0,climatology_apa_intensity12,0.1722765820943139,2023-09,2023-09,0.1722765820943139,True,False,low,low_dry,0.0,2.9112920259423554,2.9112920259423554,True,0.05,0.95,3744
2605301,Exu,PE,2023,9,15.0,climatology_apa_intensity12,3.273255059791964,2023-09,2023-09,11.726744940208036,True,False,high,high_dry,0.0,14.846006893060963,14.846006893060963,False,0.05,0.95,3744
2607307,Ipubi,PE,2023,9,15.0,climatology_apa_intensity12,4.192063497628305,2023-09,2023-09,10.807936502371696,True,False,high,high_dry,0.0,15.764815330897303,15.764815330897303,True,0.05,0.95,3744
2614006,Serrita,PE,2023,9,7.0,climatology_apa_intensity12,4.364340079722619,2023-09,2023-09,2.635659920277381,True,False,high,high_dry,0.0,15.937091912991619,15.937091912991619,True,0.05,0.95,3744
2614303,Moreilândia,PE,2023,9,3.0,climatology_apa_intensity12,1.2633616020249687,2023-09,2023-09,1.7366383979750313,True,False,mid,mid_dry,0.0,6.5922071416657815,6.5922071416657815,True,0.05,0.95,3744
2615607,Trindade,PE,2023,9,6.0,climatology_apa_intensity12,1.148510547295426,2023-09,2023-09,4.851489452704574,True,False,low,low_dry,0.0,3.887525991143468,3.887525991143468,False,0.05,0.95,3744
2200277,Alegrete do Piauí,PI,2023,10,0.0,climatology_apa_intensity12,1.593780099923083,2023-10,2023-10,1.593780099923083,True,True,low,low_dry,0.0,4.4328888810502125,4.4328888810502125,True,0.05,0.95,3780
2202091,Caldeirão Grande do Piauí,PI,2023,10,7.0,climatology_apa_intensity12,8.661848369147188,2023-10,2023-10,1.6618483691471884,True,True,mid,mid_dry,3.1549120806312425,14.168784657663135,11.013872577031893,True,0.05,0.95,3780
2202554,Caridade do Piauí,PI,2023,10,15.0,climatology_apa_intensity12,11.780113782040178,2023-10,2023-10,3.2198862179598216,True,True,mid,mid_dry,6.273177493524233,17.287050070556123,11.01387257703189,True,0.05,0.95,3780
2203271,Curral Novo do Piauí,PI,2023,10,1.0,climatology_apa_intensity12,7.691721351802704,2023-10,2023-10,6.691721351802704,True,True,mid,mid_dry,2.184785063286758,13.19865764031865,11.013872577031893,False,0.05,0.95,3780
2204154,Francisco Macedo,PI,2023,10,2.0,climatology_apa_intensity12,2.633201904220745,2023-10,2023-10,0.6332019042207451,True,True,low,low_dry,0.0,5.472310685347875,5.472310685347875,True,0.05,0.95,3780
2204303,Fronteiras,PI,2023,10,5.0,climatology_apa_intensity12,8.731143156100368,2023-10,2023-10,3.7311431561003676,True,True,high,high_dry,0.0,20.90250536298252,20.90250536298252,True,0.05,0.95,3780
2205953,Marcolândia,PI,2023,10,0.0,climatology_apa_intensity12,1.0394218042976626,2023-10,2023-10,1.0394218042976626,True,True,low,low_dry,0.0,3.8785305854247922,3.8785305854247922,True,0.05,0.95,3780
2207207,Padre Marcos,PI,2023,10,3.0,climatology_apa_intensity12,2.979675838986633,2023-10,2023-10,0.020324161013367092,True,True,low,low_dry,0.1405670578595033,5.818784620113762,5.678217562254259,True,0.05,0.95,3780
2210300,São Julião,PI,2023,10,2.0,climatology_apa_intensity12,1.732369673829438,2023-10,2023-10,0.2676303261705619,True,True,low,low_dry,0.0,4.5714784549565675,4.5714784549565675,True,0.05,0.95,3780
2210706,Simões,PI,2023,10,17.0,climatology_apa_intensity12,9.701270173444852,2023-10,2023-10,7.298729826555148,True,True,mid,mid_dry,4.1943338849289065,15.208206461960799,11.013872577031893,False,0.05,0.95,3780
2300101,Abaiara,CE,2023,10,10.0,climatology_apa_intensity12,1.9402540346889705,2023-10,2023-10,8.059745965311029,True,True,low,low_dry,0.0,4.7793628158161,4.7793628158161,False,0.05,0.95,3780
2300606,Altaneira,CE,2023,10,0.0,climatology_apa_intensity12,0.55435829562542,2023-10,2023-10,0.55435829562542,True,True,low,low_dry,0.0,3.3934670767525494,3.3934670767525494,True,0.05,0.95,3780
2301307,Araripe,CE,2023,10,33.0,climatology_apa_intensity12,14.27472611235457,2023-10,2023-10,18.72527388764543,True,True,high,high_dry,2.103363905472417,26.446088319236722,24.342724413764305,False,0.05,0.95,3780
2301604,Assaré,CE,2023,10,15.0,climatology_apa_intensity12,4.642750725862893,2023-10,2023-10,10.357249274137107,True,True,high,high_dry,0.0,16.814112932745047,16.814112932745047,True,0.05,0.95,3780
2301901,Barbalha,CE,2023,10,19.0,climatology_apa_intensity12,4.43486636500336,2023-10,2023-10,14.56513363499664,True,True,high,high_dry,0.0,16.606228571885513,16.606228571885513,False,0.05,0.95,3780
2302503,Brejo Santo,CE,2023,10,1.0,climatology_apa_intensity12,3.464739347658876,2023-10,2023-10,2.464739347658876,True,True,mid,mid_dry,0.0,8.971675636174822,8.971675636174822,True,0.05,0.95,3780
2302701,Campos Sales,CE,2023,10,4.0,climatology_apa_intensity12,3.534034134612053,2023-10,2023-10,0.4659658653879468,True,True,mid,mid_dry,0.0,9.040970423127998,9.040970423127998,True,0.05,0.95,3780
2304202,Crato,CE,2023,10,13.0,climatology_apa_intensity12,10.87928155164887,2023-10,2023-10,2.1207184483511305,True,True,high,high_dry,0.0,23.050643758531024,23.050643758531024,True,0.05,0.95,3780
2304301,Farias Brito,CE,2023,10,2.0,climatology_apa_intensity12,3.880508069377941,2023-10,2023-10,1.880508069377941,True,True,mid,mid_dry,0.0,9.387444357893887,9.387444357893887,True,0.05,0.95,3780
2307106,Jardim,CE,2023,10,1.0,climatology_apa_intensity12,3.2568549867993437,2023-10,2023-10,2.2568549867993437,True,True,mid,mid_dry,0.0,8.76379127531529,8.76379127531529,True,0.05,0.95,3780
2307205,Jati,CE,2023,10,2.0,climatology_apa_intensity12,3.2568549867993437,2023-10,2023-10,1.2568549867993437,True,True,low,low_dry,0.4177462056722141,6.095963767926474,5.678217562254259,True,0.05,0.95,3780
2308401,Missão Velha,CE,2023,10,30.0,climatology_apa_intensity12,6.375120399692332,2023-10,2023-10,23.62487960030767,True,True,high,high_dry,0.0,18.546482606574486,18.546482606574486,False,0.05,0.95,3780
2309201,Nova Olinda,CE,2023,10,0.0,climatology_apa_intensity12,1.3166009521103728,2023-10,2023-10,1.3166009521103728,True,True,mid,mid_dry,0.0,6.823537240626319,6.823537240626319,True,0.05,0.95,3780
2310605,Penaforte,CE,2023,10,0.0,climatology_apa_intensity12,0.27717914781271,2023-10,2023-10,0.27717914781271,True,True,low,low_dry,0.0,3.1162879289398395,3.1162879289398395,True,0.05,0.95,3780
2311108,Porteiras,CE,2023,10,0.0,climatology_apa_intensity12,0.6929478695317751,2023-10,2023-10,0.6929478695317751,True,True,low,low_dry,0.0,3.532056650658905,3.532056650658905,True,0.05,0.95,3780
2311207,Potengi,CE,2023,10,0.0,climatology_apa_intensity12,2.7024966911739234,2023-10,2023-10,2.7024966911739234,True,True,mid,mid_dry,0.0,8.209432979689868,8.209432979689868,True,0.05,0.95,3780
2311959,Salitre,CE,2023,10,15.0,climatology_apa_intensity12,5.890056891020089,2023-10,2023-10,9.10994310897991,True,True,mid,mid_dry,0.38312060250414337,11.396993179536036,11.013872577031893,False,0.05,0.95,3780
2312106,Santana do Cariri,CE,2023,10,14.0,climatology_apa_intensity12,8.246079647428125,2023-10,2023-10,5.753920352571875,True,True,high,high_dry,0.0,20.417441854310276,20.417441854310276,True,0.05,0.95,3780
2601102,Araripina,PE,2023,10,41.0,climatology_apa_intensity12,24.807533729237548,2023-10,2023-10,16.192466270762452,True,True,high,high_dry,12.636171522355395,36.9788959361197,24.3427244137643,False,0.05,0.95,3780
2602001,Bodocó,PE,2023,10,100.0,climatology_apa_intensity12,45.66526460214398,2023-10,2023-10,54.33473539785602,True,True,high,high_dry,33.49390239526183,57.83662680902613,24.3427244137643,False,0.05,0.95,3780
2604304,Cedro,PE,2023,10,0.0,climatology_apa_intensity12,0.27717914781271,2023-10,2023-10,0.27717914781271,True,True,low,low_dry,0.0,3.1162879289398395,3.1162879289398395,True,0.05,0.95,3780
2605301,Exu,PE,2023,10,29.0,climatology_apa_intensity12,16.42286450790307,2023-10,2023-10,12.577135492096929,True,True,high,high_dry,4.251502301020919,28.594226714785222,24.3427244137643,False,0.05,0.95,3780
2607307,Ipubi,PE,2023,10,35.0,climatology_apa_intensity12,14.344020899307749,2023-10,2023-10,20.65597910069225,True,True,high,high_dry,2.172658692425596,26.5153831061899,24.342724413764305,False,0.05,0.95,3780
2614006,Serrita,PE,2023,10,5.0,climatology_apa_intensity12,14.066841751495035,2023-10,2023-10,9.066841751495035,True,True,high,high_dry,1.8954795446128827,26.238203958377188,24.342724413764305,True,0.05,0.95,3780
2614303,Moreilândia,PE,2023,10,4.0,climatology_apa_intensity12,7.483836990943171,2023-10,2023-10,3.4838369909431712,True,True,mid,mid_dry,1.9769007024272254,12.990773279459116,11.01387257703189,True,0.05,0.95,3780
2615607,Trindade,PE,2023,10,4.0,climatology_apa_intensity12,3.3954445607056982,2023-10,2023-10,0.6045554392943018,True,True,low,low_dry,0.5563357795785686,6.234553341832828,5.678217562254259,True,0.05,0.95,3780
2200277,Alegrete do Piauí,PI,2023,11,3.0,climatology_apa_intensity12,1.8857066792271229,2023-11,2023-11,1.1142933207728771,True,True,low,low_dry,0.0,4.885706679227123,4.885706679227123,True,0.05,0.95,3816
2202091,Caldeirão Grande do Piauí,PI,2023,11,6.0,climatology_apa_intensity12,6.835686712198319,2023-11,2023-11,0.8356867121983189,True,True,mid,mid_dry,1.0915637857582077,12.57980963863843,11.488245852880222,True,0.05,0.95,3816
2202554,Caridade do Piauí,PI,2023,11,9.0,climatology_apa_intensity12,5.5785489260469046,2023-11,2023-11,3.4214510739530954,True,True,mid,mid_dry,0.0,11.322671852487016,11.322671852487016,True,0.05,0.95,3816
2203271,Curral Novo do Piauí,PI,2023,11,4.0,climatology_apa_intensity12,3.692842246819782,2023-11,2023-11,0.3071577531802179,True,True,mid,mid_dry,0.0,9.436965173259892,9.436965173259892,True,0.05,0.95,3816
2204154,Francisco Macedo,PI,2023,11,2.0,climatology_apa_intensity12,3.457128911916392,2023-11,2023-11,1.4571289119163922,True,True,low,low_dry,0.45712891191639216,6.457128911916392,6.0,True,0.05,0.95,3816
2204303,Fronteiras,PI,2023,11,10.0,climatology_apa_intensity12,10.764242293921493,2023-11,2023-11,0.7642422939214928,True,True,mid,mid_dry,5.0201193674813815,16.508365220361604,11.488245852880222,True,0.05,0.95,3816
2205953,Marcolândia,PI,2023,11,1.0,climatology_apa_intensity12,1.8071355675926597,2023-11,2023-11,0.8071355675926597,True,True,low,low_dry,0.0,4.80713556759266,4.80713556759266,True,0.05,0.95,3816
2207207,Padre Marcos,PI,2023,11,0.0,climatology_apa_intensity12,4.4785533631644165,2023-11,2023-11,4.4785533631644165,True,True,low,low_dry,1.4785533631644165,7.4785533631644165,6.0,False,0.05,0.95,3816
2210300,São Julião,PI,2023,11,2.0,climatology_apa_intensity12,1.9642777908615865,2023-11,2023-11,0.03572220913841351,True,True,low,low_dry,0.0,4.964277790861587,4.964277790861587,True,0.05,0.95,3816
2210706,Simões,PI,2023,11,10.0,climatology_apa_intensity12,11.707095633535053,2023-11,2023-11,1.7070956335350527,True,True,mid,mid_dry,5.962972707094941,17.451218559975164,11.488245852880222,True,0.05,0.95,3816
2300101,Abaiara,CE,2023,11,9.0,climatology_apa_intensity12,3.457128911916392,2023-11,2023-11,5.542871088083608,True,True,mid,mid_dry,0.0,9.201251838356503,9.201251838356503,True,0.05,0.95,3816
2300606,Altaneira,CE,2023,11,0.0,climatology_apa_intensity12,0.3928555581723172,2023-11,2023-11,0.3928555581723172,True,True,low,low_dry,0.0,3.392855558172317,3.392855558172317,True,0.05,0.95,3816
2301307,Araripe,CE,2023,11,24.0,climatology_apa_intensity12,19.564206796981395,2023-11,2023-11,4.435793203018605,True,True,high,high_dry,6.445388149190331,32.68302544477246,26.237637295582132,True,0.05,0.95,3816
2301604,Assaré,CE,2023,11,5.0,climatology_apa_intensity12,7.228542270370637,2023-11,2023-11,2.228542270370637,True,True,high,high_dry,0.0,20.3473609181617,20.3473609181617,True,0.05,0.95,3816
2301901,Barbalha,CE,2023,11,2.0,climatology_apa_intensity12,6.36426004239154,2023-11,2023-11,4.36426004239154,True,True,high,high_dry,0.0,19.483078690182605,19.483078690182605,True,0.05,0.95,3816
2302503,Brejo Santo,CE,2023,11,6.0,climatology_apa_intensity12,7.149971158736173,2023-11,2023-11,1.1499711587361734,True,True,mid,mid_dry,1.4058482322960622,12.894094085176285,11.488245852880222,True,0.05,0.95,3816
2302701,Campos Sales,CE,2023,11,1.0,climatology_apa_intensity12,4.242840028261026,2023-11,2023-11,3.2428400282610257,True,True,mid,mid_dry,0.0,9.986962954701138,9.986962954701138,True,0.05,0.95,3816
2304202,Crato,CE,2023,11,9.0,climatology_apa_intensity12,14.457084540741274,2023-11,2023-11,5.457084540741274,True,True,high,high_dry,1.3382658929502096,27.575903188532337,26.237637295582125,True,0.05,0.95,3816
2304301,Farias Brito,CE,2023,11,13.0,climatology_apa_intensity12,4.164268916626562,2023-11,2023-11,8.835731083373439,True,True,mid,mid_dry,0.0,9.908391843066674,9.908391843066674,False,0.05,0.95,3816
2307106,Jardim,CE,2023,11,6.0,climatology_apa_intensity12,4.085697804992099,2023-11,2023-11,1.9143021950079007,True,True,mid,mid_dry,0.0,9.82982073143221,9.82982073143221,True,0.05,0.95,3816
2307205,Jati,CE,2023,11,2.0,climatology_apa_intensity12,3.378557800281928,2023-11,2023-11,1.378557800281928,True,True,low,low_dry,0.3785578002819281,6.3785578002819285,6.0,True,0.05,0.95,3816
2308401,Missão Velha,CE,2023,11,8.0,climatology_apa_intensity12,13.828515647665569,2023-11,2023-11,5.828515647665569,True,True,high,high_dry,0.7096969998745042,26.947334295456635,26.237637295582132,True,0.05,0.95,3816
2309201,Nova Olinda,CE,2023,11,4.0,climatology_apa_intensity12,5.342835591143515,2023-11,2023-11,1.3428355911435146,True,True,low,low_dry,2.3428355911435146,8.342835591143515,6.000000000000001,True,0.05,0.95,3816
2310605,Penaforte,CE,2023,11,0.0,climatology_apa_intensity12,0.2357133349033903,2023-11,2023-11,0.2357133349033903,True,True,low,low_dry,0.0,3.2357133349033904,3.2357133349033904,True,0.05,0.95,3816
2311108,Porteiras,CE,2023,11,2.0,climatology_apa_intensity12,2.828560018840684,2023-11,2023-11,0.8285600188406841,True,True,low,low_dry,0.0,5.828560018840684,5.828560018840684,True,0.05,0.95,3816
2311207,Potengi,CE,2023,11,0.0,climatology_apa_intensity12,3.378557800281928,2023-11,2023-11,3.378557800281928,True,True,mid,mid_dry,0.0,9.12268072672204,9.12268072672204,True,0.05,0.95,3816
2311959,Salitre,CE,2023,11,9.0,climatology_apa_intensity12,12.649948973148613,2023-11,2023-11,3.6499489731486126,True,True,high,high_dry,0.0,25.768767620939677,25.768767620939677,True,0.05,0.95,3816
2312106,Santana do Cariri,CE,2023,11,14.0,climatology_apa_intensity12,17.207073447947497,2023-11,2023-11,3.207073447947497,True,True,high,high_dry,4.088254800156433,30.32589209573856,26.237637295582125,True,0.05,0.95,3816
2601102,Araripina,PE,2023,11,34.0,climatology_apa_intensity12,18.93563790390569,2023-11,2023-11,15.06436209609431,True,True,high,high_dry,5.816819256114625,32.05445655169675,26.237637295582125,False,0.05,0.95,3816
2602001,Bodocó,PE,2023,11,28.0,climatology_apa_intensity12,44.62839140837524,2023-11,2023-11,16.628391408375244,True,True,high,high_dry,31.509572760584177,57.74721005616631,26.237637295582132,False,0.05,0.95,3816
2604304,Cedro,PE,2023,11,0.0,climatology_apa_intensity12,0.2357133349033903,2023-11,2023-11,0.2357133349033903,True,True,low,low_dry,0.0,3.2357133349033904,3.2357133349033904,True,0.05,0.95,3816
2605301,Exu,PE,2023,11,17.0,climatology_apa_intensity12,23.885617936876887,2023-11,2023-11,6.885617936876887,True,True,high,high_dry,10.766799289085823,37.00443658466795,26.237637295582125,True,0.05,0.95,3816
2607307,Ipubi,PE,2023,11,15.0,climatology_apa_intensity12,12.257093414976298,2023-11,2023-11,2.742906585023702,True,True,high,high_dry,0.0,25.375912062767362,25.375912062767362,True,0.05,0.95,3816
2614006,Serrita,PE,2023,11,6.0,climatology_apa_intensity12,14.692797875644665,2023-11,2023-11,8.692797875644665,True,True,high,high_dry,1.5739792278536004,27.81161652343573,26.237637295582132,True,0.05,0.95,3816
2614303,Moreilândia,PE,2023,11,5.0,climatology_apa_intensity12,7.385684493639564,2023-11,2023-11,2.3856844936395643,True,True,mid,mid_dry,1.641561567199453,13.129807420079675,11.488245852880222,True,0.05,0.95,3816
2615607,Trindade,PE,2023,11,2.0,climatology_apa_intensity12,1.9642777908615865,2023-11,2023-11,0.03572220913841351,True,True,low,low_dry,0.0,4.964277790861587,4.964277790861587,True,0.05,0.95,3816
2200277,Alegrete do Piauí,PI,2023,12,0.0,climatology_apa_intensity12,0.937796375676034,2023-12,2023-12,0.937796375676034,True,False,low,low_dry,0.0,3.937796375676034,3.937796375676034,True,0.05,0.95,3852
2202091,Caldeirão Grande do Piauí,PI,2023,12,2.0,climatology_apa_intensity12,1.875592751352068,2023-12,2023-12,0.12440724864793196,True,False,mid,mid_dry,0.0,7.619715677792179,7.619715677792179,True,0.05,0.95,3852
2202554,Caridade do Piauí,PI,2023,12,2.0,climatology_apa_intensity12,2.813389127028102,2023-12,2023-12,0.8133891270281022,True,False,mid,mid_dry,0.0,8.557512053468214,8.557512053468214,True,0.05,0.95,3852
2203271,Curral Novo do Piauí,PI,2023,12,0.0,climatology_apa_intensity12,0.937796375676034,2023-12,2023-12,0.937796375676034,True,False,mid,mid_dry,0.0,6.681919302116145,6.681919302116145,True,0.05,0.95,3852
2204154,Francisco Macedo,PI,2023,12,1.0,climatology_apa_intensity12,1.5345758874698736,2023-12,2023-12,0.5345758874698736,True,False,low,low_dry,0.0,4.534575887469874,4.534575887469874,True,0.05,0.95,3852
2204303,Fronteiras,PI,2023,12,5.0,climatology_apa_intensity12,3.3249144228513936,2023-12,2023-12,1.6750855771486064,True,False,mid,mid_dry,0.0,9.069037349291506,9.069037349291506,True,0.05,0.95,3852
2205953,Marcolândia,PI,2023,12,0.0,climatology_apa_intensity12,2.1313553992637138,2023-12,2023-12,2.1313553992637138,True,False,low,low_dry,0.0,5.131355399263714,5.131355399263714,True,0.05,0.95,3852
2207207,Padre Marcos,PI,2023,12,3.0,climatology_apa_intensity12,1.1935590235876796,2023-12,2023-12,1.8064409764123204,True,False,low,low_dry,0.0,4.19355902358768,4.19355902358768,True,0.05,0.95,3852
2210300,São Julião,PI,2023,12,4.0,climatology_apa_intensity12,0.5115252958232912,2023-12,2023-12,3.488474704176709,True,False,low,low_dry,0.0,3.511525295823291,3.511525295823291,False,0.05,0.95,3852
2210706,Simões,PI,2023,12,1.0,climatology_apa_intensity12,2.6428806950870047,2023-12,2023-12,1.6428806950870047,True,False,mid,mid_dry,0.0,8.387003621527116,8.387003621527116,True,0.05,0.95,3852
2300101,Abaiara,CE,2023,12,4.0,climatology_apa_intensity12,2.8986433429986507,2023-12,2023-12,1.1013566570013493,True,False,mid,mid_dry,0.0,8.642766269438763,8.642766269438763,True,0.05,0.95,3852
2300606,Altaneira,CE,2023,12,0.0,climatology_apa_intensity12,0.7672879437349368,2023-12,2023-12,0.7672879437349368,True,False,low,low_dry,0.0,3.767287943734937,3.767287943734937,True,0.05,0.95,3852
2301307,Araripe,CE,2023,12,15.0,climatology_apa_intensity12,10.145251700495278,2023-12,2023-12,4.854748299504722,True,False,high,high_dry,0.0,23.41665659269384,23.41665659269384,True,0.05,0.95,3852
2301604,Assaré,CE,2023,12,4.0,climatology_apa_intensity12,8.18440473317266,2023-12,2023-12,4.184404733172659,True,False,high,high_dry,0.0,21.455809625371224,21.455809625371224,True,0.05,0.95,3852
2301901,Barbalha,CE,2023,12,1.0,climatology_apa_intensity12,3.665931286733587,2023-12,2023-12,2.665931286733587,True,False,high,high_dry,0.0,16.937336178932153,16.937336178932153,True,0.05,0.95,3852
2302503,Brejo Santo,CE,2023,12,6.0,climatology_apa_intensity12,3.49542285479249,2023-12,2023-12,2.50457714520751,True,False,mid,mid_dry,0.0,9.239545781232602,9.239545781232602,True,0.05,0.95,3852
2302701,Campos Sales,CE,2023,12,2.0,climatology_apa_intensity12,2.472372263145908,2023-12,2023-12,0.4723722631459082,True,False,mid,mid_dry,0.0,8.21649518958602,8.21649518958602,True,0.05,0.95,3852
2304202,Crato,CE,2023,12,1.0,climatology_apa_intensity12,9.889489052583633,2023-12,2023-12,8.889489052583633,True,False,high,high_dry,0.0,23.160893944782195,23.160893944782195,True,0.05,0.95,3852
2304301,Farias Brito,CE,2023,12,1.0,climatology_apa_intensity12,3.751185502704136,2023-12,2023-12,2.751185502704136,True,False,mid,mid_dry,0.0,9.495308429144247,9.495308429144247,True,0.05,0.95,3852
2307106,Jardim,CE,2023,12,5.0,climatology_apa_intensity12,5.4562698221151065,2023-12,2023-12,0.45626982211510647,True,False,mid,mid_dry,0.0,11.200392748555217,11.200392748555217,True,0.05,0.95,3852
2307205,Jati,CE,2023,12,2.0,climatology_apa_intensity12,1.5345758874698736,2023-12,2023-12,0.4654241125301264,True,False,low,low_dry,0.0,4.534575887469874,4.534575887469874,True,0.05,0.95,3852
2308401,Missão Velha,CE,2023,12,10.0,climatology_apa_intensity12,11.253556508112409,2023-12,2023-12,1.2535565081124087,True,False,high,high_dry,0.0,24.52496140031097,24.52496140031097,True,0.05,0.95,3852
2309201,Nova Olinda,CE,2023,12,3.0,climatology_apa_intensity12,4.6037276624096215,2023-12,2023-12,1.6037276624096215,True,False,low,low_dry,1.6037276624096215,7.6037276624096215,6.0,True,0.05,0.95,3852
2310605,Penaforte,CE,2023,12,1.0,climatology_apa_intensity12,0.6820337277643883,2023-12,2023-12,0.3179662722356117,True,False,low,low_dry,0.0,3.6820337277643884,3.6820337277643884,True,0.05,0.95,3852
2311108,Porteiras,CE,2023,12,1.0,climatology_apa_intensity12,2.8986433429986507,2023-12,2023-12,1.8986433429986507,True,False,low,low_dry,0.0,5.898643342998651,5.898643342998651,True,0.05,0.95,3852
2311207,Potengi,CE,2023,12,0.0,climatology_apa_intensity12,2.2166096152342623,2023-12,2023-12,2.2166096152342623,True,False,mid,mid_dry,0.0,7.960732541674373,7.960732541674373,True,0.05,0.95,3852
2311959,Salitre,CE,2023,12,4.0,climatology_apa_intensity12,5.967795117938398,2023-12,2023-12,1.9677951179383983,True,False,high,high_dry,0.0,19.239200010136962,19.239200010136962,True,0.05,0.95,3852
2312106,Santana do Cariri,CE,2023,12,2.0,climatology_apa_intensity12,17.562368489933,2023-12,2023-12,15.562368489933,True,False,high,high_dry,4.290963597734436,30.833773382131564,26.54280978439713,False,0.05,0.95,3852
2601102,Araripina,PE,2023,12,2.0,climatology_apa_intensity12,6.39406619779114,2023-12,2023-12,4.39406619779114,True,False,high,high_dry,0.0,19.665471089989705,19.665471089989705,True,0.05,0.95,3852
2602001,Bodocó,PE,2023,12,13.0,climatology_apa_intensity12,23.61541782384195,2023-12,2023-12,10.615417823841948,True,False,high,high_dry,10.344012931643384,36.88682271604051,26.54280978439713,True,0.05,0.95,3852
2604304,Cedro,PE,2023,12,0.0,climatology_apa_intensity12,0.5115252958232912,2023-12,2023-12,0.5115252958232912,True,False,low,low_dry,0.0,3.511525295823291,3.511525295823291,True,0.05,0.95,3852
2605301,Exu,PE,2023,12,8.0,climatology_apa_intensity12,19.523215457255617,2023-12,2023-12,11.523215457255617,True,False,high,high_dry,6.251810565057053,32.79462034945418,26.542809784397125,True,0.05,0.95,3852
2607307,Ipubi,PE,2023,12,4.0,climatology_apa_intensity12,6.735083061673335,2023-12,2023-12,2.7350830616733353,True,False,high,high_dry,0.0,20.0064879538719,20.0064879538719,True,0.05,0.95,3852
2614006,Serrita,PE,2023,12,0.0,climatology_apa_intensity12,8.610675813025402,2023-12,2023-12,8.610675813025402,True,False,high,high_dry,0.0,21.882080705223967,21.882080705223967,True,0.05,0.95,3852
2614303,Moreilândia,PE,2023,12,2.0,climatology_apa_intensity12,3.49542285479249,2023-12,2023-12,1.4954228547924902,True,False,mid,mid_dry,0.0,9.239545781232602,9.239545781232602,True,0.05,0.95,3852
2615607,Trindade,PE,2023,12,5.0,climatology_apa_intensity12,0.5967795117938398,2023-12,2023-12,4.40322048820616,True,False,low,low_dry,0.0,3.59677951179384,3.59677951179384,False,0.05,0.95,3852
2200277,Alegrete do Piauí,PI,2024,1,0.0,climatology_apa_intensity12,0.1646967641929858,2024-01,2024-01,0.1646967641929858,False,False,low,low_wet,0.0,0.4692486690068707,0.4692486690068707,True,0.05,0.95,3888
2202091,Caldeirão Grande do Piauí,PI,2024,1,1.0,climatology_apa_intensity12,0.2470451462894788,2024-01,2024-01,0.7529548537105212,False,False,mid,mid_wet,0.0,1.041730946179095,1.041730946179095,True,0.05,0.95,3888
2202554,Caridade do Piauí,PI,2024,1,0.0,climatology_apa_intensity12,0.0823483820964929,2024-01,2024-01,0.0823483820964929,False,False,mid,mid_wet,0.0,0.8770341819861089,0.8770341819861089,True,0.05,0.95,3888
2203271,Curral Novo do Piauí,PI,2024,1,0.0,climatology_apa_intensity12,0.0,2024-01,2024-01,0.0,False,False,mid,mid_wet,0.0,0.7946857998896161,0.7946857998896161,True,0.05,0.95,3888
2204154,Francisco Macedo,PI,2024,1,0.0,climatology_apa_intensity12,0.0,2024-01,2024-01,0.0,False,False,low,low_wet,0.0,0.3045519048138849,0.3045519048138849,True,0.05,0.95,3888
2204303,Fronteiras,PI,2024,1,0.0,climatology_apa_intensity12,0.6587870567719435,2024-01,2024-01,0.6587870567719435,False,False,mid,mid_wet,0.0,1.4534728566615596,1.4534728566615596,True,0.05,0.95,3888
2205953,Marcolândia,PI,2024,1,1.0,climatology_apa_intensity12,0.2470451462894788,2024-01,2024-01,0.7529548537105212,False,False,low,low_wet,0.0,0.5515970511033637,0.5515970511033637,False,0.05,0.95,3888
2207207,Padre Marcos,PI,2024,1,0.0,climatology_apa_intensity12,0.4940902925789576,2024-01,2024-01,0.4940902925789576,False,False,low,low_wet,0.1895383877650727,0.7986421973928425,0.6091038096277698,False,0.05,0.95,3888
2210300,São Julião,PI,2024,1,0.0,climatology_apa_intensity12,0.0823483820964929,2024-01,2024-01,0.0823483820964929,False,False,low,low_wet,0.0,0.3869002869103778,0.3869002869103778,True,0.05,0.95,3888
2210706,Simões,PI,2024,1,2.0,climatology_apa_intensity12,0.2470451462894788,2024-01,2024-01,1.7529548537105213,False,False,mid,mid_wet,0.0,1.041730946179095,1.041730946179095,False,0.05,0.95,3888
2300101,Abaiara,CE,2024,1,0.0,climatology_apa_intensity12,0.0823483820964929,2024-01,2024-01,0.0823483820964929,False,False,mid,mid_wet,0.0,0.8770341819861089,0.8770341819861089,True,0.05,0.95,3888
2300606,Altaneira,CE,2024,1,0.0,climatology_apa_intensity12,0.0,2024-01,2024-01,0.0,False,False,low,low_wet,0.0,0.3045519048138849,0.3045519048138849,True,0.05,0.95,3888
2301307,Araripe,CE,2024,1,6.0,climatology_apa_intensity12,2.2234063166053093,2024-01,2024-01,3.7765936833946907,False,False,high,high_wet,0.3830770984983134,4.063735534712305,3.6806584362139914,False,0.05,0.95,3888
2301604,Assaré,CE,2024,1,1.0,climatology_apa_intensity12,3.046890137570238,2024-01,2024-01,2.046890137570238,False,False,high,high_wet,1.2065609194632423,4.887219355677234,3.6806584362139922,False,0.05,0.95,3888
2301901,Barbalha,CE,2024,1,0.0,climatology_apa_intensity12,0.7411354388684365,2024-01,2024-01,0.7411354388684365,False,False,high,high_wet,0.0,2.5814646569754323,2.5814646569754323,True,0.05,0.95,3888
2302503,Brejo Santo,CE,2024,1,1.0,climatology_apa_intensity12,0.5764386746754505,2024-01,2024-01,0.4235613253245495,False,False,mid,mid_wet,0.0,1.3711244745650666,1.3711244745650666,True,0.05,0.95,3888
2302701,Campos Sales,CE,2024,1,1.0,climatology_apa_intensity12,0.6587870567719435,2024-01,2024-01,0.3412129432280565,False,False,mid,mid_wet,0.0,1.4534728566615596,1.4534728566615596,True,0.05,0.95,3888
2304202,Crato,CE,2024,1,3.0,climatology_apa_intensity12,1.235225731447394,2024-01,2024-01,1.764774268552606,False,False,high,high_wet,0.0,3.07555494955439,3.07555494955439,True,0.05,0.95,3888
2304301,Farias Brito,CE,2024,1,0.0,climatology_apa_intensity12,0.9058322030614224,2024-01,2024-01,0.9058322030614224,False,False,mid,mid_wet,0.11114640317180635,1.7005180029510385,1.5893715997792321,False,0.05,0.95,3888
2307106,Jardim,CE,2024,1,1.0,climatology_apa_intensity12,0.7411354388684365,2024-01,2024-01,0.25886456113156353,False,False,mid,mid_wet,0.0,1.5358212387580525,1.5358212387580525,True,0.05,0.95,3888
2307205,Jati,CE,2024,1,0.0,climatology_apa_intensity12,0.5764386746754505,2024-01,2024-01,0.5764386746754505,False,False,low,low_wet,0.2718867698615656,0.8809905794893353,0.6091038096277697,False,0.05,0.95,3888
2308401,Missão Velha,CE,2024,1,5.0,climatology_apa_intensity12,1.8116644061228449,2024-01,2024-01,3.188335593877155,False,False,high,high_wet,0.0,3.6519936242298408,3.6519936242298408,False,0.05,0.95,3888
2309201,Nova Olinda,CE,2024,1,0.0,climatology_apa_intensity12,0.4117419104824646,2024-01,2024-01,0.4117419104824646,False,False,mid,mid_wet,0.0,1.2064277103720806,1.2064277103720806,True,0.05,0.95,3888
2310605,Penaforte,CE,2024,1,1.0,climatology_apa_intensity12,0.0823483820964929,2024-01,2024-01,0.9176516179035071,False,False,low,low_wet,0.0,0.3869002869103778,0.3869002869103778,False,0.05,0.95,3888
2311108,Porteiras,CE,2024,1,0.0,climatology_apa_intensity12,0.3293935283859717,2024-01,2024-01,0.3293935283859717,False,False,low,low_wet,0.0248416235720868,0.6339454331998566,0.6091038096277699,False,0.05,0.95,3888
2311207,Potengi,CE,2024,1,0.0,climatology_apa_intensity12,1.152877349350901,2024-01,2024-01,1.152877349350901,False,False,low,low_wet,0.8483254445370161,1.457429254164786,0.6091038096277699,False,0.05,0.95,3888
2311959,Salitre,CE,2024,1,1.0,climatology_apa_intensity12,0.8234838209649293,2024-01,2024-01,0.17651617903507066,False,False,high,high_wet,0.0,2.6638130390719255,2.6638130390719255,True,0.05,0.95,3888
2312106,Santana do Cariri,CE,2024,1,4.0,climatology_apa_intensity12,5.599689982561519,2024-01,2024-01,1.599689982561519,False,False,high,high_wet,3.759360764454523,7.440019200668515,3.6806584362139922,True,0.05,0.95,3888
2601102,Araripina,PE,2024,1,0.0,climatology_apa_intensity12,0.6587870567719435,2024-01,2024-01,0.6587870567719435,False,False,high,high_wet,0.0,2.4991162748789395,2.4991162748789395,True,0.05,0.95,3888
2602001,Bodocó,PE,2024,1,7.0,climatology_apa_intensity12,2.7998449912807595,2024-01,2024-01,4.200155008719241,False,False,high,high_wet,0.9595157731737636,4.640174209387755,3.6806584362139914,False,0.05,0.95,3888
2604304,Cedro,PE,2024,1,0.0,climatology_apa_intensity12,0.0823483820964929,2024-01,2024-01,0.0823483820964929,False,False,low,low_wet,0.0,0.3869002869103778,0.3869002869103778,True,0.05,0.95,3888
2605301,Exu,PE,2024,1,3.0,climatology_apa_intensity12,3.37628366595621,2024-01,2024-01,0.3762836659562101,False,False,high,high_wet,1.5359544478492142,5.216612884063206,3.6806584362139922,True,0.05,0.95,3888
2607307,Ipubi,PE,2024,1,0.0,climatology_apa_intensity12,0.7411354388684365,2024-01,2024-01,0.7411354388684365,False,False,high,high_wet,0.0,2.5814646569754323,2.5814646569754323,True,0.05,0.95,3888
2614006,Serrita,PE,2024,1,1.0,climatology_apa_intensity12,2.2234063166053093,2024-01,2024-01,1.2234063166053093,False,False,high,high_wet,0.3830770984983134,4.063735534712305,3.6806584362139914,True,0.05,0.95,3888
2614303,Moreilândia,PE,2024,1,2.0,climatology_apa_intensity12,0.4940902925789576,2024-01,2024-01,1.5059097074210424,False,False,mid,mid_wet,0.0,1.2887760924685736,1.2887760924685736,False,0.05,0.95,3888
2615607,Trindade,PE,2024,1,1.0,climatology_apa_intensity12,0.1646967641929858,2024-01,2024-01,0.8353032358070143,False,False,low,low_wet,0.0,0.4692486690068707,0.4692486690068707,False,0.05,0.95,3888
2200277,Alegrete do Piauí,PI,2024,2,0.0,climatology_apa_intensity12,0.0,2024-02,2024-02,0.0,False,False,low,low_wet,0.0,0.3528446389496718,0.3528446389496718,True,0.05,0.95,3924
2202091,Caldeirão Grande do Piauí,PI,2024,2,0.0,climatology_apa_intensity12,0.0843681754936681,2024-02,2024-02,0.0843681754936681,False,False,mid,mid_wet,0.0,0.9752631883399006,0.9752631883399006,True,0.05,0.95,3924
2202554,Caridade do Piauí,PI,2024,2,0.0,climatology_apa_intensity12,0.0,2024-02,2024-02,0.0,False,False,mid,mid_wet,0.0,0.8908950128462324,0.8908950128462324,True,0.05,0.95,3924
2203271,Curral Novo do Piauí,PI,2024,2,2.0,climatology_apa_intensity12,0.0,2024-02,2024-02,2.0,False,False,mid,mid_wet,0.0,0.8908950128462324,0.8908950128462324,False,0.05,0.95,3924
2204154,Francisco Macedo,PI,2024,2,0.0,climatology_apa_intensity12,0.0,2024-02,2024-02,0.0,False,False,low,low_wet,0.0,0.3528446389496718,0.3528446389496718,True,0.05,0.95,3924
2204303,Fronteiras,PI,2024,2,0.0,climatology_apa_intensity12,0.0,2024-02,2024-02,0.0,False,False,mid,mid_wet,0.0,0.8908950128462324,0.8908950128462324,True,0.05,0.95,3924
2205953,Marcolândia,PI,2024,2,0.0,climatology_apa_intensity12,0.0,2024-02,2024-02,0.0,False,False,low,low_wet,0.0,0.3528446389496718,0.3528446389496718,True,0.05,0.95,3924
2207207,Padre Marcos,PI,2024,2,0.0,climatology_apa_intensity12,0.0843681754936681,2024-02,2024-02,0.0843681754936681,False,False,low,low_wet,0.0,0.43721281444333987,0.43721281444333987,True,0.05,0.95,3924
2210300,São Julião,PI,2024,2,0.0,climatology_apa_intensity12,0.0,2024-02,2024-02,0.0,False,False,low,low_wet,0.0,0.3528446389496718,0.3528446389496718,True,0.05,0.95,3924
2210706,Simões,PI,2024,2,0.0,climatology_apa_intensity12,0.1687363509873362,2024-02,2024-02,0.1687363509873362,False,False,mid,mid_wet,0.0,1.0596313638335686,1.0596313638335686,True,0.05,0.95,3924
2300101,Abaiara,CE,2024,2,0.0,climatology_apa_intensity12,0.0,2024-02,2024-02,0.0,False,False,mid,mid_wet,0.0,0.8908950128462324,0.8908950128462324,True,0.05,0.95,3924
2300606,Altaneira,CE,2024,2,0.0,climatology_apa_intensity12,0.0,2024-02,2024-02,0.0,False,False,low,low_wet,0.0,0.3528446389496718,0.3528446389496718,True,0.05,0.95,3924
2301307,Araripe,CE,2024,2,0.0,climatology_apa_intensity12,0.2531045264810042,2024-02,2024-02,0.2531045264810042,False,False,high,high_wet,0.0,2.140468404040106,2.140468404040106,True,0.05,0.95,3924
2301604,Assaré,CE,2024,2,2.0,climatology_apa_intensity12,0.4218408774683404,2024-02,2024-02,1.5781591225316596,False,False,high,high_wet,0.0,2.3092047550274426,2.3092047550274426,True,0.05,0.95,3924
2301901,Barbalha,CE,2024,2,0.0,climatology_apa_intensity12,0.2531045264810042,2024-02,2024-02,0.2531045264810042,False,False,high,high_wet,0.0,2.140468404040106,2.140468404040106,True,0.05,0.95,3924
2302503,Brejo Santo,CE,2024,2,0.0,climatology_apa_intensity12,0.1687363509873362,2024-02,2024-02,0.1687363509873362,False,False,mid,mid_wet,0.0,1.0596313638335686,1.0596313638335686,True,0.05,0.95,3924
2302701,Campos Sales,CE,2024,2,0.0,climatology_apa_intensity12,0.0843681754936681,2024-02,2024-02,0.0843681754936681,False,False,mid,mid_wet,0.0,0.9752631883399006,0.9752631883399006,True,0.05,0.95,3924
2304202,Crato,CE,2024,2,1.0,climatology_apa_intensity12,0.5062090529620085,2024-02,2024-02,0.49379094703799153,False,False,high,high_wet,0.0,2.3935729305211106,2.3935729305211106,True,0.05,0.95,3924
2304301,Farias Brito,CE,2024,2,1.0,climatology_apa_intensity12,0.0,2024-02,2024-02,1.0,False,False,mid,mid_wet,0.0,0.8908950128462324,0.8908950128462324,False,0.05,0.95,3924
2307106,Jardim,CE,2024,2,0.0,climatology_apa_intensity12,0.1687363509873362,2024-02,2024-02,0.1687363509873362,False,False,mid,mid_wet,0.0,1.0596313638335686,1.0596313638335686,True,0.05,0.95,3924
2307205,Jati,CE,2024,2,0.0,climatology_apa_intensity12,0.2531045264810042,2024-02,2024-02,0.2531045264810042,False,False,low,low_wet,0.0,0.6059491654306759,0.6059491654306759,True,0.05,0.95,3924
2308401,Missão Velha,CE,2024,2,1.0,climatology_apa_intensity12,0.3374727019746724,2024-02,2024-02,0.6625272980253276,False,False,high,high_wet,0.0,2.2248365795337746,2.2248365795337746,True,0.05,0.95,3924
2309201,Nova Olinda,CE,2024,2,0.0,climatology_apa_intensity12,0.0,2024-02,2024-02,0.0,False,False,low,low_wet,0.0,0.3528446389496718,0.3528446389496718,True,0.05,0.95,3924
2310605,Penaforte,CE,2024,2,0.0,climatology_apa_intensity12,0.1687363509873362,2024-02,2024-02,0.1687363509873362,False,False,low,low_wet,0.0,0.521580989937008,0.521580989937008,True,0.05,0.95,3924
2311108,Porteiras,CE,2024,2,0.0,climatology_apa_intensity12,0.1687363509873362,2024-02,2024-02,0.1687363509873362,False,False,low,low_wet,0.0,0.521580989937008,0.521580989937008,True,0.05,0.95,3924
2311207,Potengi,CE,2024,2,0.0,climatology_apa_intensity12,0.5062090529620085,2024-02,2024-02,0.5062090529620085,False,False,low,low_wet,0.1533644140123367,0.8590536919116802,0.7056892778993435,False,0.05,0.95,3924
2311959,Salitre,CE,2024,2,2.0,climatology_apa_intensity12,0.0843681754936681,2024-02,2024-02,1.915631824506332,False,False,high,high_wet,0.0,1.97173205305277,1.97173205305277,False,0.05,0.95,3924
2312106,Santana do Cariri,CE,2024,2,0.0,climatology_apa_intensity12,0.4218408774683404,2024-02,2024-02,0.4218408774683404,False,False,high,high_wet,0.0,2.3092047550274426,2.3092047550274426,True,0.05,0.95,3924
2601102,Araripina,PE,2024,2,0.0,climatology_apa_intensity12,0.2531045264810042,2024-02,2024-02,0.2531045264810042,False,False,high,high_wet,0.0,2.140468404040106,2.140468404040106,True,0.05,0.95,3924
2602001,Bodocó,PE,2024,2,0.0,climatology_apa_intensity12,0.5062090529620085,2024-02,2024-02,0.5062090529620085,False,False,high,high_wet,0.0,2.3935729305211106,2.3935729305211106,True,0.05,0.95,3924
2604304,Cedro,PE,2024,2,0.0,climatology_apa_intensity12,0.0,2024-02,2024-02,0.0,False,False,low,low_wet,0.0,0.3528446389496718,0.3528446389496718,True,0.05,0.95,3924
2605301,Exu,PE,2024,2,3.0,climatology_apa_intensity12,0.5062090529620085,2024-02,2024-02,2.4937909470379918,False,False,high,high_wet,0.0,2.3935729305211106,2.3935729305211106,False,0.05,0.95,3924
2607307,Ipubi,PE,2024,2,0.0,climatology_apa_intensity12,0.1687363509873362,2024-02,2024-02,0.1687363509873362,False,False,high,high_wet,0.0,2.056100228546438,2.056100228546438,True,0.05,0.95,3924
2614006,Serrita,PE,2024,2,0.0,climatology_apa_intensity12,0.1687363509873362,2024-02,2024-02,0.1687363509873362,False,False,high,high_wet,0.0,2.056100228546438,2.056100228546438,True,0.05,0.95,3924
2614303,Moreilândia,PE,2024,2,0.0,climatology_apa_intensity12,0.2531045264810042,2024-02,2024-02,0.2531045264810042,False,False,mid,mid_wet,0.0,1.1439995393272366,1.1439995393272366,True,0.05,0.95,3924
2615607,Trindade,PE,2024,2,0.0,climatology_apa_intensity12,0.0843681754936681,2024-02,2024-02,0.0843681754936681,False,False,low,low_wet,0.0,0.43721281444333987,0.43721281444333987,True,0.05,0.95,3924
2200277,Alegrete do Piauí,PI,2024,3,0.0,climatology_apa_intensity12,0.0,2024-03,2024-03,0.0,False,False,low,low_wet,0.0,0.3528446389496718,0.3528446389496718,True,0.05,0.95,3960
2202091,Caldeirão Grande do Piauí,PI,2024,3,0.0,climatology_apa_intensity12,0.0,2024-03,2024-03,0.0,False,False,mid,mid_wet,0.0,0.9446715448620218,0.9446715448620218,True,0.05,0.95,3960
2202554,Caridade do Piauí,PI,2024,3,0.0,climatology_apa_intensity12,0.0845825364323189,2024-03,2024-03,0.0845825364323189,False,False,mid,mid_wet,0.0,1.0292540812943407,1.0292540812943407,True,0.05,0.95,3960
2203271,Curral Novo do Piauí,PI,2024,3,0.0,climatology_apa_intensity12,0.0,2024-03,2024-03,0.0,False,False,mid,mid_wet,0.0,0.9446715448620218,0.9446715448620218,True,0.05,0.95,3960
2204154,Francisco Macedo,PI,2024,3,0.0,climatology_apa_intensity12,0.0,2024-03,2024-03,0.0,False,False,low,low_wet,0.0,0.3528446389496718,0.3528446389496718,True,0.05,0.95,3960
2204303,Fronteiras,PI,2024,3,0.0,climatology_apa_intensity12,0.0,2024-03,2024-03,0.0,False,False,mid,mid_wet,0.0,0.9446715448620218,0.9446715448620218,True,0.05,0.95,3960
2205953,Marcolândia,PI,2024,3,0.0,climatology_apa_intensity12,0.0,2024-03,2024-03,0.0,False,False,low,low_wet,0.0,0.3528446389496718,0.3528446389496718,True,0.05,0.95,3960
2207207,Padre Marcos,PI,2024,3,0.0,climatology_apa_intensity12,0.0,2024-03,2024-03,0.0,False,False,low,low_wet,0.0,0.3528446389496718,0.3528446389496718,True,0.05,0.95,3960
2210300,São Julião,PI,2024,3,0.0,climatology_apa_intensity12,0.0,2024-03,2024-03,0.0,False,False,low,low_wet,0.0,0.3528446389496718,0.3528446389496718,True,0.05,0.95,3960
2210706,Simões,PI,2024,3,0.0,climatology_apa_intensity12,0.0,2024-03,2024-03,0.0,False,False,mid,mid_wet,0.0,0.9446715448620218,0.9446715448620218,True,0.05,0.95,3960
2300101,Abaiara,CE,2024,3,0.0,climatology_apa_intensity12,0.0845825364323189,2024-03,2024-03,0.0845825364323189,False,False,mid,mid_wet,0.0,1.0292540812943407,1.0292540812943407,True,0.05,0.95,3960
2300606,Altaneira,CE,2024,3,0.0,climatology_apa_intensity12,0.0,2024-03,2024-03,0.0,False,False,low,low_wet,0.0,0.3528446389496718,0.3528446389496718,True,0.05,0.95,3960
2301307,Araripe,CE,2024,3,1.0,climatology_apa_intensity12,0.0,2024-03,2024-03,1.0,False,False,high,high_wet,0.0,1.8919451977600112,1.8919451977600112,True,0.05,0.95,3960
2301604,Assaré,CE,2024,3,0.0,climatology_apa_intensity12,0.0,2024-03,2024-03,0.0,False,False,high,high_wet,0.0,1.8919451977600112,1.8919451977600112,True,0.05,0.95,3960
2301901,Barbalha,CE,2024,3,0.0,climatology_apa_intensity12,0.0,2024-03,2024-03,0.0,False,False,high,high_wet,0.0,1.8919451977600112,1.8919451977600112,True,0.05,0.95,3960
2302503,Brejo Santo,CE,2024,3,0.0,climatology_apa_intensity12,0.0,2024-03,2024-03,0.0,False,False,mid,mid_wet,0.0,0.9446715448620218,0.9446715448620218,True,0.05,0.95,3960
2302701,Campos Sales,CE,2024,3,0.0,climatology_apa_intensity12,0.0,2024-03,2024-03,0.0,False,False,mid,mid_wet,0.0,0.9446715448620218,0.9446715448620218,True,0.05,0.95,3960
2304202,Crato,CE,2024,3,0.0,climatology_apa_intensity12,0.2537476092969568,2024-03,2024-03,0.2537476092969568,False,False,high,high_wet,0.0,2.145692807056968,2.145692807056968,True,0.05,0.95,3960
2304301,Farias Brito,CE,2024,3,0.0,climatology_apa_intensity12,0.0845825364323189,2024-03,2024-03,0.0845825364323189,False,False,mid,mid_wet,0.0,1.0292540812943407,1.0292540812943407,True,0.05,0.95,3960
2307106,Jardim,CE,2024,3,0.0,climatology_apa_intensity12,0.0845825364323189,2024-03,2024-03,0.0845825364323189,False,False,mid,mid_wet,0.0,1.0292540812943407,1.0292540812943407,True,0.05,0.95,3960
2307205,Jati,CE,2024,3,0.0,climatology_apa_intensity12,0.0,2024-03,2024-03,0.0,False,False,low,low_wet,0.0,0.3528446389496718,0.3528446389496718,True,0.05,0.95,3960
2308401,Missão Velha,CE,2024,3,0.0,climatology_apa_intensity12,0.5074952185939136,2024-03,2024-03,0.5074952185939136,False,False,high,high_wet,0.0,2.399440416353925,2.399440416353925,True,0.05,0.95,3960
2309201,Nova Olinda,CE,2024,3,0.0,climatology_apa_intensity12,0.0,2024-03,2024-03,0.0,False,False,low,low_wet,0.0,0.3528446389496718,0.3528446389496718,True,0.05,0.95,3960
2310605,Penaforte,CE,2024,3,0.0,climatology_apa_intensity12,0.0,2024-03,2024-03,0.0,False,False,low,low_wet,0.0,0.3528446389496718,0.3528446389496718,True,0.05,0.95,3960
2311108,Porteiras,CE,2024,3,0.0,climatology_apa_intensity12,0.0,2024-03,2024-03,0.0,False,False,low,low_wet,0.0,0.3528446389496718,0.3528446389496718,True,0.05,0.95,3960
2311207,Potengi,CE,2024,3,0.0,climatology_apa_intensity12,0.0,2024-03,2024-03,0.0,False,False,low,low_wet,0.0,0.3528446389496718,0.3528446389496718,True,0.05,0.95,3960
2311959,Salitre,CE,2024,3,0.0,climatology_apa_intensity12,0.0845825364323189,2024-03,2024-03,0.0845825364323189,False,False,high,high_wet,0.0,1.9765277341923302,1.9765277341923302,True,0.05,0.95,3960
2312106,Santana do Cariri,CE,2024,3,0.0,climatology_apa_intensity12,0.0,2024-03,2024-03,0.0,False,False,high,high_wet,0.0,1.8919451977600112,1.8919451977600112,True,0.05,0.95,3960
2601102,Araripina,PE,2024,3,0.0,climatology_apa_intensity12,0.0845825364323189,2024-03,2024-03,0.0845825364323189,False,False,high,high_wet,0.0,1.9765277341923302,1.9765277341923302,True,0.05,0.95,3960
2602001,Bodocó,PE,2024,3,0.0,climatology_apa_intensity12,0.4229126821615946,2024-03,2024-03,0.4229126821615946,False,False,high,high_wet,0.0,2.3148578799216057,2.3148578799216057,True,0.05,0.95,3960
2604304,Cedro,PE,2024,3,0.0,climatology_apa_intensity12,0.0,2024-03,2024-03,0.0,False,False,low,low_wet,0.0,0.3528446389496718,0.3528446389496718,True,0.05,0.95,3960
2605301,Exu,PE,2024,3,1.0,climatology_apa_intensity12,0.1691650728646379,2024-03,2024-03,0.8308349271353621,False,False,high,high_wet,0.0,2.061110270624649,2.061110270624649,True,0.05,0.95,3960
2607307,Ipubi,PE,2024,3,0.0,climatology_apa_intensity12,0.0845825364323189,2024-03,2024-03,0.0845825364323189,False,False,high,high_wet,0.0,1.9765277341923302,1.9765277341923302,True,0.05,0.95,3960
2614006,Serrita,PE,2024,3,0.0,climatology_apa_intensity12,0.0,2024-03,2024-03,0.0,False,False,high,high_wet,0.0,1.8919451977600112,1.8919451977600112,True,0.05,0.95,3960
2614303,Moreilândia,PE,2024,3,0.0,climatology_apa_intensity12,0.0,2024-03,2024-03,0.0,False,False,mid,mid_wet,0.0,0.9446715448620218,0.9446715448620218,True,0.05,0.95,3960
2615607,Trindade,PE,2024,3,0.0,climatology_apa_intensity12,0.0,2024-03,2024-03,0.0,False,False,low,low_wet,0.0,0.3528446389496718,0.3528446389496718,True,0.05,0.95,3960
2200277,Alegrete do Piauí,PI,2024,4,0.0,climatology_apa_intensity12,0.0,2024-04,2024-04,0.0,False,False,low,low_wet,0.0,0.3528446389496718,0.3528446389496718,True,0.05,0.95,3996
2202091,Caldeirão Grande do Piauí,PI,2024,4,0.0,climatology_apa_intensity12,0.0,2024-04,2024-04,0.0,False,False,mid,mid_wet,0.0,0.9058322030614224,0.9058322030614224,True,0.05,0.95,3996
2202554,Caridade do Piauí,PI,2024,4,0.0,climatology_apa_intensity12,0.0,2024-04,2024-04,0.0,False,False,mid,mid_wet,0.0,0.9058322030614224,0.9058322030614224,True,0.05,0.95,3996
2203271,Curral Novo do Piauí,PI,2024,4,0.0,climatology_apa_intensity12,0.0,2024-04,2024-04,0.0,False,False,mid,mid_wet,0.0,0.9058322030614224,0.9058322030614224,True,0.05,0.95,3996
2204154,Francisco Macedo,PI,2024,4,0.0,climatology_apa_intensity12,0.0,2024-04,2024-04,0.0,False,False,low,low_wet,0.0,0.3528446389496718,0.3528446389496718,True,0.05,0.95,3996
2204303,Fronteiras,PI,2024,4,0.0,climatology_apa_intensity12,0.0,2024-04,2024-04,0.0,False,False,mid,mid_wet,0.0,0.9058322030614224,0.9058322030614224,True,0.05,0.95,3996
2205953,Marcolândia,PI,2024,4,0.0,climatology_apa_intensity12,0.0,2024-04,2024-04,0.0,False,False,low,low_wet,0.0,0.3528446389496718,0.3528446389496718,True,0.05,0.95,3996
2207207,Padre Marcos,PI,2024,4,0.0,climatology_apa_intensity12,0.0,2024-04,2024-04,0.0,False,False,low,low_wet,0.0,0.3528446389496718,0.3528446389496718,True,0.05,0.95,3996
2210300,São Julião,PI,2024,4,0.0,climatology_apa_intensity12,0.0,2024-04,2024-04,0.0,False,False,low,low_wet,0.0,0.3528446389496718,0.3528446389496718,True,0.05,0.95,3996
2210706,Simões,PI,2024,4,0.0,climatology_apa_intensity12,0.0,2024-04,2024-04,0.0,False,False,mid,mid_wet,0.0,0.9058322030614224,0.9058322030614224,True,0.05,0.95,3996
2300101,Abaiara,CE,2024,4,0.0,climatology_apa_intensity12,0.0,2024-04,2024-04,0.0,False,False,mid,mid_wet,0.0,0.9058322030614224,0.9058322030614224,True,0.05,0.95,3996
2300606,Altaneira,CE,2024,4,0.0,climatology_apa_intensity12,0.0,2024-04,2024-04,0.0,False,False,low,low_wet,0.0,0.3528446389496718,0.3528446389496718,True,0.05,0.95,3996
2301307,Araripe,CE,2024,4,0.0,climatology_apa_intensity12,0.0,2024-04,2024-04,0.0,False,False,high,high_wet,0.0,1.8919451977600112,1.8919451977600112,True,0.05,0.95,3996
2301604,Assaré,CE,2024,4,0.0,climatology_apa_intensity12,0.0,2024-04,2024-04,0.0,False,False,high,high_wet,0.0,1.8919451977600112,1.8919451977600112,True,0.05,0.95,3996
2301901,Barbalha,CE,2024,4,0.0,climatology_apa_intensity12,0.0,2024-04,2024-04,0.0,False,False,high,high_wet,0.0,1.8919451977600112,1.8919451977600112,True,0.05,0.95,3996
2302503,Brejo Santo,CE,2024,4,0.0,climatology_apa_intensity12,0.0,2024-04,2024-04,0.0,False,False,mid,mid_wet,0.0,0.9058322030614224,0.9058322030614224,True,0.05,0.95,3996
2302701,Campos Sales,CE,2024,4,0.0,climatology_apa_intensity12,0.0,2024-04,2024-04,0.0,False,False,mid,mid_wet,0.0,0.9058322030614224,0.9058322030614224,True,0.05,0.95,3996
2304202,Crato,CE,2024,4,0.0,climatology_apa_intensity12,0.0,2024-04,2024-04,0.0,False,False,high,high_wet,0.0,1.8919451977600112,1.8919451977600112,True,0.05,0.95,3996
2304301,Farias Brito,CE,2024,4,0.0,climatology_apa_intensity12,0.0,2024-04,2024-04,0.0,False,False,mid,mid_wet,0.0,0.9058322030614224,0.9058322030614224,True,0.05,0.95,3996
2307106,Jardim,CE,2024,4,0.0,climatology_apa_intensity12,0.0,2024-04,2024-04,0.0,False,False,mid,mid_wet,0.0,0.9058322030614224,0.9058322030614224,True,0.05,0.95,3996
2307205,Jati,CE,2024,4,0.0,climatology_apa_intensity12,0.0,2024-04,2024-04,0.0,False,False,low,low_wet,0.0,0.3528446389496718,0.3528446389496718,True,0.05,0.95,3996
2308401,Missão Velha,CE,2024,4,0.0,climatology_apa_intensity12,0.3377967693809515,2024-04,2024-04,0.3377967693809515,False,False,high,high_wet,0.0,2.2297419671409626,2.2297419671409626,True,0.05,0.95,3996
2309201,Nova Olinda,CE,2024,4,0.0,climatology_apa_intensity12,0.0,2024-04,2024-04,0.0,False,False,low,low_wet,0.0,0.3528446389496718,0.3528446389496718,True,0.05,0.95,3996
2310605,Penaforte,CE,2024,4,0.0,climatology_apa_intensity12,0.0,2024-04,2024-04,0.0,False,False,low,low_wet,0.0,0.3528446389496718,0.3528446389496718,True,0.05,0.95,3996
2311108,Porteiras,CE,2024,4,0.0,climatology_apa_intensity12,0.0,2024-04,2024-04,0.0,False,False,low,low_wet,0.0,0.3528446389496718,0.3528446389496718,True,0.05,0.95,3996
2311207,Potengi,CE,2024,4,0.0,climatology_apa_intensity12,0.0,2024-04,2024-04,0.0,False,False,low,low_wet,0.0,0.3528446389496718,0.3528446389496718,True,0.05,0.95,3996
2311959,Salitre,CE,2024,4,0.0,climatology_apa_intensity12,0.0844491923452378,2024-04,2024-04,0.0844491923452378,False,False,high,high_wet,0.0,1.976394390105249,1.976394390105249,True,0.05,0.95,3996
2312106,Santana do Cariri,CE,2024,4,0.0,climatology_apa_intensity12,0.0,2024-04,2024-04,0.0,False,False,high,high_wet,0.0,1.8919451977600112,1.8919451977600112,True,0.05,0.95,3996
2601102,Araripina,PE,2024,4,0.0,climatology_apa_intensity12,0.0844491923452378,2024-04,2024-04,0.0844491923452378,False,False,high,high_wet,0.0,1.976394390105249,1.976394390105249,True,0.05,0.95,3996
2602001,Bodocó,PE,2024,4,0.0,climatology_apa_intensity12,0.1688983846904757,2024-04,2024-04,0.1688983846904757,False,False,high,high_wet,0.0,2.060843582450487,2.060843582450487,True,0.05,0.95,3996
2604304,Cedro,PE,2024,4,0.0,climatology_apa_intensity12,0.0,2024-04,2024-04,0.0,False,False,low,low_wet,0.0,0.3528446389496718,0.3528446389496718,True,0.05,0.95,3996
2605301,Exu,PE,2024,4,2.0,climatology_apa_intensity12,0.1688983846904757,2024-04,2024-04,1.8311016153095243,False,False,high,high_wet,0.0,2.060843582450487,2.060843582450487,True,0.05,0.95,3996
2607307,Ipubi,PE,2024,4,0.0,climatology_apa_intensity12,0.0844491923452378,2024-04,2024-04,0.0844491923452378,False,False,high,high_wet,0.0,1.976394390105249,1.976394390105249,True,0.05,0.95,3996
2614006,Serrita,PE,2024,4,0.0,climatology_apa_intensity12,0.0844491923452378,2024-04,2024-04,0.0844491923452378,False,False,high,high_wet,0.0,1.976394390105249,1.976394390105249,True,0.05,0.95,3996
2614303,Moreilândia,PE,2024,4,0.0,climatology_apa_intensity12,0.0,2024-04,2024-04,0.0,False,False,mid,mid_wet,0.0,0.9058322030614224,0.9058322030614224,True,0.05,0.95,3996
2615607,Trindade,PE,2024,4,0.0,climatology_apa_intensity12,0.0,2024-04,2024-04,0.0,False,False,low,low_wet,0.0,0.3528446389496718,0.3528446389496718,True,0.05,0.95,3996
2200277,Alegrete do Piauí,PI,2024,5,0.0,climatology_apa_intensity12,0.0,2024-05,2024-05,0.0,False,False,low,low_wet,0.0,0.3504795117698343,0.3504795117698343,True,0.05,0.95,4032
2202091,Caldeirão Grande do Piauí,PI,2024,5,0.0,climatology_apa_intensity12,0.0,2024-05,2024-05,0.0,False,False,mid,mid_wet,0.0,0.9058322030614224,0.9058322030614224,True,0.05,0.95,4032
2202554,Caridade do Piauí,PI,2024,5,0.0,climatology_apa_intensity12,0.0,2024-05,2024-05,0.0,False,False,mid,mid_wet,0.0,0.9058322030614224,0.9058322030614224,True,0.05,0.95,4032
2203271,Curral Novo do Piauí,PI,2024,5,0.0,climatology_apa_intensity12,0.338025575070752,2024-05,2024-05,0.338025575070752,False,False,mid,mid_wet,0.0,1.2438577781321745,1.2438577781321745,True,0.05,0.95,4032
2204154,Francisco Macedo,PI,2024,5,0.0,climatology_apa_intensity12,0.0,2024-05,2024-05,0.0,False,False,low,low_wet,0.0,0.3504795117698343,0.3504795117698343,True,0.05,0.95,4032
2204303,Fronteiras,PI,2024,5,0.0,climatology_apa_intensity12,0.0,2024-05,2024-05,0.0,False,False,mid,mid_wet,0.0,0.9058322030614224,0.9058322030614224,True,0.05,0.95,4032
2205953,Marcolândia,PI,2024,5,0.0,climatology_apa_intensity12,0.0,2024-05,2024-05,0.0,False,False,low,low_wet,0.0,0.3504795117698343,0.3504795117698343,True,0.05,0.95,4032
2207207,Padre Marcos,PI,2024,5,0.0,climatology_apa_intensity12,0.0,2024-05,2024-05,0.0,False,False,low,low_wet,0.0,0.3504795117698343,0.3504795117698343,True,0.05,0.95,4032
2210300,São Julião,PI,2024,5,0.0,climatology_apa_intensity12,0.0,2024-05,2024-05,0.0,False,False,low,low_wet,0.0,0.3504795117698343,0.3504795117698343,True,0.05,0.95,4032
2210706,Simões,PI,2024,5,0.0,climatology_apa_intensity12,0.0,2024-05,2024-05,0.0,False,False,mid,mid_wet,0.0,0.9058322030614224,0.9058322030614224,True,0.05,0.95,4032
2300101,Abaiara,CE,2024,5,0.0,climatology_apa_intensity12,0.084506393767688,2024-05,2024-05,0.084506393767688,False,False,mid,mid_wet,0.0,0.9903385968291104,0.9903385968291104,True,0.05,0.95,4032
2300606,Altaneira,CE,2024,5,0.0,climatology_apa_intensity12,0.0,2024-05,2024-05,0.0,False,False,low,low_wet,0.0,0.3504795117698343,0.3504795117698343,True,0.05,0.95,4032
2301307,Araripe,CE,2024,5,5.0,climatology_apa_intensity12,0.4225319688384399,2024-05,2024-05,4.57746803116156,False,False,high,high_wet,0.0,2.309895846397542,2.309895846397542,False,0.05,0.95,4032
2301604,Assaré,CE,2024,5,0.0,climatology_apa_intensity12,0.0,2024-05,2024-05,0.0,False,False,high,high_wet,0.0,1.887363877559102,1.887363877559102,True,0.05,0.95,4032
2301901,Barbalha,CE,2024,5,0.0,climatology_apa_intensity12,0.0,2024-05,2024-05,0.0,False,False,high,high_wet,0.0,1.887363877559102,1.887363877559102,True,0.05,0.95,4032
2302503,Brejo Santo,CE,2024,5,0.0,climatology_apa_intensity12,0.169012787535376,2024-05,2024-05,0.169012787535376,False,False,mid,mid_wet,0.0,1.0748449905967985,1.0748449905967985,True,0.05,0.95,4032
2302701,Campos Sales,CE,2024,5,0.0,climatology_apa_intensity12,0.0,2024-05,2024-05,0.0,False,False,mid,mid_wet,0.0,0.9058322030614224,0.9058322030614224,True,0.05,0.95,4032
2304202,Crato,CE,2024,5,0.0,climatology_apa_intensity12,0.084506393767688,2024-05,2024-05,0.084506393767688,False,False,high,high_wet,0.0,1.97187027132679,1.97187027132679,True,0.05,0.95,4032
2304301,Farias Brito,CE,2024,5,0.0,climatology_apa_intensity12,0.0,2024-05,2024-05,0.0,False,False,mid,mid_wet,0.0,0.9058322030614224,0.9058322030614224,True,0.05,0.95,4032
2307106,Jardim,CE,2024,5,0.0,climatology_apa_intensity12,0.2535191813030639,2024-05,2024-05,0.2535191813030639,False,False,mid,mid_wet,0.0,1.1593513843644863,1.1593513843644863,True,0.05,0.95,4032
2307205,Jati,CE,2024,5,0.0,climatology_apa_intensity12,0.0,2024-05,2024-05,0.0,False,False,low,low_wet,0.0,0.3504795117698343,0.3504795117698343,True,0.05,0.95,4032
2308401,Missão Velha,CE,2024,5,3.0,climatology_apa_intensity12,0.084506393767688,2024-05,2024-05,2.915493606232312,False,False,high,high_wet,0.0,1.97187027132679,1.97187027132679,False,0.05,0.95,4032
2309201,Nova Olinda,CE,2024,5,0.0,climatology_apa_intensity12,0.2535191813030639,2024-05,2024-05,0.2535191813030639,False,False,low,low_wet,0.0,0.6039986930728982,0.6039986930728982,True,0.05,0.95,4032
2310605,Penaforte,CE,2024,5,0.0,climatology_apa_intensity12,0.0,2024-05,2024-05,0.0,False,False,low,low_wet,0.0,0.3504795117698343,0.3504795117698343,True,0.05,0.95,4032
2311108,Porteiras,CE,2024,5,0.0,climatology_apa_intensity12,0.084506393767688,2024-05,2024-05,0.084506393767688,False,False,low,low_wet,0.0,0.43498590553752225,0.43498590553752225,True,0.05,0.95,4032
2311207,Potengi,CE,2024,5,0.0,climatology_apa_intensity12,0.084506393767688,2024-05,2024-05,0.084506393767688,False,False,low,low_wet,0.0,0.43498590553752225,0.43498590553752225,True,0.05,0.95,4032
2311959,Salitre,CE,2024,5,0.0,climatology_apa_intensity12,0.084506393767688,2024-05,2024-05,0.084506393767688,False,False,high,high_wet,0.0,1.97187027132679,1.97187027132679,True,0.05,0.95,4032
2312106,Santana do Cariri,CE,2024,5,0.0,climatology_apa_intensity12,0.169012787535376,2024-05,2024-05,0.169012787535376,False,False,high,high_wet,0.0,2.056376665094478,2.056376665094478,True,0.05,0.95,4032
2601102,Araripina,PE,2024,5,0.0,climatology_apa_intensity12,0.169012787535376,2024-05,2024-05,0.169012787535376,False,False,high,high_wet,0.0,2.056376665094478,2.056376665094478,True,0.05,0.95,4032
2602001,Bodocó,PE,2024,5,8.0,climatology_apa_intensity12,0.169012787535376,2024-05,2024-05,7.830987212464624,False,False,high,high_wet,0.0,2.056376665094478,2.056376665094478,False,0.05,0.95,4032
2604304,Cedro,PE,2024,5,0.0,climatology_apa_intensity12,0.0,2024-05,2024-05,0.0,False,False,low,low_wet,0.0,0.3504795117698343,0.3504795117698343,True,0.05,0.95,4032
2605301,Exu,PE,2024,5,0.0,climatology_apa_intensity12,0.2535191813030639,2024-05,2024-05,0.2535191813030639,False,False,high,high_wet,0.0,2.140883058862166,2.140883058862166,True,0.05,0.95,4032
2607307,Ipubi,PE,2024,5,0.0,climatology_apa_intensity12,0.084506393767688,2024-05,2024-05,0.084506393767688,False,False,high,high_wet,0.0,1.97187027132679,1.97187027132679,True,0.05,0.95,4032
2614006,Serrita,PE,2024,5,0.0,climatology_apa_intensity12,0.0,2024-05,2024-05,0.0,False,False,high,high_wet,0.0,1.887363877559102,1.887363877559102,True,0.05,0.95,4032
2614303,Moreilândia,PE,2024,5,0.0,climatology_apa_intensity12,0.0,2024-05,2024-05,0.0,False,False,mid,mid_wet,0.0,0.9058322030614224,0.9058322030614224,True,0.05,0.95,4032
2615607,Trindade,PE,2024,5,0.0,climatology_apa_intensity12,0.0,2024-05,2024-05,0.0,False,False,low,low_wet,0.0,0.3504795117698343,0.3504795117698343,True,0.05,0.95,4032
2200277,Alegrete do Piauí,PI,2024,6,0.0,climatology_apa_intensity12,0.0,2024-06,2024-06,0.0,False,False,low,low_wet,0.0,0.3450617283950617,0.3450617283950617,True,0.05,0.95,4068
2202091,Caldeirão Grande do Piauí,PI,2024,6,0.0,climatology_apa_intensity12,0.2556145403023249,2024-06,2024-06,0.2556145403023249,False,False,mid,mid_wet,0.0,1.1465095531485572,1.1465095531485572,True,0.05,0.95,4068
2202554,Caridade do Piauí,PI,2024,6,0.0,climatology_apa_intensity12,0.0,2024-06,2024-06,0.0,False,False,mid,mid_wet,0.0,0.8908950128462324,0.8908950128462324,True,0.05,0.95,4068
2203271,Curral Novo do Piauí,PI,2024,6,0.0,climatology_apa_intensity12,0.0,2024-06,2024-06,0.0,False,False,mid,mid_wet,0.0,0.8908950128462324,0.8908950128462324,True,0.05,0.95,4068
2204154,Francisco Macedo,PI,2024,6,0.0,climatology_apa_intensity12,0.0,2024-06,2024-06,0.0,False,False,low,low_wet,0.0,0.3450617283950617,0.3450617283950617,True,0.05,0.95,4068
2204303,Fronteiras,PI,2024,6,0.0,climatology_apa_intensity12,0.0,2024-06,2024-06,0.0,False,False,mid,mid_wet,0.0,0.8908950128462324,0.8908950128462324,True,0.05,0.95,4068
2205953,Marcolândia,PI,2024,6,0.0,climatology_apa_intensity12,0.0,2024-06,2024-06,0.0,False,False,low,low_wet,0.0,0.3450617283950617,0.3450617283950617,True,0.05,0.95,4068
2207207,Padre Marcos,PI,2024,6,0.0,climatology_apa_intensity12,0.0,2024-06,2024-06,0.0,False,False,low,low_wet,0.0,0.3450617283950617,0.3450617283950617,True,0.05,0.95,4068
2210300,São Julião,PI,2024,6,0.0,climatology_apa_intensity12,0.0,2024-06,2024-06,0.0,False,False,low,low_wet,0.0,0.3450617283950617,0.3450617283950617,True,0.05,0.95,4068
2210706,Simões,PI,2024,6,0.0,climatology_apa_intensity12,0.0852048467674416,2024-06,2024-06,0.0852048467674416,False,False,mid,mid_wet,0.0,0.976099859613674,0.976099859613674,True,0.05,0.95,4068
2300101,Abaiara,CE,2024,6,0.0,climatology_apa_intensity12,0.2556145403023249,2024-06,2024-06,0.2556145403023249,False,False,mid,mid_wet,0.0,1.1465095531485572,1.1465095531485572,True,0.05,0.95,4068
2300606,Altaneira,CE,2024,6,0.0,climatology_apa_intensity12,0.0,2024-06,2024-06,0.0,False,False,low,low_wet,0.0,0.3450617283950617,0.3450617283950617,True,0.05,0.95,4068
2301307,Araripe,CE,2024,6,4.0,climatology_apa_intensity12,0.2556145403023249,2024-06,2024-06,3.744385459697675,False,False,high,high_wet,0.0,2.171246364808657,2.171246364808657,False,0.05,0.95,4068
2301604,Assaré,CE,2024,6,0.0,climatology_apa_intensity12,0.0,2024-06,2024-06,0.0,False,False,high,high_wet,0.0,1.915631824506332,1.915631824506332,True,0.05,0.95,4068
2301901,Barbalha,CE,2024,6,0.0,climatology_apa_intensity12,0.2556145403023249,2024-06,2024-06,0.2556145403023249,False,False,high,high_wet,0.0,2.171246364808657,2.171246364808657,True,0.05,0.95,4068
2302503,Brejo Santo,CE,2024,6,1.0,climatology_apa_intensity12,0.5112290806046499,2024-06,2024-06,0.4887709193953501,False,False,mid,mid_wet,0.0,1.4021240934508823,1.4021240934508823,True,0.05,0.95,4068
2302701,Campos Sales,CE,2024,6,0.0,climatology_apa_intensity12,0.0,2024-06,2024-06,0.0,False,False,mid,mid_wet,0.0,0.8908950128462324,0.8908950128462324,True,0.05,0.95,4068
2304202,Crato,CE,2024,6,0.0,climatology_apa_intensity12,0.0852048467674416,2024-06,2024-06,0.0852048467674416,False,False,high,high_wet,0.0,2.0008366712737735,2.0008366712737735,True,0.05,0.95,4068
2304301,Farias Brito,CE,2024,6,0.0,climatology_apa_intensity12,0.0,2024-06,2024-06,0.0,False,False,mid,mid_wet,0.0,0.8908950128462324,0.8908950128462324,True,0.05,0.95,4068
2307106,Jardim,CE,2024,6,0.0,climatology_apa_intensity12,0.0852048467674416,2024-06,2024-06,0.0852048467674416,False,False,mid,mid_wet,0.0,0.976099859613674,0.976099859613674,True,0.05,0.95,4068
2307205,Jati,CE,2024,6,0.0,climatology_apa_intensity12,0.0,2024-06,2024-06,0.0,False,False,low,low_wet,0.0,0.3450617283950617,0.3450617283950617,True,0.05,0.95,4068
2308401,Missão Velha,CE,2024,6,1.0,climatology_apa_intensity12,0.1704096935348833,2024-06,2024-06,0.8295903064651167,False,False,high,high_wet,0.0,2.086041518041215,2.086041518041215,True,0.05,0.95,4068
2309201,Nova Olinda,CE,2024,6,0.0,climatology_apa_intensity12,0.0,2024-06,2024-06,0.0,False,False,low,low_wet,0.0,0.3450617283950617,0.3450617283950617,True,0.05,0.95,4068
2310605,Penaforte,CE,2024,6,0.0,climatology_apa_intensity12,0.0,2024-06,2024-06,0.0,False,False,low,low_wet,0.0,0.3450617283950617,0.3450617283950617,True,0.05,0.95,4068
2311108,Porteiras,CE,2024,6,0.0,climatology_apa_intensity12,0.0852048467674416,2024-06,2024-06,0.0852048467674416,False,False,low,low_wet,0.0,0.43026657516250333,0.43026657516250333,True,0.05,0.95,4068
2311207,Potengi,CE,2024,6,0.0,climatology_apa_intensity12,0.0,2024-06,2024-06,0.0,False,False,low,low_wet,0.0,0.3450617283950617,0.3450617283950617,True,0.05,0.95,4068
2311959,Salitre,CE,2024,6,0.0,climatology_apa_intensity12,0.1704096935348833,2024-06,2024-06,0.1704096935348833,False,False,high,high_wet,0.0,2.086041518041215,2.086041518041215,True,0.05,0.95,4068
2312106,Santana do Cariri,CE,2024,6,3.0,climatology_apa_intensity12,0.1704096935348833,2024-06,2024-06,2.829590306465117,False,False,high,high_wet,0.0,2.086041518041215,2.086041518041215,False,0.05,0.95,4068
2601102,Araripina,PE,2024,6,0.0,climatology_apa_intensity12,0.8520484676744166,2024-06,2024-06,0.8520484676744166,False,False,high,high_wet,0.0,2.7676802921807484,2.7676802921807484,True,0.05,0.95,4068
2602001,Bodocó,PE,2024,6,2.0,climatology_apa_intensity12,0.0852048467674416,2024-06,2024-06,1.9147951532325584,False,False,high,high_wet,0.0,2.0008366712737735,2.0008366712737735,True,0.05,0.95,4068
2604304,Cedro,PE,2024,6,0.0,climatology_apa_intensity12,0.3408193870697666,2024-06,2024-06,0.3408193870697666,False,False,low,low_wet,0.0,0.6858811154648283,0.6858811154648283,True,0.05,0.95,4068
2605301,Exu,PE,2024,6,0.0,climatology_apa_intensity12,0.1704096935348833,2024-06,2024-06,0.1704096935348833,False,False,high,high_wet,0.0,2.086041518041215,2.086041518041215,True,0.05,0.95,4068
2607307,Ipubi,PE,2024,6,0.0,climatology_apa_intensity12,0.3408193870697666,2024-06,2024-06,0.3408193870697666,False,False,high,high_wet,0.0,2.2564512115760986,2.2564512115760986,True,0.05,0.95,4068
2614006,Serrita,PE,2024,6,0.0,climatology_apa_intensity12,0.0,2024-06,2024-06,0.0,False,False,high,high_wet,0.0,1.915631824506332,1.915631824506332,True,0.05,0.95,4068
2614303,Moreilândia,PE,2024,6,0.0,climatology_apa_intensity12,0.1704096935348833,2024-06,2024-06,0.1704096935348833,False,False,mid,mid_wet,0.0,1.0613047063811156,1.0613047063811156,True,0.05,0.95,4068
2615607,Trindade,PE,2024,6,0.0,climatology_apa_intensity12,0.0,2024-06,2024-06,0.0,False,False,low,low_wet,0.0,0.3450617283950617,0.3450617283950617,True,0.05,0.95,4068
2200277,Alegrete do Piauí,PI,2024,7,0.0,climatology_apa_intensity12,0.0,2024-07,2024-07,0.0,False,False,low,low_wet,0.0,0.3450617283950617,0.3450617283950617,True,0.05,0.95,4104
2202091,Caldeirão Grande do Piauí,PI,2024,7,0.0,climatology_apa_intensity12,0.0854825558940909,2024-07,2024-07,0.0854825558940909,False,False,mid,mid_wet,0.0,0.9668629234324598,0.9668629234324598,True,0.05,0.95,4104
2202554,Caridade do Piauí,PI,2024,7,0.0,climatology_apa_intensity12,0.0,2024-07,2024-07,0.0,False,False,mid,mid_wet,0.0,0.8813803675383689,0.8813803675383689,True,0.05,0.95,4104
2203271,Curral Novo do Piauí,PI,2024,7,0.0,climatology_apa_intensity12,0.1709651117881818,2024-07,2024-07,0.1709651117881818,False,False,mid,mid_wet,0.0,1.0523454793265508,1.0523454793265508,True,0.05,0.95,4104
2204154,Francisco Macedo,PI,2024,7,0.0,climatology_apa_intensity12,0.0854825558940909,2024-07,2024-07,0.0854825558940909,False,False,low,low_wet,0.0,0.4305442842891526,0.4305442842891526,True,0.05,0.95,4104
2204303,Fronteiras,PI,2024,7,0.0,climatology_apa_intensity12,0.4274127794704545,2024-07,2024-07,0.4274127794704545,False,False,mid,mid_wet,0.0,1.3087931470088234,1.3087931470088234,True,0.05,0.95,4104
2205953,Marcolândia,PI,2024,7,0.0,climatology_apa_intensity12,0.0,2024-07,2024-07,0.0,False,False,low,low_wet,0.0,0.3450617283950617,0.3450617283950617,True,0.05,0.95,4104
2207207,Padre Marcos,PI,2024,7,0.0,climatology_apa_intensity12,0.0,2024-07,2024-07,0.0,False,False,low,low_wet,0.0,0.3450617283950617,0.3450617283950617,True,0.05,0.95,4104
2210300,São Julião,PI,2024,7,1.0,climatology_apa_intensity12,0.0,2024-07,2024-07,1.0,False,False,low,low_wet,0.0,0.3450617283950617,0.3450617283950617,False,0.05,0.95,4104
2210706,Simões,PI,2024,7,0.0,climatology_apa_intensity12,0.1709651117881818,2024-07,2024-07,0.1709651117881818,False,False,mid,mid_wet,0.0,1.0523454793265508,1.0523454793265508,True,0.05,0.95,4104
2300101,Abaiara,CE,2024,7,0.0,climatology_apa_intensity12,0.2564476676822727,2024-07,2024-07,0.2564476676822727,False,False,mid,mid_wet,0.0,1.1378280352206416,1.1378280352206416,True,0.05,0.95,4104
2300606,Altaneira,CE,2024,7,0.0,climatology_apa_intensity12,0.0,2024-07,2024-07,0.0,False,False,low,low_wet,0.0,0.3450617283950617,0.3450617283950617,True,0.05,0.95,4104
2301307,Araripe,CE,2024,7,1.0,climatology_apa_intensity12,0.5983778912586363,2024-07,2024-07,0.4016221087413637,False,False,high,high_wet,0.0,2.539023405481831,2.539023405481831,True,0.05,0.95,4104
2301604,Assaré,CE,2024,7,0.0,climatology_apa_intensity12,0.0854825558940909,2024-07,2024-07,0.0854825558940909,False,False,high,high_wet,0.0,2.0261280701172857,2.0261280701172857,True,0.05,0.95,4104
2301901,Barbalha,CE,2024,7,0.0,climatology_apa_intensity12,0.5983778912586363,2024-07,2024-07,0.5983778912586363,False,False,high,high_wet,0.0,2.539023405481831,2.539023405481831,True,0.05,0.95,4104
2302503,Brejo Santo,CE,2024,7,2.0,climatology_apa_intensity12,0.3419302235763636,2024-07,2024-07,1.6580697764236363,False,False,mid,mid_wet,0.0,1.2233105911147324,1.2233105911147324,False,0.05,0.95,4104
2302701,Campos Sales,CE,2024,7,1.0,climatology_apa_intensity12,0.4274127794704545,2024-07,2024-07,0.5725872205295455,False,False,mid,mid_wet,0.0,1.3087931470088234,1.3087931470088234,True,0.05,0.95,4104
2304202,Crato,CE,2024,7,0.0,climatology_apa_intensity12,0.0,2024-07,2024-07,0.0,False,False,high,high_wet,0.0,1.9406455142231949,1.9406455142231949,True,0.05,0.95,4104
2304301,Farias Brito,CE,2024,7,0.0,climatology_apa_intensity12,0.3419302235763636,2024-07,2024-07,0.3419302235763636,False,False,mid,mid_wet,0.0,1.2233105911147324,1.2233105911147324,True,0.05,0.95,4104
2307106,Jardim,CE,2024,7,0.0,climatology_apa_intensity12,0.0854825558940909,2024-07,2024-07,0.0854825558940909,False,False,mid,mid_wet,0.0,0.9668629234324598,0.9668629234324598,True,0.05,0.95,4104
2307205,Jati,CE,2024,7,0.0,climatology_apa_intensity12,0.0,2024-07,2024-07,0.0,False,False,low,low_wet,0.0,0.3450617283950617,0.3450617283950617,True,0.05,0.95,4104
2308401,Missão Velha,CE,2024,7,0.0,climatology_apa_intensity12,0.2564476676822727,2024-07,2024-07,0.2564476676822727,False,False,high,high_wet,0.0,2.1970931819054673,2.1970931819054673,True,0.05,0.95,4104
2309201,Nova Olinda,CE,2024,7,0.0,climatology_apa_intensity12,0.6838604471527272,2024-07,2024-07,0.6838604471527272,False,False,low,low_wet,0.3387987187576655,1.0289221755477889,0.6901234567901233,False,0.05,0.95,4104
2310605,Penaforte,CE,2024,7,0.0,climatology_apa_intensity12,0.0854825558940909,2024-07,2024-07,0.0854825558940909,False,False,low,low_wet,0.0,0.4305442842891526,0.4305442842891526,True,0.05,0.95,4104
2311108,Porteiras,CE,2024,7,0.0,climatology_apa_intensity12,0.2564476676822727,2024-07,2024-07,0.2564476676822727,False,False,low,low_wet,0.0,0.6015093960773343,0.6015093960773343,True,0.05,0.95,4104
2311207,Potengi,CE,2024,7,0.0,climatology_apa_intensity12,0.2564476676822727,2024-07,2024-07,0.2564476676822727,False,False,low,low_wet,0.0,0.6015093960773343,0.6015093960773343,True,0.05,0.95,4104
2311959,Salitre,CE,2024,7,0.0,climatology_apa_intensity12,0.6838604471527272,2024-07,2024-07,0.6838604471527272,False,False,high,high_wet,0.0,2.624505961375922,2.624505961375922,True,0.05,0.95,4104
2312106,Santana do Cariri,CE,2024,7,6.0,climatology_apa_intensity12,0.769343003046818,2024-07,2024-07,5.230656996953182,False,False,high,high_wet,0.0,2.7099885172700127,2.7099885172700127,False,0.05,0.95,4104
2601102,Araripina,PE,2024,7,0.0,climatology_apa_intensity12,2.2225464532463635,2024-07,2024-07,2.2225464532463635,False,False,high,high_wet,0.2819009390231686,4.163191967469558,3.8812910284463893,False,0.05,0.95,4104
2602001,Bodocó,PE,2024,7,1.0,climatology_apa_intensity12,0.6838604471527272,2024-07,2024-07,0.3161395528472728,False,False,high,high_wet,0.0,2.624505961375922,2.624505961375922,True,0.05,0.95,4104
2604304,Cedro,PE,2024,7,0.0,climatology_apa_intensity12,0.0,2024-07,2024-07,0.0,False,False,low,low_wet,0.0,0.3450617283950617,0.3450617283950617,True,0.05,0.95,4104
2605301,Exu,PE,2024,7,2.0,climatology_apa_intensity12,0.0854825558940909,2024-07,2024-07,1.9145174441059092,False,False,high,high_wet,0.0,2.0261280701172857,2.0261280701172857,True,0.05,0.95,4104
2607307,Ipubi,PE,2024,7,5.0,climatology_apa_intensity12,0.5128953353645453,2024-07,2024-07,4.487104664635455,False,False,high,high_wet,0.0,2.45354084958774,2.45354084958774,False,0.05,0.95,4104
2614006,Serrita,PE,2024,7,0.0,climatology_apa_intensity12,0.0,2024-07,2024-07,0.0,False,False,high,high_wet,0.0,1.9406455142231949,1.9406455142231949,True,0.05,0.95,4104
2614303,Moreilândia,PE,2024,7,0.0,climatology_apa_intensity12,0.1709651117881818,2024-07,2024-07,0.1709651117881818,False,False,mid,mid_wet,0.0,1.0523454793265508,1.0523454793265508,True,0.05,0.95,4104
2615607,Trindade,PE,2024,7,1.0,climatology_apa_intensity12,0.0,2024-07,2024-07,1.0,False,False,low,low_wet,0.0,0.3450617283950617,0.3450617283950617,False,0.05,0.95,4104
2200277,Alegrete do Piauí,PI,2024,8,0.0,climatology_apa_intensity12,0.084702055916771,2024-08,2024-08,0.084702055916771,True,False,low,low_dry,0.0,3.084702055916771,3.084702055916771,True,0.05,0.95,4140
2202091,Caldeirão Grande do Piauí,PI,2024,8,0.0,climatology_apa_intensity12,0.4235102795838553,2024-08,2024-08,0.4235102795838553,True,False,mid,mid_dry,0.0,6.167633206023966,6.167633206023966,True,0.05,0.95,4140
2202554,Caridade do Piauí,PI,2024,8,0.0,climatology_apa_intensity12,0.084702055916771,2024-08,2024-08,0.084702055916771,True,False,mid,mid_dry,0.0,5.828824982356882,5.828824982356882,True,0.05,0.95,4140
2203271,Curral Novo do Piauí,PI,2024,8,1.0,climatology_apa_intensity12,0.1694041118335421,2024-08,2024-08,0.8305958881664579,True,False,mid,mid_dry,0.0,5.913527038273653,5.913527038273653,True,0.05,0.95,4140
2204154,Francisco Macedo,PI,2024,8,0.0,climatology_apa_intensity12,0.0,2024-08,2024-08,0.0,True,False,low,low_dry,0.0,3.0,3.0,True,0.05,0.95,4140
2204303,Fronteiras,PI,2024,8,2.0,climatology_apa_intensity12,0.4235102795838553,2024-08,2024-08,1.5764897204161448,True,False,mid,mid_dry,0.0,6.167633206023966,6.167633206023966,True,0.05,0.95,4140
2205953,Marcolândia,PI,2024,8,0.0,climatology_apa_intensity12,0.1694041118335421,2024-08,2024-08,0.1694041118335421,True,False,low,low_dry,0.0,3.169404111833542,3.169404111833542,True,0.05,0.95,4140
2207207,Padre Marcos,PI,2024,8,0.0,climatology_apa_intensity12,0.2541061677503131,2024-08,2024-08,0.2541061677503131,True,False,low,low_dry,0.0,3.254106167750313,3.254106167750313,True,0.05,0.95,4140
2210300,São Julião,PI,2024,8,0.0,climatology_apa_intensity12,0.0,2024-08,2024-08,0.0,True,False,low,low_dry,0.0,3.0,3.0,True,0.05,0.95,4140
2210706,Simões,PI,2024,8,0.0,climatology_apa_intensity12,0.5082123355006263,2024-08,2024-08,0.5082123355006263,True,False,mid,mid_dry,0.0,6.252335261940738,6.252335261940738,True,0.05,0.95,4140
2300101,Abaiara,CE,2024,8,0.0,climatology_apa_intensity12,0.5929143914173973,2024-08,2024-08,0.5929143914173973,True,False,mid,mid_dry,0.0,6.337037317857509,6.337037317857509,True,0.05,0.95,4140
2300606,Altaneira,CE,2024,8,0.0,climatology_apa_intensity12,0.0,2024-08,2024-08,0.0,True,False,low,low_dry,0.0,3.0,3.0,True,0.05,0.95,4140
2301307,Araripe,CE,2024,8,5.0,climatology_apa_intensity12,1.439934950585108,2024-08,2024-08,3.560065049414892,True,False,high,high_dry,0.0,14.711339842783673,14.711339842783673,True,0.05,0.95,4140
2301604,Assaré,CE,2024,8,1.0,climatology_apa_intensity12,1.524637006501879,2024-08,2024-08,0.524637006501879,True,False,high,high_dry,0.0,14.796041898700443,14.796041898700443,True,0.05,0.95,4140
2301901,Barbalha,CE,2024,8,1.0,climatology_apa_intensity12,2.3716575656695893,2024-08,2024-08,1.3716575656695893,True,False,high,high_dry,0.0,15.643062457868155,15.643062457868155,True,0.05,0.95,4140
2302503,Brejo Santo,CE,2024,8,0.0,climatology_apa_intensity12,0.3388082236670842,2024-08,2024-08,0.3388082236670842,True,False,mid,mid_dry,0.0,6.082931150107195,6.082931150107195,True,0.05,0.95,4140
2302701,Campos Sales,CE,2024,8,4.0,climatology_apa_intensity12,0.5082123355006263,2024-08,2024-08,3.4917876644993737,True,False,mid,mid_dry,0.0,6.252335261940738,6.252335261940738,True,0.05,0.95,4140
2304202,Crato,CE,2024,8,4.0,climatology_apa_intensity12,2.6257637334199027,2024-08,2024-08,1.3742362665800973,True,False,high,high_dry,0.0,15.897168625618466,15.897168625618466,True,0.05,0.95,4140
2304301,Farias Brito,CE,2024,8,0.0,climatology_apa_intensity12,0.2541061677503131,2024-08,2024-08,0.2541061677503131,True,False,mid,mid_dry,0.0,5.998229094190425,5.998229094190425,True,0.05,0.95,4140
2307106,Jardim,CE,2024,8,0.0,climatology_apa_intensity12,0.2541061677503131,2024-08,2024-08,0.2541061677503131,True,False,mid,mid_dry,0.0,5.998229094190425,5.998229094190425,True,0.05,0.95,4140
2307205,Jati,CE,2024,8,0.0,climatology_apa_intensity12,0.0,2024-08,2024-08,0.0,True,False,low,low_dry,0.0,3.0,3.0,True,0.05,0.95,4140
2308401,Missão Velha,CE,2024,8,6.0,climatology_apa_intensity12,1.439934950585108,2024-08,2024-08,4.5600650494148915,True,False,high,high_dry,0.0,14.711339842783673,14.711339842783673,True,0.05,0.95,4140
2309201,Nova Olinda,CE,2024,8,1.0,climatology_apa_intensity12,0.3388082236670842,2024-08,2024-08,0.6611917763329158,True,False,low,low_dry,0.0,3.338808223667084,3.338808223667084,True,0.05,0.95,4140
2310605,Penaforte,CE,2024,8,0.0,climatology_apa_intensity12,0.0,2024-08,2024-08,0.0,True,False,low,low_dry,0.0,3.0,3.0,True,0.05,0.95,4140
2311108,Porteiras,CE,2024,8,0.0,climatology_apa_intensity12,0.2541061677503131,2024-08,2024-08,0.2541061677503131,True,False,low,low_dry,0.0,3.254106167750313,3.254106167750313,True,0.05,0.95,4140
2311207,Potengi,CE,2024,8,1.0,climatology_apa_intensity12,0.0,2024-08,2024-08,1.0,True,False,low,low_dry,0.0,3.0,3.0,True,0.05,0.95,4140
2311959,Salitre,CE,2024,8,0.0,climatology_apa_intensity12,0.9317226150844816,2024-08,2024-08,0.9317226150844816,True,False,high,high_dry,0.0,14.203127507283046,14.203127507283046,True,0.05,0.95,4140
2312106,Santana do Cariri,CE,2024,8,6.0,climatology_apa_intensity12,1.270530838751566,2024-08,2024-08,4.729469161248434,True,False,high,high_dry,0.0,14.54193573095013,14.54193573095013,True,0.05,0.95,4140
2601102,Araripina,PE,2024,8,1.0,climatology_apa_intensity12,3.303380180754071,2024-08,2024-08,2.303380180754071,True,False,high,high_dry,0.0,16.574785072952636,16.574785072952636,True,0.05,0.95,4140
2602001,Bodocó,PE,2024,8,9.0,climatology_apa_intensity12,1.60933906241865,2024-08,2024-08,7.39066093758135,True,False,high,high_dry,0.0,14.880743954617214,14.880743954617214,True,0.05,0.95,4140
2604304,Cedro,PE,2024,8,0.0,climatology_apa_intensity12,0.0,2024-08,2024-08,0.0,True,False,low,low_dry,0.0,3.0,3.0,True,0.05,0.95,4140
2605301,Exu,PE,2024,8,6.0,climatology_apa_intensity12,1.0164246710012526,2024-08,2024-08,4.9835753289987474,True,False,high,high_dry,0.0,14.287829563199818,14.287829563199818,True,0.05,0.95,4140
2607307,Ipubi,PE,2024,8,0.0,climatology_apa_intensity12,1.7787431742521922,2024-08,2024-08,1.7787431742521922,True,False,high,high_dry,0.0,15.050148066450756,15.050148066450756,True,0.05,0.95,4140
2614006,Serrita,PE,2024,8,2.0,climatology_apa_intensity12,0.3388082236670842,2024-08,2024-08,1.6611917763329158,True,False,high,high_dry,0.0,13.610213115865648,13.610213115865648,True,0.05,0.95,4140
2614303,Moreilândia,PE,2024,8,0.0,climatology_apa_intensity12,0.0,2024-08,2024-08,0.0,True,False,mid,mid_dry,0.0,5.744122926440111,5.744122926440111,True,0.05,0.95,4140
2615607,Trindade,PE,2024,8,0.0,climatology_apa_intensity12,1.0164246710012526,2024-08,2024-08,1.0164246710012526,True,False,mid,mid_dry,0.0,6.760547597441364,6.760547597441364,True,0.05,0.95,4140
2200277,Alegrete do Piauí,PI,2024,9,0.0,climatology_apa_intensity12,1.1904761904761902,2024-09,2024-09,1.1904761904761902,True,False,low,low_dry,0.0,4.239633637821578,4.239633637821578,True,0.05,0.95,4176
2202091,Caldeirão Grande do Piauí,PI,2024,9,2.0,climatology_apa_intensity12,3.1462585034013606,2024-09,2024-09,1.1462585034013606,True,False,mid,mid_dry,0.0,8.890381429841472,8.890381429841472,True,0.05,0.95,4176
2202554,Caridade do Piauí,PI,2024,9,0.0,climatology_apa_intensity12,3.3163265306122445,2024-09,2024-09,3.3163265306122445,True,False,mid,mid_dry,0.0,9.060449457052355,9.060449457052355,True,0.05,0.95,4176
2203271,Curral Novo do Piauí,PI,2024,9,3.0,climatology_apa_intensity12,3.741496598639456,2024-09,2024-09,0.7414965986394559,True,False,mid,mid_dry,0.0,9.485619525079567,9.485619525079567,True,0.05,0.95,4176
2204154,Francisco Macedo,PI,2024,9,1.0,climatology_apa_intensity12,0.6802721088435374,2024-09,2024-09,0.3197278911564626,True,False,low,low_dry,0.0,3.7294295561889252,3.7294295561889252,True,0.05,0.95,4176
2204303,Fronteiras,PI,2024,9,0.0,climatology_apa_intensity12,5.697278911564625,2024-09,2024-09,5.697278911564625,True,False,mid,mid_dry,0.0,11.441401838004737,11.441401838004737,True,0.05,0.95,4176
2205953,Marcolândia,PI,2024,9,0.0,climatology_apa_intensity12,1.020408163265306,2024-09,2024-09,1.020408163265306,True,False,low,low_dry,0.0,4.069565610610693,4.069565610610693,True,0.05,0.95,4176
2207207,Padre Marcos,PI,2024,9,0.0,climatology_apa_intensity12,0.1700680272108843,2024-09,2024-09,0.1700680272108843,True,False,low,low_dry,0.0,3.2192254745562723,3.2192254745562723,True,0.05,0.95,4176
2210300,São Julião,PI,2024,9,1.0,climatology_apa_intensity12,2.636054421768707,2024-09,2024-09,1.6360544217687072,True,False,low,low_dry,0.0,5.685211869114095,5.685211869114095,True,0.05,0.95,4176
2210706,Simões,PI,2024,9,0.0,climatology_apa_intensity12,3.1462585034013606,2024-09,2024-09,3.1462585034013606,True,False,mid,mid_dry,0.0,8.890381429841472,8.890381429841472,True,0.05,0.95,4176
2300101,Abaiara,CE,2024,9,2.0,climatology_apa_intensity12,0.8503401360544217,2024-09,2024-09,1.1496598639455784,True,False,mid,mid_dry,0.0,6.594463062494533,6.594463062494533,True,0.05,0.95,4176
2300606,Altaneira,CE,2024,9,0.0,climatology_apa_intensity12,0.510204081632653,2024-09,2024-09,0.510204081632653,True,False,low,low_dry,0.0,3.559361528978041,3.559361528978041,True,0.05,0.95,4176
2301307,Araripe,CE,2024,9,8.0,climatology_apa_intensity12,12.244897959183673,2024-09,2024-09,4.244897959183673,True,False,high,high_dry,0.0,25.516302851382235,25.516302851382235,True,0.05,0.95,4176
2301604,Assaré,CE,2024,9,0.0,climatology_apa_intensity12,3.401360544217687,2024-09,2024-09,3.401360544217687,True,False,high,high_dry,0.0,16.672765436416253,16.672765436416253,True,0.05,0.95,4176
2301901,Barbalha,CE,2024,9,1.0,climatology_apa_intensity12,5.272108843537414,2024-09,2024-09,4.272108843537414,True,False,high,high_dry,0.0,18.543513735735978,18.543513735735978,True,0.05,0.95,4176
2302503,Brejo Santo,CE,2024,9,1.0,climatology_apa_intensity12,3.401360544217687,2024-09,2024-09,2.401360544217687,True,False,mid,mid_dry,0.0,9.145483470657798,9.145483470657798,True,0.05,0.95,4176
2302701,Campos Sales,CE,2024,9,0.0,climatology_apa_intensity12,2.891156462585034,2024-09,2024-09,2.891156462585034,True,False,mid,mid_dry,0.0,8.635279389025145,8.635279389025145,True,0.05,0.95,4176
2304202,Crato,CE,2024,9,0.0,climatology_apa_intensity12,6.887755102040815,2024-09,2024-09,6.887755102040815,True,False,high,high_dry,0.0,20.15915999423938,20.15915999423938,True,0.05,0.95,4176
2304301,Farias Brito,CE,2024,9,3.0,climatology_apa_intensity12,5.272108843537414,2024-09,2024-09,2.2721088435374144,True,False,mid,mid_dry,0.0,11.016231769977527,11.016231769977527,True,0.05,0.95,4176
2307106,Jardim,CE,2024,9,0.0,climatology_apa_intensity12,2.891156462585034,2024-09,2024-09,2.891156462585034,True,False,mid,mid_dry,0.0,8.635279389025145,8.635279389025145,True,0.05,0.95,4176
2307205,Jati,CE,2024,9,2.0,climatology_apa_intensity12,0.8503401360544217,2024-09,2024-09,1.1496598639455784,True,False,low,low_dry,0.0,3.8994975833998096,3.8994975833998096,True,0.05,0.95,4176
2308401,Missão Velha,CE,2024,9,3.0,climatology_apa_intensity12,5.272108843537414,2024-09,2024-09,2.2721088435374144,True,False,high,high_dry,0.0,18.543513735735978,18.543513735735978,True,0.05,0.95,4176
2309201,Nova Olinda,CE,2024,9,0.0,climatology_apa_intensity12,1.2755102040816326,2024-09,2024-09,1.2755102040816326,True,False,low,low_dry,0.0,4.324667651427021,4.324667651427021,True,0.05,0.95,4176
2310605,Penaforte,CE,2024,9,0.0,climatology_apa_intensity12,0.0,2024-09,2024-09,0.0,True,False,low,low_dry,0.0,3.049157447345388,3.049157447345388,True,0.05,0.95,4176
2311108,Porteiras,CE,2024,9,0.0,climatology_apa_intensity12,1.445578231292517,2024-09,2024-09,1.445578231292517,True,False,low,low_dry,0.0,4.494735678637905,4.494735678637905,True,0.05,0.95,4176
2311207,Potengi,CE,2024,9,0.0,climatology_apa_intensity12,2.8061224489795915,2024-09,2024-09,2.8061224489795915,True,False,low,low_dry,0.0,5.85527989632498,5.85527989632498,True,0.05,0.95,4176
2311959,Salitre,CE,2024,9,1.0,climatology_apa_intensity12,3.571428571428571,2024-09,2024-09,2.571428571428571,True,False,high,high_dry,0.0,16.842833463627137,16.842833463627137,True,0.05,0.95,4176
2312106,Santana do Cariri,CE,2024,9,13.0,climatology_apa_intensity12,4.506802721088435,2024-09,2024-09,8.493197278911566,True,False,high,high_dry,0.0,17.778207613286998,17.778207613286998,True,0.05,0.95,4176
2601102,Araripina,PE,2024,9,13.0,climatology_apa_intensity12,17.857142857142858,2024-09,2024-09,4.857142857142858,True,False,high,high_dry,4.585737964944293,31.128547749341422,26.54280978439713,True,0.05,0.95,4176
2602001,Bodocó,PE,2024,9,6.0,climatology_apa_intensity12,21.598639455782312,2024-09,2024-09,15.598639455782312,True,False,high,high_dry,8.327234563583747,34.87004434798088,26.542809784397132,False,0.05,0.95,4176
2604304,Cedro,PE,2024,9,0.0,climatology_apa_intensity12,0.2551020408163265,2024-09,2024-09,0.2551020408163265,True,False,low,low_dry,0.0,3.3042594881617147,3.3042594881617147,True,0.05,0.95,4176
2605301,Exu,PE,2024,9,6.0,climatology_apa_intensity12,6.122448979591836,2024-09,2024-09,0.12244897959183643,True,False,high,high_dry,0.0,19.3938538717904,19.3938538717904,True,0.05,0.95,4176
2607307,Ipubi,PE,2024,9,7.0,climatology_apa_intensity12,7.482993197278912,2024-09,2024-09,0.4829931972789119,True,False,high,high_dry,0.0,20.754398089477476,20.754398089477476,True,0.05,0.95,4176
2614006,Serrita,PE,2024,9,0.0,climatology_apa_intensity12,7.057823129251701,2024-09,2024-09,7.057823129251701,True,False,high,high_dry,0.0,20.329228021450266,20.329228021450266,True,0.05,0.95,4176
2614303,Moreilândia,PE,2024,9,0.0,climatology_apa_intensity12,2.1258503401360542,2024-09,2024-09,2.1258503401360542,True,False,mid,mid_dry,0.0,7.8699732665761655,7.8699732665761655,True,0.05,0.95,4176
2615607,Trindade,PE,2024,9,5.0,climatology_apa_intensity12,2.2108843537414966,2024-09,2024-09,2.7891156462585034,True,False,low,low_dry,0.0,5.260041801086885,5.260041801086885,True,0.05,0.95,4176
2200277,Alegrete do Piauí,PI,2024,10,8.0,climatology_apa_intensity12,1.689838983439607,2024-10,2024-10,6.310161016560393,True,True,low,low_dry,0.0,4.688858079918475,4.688858079918475,False,0.05,0.95,4212
2202091,Caldeirão Grande do Piauí,PI,2024,10,5.0,climatology_apa_intensity12,9.698206339740354,2024-10,2024-10,4.698206339740354,True,True,mid,mid_dry,4.0009274281757286,15.39548525130498,11.39455782312925,True,0.05,0.95,4212
2202554,Caridade do Piauí,PI,2024,10,11.0,climatology_apa_intensity12,13.592183127666404,2024-10,2024-10,2.592183127666404,True,True,mid,mid_dry,7.894904216101779,19.28946203923103,11.39455782312925,True,0.05,0.95,4212
2203271,Curral Novo do Piauí,PI,2024,10,16.0,climatology_apa_intensity12,8.22878113674939,2024-10,2024-10,7.77121886325061,True,True,mid,mid_dry,2.5315022251847648,13.926060048314016,11.39455782312925,False,0.05,0.95,4212
2204154,Francisco Macedo,PI,2024,10,4.0,climatology_apa_intensity12,2.9388504059819254,2024-10,2024-10,1.0611495940180746,True,True,low,low_dry,0.0,5.937869502460793,5.937869502460793,True,0.05,0.95,4212
2204303,Fronteiras,PI,2024,10,6.0,climatology_apa_intensity12,9.624735079590806,2024-10,2024-10,3.624735079590806,True,True,mid,mid_dry,3.927456168026181,15.322013991155432,11.39455782312925,True,0.05,0.95,4212
2205953,Marcolândia,PI,2024,10,1.0,climatology_apa_intensity12,1.102068902243222,2024-10,2024-10,0.10206890224322196,True,True,low,low_dry,0.0,4.10108799872209,4.10108799872209,True,0.05,0.95,4212
2207207,Padre Marcos,PI,2024,10,8.0,climatology_apa_intensity12,3.379677966879214,2024-10,2024-10,4.620322033120786,True,True,low,low_dry,0.3806588704003464,6.378697063358082,5.998038192957736,False,0.05,0.95,4212
2210300,São Julião,PI,2024,10,0.0,climatology_apa_intensity12,1.9837240240378,2024-10,2024-10,1.9837240240378,True,True,low,low_dry,0.0,4.982743120516668,4.982743120516668,True,0.05,0.95,4212
2210706,Simões,PI,2024,10,20.0,climatology_apa_intensity12,11.534987843479056,2024-10,2024-10,8.465012156520944,True,True,mid,mid_dry,5.837708931914431,17.232266755043682,11.39455782312925,False,0.05,0.95,4212
2300101,Abaiara,CE,2024,10,0.0,climatology_apa_intensity12,2.791907885682829,2024-10,2024-10,2.791907885682829,True,True,mid,mid_dry,0.0,8.489186797247454,8.489186797247454,True,0.05,0.95,4212
2300606,Altaneira,CE,2024,10,0.0,climatology_apa_intensity12,0.5877700811963851,2024-10,2024-10,0.5877700811963851,True,True,low,low_dry,0.0,3.5867891776752527,3.5867891776752527,True,0.05,0.95,4212
2301307,Araripe,CE,2024,10,16.0,climatology_apa_intensity12,17.559631175742002,2024-10,2024-10,1.5596311757420018,True,True,high,high_dry,4.2882262835434375,30.831036067940566,26.54280978439713,True,0.05,0.95,4212
2301604,Assaré,CE,2024,10,7.0,climatology_apa_intensity12,6.024643332262946,2024-10,2024-10,0.9753566677370538,True,True,high,high_dry,0.0,19.29604822446151,19.29604822446151,True,0.05,0.95,4212
2301901,Barbalha,CE,2024,10,8.0,climatology_apa_intensity12,6.098114592412496,2024-10,2024-10,1.9018854075875042,True,True,high,high_dry,0.0,19.36951948461106,19.36951948461106,True,0.05,0.95,4212
2302503,Brejo Santo,CE,2024,10,3.0,climatology_apa_intensity12,3.7470342676269546,2024-10,2024-10,0.7470342676269546,True,True,mid,mid_dry,0.0,9.44431317919158,9.44431317919158,True,0.05,0.95,4212
2302701,Campos Sales,CE,2024,10,17.0,climatology_apa_intensity12,4.040919308225147,2024-10,2024-10,12.959080691774853,True,True,mid,mid_dry,0.0,9.738198219789773,9.738198219789773,False,0.05,0.95,4212
2304202,Crato,CE,2024,10,20.0,climatology_apa_intensity12,12.490114225423184,2024-10,2024-10,7.509885774576816,True,True,high,high_dry,0.0,25.76151911762175,25.76151911762175,True,0.05,0.95,4212
2304301,Farias Brito,CE,2024,10,0.0,climatology_apa_intensity12,4.261333088673792,2024-10,2024-10,4.261333088673792,True,True,mid,mid_dry,0.0,9.958612000238418,9.958612000238418,True,0.05,0.95,4212
2307106,Jardim,CE,2024,10,3.0,climatology_apa_intensity12,3.5266204871783104,2024-10,2024-10,0.5266204871783104,True,True,mid,mid_dry,0.0,9.223899398742937,9.223899398742937,True,0.05,0.95,4212
2307205,Jati,CE,2024,10,2.0,climatology_apa_intensity12,3.600091747327858,2024-10,2024-10,1.6000917473278582,True,True,low,low_dry,0.6010726508489905,6.599110843806725,5.998038192957734,True,0.05,0.95,4212
2308401,Missão Velha,CE,2024,10,12.0,climatology_apa_intensity12,8.963493738244871,2024-10,2024-10,3.036506261755129,True,True,high,high_dry,0.0,22.234898630443436,22.234898630443436,True,0.05,0.95,4212
2309201,Nova Olinda,CE,2024,10,2.0,climatology_apa_intensity12,1.3959539428414145,2024-10,2024-10,0.6040460571585855,True,True,low,low_dry,0.0,4.394973039320282,4.394973039320282,True,0.05,0.95,4212
2310605,Penaforte,CE,2024,10,2.0,climatology_apa_intensity12,0.2938850405981925,2024-10,2024-10,1.7061149594018075,True,True,low,low_dry,0.0,3.29290413707706,3.29290413707706,True,0.05,0.95,4212
2311108,Porteiras,CE,2024,10,1.0,climatology_apa_intensity12,0.7347126014954813,2024-10,2024-10,0.26528739850451866,True,True,low,low_dry,0.0,3.733731697974349,3.733731697974349,True,0.05,0.95,4212
2311207,Potengi,CE,2024,10,3.0,climatology_apa_intensity12,2.865379145832377,2024-10,2024-10,0.13462085416762282,True,True,low,low_dry,0.0,5.864398242311244,5.864398242311244,True,0.05,0.95,4212
2311959,Salitre,CE,2024,10,4.0,climatology_apa_intensity12,7.347126014954814,2024-10,2024-10,3.3471260149548137,True,True,high,high_dry,0.0,20.618530907153378,20.618530907153378,True,0.05,0.95,4212
2312106,Santana do Cariri,CE,2024,10,30.0,climatology_apa_intensity12,9.771677599889902,2024-10,2024-10,20.2283224001101,True,True,high,high_dry,0.0,23.043082492088466,23.043082492088466,False,0.05,0.95,4212
2601102,Araripina,PE,2024,10,35.0,climatology_apa_intensity12,29.315032799669705,2024-10,2024-10,5.684967200330295,True,True,high,high_dry,16.04362790747114,42.58643769186827,26.54280978439713,True,0.05,0.95,4212
2602001,Bodocó,PE,2024,10,77.0,climatology_apa_intensity12,55.76468645350704,2024-10,2024-10,21.23531354649296,True,True,high,high_dry,42.49328156130848,69.0360913457056,26.54280978439712,False,0.05,0.95,4212
2604304,Cedro,PE,2024,10,2.0,climatology_apa_intensity12,0.2938850405981925,2024-10,2024-10,1.7061149594018075,True,True,low,low_dry,0.0,3.29290413707706,3.29290413707706,True,0.05,0.95,4212
2605301,Exu,PE,2024,10,14.0,climatology_apa_intensity12,19.543355199779803,2024-10,2024-10,5.543355199779803,True,True,high,high_dry,6.271950307581239,32.81476009197837,26.542809784397132,True,0.05,0.95,4212
2607307,Ipubi,PE,2024,10,8.0,climatology_apa_intensity12,17.780044956190647,2024-10,2024-10,9.780044956190647,True,True,high,high_dry,4.5086400639920825,31.05144984838921,26.54280978439713,True,0.05,0.95,4212
2614006,Serrita,PE,2024,10,37.0,climatology_apa_intensity12,15.282022111106013,2024-10,2024-10,21.717977888893987,True,True,high,high_dry,2.0106172189074485,28.553427003304577,26.54280978439713,False,0.05,0.95,4212
2614303,Moreilândia,PE,2024,10,16.0,climatology_apa_intensity12,8.22878113674939,2024-10,2024-10,7.77121886325061,True,True,mid,mid_dry,2.5315022251847648,13.926060048314016,11.39455782312925,False,0.05,0.95,4212
2615607,Trindade,PE,2024,10,2.0,climatology_apa_intensity12,3.893976787926051,2024-10,2024-10,1.893976787926051,True,True,mid,mid_dry,0.0,9.591255699490677,9.591255699490677,True,0.05,0.95,4212
2200277,Alegrete do Piauí,PI,2024,11,0.0,climatology_apa_intensity12,1.9113361107248024,2024-11,2024-11,1.9113361107248024,True,True,low,low_dry,0.0,4.924726200203599,4.924726200203599,True,0.05,0.95,4248
2202091,Caldeirão Grande do Piauí,PI,2024,11,4.0,climatology_apa_intensity12,6.583491048052097,2024-11,2024-11,2.583491048052097,True,True,mid,mid_dry,0.5833592462234671,12.583622849880726,12.00026360365726,True,0.05,0.95,4248
2202554,Caridade do Piauí,PI,2024,11,10.0,climatology_apa_intensity12,5.663218105851266,2024-11,2024-11,4.336781894148734,True,True,mid,mid_dry,0.0,11.663349907679896,11.663349907679896,True,0.05,0.95,4248
2203271,Curral Novo do Piauí,PI,2024,11,10.0,climatology_apa_intensity12,3.610301542480182,2024-11,2024-11,6.389698457519819,True,True,mid,mid_dry,0.0,9.610433344308811,9.610433344308811,False,0.05,0.95,4248
2204154,Francisco Macedo,PI,2024,11,3.0,climatology_apa_intensity12,3.256350410864478,2024-11,2024-11,0.25635041086447785,True,True,low,low_dry,0.2429603213856808,6.269740500343275,6.026780178957594,True,0.05,0.95,4248
2204303,Fronteiras,PI,2024,11,7.0,climatology_apa_intensity12,10.4061632695017,2024-11,2024-11,3.4061632695017003,True,True,mid,mid_dry,4.4060314676730705,16.40629507133033,12.00026360365726,True,0.05,0.95,4248
2205953,Marcolândia,PI,2024,11,3.0,climatology_apa_intensity12,1.6989654317553795,2024-11,2024-11,1.3010345682446205,True,True,low,low_dry,0.0,4.712355521234176,4.712355521234176,True,0.05,0.95,4248
2207207,Padre Marcos,PI,2024,11,5.0,climatology_apa_intensity12,4.035042900419027,2024-11,2024-11,0.9649570995809729,True,True,low,low_dry,1.02165281094023,7.048432989897824,6.026780178957594,True,0.05,0.95,4248
2210300,São Julião,PI,2024,11,1.0,climatology_apa_intensity12,1.9113361107248024,2024-11,2024-11,0.9113361107248024,True,True,low,low_dry,0.0,4.924726200203599,4.924726200203599,True,0.05,0.95,4248
2210706,Simões,PI,2024,11,27.0,climatology_apa_intensity12,11.255645985379392,2024-11,2024-11,15.744354014620608,True,True,mid,mid_dry,5.255514183550762,17.25577778720802,12.00026360365726,False,0.05,0.95,4248
2300101,Abaiara,CE,2024,11,9.0,climatology_apa_intensity12,3.751881995126464,2024-11,2024-11,5.248118004873536,True,True,mid,mid_dry,0.0,9.752013796955094,9.752013796955094,True,0.05,0.95,4248
2300606,Altaneira,CE,2024,11,4.0,climatology_apa_intensity12,0.3539511316157041,2024-11,2024-11,3.646048868384296,True,True,low,low_dry,0.0,3.367341221094501,3.367341221094501,False,0.05,0.95,4248
2301307,Araripe,CE,2024,11,25.0,climatology_apa_intensity12,19.32573178621745,2024-11,2024-11,5.67426821378255,True,True,high,high_dry,5.009008137421347,33.64245543501355,28.633447297592205,True,0.05,0.95,4248
2301604,Assaré,CE,2024,11,17.0,climatology_apa_intensity12,6.866651953344659,2024-11,2024-11,10.13334804665534,True,True,high,high_dry,0.0,21.183375602140764,21.183375602140764,True,0.05,0.95,4248
2301901,Barbalha,CE,2024,11,9.0,climatology_apa_intensity12,5.875588784820689,2024-11,2024-11,3.124411215179311,True,True,high,high_dry,0.0,20.19231243361679,20.19231243361679,True,0.05,0.95,4248
2302503,Brejo Santo,CE,2024,11,6.0,climatology_apa_intensity12,6.866651953344659,2024-11,2024-11,0.8666519533446593,True,True,mid,mid_dry,0.8665201515160295,12.866783755173289,12.00026360365726,True,0.05,0.95,4248
2302701,Campos Sales,CE,2024,11,2.0,climatology_apa_intensity12,3.8934624477727455,2024-11,2024-11,1.8934624477727455,True,True,mid,mid_dry,0.0,9.893594249601374,9.893594249601374,True,0.05,0.95,4248
2304202,Crato,CE,2024,11,15.0,climatology_apa_intensity12,13.66251368036618,2024-11,2024-11,1.33748631963382,True,True,high,high_dry,0.0,27.97923732916228,27.97923732916228,True,0.05,0.95,4248
2304301,Farias Brito,CE,2024,11,8.0,climatology_apa_intensity12,4.672154937327294,2024-11,2024-11,3.327845062672706,True,True,mid,mid_dry,0.0,10.672286739155924,10.672286739155924,True,0.05,0.95,4248
2307106,Jardim,CE,2024,11,4.0,climatology_apa_intensity12,4.105833126742168,2024-11,2024-11,0.10583312674216838,True,True,mid,mid_dry,0.0,10.105964928570799,10.105964928570799,True,0.05,0.95,4248
2307205,Jati,CE,2024,11,9.0,climatology_apa_intensity12,3.185560184541337,2024-11,2024-11,5.8144398154586625,True,True,low,low_dry,0.17217009506254,6.1989502740201345,6.026780178957594,False,0.05,0.95,4248
2308401,Missão Velha,CE,2024,11,19.0,climatology_apa_intensity12,13.025401643457911,2024-11,2024-11,5.974598356542089,True,True,high,high_dry,0.0,27.342125292254014,27.342125292254014,True,0.05,0.95,4248
2309201,Nova Olinda,CE,2024,11,5.0,climatology_apa_intensity12,5.09689629526614,2024-11,2024-11,0.09689629526613963,True,True,low,low_dry,2.0835062057873426,8.110286384744937,6.026780178957594,True,0.05,0.95,4248
2310605,Penaforte,CE,2024,11,2.0,climatology_apa_intensity12,0.2123706789694224,2024-11,2024-11,1.7876293210305776,True,True,low,low_dry,0.0,3.2257607684482195,3.2257607684482195,True,0.05,0.95,4248
2311108,Porteiras,CE,2024,11,4.0,climatology_apa_intensity12,2.6900286002793514,2024-11,2024-11,1.3099713997206486,True,True,low,low_dry,0.0,5.7034186897581485,5.7034186897581485,True,0.05,0.95,4248
2311207,Potengi,CE,2024,11,8.0,climatology_apa_intensity12,3.0439797318950554,2024-11,2024-11,4.956020268104945,True,True,low,low_dry,0.03058964241625839,6.057369821373852,6.026780178957594,False,0.05,0.95,4248
2311959,Salitre,CE,2024,11,9.0,climatology_apa_intensity12,12.03433847493394,2024-11,2024-11,3.0343384749339393,True,True,high,high_dry,0.0,26.351062123730042,26.351062123730042,True,0.05,0.95,4248
2312106,Santana do Cariri,CE,2024,11,11.0,climatology_apa_intensity12,16.494122733291814,2024-11,2024-11,5.494122733291814,True,True,high,high_dry,2.177399084495711,30.810846382087917,28.633447297592205,True,0.05,0.95,4248
2601102,Araripina,PE,2024,11,18.0,climatology_apa_intensity12,19.467312238863727,2024-11,2024-11,1.4673122388637267,True,True,high,high_dry,5.150588590067624,33.784035887659826,28.633447297592202,True,0.05,0.95,4248
2602001,Bodocó,PE,2024,11,32.0,climatology_apa_intensity12,42.19097488859193,2024-11,2024-11,10.190974888591931,True,True,high,high_dry,27.87425123979583,56.50769853738804,28.63344729759221,True,0.05,0.95,4248
2604304,Cedro,PE,2024,11,3.0,climatology_apa_intensity12,0.2123706789694224,2024-11,2024-11,2.7876293210305776,True,True,low,low_dry,0.0,3.2257607684482195,3.2257607684482195,True,0.05,0.95,4248
2605301,Exu,PE,2024,11,16.0,climatology_apa_intensity12,22.723662649728205,2024-11,2024-11,6.723662649728205,True,True,high,high_dry,8.406939000932102,37.04038629852431,28.63344729759221,True,0.05,0.95,4248
2607307,Ipubi,PE,2024,11,19.0,climatology_apa_intensity12,12.10512870125708,2024-11,2024-11,6.89487129874292,True,True,high,high_dry,0.0,26.421852350053182,26.421852350053182,True,0.05,0.95,4248
2614006,Serrita,PE,2024,11,11.0,climatology_apa_intensity12,13.66251368036618,2024-11,2024-11,2.66251368036618,True,True,high,high_dry,0.0,27.97923732916228,27.97923732916228,True,0.05,0.95,4248
2614303,Moreilândia,PE,2024,11,8.0,climatology_apa_intensity12,7.008232405990942,2024-11,2024-11,0.9917675940090582,True,True,mid,mid_dry,1.008100604162312,13.008364207819572,12.00026360365726,True,0.05,0.95,4248
2615607,Trindade,PE,2024,11,8.0,climatology_apa_intensity12,1.9113361107248024,2024-11,2024-11,6.088663889275198,True,True,mid,mid_dry,0.0,7.911467912553432,7.911467912553432,False,0.05,0.95,4248
2200277,Alegrete do Piauí,PI,2024,12,1.0,climatology_apa_intensity12,0.8294956567612449,2024-12,2024-12,0.17050434323875507,True,False,low,low_dry,0.0,3.878653104106633,3.878653104106633,True,0.05,0.95,4284
2202091,Caldeirão Grande do Piauí,PI,2024,12,2.0,climatology_apa_intensity12,1.8098087056608976,2024-12,2024-12,0.19019129433910242,True,False,mid,mid_dry,0.0,8.029617357352986,8.029617357352986,True,0.05,0.95,4284
2202554,Caridade do Piauí,PI,2024,12,1.0,climatology_apa_intensity12,2.6393043624221426,2024-12,2024-12,1.6393043624221426,True,False,mid,mid_dry,0.0,8.859113014114232,8.859113014114232,True,0.05,0.95,4284
2203271,Curral Novo do Piauí,PI,2024,12,1.0,climatology_apa_intensity12,0.8294956567612449,2024-12,2024-12,0.17050434323875507,True,False,mid,mid_dry,0.0,7.049304308453334,7.049304308453334,True,0.05,0.95,4284
2204154,Francisco Macedo,PI,2024,12,1.0,climatology_apa_intensity12,1.4327652253148773,2024-12,2024-12,0.43276522531487727,True,False,low,low_dry,0.0,4.481922672660265,4.481922672660265,True,0.05,0.95,4284
2204303,Fronteiras,PI,2024,12,4.0,climatology_apa_intensity12,3.31798262704498,2024-12,2024-12,0.6820173729550199,True,False,mid,mid_dry,0.0,9.53779127873707,9.53779127873707,True,0.05,0.95,4284
2205953,Marcolândia,PI,2024,12,3.0,climatology_apa_intensity12,1.8852174017301015,2024-12,2024-12,1.1147825982698985,True,False,low,low_dry,0.0,4.934374849075489,4.934374849075489,True,0.05,0.95,4284
2207207,Padre Marcos,PI,2024,12,1.0,climatology_apa_intensity12,1.281947833176469,2024-12,2024-12,0.2819478331764691,True,False,low,low_dry,0.0,4.331105280521857,4.331105280521857,True,0.05,0.95,4284
2210300,São Julião,PI,2024,12,9.0,climatology_apa_intensity12,0.7540869606920407,2024-12,2024-12,8.24591303930796,True,False,low,low_dry,0.0,3.8032444080374286,3.8032444080374286,False,0.05,0.95,4284
2210706,Simões,PI,2024,12,6.0,climatology_apa_intensity12,2.4130782742145307,2024-12,2024-12,3.5869217257854693,True,False,high,high_dry,0.0,16.729801923010633,16.729801923010633,True,0.05,0.95,4284
2300101,Abaiara,CE,2024,12,0.0,climatology_apa_intensity12,2.8655304506297545,2024-12,2024-12,2.8655304506297545,True,False,mid,mid_dry,0.0,9.085339102321843,9.085339102321843,True,0.05,0.95,4284
2300606,Altaneira,CE,2024,12,1.0,climatology_apa_intensity12,0.6786782646228366,2024-12,2024-12,0.32132173537716335,True,False,low,low_dry,0.0,3.7278357119682246,3.7278357119682246,True,0.05,0.95,4284
2301307,Araripe,CE,2024,12,23.0,climatology_apa_intensity12,10.104765273273346,2024-12,2024-12,12.895234726726654,True,False,high,high_dry,0.0,24.42148892206945,24.42148892206945,True,0.05,0.95,4284
2301604,Assaré,CE,2024,12,8.0,climatology_apa_intensity12,7.540869606920407,2024-12,2024-12,0.4591303930795929,True,False,high,high_dry,0.0,21.85759325571651,21.85759325571651,True,0.05,0.95,4284
2301901,Barbalha,CE,2024,12,2.0,climatology_apa_intensity12,3.31798262704498,2024-12,2024-12,1.3179826270449801,True,False,high,high_dry,0.0,17.634706275841083,17.634706275841083,True,0.05,0.95,4284
2302503,Brejo Santo,CE,2024,12,9.0,climatology_apa_intensity12,3.544208715252592,2024-12,2024-12,5.4557912847474075,True,False,mid,mid_dry,0.0,9.764017366944682,9.764017366944682,True,0.05,0.95,4284
2302701,Campos Sales,CE,2024,12,5.0,climatology_apa_intensity12,2.3376695781453263,2024-12,2024-12,2.6623304218546737,True,False,mid,mid_dry,0.0,8.557478229837415,8.557478229837415,True,0.05,0.95,4284
2304202,Crato,CE,2024,12,7.0,climatology_apa_intensity12,8.822817440096877,2024-12,2024-12,1.8228174400968769,True,False,high,high_dry,0.0,23.13954108889298,23.13954108889298,True,0.05,0.95,4284
2304301,Farias Brito,CE,2024,12,16.0,climatology_apa_intensity12,3.3933913231141832,2024-12,2024-12,12.606608676885816,True,False,mid,mid_dry,0.0,9.613199974806273,9.613199974806273,False,0.05,0.95,4284
2307106,Jardim,CE,2024,12,6.0,climatology_apa_intensity12,5.203200028775082,2024-12,2024-12,0.7967999712249183,True,False,mid,mid_dry,0.0,11.42300868046717,11.42300868046717,True,0.05,0.95,4284
2307205,Jati,CE,2024,12,2.0,climatology_apa_intensity12,1.5081739213840817,2024-12,2024-12,0.4918260786159183,True,False,low,low_dry,0.0,4.55733136872947,4.55733136872947,True,0.05,0.95,4284
2308401,Missão Velha,CE,2024,12,10.0,climatology_apa_intensity12,10.708034841826978,2024-12,2024-12,0.7080348418269775,True,False,high,high_dry,0.0,25.02475849062308,25.02475849062308,True,0.05,0.95,4284
2309201,Nova Olinda,CE,2024,12,4.0,climatology_apa_intensity12,4.298295675944632,2024-12,2024-12,0.29829567594463224,True,False,low,low_dry,1.2491382285992443,7.34745312329002,6.098314894690775,True,0.05,0.95,4284
2310605,Penaforte,CE,2024,12,0.0,climatology_apa_intensity12,0.6786782646228366,2024-12,2024-12,0.6786782646228366,True,False,low,low_dry,0.0,3.7278357119682246,3.7278357119682246,True,0.05,0.95,4284
2311108,Porteiras,CE,2024,12,3.0,climatology_apa_intensity12,2.6393043624221426,2024-12,2024-12,0.3606956375778574,True,False,low,low_dry,0.0,5.688461809767531,5.688461809767531,True,0.05,0.95,4284
2311207,Potengi,CE,2024,12,4.0,climatology_apa_intensity12,1.960626097799306,2024-12,2024-12,2.039373902200694,True,False,low,low_dry,0.0,5.009783545144694,5.009783545144694,True,0.05,0.95,4284
2311959,Salitre,CE,2024,12,8.0,climatology_apa_intensity12,5.580243509121102,2024-12,2024-12,2.419756490878898,True,False,mid,mid_dry,0.0,11.800052160813191,11.800052160813191,True,0.05,0.95,4284
2312106,Santana do Cariri,CE,2024,12,17.0,climatology_apa_intensity12,15.685008782394448,2024-12,2024-12,1.3149912176055523,True,False,high,high_dry,1.368285133598345,30.00173243119055,28.633447297592205,True,0.05,0.95,4284
2601102,Araripina,PE,2024,12,17.0,climatology_apa_intensity12,5.8064695973287135,2024-12,2024-12,11.193530402671286,True,False,high,high_dry,0.0,20.123193246124817,20.123193246124817,True,0.05,0.95,4284
2602001,Bodocó,PE,2024,12,24.0,climatology_apa_intensity12,21.86852186006918,2024-12,2024-12,2.1314781399308202,True,False,high,high_dry,7.551798211273077,36.18524550886528,28.633447297592202,True,0.05,0.95,4284
2604304,Cedro,PE,2024,12,0.0,climatology_apa_intensity12,0.4524521764152244,2024-12,2024-12,0.4524521764152244,True,False,low,low_dry,0.0,3.5016096237606122,3.5016096237606122,True,0.05,0.95,4284
2605301,Exu,PE,2024,12,8.0,climatology_apa_intensity12,17.871860968401364,2024-12,2024-12,9.871860968401364,True,False,high,high_dry,3.5551373196052616,32.18858461719746,28.633447297592202,True,0.05,0.95,4284
2607307,Ipubi,PE,2024,12,7.0,climatology_apa_intensity12,6.258921773743938,2024-12,2024-12,0.7410782262560618,True,False,high,high_dry,0.0,20.575645422540042,20.575645422540042,True,0.05,0.95,4284
2614006,Serrita,PE,2024,12,13.0,climatology_apa_intensity12,7.6162783029896115,2024-12,2024-12,5.3837216970103885,True,False,high,high_dry,0.0,21.933001951785712,21.933001951785712,True,0.05,0.95,4284
2614303,Moreilândia,PE,2024,12,5.0,climatology_apa_intensity12,3.242573930975775,2024-12,2024-12,1.7574260690242252,True,False,mid,mid_dry,0.0,9.462382582667864,9.462382582667864,True,0.05,0.95,4284
2615607,Trindade,PE,2024,12,3.0,climatology_apa_intensity12,0.9049043528304488,2024-12,2024-12,2.0950956471695514,True,False,mid,mid_dry,0.0,7.124713004522538,7.124713004522538,True,0.05,0.95,4284
