geocodigo,municipio_ibge,uf,ano,mes,fire_count,frp_sum,frp_mean,frp_max,risco_fogo_mean,dias_sem_chuva_mean,assumed_zero,target_source,suspect_gap
2300101,Abaiara,CE,2002,10,7.0,444.3,63.471428571428575,229.3,,,False,inpe_bdq_legacy,False
2300101,Abaiara,CE,2002,11,6.0,243.1,40.516666666666666,115.6,,,False,inpe_bdq_legacy,False
2300101,Abaiara,CE,2002,12,3.0,65.2,21.733333333333334,39.6,,,False,inpe_bdq_legacy,False
2300101,Abaiara,CE,2003,1,0.0,0.0,,,,,True,inpe_bdq_legacy,False
2300101,Abaiara,CE,2003,2,0.0,0.0,,,,,True,inpe_bdq_legacy,False
2300101,Abaiara,CE,2003,3,0.0,0.0,,,,,True,inpe_bdq_legacy,False
2300101,Abaiara,CE,2003,4,0.0,0.0,,,,,True,inpe_bdq_legacy,False
2300101,Abaiara,CE,2003,5,0.0,0.0,,,,,True,inpe_bdq_legacy,False
2300101,Abaiara,CE,2003,6,0.0,0.0,,,,,True,inpe_bdq_legacy,False
2300101,Abaiara,CE,2003,7,0.0,0.0,,,,,True,inpe_bdq_legacy,False
2300101,Abaiara,CE,2003,8,1.0,48.0,48.0,48.0,,,False,inpe_bdq_legacy,False
2300101,Abaiara,CE,2003,9,0.0,0.0,,,,,True,inpe_bdq_legacy,False
2300101,Abaiara,CE,2003,10,0.0,0.0,,,,,True,inpe_bdq_legacy,False
2300101,Abaiara,CE,2003,11,13.0,1032.5,79.42307692307692,367.9,,,False,inpe_bdq_legacy,False
2300101,Abaiara,CE,2003,12,2.0,46.0,23.0,35.6,,,False,inpe_bdq_legacy,False
2300101,Abaiara,CE,2004,1,0.0,0.0,,,,,True,inpe_bdq_legacy,False
2300101,Abaiara,CE,2004,2,0.0,0.0,,,,,True,inpe_bdq_legacy,False
2300101,Abaiara,CE,2004,3,0.0,0.0,,,,,True,inpe_bdq_legacy,False
2300101,Abaiara,CE,2004,4,0.0,0.0,,,,,True,inpe_bdq_legacy,False
2300101,Abaiara,CE,2004,5,0.0,0.0,,,,,True,inpe_bdq_legacy,False
2300101,Abaiara,CE,2004,6,0.0,0.0,,,,,True,inpe_bdq_legacy,False
2300101,Abaiara,CE,2004,7,0.0,0.0,,,,,True,inpe_bdq_legacy,False
2300101,Abaiara,CE,2004,8,0.0,0.0,,,,,True,inpe_bdq_legacy,False
2300101,Abaiara,CE,2004,9,0.0,0.0,,,,,True,inpe_bdq_legacy,False
2300101,Abaiara,CE,2004,10,5.0,524.3,104.85999999999999,234.7,,,False,inpe_bdq_legacy,False
2300101,Abaiara,CE,2004,11,4.0,163.3,40.825,58.2,,,False,inpe_bdq_legacy,False
2300101,Abaiara,CE,2004,12,6.0,202.5,33.75,81.0,,,False,inpe_bdq_legacy,False
2300101,Abaiara,CE,2005,1,1.0,14.9,14.9,14.9,,,False,inpe_bdq_legacy,False
2300101,Abaiara,CE,2005,2,0.0,0.0,,,,,True,inpe_bdq_legacy,False
2300101,Abaiara,CE,2005,3,0.0,0.0,,,,,True,inpe_bdq_legacy,False
2300101,Abaiara,CE,2005,4,0.0,0.0,,,,,True,inpe_bdq_legacy,False
2300101,Abaiara,CE,2005,5,0.0,0.0,,,,,True,inpe_bdq_legacy,False
2300101,Abaiara,CE,2005,6,0.0,0.0,,,,,True,inpe_bdq_legacy,False
2300101,Abaiara,CE,2005,7,0.0,0.0,,,,,True,inpe_bdq_legacy,False
2300101,Abaiara,CE,2005,8,0.0,0.0,,,,,True,inpe_bdq_legacy,False
2300101,Abaiara,CE,2005,9,0.0,0.0,,,,,True,inpe_bdq_legacy,False
2300101,Abaiara,CE,2005,10,0.0,0.0,,,,,True,inpe_bdq_legacy,False
2300101,Abaiara,CE,2005,11,2.0,155.60000000000002,77.80000000000001,79.7,,,False,inpe_bdq_legacy,False
2300101,Abaiara,CE,2005,12,4.0,50.0,12.5,21.4,,,False,inpe_bdq_legacy,False
2300101,Abaiara,CE,2006,1,0.0,0.0,,,,,True,inpe_bdq_legacy,False
2300101,Abaiara,CE,2006,2,0.0,0.0,,,,,True,inpe_bdq_legacy,False
2300101,Abaiara,CE,2006,3,0.0,0.0,,,,,True,inpe_bdq_legacy,False
2300101,Abaiara,CE,2006,4,0.0,0.0,,,,,True,inpe_bdq_legacy,False
2300101,Abaiara,CE,2006,5,0.0,0.0,,,,,True,inpe_bdq_legacy,False
2300101,Abaiara,CE,2006,6,0.0,0.0,,,,,True,inpe_bdq_legacy,False
2300101,Abaiara,CE,2006,7,1.0,28.1,28.1,28.1,,,False,inpe_bdq_legacy,False
2300101,Abaiara,CE,2006,8,1.0,7.6,7.6,7.6,,,False,inpe_bdq_legacy,False
2300101,Abaiara,CE,2006,9,0.0,0.0,,,,,True,inpe_bdq_legacy,False
2300101,Abaiara,CE,2006,10,0.0,0.0,,,,,True,inpe_bdq_legacy,False
2300101,Abaiara,CE,2006,11,2.0,102.8,51.4,72.6,,,False,inpe_bdq_legacy,False
2300101,Abaiara,CE,2006,12,2.0,169.8,84.9,162.0,,,False,inpe_bdq_legacy,False
2300101,Abaiara,CE,2007,1,0.0,0.0,,,,,True,inpe_bdq_legacy,False
2300101,Abaiara,CE,2007,2,0.0,0.0,,,,,True,inpe_bdq_legacy,False
2300101,Abaiara,CE,2007,3,0.0,0.0,,,,,True,inpe_bdq_legacy,False
2300101,Abaiara,CE,2007,4,0.0,0.0,,,,,True,inpe_bdq_legacy,False
2300101,Abaiara,CE,2007,5,0.0,0.0,,,,,True,inpe_bdq_legacy,False
2300101,Abaiara,CE,2007,6,0.0,0.0,,,,,True,inpe_bdq_legacy,False
2300101,Abaiara,CE,2007,7,0.0,0.0,,,,,True,inpe_bdq_legacy,False
2300101,Abaiara,CE,2007,8,0.0,0.0,,,,,True,inpe_bdq_legacy,False
2300101,Abaiara,CE,2007,9,0.0,0.0,,,,,True,inpe_bdq_legacy,False
2300101,Abaiara,CE,2007,10,0.0,0.0,,,,,True,inpe_bdq_legacy,False
2300101,Abaiara,CE,2007,11,0.0,0.0,,,,,True,inpe_bdq_legacy,False
2300101,Abaiara,CE,2007,12,3.0,248.8,82.93333333333334,108.7,,,False,inpe_bdq_legacy,False
2300101,Abaiara,CE,2008,1,0.0,0.0,,,,,True,inpe_bdq_legacy,False
2300101,Abaiara,CE,2008,2,0.0,0.0,,,,,True,inpe_bdq_legacy,False
2300101,Abaiara,CE,2008,3,0.0,0.0,,,,,True,inpe_bdq_legacy,False
2300101,Abaiara,CE,2008,4,0.0,0.0,,,,,True,inpe_bdq_legacy,False
2300101,Abaiara,CE,2008,5,0.0,0.0,,,,,True,inpe_bdq_legacy,False
2300101,Abaiara,CE,2008,6,0.0,0.0,,,,,True,inpe_bdq_legacy,False
2300101,Abaiara,CE,2008,7,0.0,0.0,,,,,True,inpe_bdq_legacy,False
2300101,Abaiara,CE,2008,8,0.0,0.0,,,,,True,inpe_bdq_legacy,False
2300101,Abaiara,CE,2008,9,0.0,0.0,,,,,True,inpe_bdq_legacy,False
2300101,Abaiara,CE,2008,10,1.0,26.3,26.3,26.3,,,False,inpe_bdq_legacy,False
2300101,Abaiara,CE,2008,11,2.0,124.69999999999999,62.349999999999994,66.1,,,False,inpe_bdq_legacy,False
2300101,Abaiara,CE,2008,12,3.0,85.30000000000001,28.433333333333337,48.7,,,False,inpe_bdq_legacy,False
2300101,Abaiara,CE,2009,1,0.0,0.0,,,,,True,inpe_bdq_legacy,False
2300101,Abaiara,CE,2009,2,0.0,0.0,,,,,True,inpe_bdq_legacy,False
2300101,Abaiara,CE,2009,3,0.0,0.0,,,,,True,inpe_bdq_legacy,False
2300101,Abaiara,CE,2009,4,0.0,0.0,,,,,True,inpe_bdq_legacy,False
2300101,Abaiara,CE,2009,5,0.0,0.0,,,,,True,inpe_bdq_legacy,False
2300101,Abaiara,CE,2009,6,0.0,0.0,,,,,True,inpe_bdq_legacy,False
2300101,Abaiara,CE,2009,7,0.0,0.0,,,,,True,inpe_bdq_legacy,False
2300101,Abaiara,CE,2009,8,0.0,0.0,,,,,True,inpe_bdq_legacy,False
2300101,Abaiara,CE,2009,9,0.0,0.0,,,,,True,inpe_bdq_legacy,False
2300101,Abaiara,CE,2009,10,0.0,0.0,,,,,True,inpe_bdq_legacy,False
2300101,Abaiara,CE,2009,11,2.0,37.5,18.75,18.8,,,False,inpe_bdq_legacy,False
2300101,Abaiara,CE,2009,12,7.0,140.8,20.114285714285717,30.0,,,False,inpe_bdq_legacy,False
2300101,Abaiara,CE,2010,1,0.0,0.0,,,,,True,inpe_bdq_legacy,False
2300101,Abaiara,CE,2010,2,0.0,0.0,,,,,True,inpe_bdq_legacy,False
2300101,Abaiara,CE,2010,3,0.0,0.0,,,,,True,inpe_bdq_legacy,False
2300101,Abaiara,CE,2010,4,0.0,0.0,,,,,True,inpe_bdq_legacy,False
2300101,Abaiara,CE,2010,5,0.0,0.0,,,,,True,inpe_bdq_legacy,False
2300101,Abaiara,CE,2010,6,0.0,0.0,,,,,True,inpe_bdq_legacy,False
2300101,Abaiara,CE,2010,7,1.0,16.6,16.6,16.6,,,False,inpe_bdq_legacy,False
2300101,Abaiara,CE,2010,8,0.0,0.0,,,,,True,inpe_bdq_legacy,False
2300101,Abaiara,CE,2010,9,1.0,55.9,55.9,55.9,,,False,inpe_bdq_legacy,False
2300101,Abaiara,CE,2010,10,0.0,0.0,,,,,True,inpe_bdq_legacy,False
2300101,Abaiara,CE,2010,11,10.0,401.5,40.15,178.6,,,False,inpe_bdq_legacy,False
2300101,Abaiara,CE,2010,12,1.0,11.3,11.3,11.3,,,False,inpe_bdq_legacy,False
2300101,Abaiara,CE,2011,1,0.0,0.0,,,,,True,inpe_bdq_legacy,False
2300101,Abaiara,CE,2011,2,0.0,0.0,,,,,True,inpe_bdq_legacy,False
2300101,Abaiara,CE,2011,3,0.0,0.0,,,,,True,inpe_bdq_legacy,False
2300101,Abaiara,CE,2011,4,0.0,0.0,,,,,True,inpe_bdq_legacy,False
2300101,Abaiara,CE,2011,5,0.0,0.0,,,,,True,inpe_bdq_legacy,False
2300101,Abaiara,CE,2011,6,0.0,0.0,,,,,True,inpe_bdq_legacy,False
2300101,Abaiara,CE,2011,7,0.0,0.0,,,,,True,inpe_bdq_legacy,False
2300101,Abaiara,CE,2011,8,0.0,0.0,,,,,True,inpe_bdq_legacy,False
2300101,Abaiara,CE,2011,9,2.0,237.60000000000002,118.80000000000001,178.4,,,False,inpe_bdq_legacy,False
2300101,Abaiara,CE,2011,10,2.0,25.700000000000003,12.850000000000001,13.8,,,False,inpe_bdq_legacy,False
2300101,Abaiara,CE,2011,11,1.0,5.2,5.2,5.2,,,False,inpe_bdq_legacy,False
2300101,Abaiara,CE,2011,12,0.0,0.0,,,,,True,inpe_bdq_legacy,False
2300101,Abaiara,CE,2012,1,0.0,0.0,,,,,True,inpe_bdq_legacy,False
2300101,Abaiara,CE,2012,2,0.0,0.0,,,,,True,inpe_bdq_legacy,False
2300101,Abaiara,CE,2012,3,0.0,0.0,,,,,True,inpe_bdq_legacy,False
2300101,Abaiara,CE,2012,4,0.0,0.0,,,,,True,inpe_bdq_legacy,False
2300101,Abaiara,CE,2012,5,0.0,0.0,,,,,True,inpe_bdq_legacy,False
2300101,Abaiara,CE,2012,6,0.0,0.0,,,,,True,inpe_bdq_legacy,False
2300101,Abaiara,CE,2012,7,0.0,0.0,,,,,True,inpe_bdq_legacy,False
2300101,Abaiara,CE,2012,8,0.0,0.0,,,,,True,inpe_bdq_legacy,False
2300101,Abaiara,CE,2012,9,0.0,0.0,,,,,True,inpe_bdq_legacy,False
2300101,Abaiara,CE,2012,10,2.0,124.4,62.2,93.0,,,False,inpe_bdq_legacy,False
2300101,Abaiara,CE,2012,11,1.0,64.5,64.5,64.5,,,False,inpe_bdq_legacy,False
2300101,Abaiara,CE,2012,12,1.0,9.4,9.4,9.4,,,False,inpe_bdq_legacy,False
2300101,Abaiara,CE,2013,1,0.0,0.0,,,,,True,inpe_bdq_legacy,False
2300101,Abaiara,CE,2013,2,0.0,0.0,,,,,True,inpe_bdq_legacy,False
2300101,Abaiara,CE,2013,3,0.0,0.0,,,,,True,inpe_bdq_legacy,False
2300101,Abaiara,CE,2013,4,0.0,0.0,,,,,True,inpe_bdq_legacy,False
2300101,Abaiara,CE,2013,5,0.0,0.0,,,,,True,inpe_bdq_legacy,False
2300101,Abaiara,CE,2013,6,0.0,0.0,,,,,True,inpe_bdq_legacy,False
2300101,Abaiara,CE,2013,7,0.0,0.0,,,,,True,inpe_bdq_legacy,False
2300101,Abaiara,CE,2013,8,2.0,73.4,36.7,42.5,,,False,inpe_bdq_legacy,False
2300101,Abaiara,CE,2013,9,0.0,0.0,,,,,True,inpe_bdq_legacy,False
2300101,Abaiara,CE,2013,10,0.0,0.0,,,,,True,inpe_bdq_legacy,False
2300101,Abaiara,CE,2013,11,2.0,36.1,18.05,22.0,,,False,inpe_bdq_legacy,False
2300101,Abaiara,CE,2013,12,0.0,0.0,,,,,True,inpe_bdq_legacy,False
2300101,Abaiara,CE,2014,1,0.0,0.0,,,,,True,inpe_bdq_legacy,False
2300101,Abaiara,CE,2014,2,0.0,0.0,,,,,True,inpe_bdq_legacy,False
2300101,Abaiara,CE,2014,3,0.0,0.0,,,,,True,inpe_bdq_legacy,False
2300101,Abaiara,CE,2014,4,0.0,0.0,,,,,True,inpe_bdq_legacy,False
2300101,Abaiara,CE,2014,5,0.0,0.0,,,,,True,inpe_bdq_legacy,False
2300101,Abaiara,CE,2014,6,0.0,0.0,,,,,True,inpe_bdq_legacy,False
2300101,Abaiara,CE,2014,7,0.0,0.0,,,,,True,inpe_bdq_legacy,False
2300101,Abaiara,CE,2014,8,0.0,0.0,,,,,True,inpe_bdq_legacy,False
2300101,Abaiara,CE,2014,9,1.0,30.3,30.3,30.3,1.0,21.0,False,inpe_bdq_legacy,False
2300101,Abaiara,CE,2014,10,0.0,0.0,,,,,True,inpe_bdq_legacy,False
2300101,Abaiara,CE,2014,11,1.0,46.1,46.1,46.1,0.8,18.0,False,inpe_bdq_legacy,False
2300101,Abaiara,CE,2014,12,0.0,0.0,,,,,True,inpe_bdq_legacy,False
2300101,Abaiara,CE,2015,1,0.0,0.0,,,,,True,inpe_bdq_legacy,False
2300101,Abaiara,CE,2015,2,0.0,0.0,,,,,True,inpe_bdq_legacy,False
2300101,Abaiara,CE,2015,3,0.0,0.0,,,,,True,inpe_bdq_legacy,False
2300101,Abaiara,CE,2015,4,0.0,0.0,,,,,True,inpe_bdq_legacy,False
2300101,Abaiara,CE,2015,5,0.0,0.0,,,,,True,inpe_bdq_legacy,False
2300101,Abaiara,CE,2015,6,0.0,0.0,,,,,True,inpe_bdq_legacy,False
2300101,Abaiara,CE,2015,7,0.0,0.0,,,,,True,inpe_bdq_legacy,False
2300101,Abaiara,CE,2015,8,0.0,0.0,,,,,True,inpe_bdq_legacy,False
2300101,Abaiara,CE,2015,9,0.0,0.0,,,,,True,inpe_bdq_legacy,False
2300101,Abaiara,CE,2015,10,0.0,0.0,,,,,True,inpe_bdq_legacy,False
2300101,Abaiara,CE,2015,11,1.0,13.6,13.6,13.6,1.0,14.0,False,inpe_bdq_legacy,False
2300101,Abaiara,CE,2015,12,1.0,29.6,29.6,29.6,1.0,34.0,False,inpe_bdq_legacy,False
2300101,Abaiara,CE,2016,1,0.0,0.0,,,,,True,inpe_bdq_legacy,False
2300101,Abaiara,CE,2016,2,0.0,0.0,,,,,True,inpe_bdq_legacy,False
2300101,Abaiara,CE,2016,3,0.0,0.0,,,,,True,inpe_bdq_legacy,False
2300101,Abaiara,CE,2016,4,0.0,0.0,,,,,True,inpe_bdq_legacy,False
2300101,Abaiara,CE,2016,5,0.0,0.0,,,,,True,inpe_bdq_legacy,False
2300101,Abaiara,CE,2016,6,0.0,0.0,,,,,True,inpe_bdq_legacy,False
2300101,Abaiara,CE,2016,7,0.0,0.0,,,,,True,inpe_bdq_legacy,False
2300101,Abaiara,CE,2016,8,0.0,0.0,,,,,True,inpe_bdq_legacy,False
2300101,Abaiara,CE,2016,9,1.0,23.6,23.6,23.6,1.0,60.0,False,inpe_bdq_legacy,False
2300101,Abaiara,CE,2016,10,1.0,29.7,29.7,29.7,1.0,82.0,False,inpe_bdq_legacy,False
2300101,Abaiara,CE,2016,11,1.0,48.9,48.9,48.9,1.0,8.0,False,inpe_bdq_legacy,False
2300101,Abaiara,CE,2016,12,0.0,0.0,,,,,True,inpe_bdq_legacy,False
2300101,Abaiara,CE,2017,1,0.0,0.0,,,,,True,inpe_bdq_legacy,False
2300101,Abaiara,CE,2017,2,0.0,0.0,,,,,True,inpe_bdq_legacy,False
2300101,Abaiara,CE,2017,3,0.0,0.0,,,,,True,inpe_bdq_legacy,False
2300101,Abaiara,CE,2017,4,0.0,0.0,,,,,True,inpe_bdq_legacy,False
2300101,Abaiara,CE,2017,5,0.0,0.0,,,,,True,inpe_bdq_legacy,False
2300101,Abaiara,CE,2017,6,0.0,0.0,,,,,True,inpe_bdq_legacy,False
2300101,Abaiara,CE,2017,7,0.0,0.0,,,,,True,inpe_bdq_legacy,False
2300101,Abaiara,CE,2017,8,0.0,0.0,,,,,True,inpe_bdq_legacy,False
2300101,Abaiara,CE,2017,9,0.0,0.0,,,,,True,inpe_bdq_legacy,False
2300101,Abaiara,CE,2017,10,0.0,0.0,,,,,True,inpe_bdq_legacy,False
2300101,Abaiara,CE,2017,11,4.0,158.5,39.625,108.1,1.0,0.0,False,inpe_bdq_legacy,False
2300101,Abaiara,CE,2017,12,4.0,184.5,46.125,61.3,1.0,0.0,False,inpe_bdq_legacy,False
2300101,Abaiara,CE,2018,1,0.0,0.0,,,,,True,inpe_bdq_legacy,False
2300101,Abaiara,CE,2018,2,0.0,0.0,,,,,True,inpe_bdq_legacy,False
2300101,Abaiara,CE,2018,3,0.0,0.0,,,,,True,inpe_bdq_legacy,False
2300101,Abaiara,CE,2018,4,0.0,0.0,,,,,True,inpe_bdq_legacy,False
2300101,Abaiara,CE,2018,5,0.0,0.0,,,,,True,inpe_bdq_legacy,False
2300101,Abaiara,CE,2018,6,0.0,0.0,,,,,True,inpe_bdq_legacy,False
2300101,Abaiara,CE,2018,7,1.0,9.7,9.7,9.7,1.0,46.0,False,inpe_bdq_legacy,False
2300101,Abaiara,CE,2018,8,0.0,0.0,,,,,True,inpe_bdq_legacy,False
2300101,Abaiara,CE,2018,9,0.0,0.0,,,,,True,inpe_bdq_legacy,False
2300101,Abaiara,CE,2018,10,0.0,0.0,,,,,True,inpe_bdq_legacy,False
2300101,Abaiara,CE,2018,11,2.0,90.5,45.25,53.6,1.0,18.5,False,inpe_bdq_legacy,False
2300101,Abaiara,CE,2018,12,1.0,28.1,28.1,28.1,0.8,4.0,False,inpe_bdq_legacy,False
2300101,Abaiara,CE,2019,1,0.0,0.0,,,,,True,inpe_bdq_legacy,False
2300101,Abaiara,CE,2019,2,0.0,0.0,,,,,True,inpe_bdq_legacy,False
2300101,Abaiara,CE,2019,3,0.0,0.0,,,,,True,inpe_bdq_legacy,False
2300101,Abaiara,CE,2019,4,0.0,0.0,,,,,True,inpe_bdq_legacy,False
2300101,Abaiara,CE,2019,5,1.0,6.2,6.2,6.2,0.5,10.0,False,inpe_bdq_legacy,False
2300101,Abaiara,CE,2019,6,0.0,0.0,,,,,True,inpe_bdq_legacy,False
2300101,Abaiara,CE,2019,7,0.0,0.0,,,,,True,inpe_bdq_legacy,False
2300101,Abaiara,CE,2019,8,4.0,789.4,197.35,524.2,1.0,73.0,False,inpe_bdq_legacy,False
2300101,Abaiara,CE,2019,9,0.0,0.0,,,,,True,inpe_bdq_legacy,False
2300101,Abaiara,CE,2019,10,5.0,130.1,26.02,34.5,1.0,7.4,False,inpe_bdq_legacy,False
2300101,Abaiara,CE,2019,11,2.0,42.0,21.0,24.1,1.0,8.5,False,inpe_bdq_legacy,False
2300101,Abaiara,CE,2019,12,1.0,16.2,16.2,16.2,1.0,7.0,False,inpe_bdq_legacy,False
2300101,Abaiara,CE,2020,1,0.0,0.0,,,,,True,inpe_bdq_legacy,False
2300101,Abaiara,CE,2020,2,0.0,0.0,,,,,True,inpe_bdq_legacy,False
2300101,Abaiara,CE,2020,3,0.0,0.0,,,,,True,inpe_bdq_legacy,False
2300101,Abaiara,CE,2020,4,0.0,0.0,,,,,True,inpe_bdq_legacy,False
2300101,Abaiara,CE,2020,5,0.0,0.0,,,,,True,inpe_bdq_legacy,False
2300101,Abaiara,CE,2020,6,0.0,0.0,,,,,True,inpe_bdq_legacy,False
2300101,Abaiara,CE,2020,7,0.0,0.0,,,,,True,inpe_bdq_legacy,False
2300101,Abaiara,CE,2020,8,0.0,0.0,,,,,True,inpe_bdq_legacy,False
2300101,Abaiara,CE,2020,9,0.0,0.0,,,,,True,inpe_bdq_legacy,False
2300101,Abaiara,CE,2020,10,4.0,87.7,21.925,35.2,1.0,15.25,False,inpe_bdq_legacy,False
2300101,Abaiara,CE,2020,11,0.0,0.0,,,,,True,inpe_bdq_legacy,False
2300101,Abaiara,CE,2020,12,0.0,0.0,,,,,True,inpe_bdq_legacy,False
2300101,Abaiara,CE,2021,1,0.0,0.0,,,,,True,inpe_bdq_legacy,False
2300101,Abaiara,CE,2021,2,0.0,0.0,,,,,True,inpe_bdq_legacy,False
2300101,Abaiara,CE,2021,3,0.0,0.0,,,,,True,inpe_bdq_legacy,False
2300101,Abaiara,CE,2021,4,0.0,0.0,,,,,True,inpe_bdq_legacy,False
2300101,Abaiara,CE,2021,5,0.0,0.0,,,,,True,inpe_bdq_legacy,False
2300101,Abaiara,CE,2021,6,3.0,77.0,25.666666666666668,38.8,0.9333333333333332,27.0,False,inpe_bdq_legacy,False
2300101,Abaiara,CE,2021,7,0.0,0.0,,,,,True,inpe_bdq_legacy,False
2300101,Abaiara,CE,2021,8,0.0,0.0,,,,,True,inpe_bdq_legacy,False
2300101,Abaiara,CE,2021,9,0.0,0.0,,,,,True,inpe_bdq_legacy,False
2300101,Abaiara,CE,2021,10,3.0,305.3,101.76666666666667,174.5,1.0,2.6666666666666665,False,inpe_bdq_legacy,False
2300101,Abaiara,CE,2021,11,5.0,136.7,27.339999999999996,36.6,0.9199999999999999,4.4,False,inpe_bdq_legacy,False
2300101,Abaiara,CE,2021,12,0.0,0.0,,,,,True,inpe_bdq_legacy,False
2300101,Abaiara,CE,2022,1,0.0,0.0,,,,,True,inpe_bdq_legacy,False
2300101,Abaiara,CE,2022,2,0.0,0.0,,,,,True,inpe_bdq_legacy,False
2300101,Abaiara,CE,2022,3,0.0,0.0,,,,,True,inpe_bdq_legacy,False
2300101,Abaiara,CE,2022,4,0.0,0.0,,,,,True,inpe_bdq_legacy,False
2300101,Abaiara,CE,2022,5,0.0,0.0,,,,,True,inpe_bdq_legacy,False
2300101,Abaiara,CE,2022,6,0.0,0.0,,,,,True,inpe_bdq_legacy,False
2300101,Abaiara,CE,2022,7,0.0,0.0,,,,,True,inpe_bdq_legacy,False
2300101,Abaiara,CE,2022,8,0.0,0.0,,,,,True,inpe_bdq_legacy,False
2300101,Abaiara,CE,2022,9,2.0,47.4,23.7,25.4,1.0,18.5,False,inpe_bdq_legacy,False
2300101,Abaiara,CE,2022,10,5.0,399.2,79.84,154.1,0.924,5.2,False,inpe_bdq_legacy,False
2300101,Abaiara,CE,2022,11,2.0,75.3,37.65,48.1,0.175,0.0,False,inpe_bdq_legacy,False
2300101,Abaiara,CE,2022,12,0.0,0.0,,,,,True,inpe_bdq_legacy,False
2300101,Abaiara,CE,2023,1,0.0,0.0,,,,,True,inpe_bdq_legacy,False
2300101,Abaiara,CE,2023,2,0.0,0.0,,,,,True,inpe_bdq_legacy,False
2300101,Abaiara,CE,2023,3,1.0,21.6,21.6,21.6,0.05,3.0,False,inpe_bdq_legacy,False
2300101,Abaiara,CE,2023,4,0.0,0.0,,,,,True,inpe_bdq_legacy,False
2300101,Abaiara,CE,2023,5,0.0,0.0,,,,,True,inpe_bdq_legacy,False
2300101,Abaiara,CE,2023,6,0.0,0.0,,,,,True,inpe_bdq_legacy,False
2300101,Abaiara,CE,2023,7,0.0,0.0,,,,,True,inpe_bdq_legacy,False
2300101,Abaiara,CE,2023,8,0.0,0.0,,,,,True,inpe_bdq_legacy,False
2300101,Abaiara,CE,2023,9,3.0,107.60000000000001,35.86666666666667,83.9,1.0,18.0,False,inpe_bdq_legacy,False
2300101,Abaiara,CE,2023,10,10.0,805.1,80.51,224.0,1.0,37.8,False,inpe_bdq_legacy,False
2300101,Abaiara,CE,2023,11,9.0,513.2,57.022222222222226,139.7,1.0,12.666666666666666,False,inpe_bdq_legacy,False
2300101,Abaiara,CE,2023,12,4.0,134.4,33.6,69.4,0.775,1.5,False,inpe_bdq_legacy,False
2300101,Abaiara,CE,2024,1,0.0,0.0,,,,,True,inpe_bdq_legacy,False
2300101,Abaiara,CE,2024,2,0.0,0.0,,,,,True,inpe_bdq_legacy,False
2300101,Abaiara,CE,2024,3,0.0,0.0,,,,,True,inpe_bdq_legacy,False
2300101,Abaiara,CE,2024,4,0.0,0.0,,,,,True,inpe_bdq_legacy,False
2300101,Abaiara,CE,2024,5,0.0,0.0,,,,,True,inpe_bdq_legacy,False
2300101,Abaiara,CE,2024,6,0.0,0.0,,,,,True,inpe_bdq_legacy,False
2300101,Abaiara,CE,2024,7,0.0,0.0,,,,,True,inpe_bdq_legacy,False
2300101,Abaiara,CE,2024,8,0.0,0.0,,,,,True,inpe_bdq_legacy,False
2300101,Abaiara,CE,2024,9,2.0,362.1,181.05,191.7,1.0,78.0,False,inpe_bdq_legacy,False
2300101,Abaiara,CE,2024,10,0.0,0.0,,,,,True,inpe_bdq_legacy,False
2300101,Abaiara,CE,2024,11,9.0,175.39999999999998,19.488888888888887,37.3,1.0,7.333333333333333,False,inpe_bdq_legacy,False
2300101,Abaiara,CE,2024,12,0.0,0.0,,,,,True,inpe_bdq_legacy,False
2300101,Abaiara,CE,2025,1,0.0,0.0,,,,,True,inpe_bdq_legacy,False
2300101,Abaiara,CE,2025,2,0.0,0.0,,,,,True,inpe_bdq_legacy,False
2300101,Abaiara,CE,2025,3,0.0,0.0,,,,,True,inpe_bdq_legacy,False
2300101,Abaiara,CE,2025,4,0.0,0.0,,,,,True,inpe_bdq_legacy,False
2300101,Abaiara,CE,2025,5,0.0,0.0,,,,,True,inpe_bdq_legacy,False
2300101,Abaiara,CE,2025,6,0.0,0.0,,,,,True,inpe_bdq_legacy,False
2300101,Abaiara,CE,2025,7,0.0,0.0,,,,,True,inpe_bdq_legacy,False
2300101,Abaiara,CE,2025,8,0.0,0.0,,,,,True,inpe_bdq_legacy,False
2300101,Abaiara,CE,2025,9,1.0,117.6,117.6,117.6,1.0,51.0,False,inpe_bdq_legacy,False
2300101,Abaiara,CE,2025,10,0.0,0.0,,,,,True,inpe_bdq_legacy,False
2300101,Abaiara,CE,2025,11,8.0,749.2,93.65,166.4,0.91125,14.625,False,inpe_bdq_legacy,False
2300101,Abaiara,CE,2025,12,5.0,155.6,31.119999999999997,47.7,1.0,11.6,False,inpe_bdq_legacy,False
2300101,Abaiara,CE,2026,1,8.0,267.6,33.45,70.1,0.755,3.5,False,inpe_bdq_legacy,False
2300200,Acaraú,CE,2003,1,10.0,235.2,23.52,92.2,,,False,inpe_bdq_aqua_ref,False
2300200,Acaraú,CE,2003,2,0.0,0.0,,,,,True,inpe_bdq_aqua_ref,False
2300200,Acaraú,CE,2003,3,0.0,0.0,,,,,True,inpe_bdq_aqua_ref,False
2300200,Acaraú,CE,2003,4,0.0,0.0,,,,,True,inpe_bdq_aqua_ref,False
2300200,Acaraú,CE,2003,5,0.0,0.0,,,,,True,inpe_bdq_aqua_ref,False
2300200,Acaraú,CE,2003,6,0.0,0.0,,,,,True,inpe_bdq_aqua_ref,False
2300200,Acaraú,CE,2003,7,4.0,88.0,22.0,33.9,,,False,inpe_bdq_aqua_ref,False
2300200,Acaraú,CE,2003,8,2.0,29.2,14.6,15.0,,,False,inpe_bdq_aqua_ref,False
2300200,Acaraú,CE,2003,9,4.0,82.89999999999999,20.724999999999998,34.4,,,False,inpe_bdq_aqua_ref,False
2300200,Acaraú,CE,2003,10,3.0,30.3,10.1,15.8,,,False,inpe_bdq_aqua_ref,False
2300200,Acaraú,CE,2003,11,32.0,2460.2,76.88125,406.3,,,False,inpe_bdq_aqua_ref,False
2300200,Acaraú,CE,2003,12,100.0,8569.5,85.695,1119.9,,,False,inpe_bdq_aqua_ref,False
2300200,Acaraú,CE,2004,1,4.0,102.1,25.525,29.3,,,False,inpe_bdq_aqua_ref,False
2300200,Acaraú,CE,2004,2,1.0,10.6,10.6,10.6,,,False,inpe_bdq_aqua_ref,False
2300200,Acaraú,CE,2004,3,0.0,0.0,,,,,True,inpe_bdq_aqua_ref,False
2300200,Acaraú,CE,2004,4,0.0,0.0,,,,,True,inpe_bdq_aqua_ref,False
2300200,Acaraú,CE,2004,5,0.0,0.0,,,,,True,inpe_bdq_aqua_ref,False
2300200,Acaraú,CE,2004,6,4.0,87.5,21.875,48.1,,,False,inpe_bdq_aqua_ref,False
2300200,Acaraú,CE,2004,7,2.0,27.9,13.95,18.0,,,False,inpe_bdq_aqua_ref,False
2300200,Acaraú,CE,2004,8,1.0,21.5,21.5,21.5,,,False,inpe_bdq_aqua_ref,False
2300200,Acaraú,CE,2004,9,1.0,12.1,12.1,12.1,,,False,inpe_bdq_aqua_ref,False
2300200,Acaraú,CE,2004,10,1.0,17.1,17.1,17.1,,,False,inpe_bdq_aqua_ref,False
2300200,Acaraú,CE,2004,11,18.0,1444.8000000000002,80.26666666666668,755.1,,,False,inpe_bdq_aqua_ref,False
2300200,Acaraú,CE,2004,12,100.0,8184.0,81.84,990.0,,,False,inpe_bdq_aqua_ref,False
2300200,Acaraú,CE,2005,1,7.0,167.10000000000002,23.871428571428574,82.4,,,False,inpe_bdq_aqua_ref,False
2300200,Acaraú,CE,2005,2,0.0,0.0,,,,,True,inpe_bdq_aqua_ref,False
2300200,Acaraú,CE,2005,3,0.0,0.0,,,,,True,inpe_bdq_aqua_ref,False
2300200,Acaraú,CE,2005,4,0.0,0.0,,,,,True,inpe_bdq_aqua_ref,False
2300200,Acaraú,CE,2005,5,0.0,0.0,,,,,True,inpe_bdq_aqua_ref,False
2300200,Acaraú,CE,2005,6,0.0,0.0,,,,,True,inpe_bdq_aqua_ref,False
2300200,Acaraú,CE,2005,7,0.0,0.0,,,,,True,inpe_bdq_aqua_ref,False
2300200,Acaraú,CE,2005,8,0.0,0.0,,,,,True,inpe_bdq_aqua_ref,False
2300200,Acaraú,CE,2005,9,1.0,45.3,45.3,45.3,,,False,inpe_bdq_aqua_ref,False
2300200,Acaraú,CE,2005,10,1.0,17.3,17.3,17.3,,,False,inpe_bdq_aqua_ref,False
2300200,Acaraú,CE,2005,11,7.0,287.8,41.114285714285714,78.7,,,False,inpe_bdq_aqua_ref,False
2300200,Acaraú,CE,2005,12,62.0,3610.1,58.22741935483871,487.4,,,False,inpe_bdq_aqua_ref,False
2300200,Acaraú,CE,2006,1,22.0,1264.6,57.48181818181818,343.3,,,False,inpe_bdq_aqua_ref,False
2300200,Acaraú,CE,2006,2,2.0,26.0,13.0,13.5,,,False,inpe_bdq_aqua_ref,False
2300200,Acaraú,CE,2006,3,0.0,0.0,,,,,True,inpe_bdq_aqua_ref,False
2300200,Acaraú,CE,2006,4,0.0,0.0,,,,,True,inpe_bdq_aqua_ref,False
2300200,Acaraú,CE,2006,5,0.0,0.0,,,,,True,inpe_bdq_aqua_ref,False
2300200,Acaraú,CE,2006,6,0.0,0.0,,,,,True,inpe_bdq_aqua_ref,False
2300200,Acaraú,CE,2006,7,0.0,0.0,,,,,True,inpe_bdq_aqua_ref,False
2300200,Acaraú,CE,2006,8,0.0,0.0,,,,,True,inpe_bdq_aqua_ref,False
2300200,Acaraú,CE,2006,9,3.0,108.30000000000001,36.1,77.2,,,False,inpe_bdq_aqua_ref,False
2300200,Acaraú,CE,2006,10,1.0,9.9,9.9,9.9,,,False,inpe_bdq_aqua_ref,False
2300200,Acaraú,CE,2006,11,6.0,916.5999999999999,152.76666666666665,348.3,,,False,inpe_bdq_aqua_ref,False
2300200,Acaraú,CE,2006,12,42.0,2944.9,70.11666666666667,578.3,,,False,inpe_bdq_aqua_ref,False
2300200,Acaraú,CE,2007,1,21.0,846.2,40.2952380952381,162.5,,,False,inpe_bdq_aqua_ref,False
2300200,Acaraú,CE,2007,2,0.0,0.0,,,,,True,inpe_bdq_aqua_ref,False
2300200,Acaraú,CE,2007,3,0.0,0.0,,,,,True,inpe_bdq_aqua_ref,False
2300200,Acaraú,CE,2007,4,0.0,0.0,,,,,True,inpe_bdq_aqua_ref,False
2300200,Acaraú,CE,2007,5,1.0,34.0,34.0,34.0,,,False,inpe_bdq_aqua_ref,False
2300200,Acaraú,CE,2007,6,0.0,0.0,,,,,True,inpe_bdq_aqua_ref,False
2300200,Acaraú,CE,2007,7,0.0,0.0,,,,,True,inpe_bdq_aqua_ref,False
2300200,Acaraú,CE,2007,8,1.0,18.6,18.6,18.6,,,False,inpe_bdq_aqua_ref,False
2300200,Acaraú,CE,2007,9,5.0,510.0,102.0,230.8,,,False,inpe_bdq_aqua_ref,False
2300200,Acaraú,CE,2007,10,1.0,10.8,10.8,10.8,,,False,inpe_bdq_aqua_ref,False
2300200,Acaraú,CE,2007,11,25.0,1881.4,75.256,467.6,,,False,inpe_bdq_aqua_ref,False
2300200,Acaraú,CE,2007,12,67.0,4088.4,61.02089552238806,626.2,,,False,inpe_bdq_aqua_ref,False
2300200,Acaraú,CE,2008,1,4.0,107.5,26.875,66.9,,,False,inpe_bdq_aqua_ref,False
2300200,Acaraú,CE,2008,2,0.0,0.0,,,,,True,inpe_bdq_aqua_ref,False
2300200,Acaraú,CE,2008,3,0.0,0.0,,,,,True,inpe_bdq_aqua_ref,False
2300200,Acaraú,CE,2008,4,0.0,0.0,,,,,True,inpe_bdq_aqua_ref,False
2300200,Acaraú,CE,2008,5,0.0,0.0,,,,,True,inpe_bdq_aqua_ref,False
2300200,Acaraú,CE,2008,6,0.0,0.0,,,,,True,inpe_bdq_aqua_ref,False
2300200,Acaraú,CE,2008,7,1.0,7.9,7.9,7.9,,,False,inpe_bdq_aqua_ref,False
2300200,Acaraú,CE,2008,8,0.0,0.0,,,,,True,inpe_bdq_aqua_ref,False
2300200,Acaraú,CE,2008,9,0.0,0.0,,,,,True,inpe_bdq_aqua_ref,False
2300200,Acaraú,CE,2008,10,2.0,286.20000000000005,143.10000000000002,166.3,,,False,inpe_bdq_aqua_ref,False
2300200,Acaraú,CE,2008,11,4.0,51.3,12.825,22.2,,,False,inpe_bdq_aqua_ref,False
2300200,Acaraú,CE,2008,12,60.0,3435.5,57.25833333333333,235.5,,,False,inpe_bdq_aqua_ref,False
2300200,Acaraú,CE,2009,1,12.0,276.4,23.03333333333333,38.4,,,False,inpe_bdq_aqua_ref,False
2300200,Acaraú,CE,2009,2,0.0,0.0,,,,,True,inpe_bdq_aqua_ref,False
2300200,Acaraú,CE,2009,3,0.0,0.0,,,,,True,inpe_bdq_aqua_ref,False
2300200,Acaraú,CE,2009,4,0.0,0.0,,,,,True,inpe_bdq_aqua_ref,False
2300200,Acaraú,CE,2009,5,0.0,0.0,,,,,True,inpe_bdq_aqua_ref,False
2300200,Acaraú,CE,2009,6,0.0,0.0,,,,,True,inpe_bdq_aqua_ref,False
2300200,Acaraú,CE,2009,7,2.0,63.7,31.85,33.7,,,False,inpe_bdq_aqua_ref,False
2300200,Acaraú,CE,2009,8,5.0,126.1,25.22,46.7,,,False,inpe_bdq_aqua_ref,False
2300200,Acaraú,CE,2009,9,3.0,65.7,21.900000000000002,31.8,,,False,inpe_bdq_aqua_ref,False
2300200,Acaraú,CE,2009,10,0.0,0.0,,,,,True,inpe_bdq_aqua_ref,False
2300200,Acaraú,CE,2009,11,6.0,207.9,34.65,85.8,,,False,inpe_bdq_aqua_ref,False
2300200,Acaraú,CE,2009,12,36.0,2512.2,69.78333333333333,407.6,,,False,inpe_bdq_aqua_ref,False
2300200,Acaraú,CE,2010,1,1.0,24.6,24.6,24.6,,,False,inpe_bdq_aqua_ref,False
2300200,Acaraú,CE,2010,2,0.0,0.0,,,,,True,inpe_bdq_aqua_ref,False
2300200,Acaraú,CE,2010,3,8.0,433.0,54.125,140.0,,,False,inpe_bdq_aqua_ref,False
2300200,Acaraú,CE,2010,4,0.0,0.0,,,,,True,inpe_bdq_aqua_ref,False
2300200,Acaraú,CE,2010,5,0.0,0.0,,,,,True,inpe_bdq_aqua_ref,False
2300200,Acaraú,CE,2010,6,0.0,0.0,,,,,True,inpe_bdq_aqua_ref,False
2300200,Acaraú,CE,2010,7,3.0,21.1,7.033333333333334,8.1,,,False,inpe_bdq_aqua_ref,False
2300200,Acaraú,CE,2010,8,2.0,21.700000000000003,10.850000000000001,13.8,,,False,inpe_bdq_aqua_ref,False
2300200,Acaraú,CE,2010,9,2.0,333.40000000000003,166.70000000000002,320.6,,,False,inpe_bdq_aqua_ref,False
2300200,Acaraú,CE,2010,10,1.0,8.3,8.3,8.3,,,False,inpe_bdq_aqua_ref,False
2300200,Acaraú,CE,2010,11,19.0,1180.6,62.136842105263156,466.2,,,False,inpe_bdq_aqua_ref,False
2300200,Acaraú,CE,2010,12,34.0,2886.0,84.88235294117646,436.6,,,False,inpe_bdq_aqua_ref,False
2300200,Acaraú,CE,2011,1,0.0,0.0,,,,,True,inpe_bdq_aqua_ref,False
2300200,Acaraú,CE,2011,2,1.0,42.3,42.3,42.3,,,False,inpe_bdq_aqua_ref,False
2300200,Acaraú,CE,2011,3,0.0,0.0,,,,,True,inpe_bdq_aqua_ref,False
2300200,Acaraú,CE,2011,4,0.0,0.0,,,,,True,inpe_bdq_aqua_ref,False
2300200,Acaraú,CE,2011,5,0.0,0.0,,,,,True,inpe_bdq_aqua_ref,False
2300200,Acaraú,CE,2011,6,0.0,0.0,,,,,True,inpe_bdq_aqua_ref,False
2300200,Acaraú,CE,2011,7,6.0,728.9,121.48333333333333,353.7,,,False,inpe_bdq_aqua_ref,False
2300200,Acaraú,CE,2011,8,3.0,36.4,12.133333333333333,15.7,,,False,inpe_bdq_aqua_ref,False
2300200,Acaraú,CE,2011,9,4.0,129.0,32.25,50.5,,,False,inpe_bdq_aqua_ref,False
2300200,Acaraú,CE,2011,10,8.0,375.6,46.95,140.4,,,False,inpe_bdq_aqua_ref,False
2300200,Acaraú,CE,2011,11,8.0,296.9,37.1125,89.3,,,False,inpe_bdq_aqua_ref,False
2300200,Acaraú,CE,2011,12,37.0,2325.7,62.85675675675675,245.3,,,False,inpe_bdq_aqua_ref,False
2300200,Acaraú,CE,2012,1,11.0,532.2,48.38181818181818,109.5,,,False,inpe_bdq_aqua_ref,False
2300200,Acaraú,CE,2012,2,1.0,202.8,202.8,202.8,,,False,inpe_bdq_aqua_ref,False
2300200,Acaraú,CE,2012,3,1.0,33.2,33.2,33.2,,,False,inpe_bdq_aqua_ref,False
2300200,Acaraú,CE,2012,4,0.0,0.0,,,,,True,inpe_bdq_aqua_ref,False
2300200,Acaraú,CE,2012,5,0.0,0.0,,,,,True,inpe_bdq_aqua_ref,False
2300200,Acaraú,CE,2012,6,4.0,571.1,142.775,451.5,,,False,inpe_bdq_aqua_ref,False
2300200,Acaraú,CE,2012,7,3.0,69.2,23.066666666666666,25.8,,,False,inpe_bdq_aqua_ref,False
2300200,Acaraú,CE,2012,8,2.0,14.5,7.25,7.7,,,False,inpe_bdq_aqua_ref,False
2300200,Acaraú,CE,2012,9,0.0,0.0,,,,,True,inpe_bdq_aqua_ref,False
2300200,Acaraú,CE,2012,10,1.0,53.2,53.2,53.2,,,False,inpe_bdq_aqua_ref,False
2300200,Acaraú,CE,2012,11,11.0,908.0,82.54545454545455,169.2,,,False,inpe_bdq_aqua_ref,False
2300200,Acaraú,CE,2012,12,30.0,1844.5,61.483333333333334,256.3,,,False,inpe_bdq_aqua_ref,False
2300200,Acaraú,CE,2013,1,1.0,24.0,24.0,24.0,,,False,inpe_bdq_aqua_ref,False
2300200,Acaraú,CE,2013,2,0.0,0.0,,,,,True,inpe_bdq_aqua_ref,False
2300200,Acaraú,CE,2013,3,0.0,0.0,,,,,True,inpe_bdq_aqua_ref,False
2300200,Acaraú,CE,2013,4,0.0,0.0,,,,,True,inpe_bdq_aqua_ref,False
2300200,Acaraú,CE,2013,5,0.0,0.0,,,,,True,inpe_bdq_aqua_ref,False
2300200,Acaraú,CE,2013,6,0.0,0.0,,,,,True,inpe_bdq_aqua_ref,False
2300200,Acaraú,CE,2013,7,0.0,0.0,,,,,True,inpe_bdq_aqua_ref,False
2300200,Acaraú,CE,2013,8,0.0,0.0,,,,,True,inpe_bdq_aqua_ref,False
2300200,Acaraú,CE,2013,9,2.0,50.3,25.15,40.0,,,False,inpe_bdq_aqua_ref,False
2300200,Acaraú,CE,2013,10,0.0,0.0,,,,,True,inpe_bdq_aqua_ref,False
2300200,Acaraú,CE,2013,11,6.0,72.7,12.116666666666667,24.9,,,False,inpe_bdq_aqua_ref,False
2300200,Acaraú,CE,2013,12,37.0,2102.7,56.82972972972973,226.8,,,False,inpe_bdq_aqua_ref,False
2300200,Acaraú,CE,2014,1,6.0,212.6,35.43333333333333,92.1,0.8833333333333333,-495.6666666666667,False,inpe_bdq_aqua_ref,False
2300200,Acaraú,CE,2014,2,1.0,28.6,28.6,28.6,1.0,-999.0,False,inpe_bdq_aqua_ref,False
2300200,Acaraú,CE,2014,3,1.0,48.2,48.2,48.2,0.6,4.0,False,inpe_bdq_aqua_ref,False
2300200,Acaraú,CE,2014,4,0.0,0.0,,,,,True,inpe_bdq_aqua_ref,False
2300200,Acaraú,CE,2014,5,0.0,0.0,,,,,True,inpe_bdq_aqua_ref,False
2300200,Acaraú,CE,2014,6,0.0,0.0,,,,,True,inpe_bdq_aqua_ref,False
2300200,Acaraú,CE,2014,7,0.0,0.0,,,,,True,inpe_bdq_aqua_ref,False
2300200,Acaraú,CE,2014,8,0.0,0.0,,,,,True,inpe_bdq_aqua_ref,False
2300200,Acaraú,CE,2014,9,2.0,86.1,43.05,58.0,1.0,-999.0,False,inpe_bdq_aqua_ref,False
2300200,Acaraú,CE,2014,10,0.0,0.0,,,,,True,inpe_bdq_aqua_ref,False
2300200,Acaraú,CE,2014,11,6.0,171.5,28.583333333333332,52.0,1.0,-497.8333333333333,False,inpe_bdq_aqua_ref,False
2300200,Acaraú,CE,2014,12,16.0,502.9,31.43125,77.7,1.0,-548.0,False,inpe_bdq_aqua_ref,False
2300200,Acaraú,CE,2015,1,6.0,246.4,41.06666666666667,101.2,1.0,-664.8333333333334,False,inpe_bdq_aqua_ref,False
2300200,Acaraú,CE,2015,2,1.0,15.5,15.5,15.5,1.0,-999.0,False,inpe_bdq_aqua_ref,False
2300200,Acaraú,CE,2015,3,0.0,0.0,,,,,True,inpe_bdq_aqua_ref,False
2300200,Acaraú,CE,2015,4,0.0,0.0,,,,,True,inpe_bdq_aqua_ref,False
2300200,Acaraú,CE,2015,5,0.0,0.0,,,,,True,inpe_bdq_aqua_ref,False
2300200,Acaraú,CE,2015,6,0.0,0.0,,,,,True,inpe_bdq_aqua_ref,False
2300200,Acaraú,CE,2015,7,0.0,0.0,,,,,True,inpe_bdq_aqua_ref,False
2300200,Acaraú,CE,2015,8,0.0,0.0,,,,,True,inpe_bdq_aqua_ref,False
2300200,Acaraú,CE,2015,9,1.0,105.4,105.4,105.4,1.0,82.0,False,inpe_bdq_aqua_ref,False
2300200,Acaraú,CE,2015,10,5.0,142.39999999999998,28.479999999999997,43.4,1.0,-335.8,False,inpe_bdq_aqua_ref,False
2300200,Acaraú,CE,2015,11,5.0,127.6,25.52,36.9,1.0,-999.0,False,inpe_bdq_aqua_ref,False
2300200,Acaraú,CE,2015,12,5.0,107.0,21.4,48.1,1.0,-592.6,False,inpe_bdq_aqua_ref,False
2300200,Acaraú,CE,2016,1,2.0,89.89999999999999,44.949999999999996,74.6,1.0,-999.0,False,inpe_bdq_aqua_ref,False
2300200,Acaraú,CE,2016,2,0.0,0.0,,,,,True,inpe_bdq_aqua_ref,False
2300200,Acaraú,CE,2016,3,0.0,0.0,,,,,True,inpe_bdq_aqua_ref,False
2300200,Acaraú,CE,2016,4,0.0,0.0,,,,,True,inpe_bdq_aqua_ref,False
2300200,Acaraú,CE,2016,5,0.0,0.0,,,,,True,inpe_bdq_aqua_ref,False
2300200,Acaraú,CE,2016,6,0.0,0.0,,,,,True,inpe_bdq_aqua_ref,False
2300200,Acaraú,CE,2016,7,0.0,0.0,,,,,True,inpe_bdq_aqua_ref,False
2300200,Acaraú,CE,2016,8,0.0,0.0,,,,,True,inpe_bdq_aqua_ref,False
2300200,Acaraú,CE,2016,9,0.0,0.0,,,,,True,inpe_bdq_aqua_ref,False
2300200,Acaraú,CE,2016,10,3.0,79.0,26.333333333333332,40.7,1.0,-999.0,False,inpe_bdq_aqua_ref,False
2300200,Acaraú,CE,2016,11,7.0,193.9,27.7,53.9,1.0,-395.42857142857144,False,inpe_bdq_aqua_ref,False
2300200,Acaraú,CE,2016,12,15.0,643.4,42.89333333333333,97.1,0.98,-643.2,False,inpe_bdq_aqua_ref,False
2300200,Acaraú,CE,2017,1,2.0,88.4,44.2,53.5,0.9,0.0,False,inpe_bdq_aqua_ref,False
2300200,Acaraú,CE,2017,2,0.0,0.0,,,,,True,inpe_bdq_aqua_ref,False
2300200,Acaraú,CE,2017,3,1.0,13.7,13.7,13.7,0.6,0.0,False,inpe_bdq_aqua_ref,False
2300200,Acaraú,CE,2017,4,0.0,0.0,,,,,True,inpe_bdq_aqua_ref,False
2300200,Acaraú,CE,2017,5,0.0,0.0,,,,,True,inpe_bdq_aqua_ref,False
2300200,Acaraú,CE,2017,6,0.0,0.0,,,,,True,inpe_bdq_aqua_ref,False
2300200,Acaraú,CE,2017,7,4.0,119.7,29.925,32.5,0.95,0.0,False,inpe_bdq_aqua_ref,False
2300200,Acaraú,CE,2017,8,0.0,0.0,,,,,True,inpe_bdq_aqua_ref,False
2300200,Acaraú,CE,2017,9,5.0,114.9,22.98,67.2,1.0,0.0,False,inpe_bdq_aqua_ref,False
2300200,Acaraú,CE,2017,10,5.0,186.7,37.339999999999996,71.3,1.0,0.0,False,inpe_bdq_aqua_ref,False
2300200,Acaraú,CE,2017,11,11.0,557.7,50.7,204.8,1.0,0.0,False,inpe_bdq_aqua_ref,False
2300200,Acaraú,CE,2017,12,44.0,3305.0,75.11363636363636,571.0,0.9681818181818183,0.0,False,inpe_bdq_aqua_ref,False
2300200,Acaraú,CE,2018,1,1.0,12.8,12.8,12.8,0.8,0.0,False,inpe_bdq_aqua_ref,False
2300200,Acaraú,CE,2018,2,0.0,0.0,,,,,True,inpe_bdq_aqua_ref,False
2300200,Acaraú,CE,2018,3,0.0,0.0,,,,,True,inpe_bdq_aqua_ref,False
2300200,Acaraú,CE,2018,4,0.0,0.0,,,,,True,inpe_bdq_aqua_ref,False
2300200,Acaraú,CE,2018,5,0.0,0.0,,,,,True,inpe_bdq_aqua_ref,False
2300200,Acaraú,CE,2018,6,0.0,0.0,,,,,True,inpe_bdq_aqua_ref,False
2300200,Acaraú,CE,2018,7,0.0,0.0,,,,,True,inpe_bdq_aqua_ref,False
2300200,Acaraú,CE,2018,8,5.0,186.8,37.36,139.0,1.0,-376.6,False,inpe_bdq_aqua_ref,False
2300200,Acaraú,CE,2018,9,2.0,26.8,13.4,18.5,1.0,74.0,False,inpe_bdq_aqua_ref,False
2300200,Acaraú,CE,2018,10,0.0,0.0,,,,,True,inpe_bdq_aqua_ref,False
2300200,Acaraú,CE,2018,11,0.0,0.0,,,,,True,inpe_bdq_aqua_ref,False
2300200,Acaraú,CE,2018,12,12.0,628.9,52.40833333333333,200.3,0.7666666666666666,-999.0,False,inpe_bdq_aqua_ref,False
2300200,Acaraú,CE,2019,1,0.0,0.0,,,,,True,inpe_bdq_aqua_ref,False
2300200,Acaraú,CE,2019,2,0.0,0.0,,,,,True,inpe_bdq_aqua_ref,False
2300200,Acaraú,CE,2019,3,0.0,0.0,,,,,True,inpe_bdq_aqua_ref,False
2300200,Acaraú,CE,2019,4,0.0,0.0,,,,,True,inpe_bdq_aqua_ref,False
2300200,Acaraú,CE,2019,5,0.0,0.0,,,,,True,inpe_bdq_aqua_ref,False
2300200,Acaraú,CE,2019,6,0.0,0.0,,,,,True,inpe_bdq_aqua_ref,False
2300200,Acaraú,CE,2019,7,0.0,0.0,,,,,True,inpe_bdq_aqua_ref,False
2300200,Acaraú,CE,2019,8,4.0,209.89999999999998,52.474999999999994,149.6,0.975,23.25,False,inpe_bdq_aqua_ref,False
2300200,Acaraú,CE,2019,9,0.0,0.0,,,,,True,inpe_bdq_aqua_ref,False
2300200,Acaraú,CE,2019,10,0.0,0.0,,,,,True,inpe_bdq_aqua_ref,False
2300200,Acaraú,CE,2019,11,5.0,141.3,28.26,40.3,1.0,-551.4,False,inpe_bdq_aqua_ref,False
2300200,Acaraú,CE,2019,12,7.0,571.5999999999999,81.65714285714284,229.2,0.9857142857142858,-712.4285714285714,False,inpe_bdq_aqua_ref,False
2300200,Acaraú,CE,2020,1,0.0,0.0,,,,,True,inpe_bdq_aqua_ref,False
2300200,Acaraú,CE,2020,2,0.0,0.0,,,,,True,inpe_bdq_aqua_ref,False
2300200,Acaraú,CE,2020,3,0.0,0.0,,,,,True,inpe_bdq_aqua_ref,False
2300200,Acaraú,CE,2020,4,0.0,0.0,,,,,True,inpe_bdq_aqua_ref,False
2300200,Acaraú,CE,2020,5,0.0,0.0,,,,,True,inpe_bdq_aqua_ref,False
2300200,Acaraú,CE,2020,6,0.0,0.0,,,,,True,inpe_bdq_aqua_ref,False
2300200,Acaraú,CE,2020,7,3.0,51.0,17.0,29.1,0.9333333333333332,-659.3333333333334,False,inpe_bdq_aqua_ref,False
2300200,Acaraú,CE,2020,8,0.0,0.0,,,,,True,inpe_bdq_aqua_ref,False
2300200,Acaraú,CE,2020,9,1.0,7.8,7.8,7.8,1.0,-999.0,False,inpe_bdq_aqua_ref,False
2300200,Acaraú,CE,2020,10,0.0,0.0,,,,,True,inpe_bdq_aqua_ref,False
2300200,Acaraú,CE,2020,11,2.0,119.0,59.5,80.8,1.0,-999.0,False,inpe_bdq_aqua_ref,False
2300200,Acaraú,CE,2020,12,4.0,106.5,26.625,64.9,0.875,-999.0,False,inpe_bdq_aqua_ref,False
2300200,Acaraú,CE,2021,1,1.0,30.7,30.7,30.7,1.0,28.0,False,inpe_bdq_aqua_ref,False
2300200,Acaraú,CE,2021,2,4.0,81.5,20.375,33.2,0.575,-999.0,False,inpe_bdq_aqua_ref,False
2300200,Acaraú,CE,2021,3,0.0,0.0,,,,,True,inpe_bdq_aqua_ref,False
2300200,Acaraú,CE,2021,4,0.0,0.0,,,,,True,inpe_bdq_aqua_ref,False
2300200,Acaraú,CE,2021,5,1.0,7.0,7.0,7.0,0.8,7.0,False,inpe_bdq_aqua_ref,False
2300200,Acaraú,CE,2021,6,0.0,0.0,,,,,True,inpe_bdq_aqua_ref,False
2300200,Acaraú,CE,2021,7,2.0,32.8,16.4,22.6,0.8,16.0,False,inpe_bdq_aqua_ref,False
2300200,Acaraú,CE,2021,8,6.0,275.7,45.949999999999996,100.7,0.9500000000000001,-415.3333333333333,False,inpe_bdq_aqua_ref,False
2300200,Acaraú,CE,2021,9,1.0,19.0,19.0,19.0,0.9,-999.0,False,inpe_bdq_aqua_ref,False
2300200,Acaraú,CE,2021,10,0.0,0.0,,,,,True,inpe_bdq_aqua_ref,False
2300200,Acaraú,CE,2021,11,9.0,466.70000000000005,51.85555555555556,163.9,1.0,-887.0,False,inpe_bdq_aqua_ref,False
2300200,Acaraú,CE,2021,12,1.0,9.5,9.5,9.5,1.0,15.0,False,inpe_bdq_aqua_ref,False
2300200,Acaraú,CE,2022,1,0.0,0.0,,,,,True,inpe_bdq_aqua_ref,False
2300200,Acaraú,CE,2022,2,1.0,11.3,11.3,11.3,0.4,3.0,False,inpe_bdq_aqua_ref,False
2300200,Acaraú,CE,2022,3,0.0,0.0,,,,,True,inpe_bdq_aqua_ref,False
2300200,Acaraú,CE,2022,4,0.0,0.0,,,,,True,inpe_bdq_aqua_ref,False
2300200,Acaraú,CE,2022,5,0.0,0.0,,,,,True,inpe_bdq_aqua_ref,False
2300200,Acaraú,CE,2022,6,1.0,12.7,12.7,12.7,0.57,-999.0,False,inpe_bdq_aqua_ref,False
2300200,Acaraú,CE,2022,7,0.0,0.0,,,,,True,inpe_bdq_aqua_ref,False
2300200,Acaraú,CE,2022,8,1.0,24.1,24.1,24.1,0.96,23.0,False,inpe_bdq_aqua_ref,False
2300200,Acaraú,CE,2022,9,1.0,9.7,9.7,9.7,1.0,25.0,False,inpe_bdq_aqua_ref,False
2300200,Acaraú,CE,2022,10,2.0,24.700000000000003,12.350000000000001,19.6,0.9550000000000001,-999.0,False,inpe_bdq_aqua_ref,False
2300200,Acaraú,CE,2022,11,1.0,6.9,6.9,6.9,1.0,-999.0,False,inpe_bdq_aqua_ref,False
2300200,Acaraú,CE,2022,12,4.0,59.4,14.85,21.6,0.815,-999.0,False,inpe_bdq_aqua_ref,False
2300200,Acaraú,CE,2023,1,0.0,0.0,,,,,True,inpe_bdq_aqua_ref,False
2300200,Acaraú,CE,2023,2,0.0,0.0,,,,,True,inpe_bdq_aqua_ref,False
2300200,Acaraú,CE,2023,3,0.0,0.0,,,,,True,inpe_bdq_aqua_ref,False
2300200,Acaraú,CE,2023,4,0.0,0.0,,,,,True,inpe_bdq_aqua_ref,False
2300200,Acaraú,CE,2023,5,0.0,0.0,,,,,True,inpe_bdq_aqua_ref,False
2300200,Acaraú,CE,2023,6,0.0,0.0,,,,,True,inpe_bdq_aqua_ref,False
2300200,Acaraú,CE,2023,7,1.0,8.1,8.1,8.1,0.58,-999.0,False,inpe_bdq_aqua_ref,False
2300200,Acaraú,CE,2023,8,5.0,134.6,26.919999999999998,91.4,0.932,-792.0,False,inpe_bdq_aqua_ref,False
2300200,Acaraú,CE,2023,9,1.0,9.5,9.5,9.5,1.0,-999.0,False,inpe_bdq_aqua_ref,False
2300200,Acaraú,CE,2023,10,2.0,25.7,12.85,13.7,1.0,-449.0,False,inpe_bdq_aqua_ref,False
2300200,Acaraú,CE,2023,11,9.0,402.3,44.7,189.3,1.0,-773.4444444444445,False,inpe_bdq_aqua_ref,False
2300200,Acaraú,CE,2023,12,27.0,1503.3,55.67777777777778,222.2,0.8448148148148148,-849.8518518518518,False,inpe_bdq_aqua_ref,False
2300200,Acaraú,CE,2024,1,5.0,98.6,19.72,32.9,0.8,-595.8,False,inpe_bdq_aqua_ref,False
2300200,Acaraú,CE,2024,2,0.0,0.0,,,,,True,inpe_bdq_aqua_ref,False
2300200,Acaraú,CE,2024,3,0.0,0.0,,,,,True,inpe_bdq_aqua_ref,False
2300200,Acaraú,CE,2024,4,0.0,0.0,,,,,True,inpe_bdq_aqua_ref,False
2300200,Acaraú,CE,2024,5,0.0,0.0,,,,,True,inpe_bdq_aqua_ref,False
2300200,Acaraú,CE,2024,6,0.0,0.0,,,,,True,inpe_bdq_aqua_ref,False
2300200,Acaraú,CE,2024,7,1.0,12.7,12.7,12.7,0.25,8.0,False,inpe_bdq_aqua_ref,False
2300200,Acaraú,CE,2024,8,1.0,6.5,6.5,6.5,0.84,-999.0,False,inpe_bdq_aqua_ref,False
2300200,Acaraú,CE,2024,9,2.0,30.1,15.05,16.1,1.0,-999.0,False,inpe_bdq_aqua_ref,False
2300200,Acaraú,CE,2024,10,0.0,0.0,,,,,True,inpe_bdq_aqua_ref,False
2300200,Acaraú,CE,2024,11,2.0,87.2,43.6,59.2,1.0,24.0,False,inpe_bdq_aqua_ref,False
2300200,Acaraú,CE,2024,12,19.0,815.8,42.93684210526315,211.7,0.8978947368421052,-679.8421052631579,False,inpe_bdq_aqua_ref,False
2300606,Altaneira,CE,2025,1,2.0,26.4,13.2,14.9,1.0,5.5,False,inpe_bdq_aqua_ref,False
2300606,Altaneira,CE,2025,2,0.0,0.0,,,,,True,inpe_bdq_aqua_ref,False
2300606,Altaneira,CE,2025,3,0.0,0.0,,,,,True,inpe_bdq_aqua_ref,False
2300606,Altaneira,CE,2025,4,0.0,0.0,,,,,True,inpe_bdq_aqua_ref,False
2300606,Altaneira,CE,2025,5,0.0,0.0,,,,,True,inpe_bdq_aqua_ref,False
2300606,Altaneira,CE,2025,6,0.0,0.0,,,,,True,inpe_bdq_aqua_ref,False
2300606,Altaneira,CE,2025,7,0.0,0.0,,,,,True,inpe_bdq_aqua_ref,False
2300606,Altaneira,CE,2025,8,0.0,0.0,,,,,True,inpe_bdq_aqua_ref,False
2300606,Altaneira,CE,2025,9,0.0,0.0,,,,,True,inpe_bdq_aqua_ref,False
2300606,Altaneira,CE,2025,10,5.0,97.2,19.44,31.9,1.0,22.6,False,inpe_bdq_aqua_ref,False
2300804,Antonina do Norte,CE,2025,2,2.0,44.5,22.25,30.5,0.255,2.0,False,inpe_bdq_aqua_ref,False
2300804,Antonina do Norte,CE,2025,3,0.0,0.0,,,,,True,inpe_bdq_aqua_ref,False
2300804,Antonina do Norte,CE,2025,4,0.0,0.0,,,,,True,inpe_bdq_aqua_ref,False
2300804,Antonina do Norte,CE,2025,5,0.0,0.0,,,,,True,inpe_bdq_aqua_ref,False
2300804,Antonina do Norte,CE,2025,6,1.0,13.7,13.7,13.7,1.0,23.0,False,inpe_bdq_aqua_ref,False
2300804,Antonina do Norte,CE,2025,7,0.0,0.0,,,,,True,inpe_bdq_aqua_ref,False
2300804,Antonina do Norte,CE,2025,8,0.0,0.0,,,,,True,inpe_bdq_aqua_ref,False
2300804,Antonina do Norte,CE,2025,9,0.0,0.0,,,,,True,inpe_bdq_aqua_ref,False
2300804,Antonina do Norte,CE,2025,10,0.0,0.0,,,,,True,inpe_bdq_aqua_ref,False
2301307,Araripe,CE,2002,8,2.0,48.2,24.1,29.5,,,False,inpe_bdq_legacy,False
2301307,Araripe,CE,2002,9,5.0,308.7,61.739999999999995,94.8,,,False,inpe_bdq_legacy,False
2301307,Araripe,CE,2002,10,23.0,1297.3,56.404347826086955,254.9,,,False,inpe_bdq_legacy,False
2301307,Araripe,CE,2002,11,11.0,1264.0,114.9090909090909,315.5,,,False,inpe_bdq_legacy,False
2301307,Araripe,CE,2002,12,4.0,392.1,98.025,161.1,,,False,inpe_bdq_legacy,False
2301307,Araripe,CE,2003,1,0.0,0.0,,,,,True,inpe_bdq_legacy,False
2301307,Araripe,CE,2003,2,0.0,0.0,,,,,True,inpe_bdq_legacy,False
2301307,Araripe,CE,2003,3,0.0,0.0,,,,,True,inpe_bdq_legacy,False
2301307,Araripe,CE,2003,4,0.0,0.0,,,,,True,inpe_bdq_legacy,False
2301307,Araripe,CE,2003,5,0.0,0.0,,,,,True,inpe_bdq_legacy,False
2301307,Araripe,CE,2003,6,0.0,0.0,,,,,True,inpe_bdq_legacy,False
2301307,Araripe,CE,2003,7,0.0,0.0,,,,,True,inpe_bdq_legacy,False
2301307,Araripe,CE,2003,8,2.0,302.1,151.05,154.8,,,False,inpe_bdq_legacy,False
2301307,Araripe,CE,2003,9,15.0,1016.9,67.79333333333334,227.8,,,False,inpe_bdq_legacy,False
2301307,Araripe,CE,2003,10,33.0,6316.7,191.4151515151515,1514.5,,,False,inpe_bdq_legacy,False
2301307,Araripe,CE,2003,11,15.0,1211.3,80.75333333333333,343.3,,,False,inpe_bdq_legacy,False
2301307,Araripe,CE,2003,12,6.0,155.0,25.833333333333332,50.7,,,False,inpe_bdq_legacy,False
2301307,Araripe,CE,2004,1,0.0,0.0,,,,,True,inpe_bdq_legacy,False
2301307,Araripe,CE,2004,2,0.0,0.0,,,,,True,inpe_bdq_legacy,False
2301307,Araripe,CE,2004,3,0.0,0.0,,,,,True,inpe_bdq_legacy,False
2301307,Araripe,CE,2004,4,0.0,0.0,,,,,True,inpe_bdq_legacy,False
2301307,Araripe,CE,2004,5,0.0,0.0,,,,,True,inpe_bdq_legacy,False
2301307,Araripe,CE,2004,6,0.0,0.0,,,,,True,inpe_bdq_legacy,False
2301307,Araripe,CE,2004,7,0.0,0.0,,,,,True,inpe_bdq_legacy,False
2301307,Araripe,CE,2004,8,0.0,0.0,,,,,True,inpe_bdq_legacy,False
2301307,Araripe,CE,2004,9,10.0,2233.7,223.36999999999998,368.9,,,False,inpe_bdq_legacy,False
2301307,Araripe,CE,2004,10,10.0,1123.0,112.3,611.7,,,False,inpe_bdq_legacy,False
2301307,Araripe,CE,2004,11,26.0,3240.5,124.63461538461539,404.0,,,False,inpe_bdq_legacy,False
2301307,Araripe,CE,2004,12,10.0,447.3,44.730000000000004,199.4,,,False,inpe_bdq_legacy,False
2301307,Araripe,CE,2005,1,1.0,10.9,10.9,10.9,,,False,inpe_bdq_legacy,False
2301307,Araripe,CE,2005,2,0.0,0.0,,,,,True,inpe_bdq_legacy,False
2301307,Araripe,CE,2005,3,0.0,0.0,,,,,True,inpe_bdq_legacy,False
2301307,Araripe,CE,2005,4,0.0,0.0,,,,,True,inpe_bdq_legacy,False
2301307,Araripe,CE,2005,5,0.0,0.0,,,,,True,inpe_bdq_legacy,False
2301307,Araripe,CE,2005,6,0.0,0.0,,,,,True,inpe_bdq_legacy,False
2301307,Araripe,CE,2005,7,0.0,0.0,,,,,True,inpe_bdq_legacy,False
2301307,Araripe,CE,2005,8,0.0,0.0,,,,,True,inpe_bdq_legacy,False
2301307,Araripe,CE,2005,9,1.0,23.4,23.4,23.4,,,False,inpe_bdq_legacy,False
2301307,Araripe,CE,2005,10,12.0,3703.7,308.64166666666665,2162.0,,,False,inpe_bdq_legacy,False
2301307,Araripe,CE,2005,11,14.0,1164.6,83.18571428571428,425.5,,,False,inpe_bdq_legacy,False
2301307,Araripe,CE,2005,12,13.0,457.5,35.19230769230769,95.9,,,False,inpe_bdq_legacy,False
2301307,Araripe,CE,2006,1,0.0,0.0,,,,,True,inpe_bdq_legacy,False
2301307,Araripe,CE,2006,2,1.0,13.3,13.3,13.3,,,False,inpe_bdq_legacy,False
2301307,Araripe,CE,2006,3,0.0,0.0,,,,,True,inpe_bdq_legacy,False
2301307,Araripe,CE,2006,4,0.0,0.0,,,,,True,inpe_bdq_legacy,False
2301307,Araripe,CE,2006,5,0.0,0.0,,,,,True,inpe_bdq_legacy,False
2301307,Araripe,CE,2006,6,0.0,0.0,,,,,True,inpe_bdq_legacy,False
2301307,Araripe,CE,2006,7,0.0,0.0,,,,,True,inpe_bdq_legacy,False
2301307,Araripe,CE,2006,8,0.0,0.0,,,,,True,inpe_bdq_legacy,False
2301307,Araripe,CE,2006,9,0.0,0.0,,,,,True,inpe_bdq_legacy,False
2301307,Araripe,CE,2006,10,2.0,59.2,29.6,49.6,,,False,inpe_bdq_legacy,False
2301307,Araripe,CE,2006,11,27.0,4007.6,148.42962962962963,737.7,,,False,inpe_bdq_legacy,False
2301307,Araripe,CE,2006,12,15.0,1140.3,76.02,382.5,,,False,inpe_bdq_legacy,False
2301307,Araripe,CE,2007,1,0.0,0.0,,,,,True,inpe_bdq_legacy,False
2301307,Araripe,CE,2007,2,0.0,0.0,,,,,True,inpe_bdq_legacy,False
2301307,Araripe,CE,2007,3,0.0,0.0,,,,,True,inpe_bdq_legacy,False
2301307,Araripe,CE,2007,4,0.0,0.0,,,,,True,inpe_bdq_legacy,False
2301307,Araripe,CE,2007,5,0.0,0.0,,,,,True,inpe_bdq_legacy,False
2301307,Araripe,CE,2007,6,0.0,0.0,,,,,True,inpe_bdq_legacy,False
2301307,Araripe,CE,2007,7,1.0,12.8,12.8,12.8,,,False,inpe_bdq_legacy,False
2301307,Araripe,CE,2007,8,0.0,0.0,,,,,True,inpe_bdq_legacy,False
2301307,Araripe,CE,2007,9,13.0,1501.1,115.46923076923076,243.4,,,False,inpe_bdq_legacy,False
2301307,Araripe,CE,2007,10,14.0,1240.0,88.57142857142857,317.5,,,False,inpe_bdq_legacy,False
2301307,Araripe,CE,2007,11,17.0,1532.8,90.16470588235293,209.0,,,False,inpe_bdq_legacy,False
2301307,Araripe,CE,2007,12,3.0,94.50000000000001,31.500000000000004,66.4,,,False,inpe_bdq_legacy,False
2301307,Araripe,CE,2008,1,3.0,70.6,23.53333333333333,32.8,,,False,inpe_bdq_legacy,False
2301307,Araripe,CE,2008,2,0.0,0.0,,,,,True,inpe_bdq_legacy,False
2301307,Araripe,CE,2008,3,0.0,0.0,,,,,True,inpe_bdq_legacy,False
2301307,Araripe,CE,2008,4,0.0,0.0,,,,,True,inpe_bdq_legacy,False
2301307,Araripe,CE,2008,5,0.0,0.0,,,,,True,inpe_bdq_legacy,False
2301307,Araripe,CE,2008,6,0.0,0.0,,,,,True,inpe_bdq_legacy,False
2301307,Araripe,CE,2008,7,0.0,0.0,,,,,True,inpe_bdq_legacy,False
2301307,Araripe,CE,2008,8,0.0,0.0,,,,,True,inpe_bdq_legacy,False
2301307,Araripe,CE,2008,9,0.0,0.0,,,,,True,inpe_bdq_legacy,False
2301307,Araripe,CE,2008,10,4.0,277.7,69.425,114.1,,,False,inpe_bdq_legacy,False
2301307,Araripe,CE,2008,11,27.0,2120.2,78.52592592592592,403.9,,,False,inpe_bdq_legacy,False
2301307,Araripe,CE,2008,12,12.0,701.9,58.49166666666667,121.1,,,False,inpe_bdq_legacy,False
2301307,Araripe,CE,2009,1,2.0,52.2,26.1,41.2,,,False,inpe_bdq_legacy,False
2301307,Araripe,CE,2009,2,0.0,0.0,,,,,True,inpe_bdq_legacy,False
2301307,Araripe,CE,2009,3,0.0,0.0,,,,,True,inpe_bdq_legacy,False
2301307,Araripe,CE,2009,4,0.0,0.0,,,,,True,inpe_bdq_legacy,False
2301307,Araripe,CE,2009,5,0.0,0.0,,,,,True,inpe_bdq_legacy,False
2301307,Araripe,CE,2009,6,0.0,0.0,,,,,True,inpe_bdq_legacy,False
2301307,Araripe,CE,2009,7,0.0,0.0,,,,,True,inpe_bdq_legacy,False
2301307,Araripe,CE,2009,8,1.0,10.1,10.1,10.1,,,False,inpe_bdq_legacy,False
2301307,Araripe,CE,2009,9,0.0,0.0,,,,,True,inpe_bdq_legacy,False
2301307,Araripe,CE,2009,10,4.0,116.9,29.225,76.4,,,False,inpe_bdq_legacy,False
2301307,Araripe,CE,2009,11,9.0,467.9,51.98888888888889,177.2,,,False,inpe_bdq_legacy,False
2301307,Araripe,CE,2009,12,14.0,584.2,41.728571428571435,173.8,,,False,inpe_bdq_legacy,False
2301307,Araripe,CE,2010,1,7.0,136.1,19.442857142857143,35.8,,,False,inpe_bdq_legacy,False
2301307,Araripe,CE,2010,2,1.0,28.6,28.6,28.6,,,False,inpe_bdq_legacy,False
2301307,Araripe,CE,2010,3,0.0,0.0,,,,,True,inpe_bdq_legacy,False
2301307,Araripe,CE,2010,4,0.0,0.0,,,,,True,inpe_bdq_legacy,False
2301307,Araripe,CE,2010,5,0.0,0.0,,,,,True,inpe_bdq_legacy,False
2301307,Araripe,CE,2010,6,0.0,0.0,,,,,True,inpe_bdq_legacy,False
2301307,Araripe,CE,2010,7,0.0,0.0,,,,,True,inpe_bdq_legacy,False
2301307,Araripe,CE,2010,8,0.0,0.0,,,,,True,inpe_bdq_legacy,False
2301307,Araripe,CE,2010,9,3.0,186.0,62.0,135.3,,,False,inpe_bdq_legacy,False
2301307,Araripe,CE,2010,10,2.0,86.19999999999999,43.099999999999994,69.1,,,False,inpe_bdq_legacy,False
2301307,Araripe,CE,2010,11,23.0,1119.8,48.68695652173913,316.9,,,False,inpe_bdq_legacy,False
2301307,Araripe,CE,2010,12,2.0,22.200000000000003,11.100000000000001,14.8,,,False,inpe_bdq_legacy,False
2301307,Araripe,CE,2011,1,2.0,112.4,56.2,81.3,,,False,inpe_bdq_legacy,False
2301307,Araripe,CE,2011,2,0.0,0.0,,,,,True,inpe_bdq_legacy,False
2301307,Araripe,CE,2011,3,0.0,0.0,,,,,True,inpe_bdq_legacy,False
2301307,Araripe,CE,2011,4,0.0,0.0,,,,,True,inpe_bdq_legacy,False
2301307,Araripe,CE,2011,5,0.0,0.0,,,,,True,inpe_bdq_legacy,False
2301307,Araripe,CE,2011,6,0.0,0.0,,,,,True,inpe_bdq_legacy,False
2301307,Araripe,CE,2011,7,2.0,102.1,51.05,69.5,,,False,inpe_bdq_legacy,False
2301307,Araripe,CE,2011,8,3.0,146.2,48.73333333333333,61.8,,,False,inpe_bdq_legacy,False
2301307,Araripe,CE,2011,9,6.0,309.79999999999995,51.633333333333326,124.8,,,False,inpe_bdq_legacy,False
2301307,Araripe,CE,2011,10,7.0,280.7,40.1,90.1,,,False,inpe_bdq_legacy,False
2301307,Araripe,CE,2011,11,26.0,1120.7,43.103846153846156,140.9,,,False,inpe_bdq_legacy,False
2301307,Araripe,CE,2011,12,2.0,69.2,34.6,51.0,,,False,inpe_bdq_legacy,False
2301307,Araripe,CE,2012,1,0.0,0.0,,,,,True,inpe_bdq_legacy,False
2301307,Araripe,CE,2012,2,0.0,0.0,,,,,True,inpe_bdq_legacy,False
2301307,Araripe,CE,2012,3,0.0,0.0,,,,,True,inpe_bdq_legacy,False
2301307,Araripe,CE,2012,4,0.0,0.0,,,,,True,inpe_bdq_legacy,False
2301307,Araripe,CE,2012,5,0.0,0.0,,,,,True,inpe_bdq_legacy,False
2301307,Araripe,CE,2012,6,0.0,0.0,,,,,True,inpe_bdq_legacy,False
2301307,Araripe,CE,2012,7,1.0,24.6,24.6,24.6,,,False,inpe_bdq_legacy,False
2301307,Araripe,CE,2012,8,0.0,0.0,,,,,True,inpe_bdq_legacy,False
2301307,Araripe,CE,2012,9,13.0,1274.1,98.0076923076923,372.5,,,False,inpe_bdq_legacy,False
2301307,Araripe,CE,2012,10,12.0,1248.0,104.0,303.4,,,False,inpe_bdq_legacy,False
2301307,Araripe,CE,2012,11,6.0,427.3,71.21666666666667,170.3,,,False,inpe_bdq_legacy,False
2301307,Araripe,CE,2012,12,1.0,18.4,18.4,18.4,,,False,inpe_bdq_legacy,False
2301307,Araripe,CE,2013,1,0.0,0.0,,,,,True,inpe_bdq_legacy,False
2301307,Araripe,CE,2013,2,0.0,0.0,,,,,True,inpe_bdq_legacy,False
2301307,Araripe,CE,2013,3,0.0,0.0,,,,,True,inpe_bdq_legacy,False
2301307,Araripe,CE,2013,4,0.0,0.0,,,,,True,inpe_bdq_legacy,False
2301307,Araripe,CE,2013,5,0.0,0.0,,,,,True,inpe_bdq_legacy,False
2301307,Araripe,CE,2013,6,0.0,0.0,,,,,True,inpe_bdq_legacy,False
2301307,Araripe,CE,2013,7,0.0,0.0,,,,,True,inpe_bdq_legacy,False
2301307,Araripe,CE,2013,8,0.0,0.0,,,,,True,inpe_bdq_legacy,False
2301307,Araripe,CE,2013,9,11.0,3186.8,289.70909090909095,919.0,,,False,inpe_bdq_legacy,False
2301307,Araripe,CE,2013,10,12.0,1102.8,91.89999999999999,379.3,,,False,inpe_bdq_legacy,False
2301307,Araripe,CE,2013,11,5.0,284.3,56.86,83.8,,,False,inpe_bdq_legacy,False
2301307,Araripe,CE,2013,12,0.0,0.0,,,,,True,inpe_bdq_legacy,False
2301307,Araripe,CE,2014,1,0.0,0.0,,,,,True,inpe_bdq_legacy,False
2301307,Araripe,CE,2014,2,0.0,0.0,,,,,True,inpe_bdq_legacy,False
2301307,Araripe,CE,2014,3,0.0,0.0,,,,,True,inpe_bdq_legacy,False
2301307,Araripe,CE,2014,4,0.0,0.0,,,,,True,inpe_bdq_legacy,False
2301307,Araripe,CE,2014,5,0.0,0.0,,,,,True,inpe_bdq_legacy,False
2301307,Araripe,CE,2014,6,0.0,0.0,,,,,True,inpe_bdq_legacy,False
2301307,Araripe,CE,2014,7,0.0,0.0,,,,,True,inpe_bdq_legacy,False
2301307,Araripe,CE,2014,8,0.0,0.0,,,,,True,inpe_bdq_legacy,False
2301307,Araripe,CE,2014,9,3.0,279.8,93.26666666666667,183.0,1.0,10.666666666666666,False,inpe_bdq_legacy,False
2301307,Araripe,CE,2014,10,1.0,21.8,21.8,21.8,1.0,11.0,False,inpe_bdq_legacy,False
2301307,Araripe,CE,2014,11,11.0,1024.3,93.11818181818181,359.7,0.5272727272727272,5.454545454545454,False,inpe_bdq_legacy,False
2301307,Araripe,CE,2014,12,11.0,738.5,67.13636363636364,137.9,0.8454545454545456,3.727272727272727,False,inpe_bdq_legacy,False
2301307,Araripe,CE,2015,1,5.0,359.5,71.9,113.4,1.0,6.2,False,inpe_bdq_legacy,False
2301307,Araripe,CE,2015,2,0.0,0.0,,,,,True,inpe_bdq_legacy,False
2301307,Araripe,CE,2015,3,0.0,0.0,,,,,True,inpe_bdq_legacy,False
2301307,Araripe,CE,2015,4,0.0,0.0,,,,,True,inpe_bdq_legacy,False
2301307,Araripe,CE,2015,5,0.0,0.0,,,,,True,inpe_bdq_legacy,False
2301307,Araripe,CE,2015,6,0.0,0.0,,,,,True,inpe_bdq_legacy,False
2301307,Araripe,CE,2015,7,0.0,0.0,,,,,True,inpe_bdq_legacy,False
2301307,Araripe,CE,2015,8,0.0,0.0,,,,,True,inpe_bdq_legacy,False
2301307,Araripe,CE,2015,9,9.0,920.0,102.22222222222223,248.5,1.0,22.333333333333332,False,inpe_bdq_legacy,False
2301307,Araripe,CE,2015,10,14.0,1316.8,94.05714285714285,475.6,1.0,51.92857142857143,False,inpe_bdq_legacy,False
2301307,Araripe,CE,2015,11,7.0,379.1,54.15714285714286,152.0,1.0,11.714285714285714,False,inpe_bdq_legacy,False
2301307,Araripe,CE,2015,12,2.0,68.3,34.15,36.9,1.0,1.5,False,inpe_bdq_legacy,False
2301307,Araripe,CE,2016,1,1.0,14.5,14.5,14.5,0.6,0.0,False,inpe_bdq_legacy,False
2301307,Araripe,CE,2016,2,0.0,0.0,,,,,True,inpe_bdq_legacy,False
2301307,Araripe,CE,2016,3,0.0,0.0,,,,,True,inpe_bdq_legacy,False
2301307,Araripe,CE,2016,4,0.0,0.0,,,,,True,inpe_bdq_legacy,False
2301307,Araripe,CE,2016,5,0.0,0.0,,,,,True,inpe_bdq_legacy,False
2301307,Araripe,CE,2016,6,1.0,14.8,14.8,14.8,1.0,13.0,False,inpe_bdq_legacy,False
2301307,Araripe,CE,2016,7,1.0,10.4,10.4,10.4,1.0,32.0,False,inpe_bdq_legacy,False
2301307,Araripe,CE,2016,8,0.0,0.0,,,,,True,inpe_bdq_legacy,False
2301307,Araripe,CE,2016,9,10.0,1188.2,118.82000000000001,315.1,1.0,39.2,False,inpe_bdq_legacy,False
2301307,Araripe,CE,2016,10,18.0,1007.8,55.98888888888889,284.5,1.0,14.833333333333334,False,inpe_bdq_legacy,False
2301307,Araripe,CE,2016,11,4.0,120.9,30.225,64.2,1.0,19.0,False,inpe_bdq_legacy,False
2301307,Araripe,CE,2016,12,2.0,215.2,107.6,118.9,1.0,3.0,False,inpe_bdq_legacy,False
2301307,Araripe,CE,2017,1,0.0,0.0,,,,,True,inpe_bdq_legacy,False
2301307,Araripe,CE,2017,2,0.0,0.0,,,,,True,inpe_bdq_legacy,False
2301307,Araripe,CE,2017,3,0.0,0.0,,,,,True,inpe_bdq_legacy,False
2301307,Araripe,CE,2017,4,0.0,0.0,,,,,True,inpe_bdq_legacy,False
2301307,Araripe,CE,2017,5,0.0,0.0,,,,,True,inpe_bdq_legacy,False
2301307,Araripe,CE,2017,6,0.0,0.0,,,,,True,inpe_bdq_legacy,False
2301307,Araripe,CE,2017,7,0.0,0.0,,,,,True,inpe_bdq_legacy,False
2301307,Araripe,CE,2017,8,11.0,639.6999999999999,58.15454545454545,121.0,1.0,0.0,False,inpe_bdq_legacy,False
2301307,Araripe,CE,2017,9,16.0,1393.9,87.11875,281.6,1.0,0.0,False,inpe_bdq_legacy,False
2301307,Araripe,CE,2017,10,46.0,6064.9,131.84565217391304,1352.6,-42.48478260869565,0.0,False,inpe_bdq_legacy,False
2301307,Araripe,CE,2017,11,3.0,69.9,23.3,44.2,1.0,0.0,False,inpe_bdq_legacy,False
2301307,Araripe,CE,2017,12,7.0,401.5,57.357142857142854,123.8,1.0,0.0,False,inpe_bdq_legacy,False
2301307,Araripe,CE,2018,1,2.0,161.3,80.65,89.1,0.8,0.0,False,inpe_bdq_legacy,False
2301307,Araripe,CE,2018,2,0.0,0.0,,,,,True,inpe_bdq_legacy,False
2301307,Araripe,CE,2018,3,0.0,0.0,,,,,True,inpe_bdq_legacy,False
2301307,Araripe,CE,2018,4,0.0,0.0,,,,,True,inpe_bdq_legacy,False
2301307,Araripe,CE,2018,5,0.0,0.0,,,,,True,inpe_bdq_legacy,False
2301307,Araripe,CE,2018,6,0.0,0.0,,,,,True,inpe_bdq_legacy,False
2301307,Araripe,CE,2018,7,0.0,0.0,,,,,True,inpe_bdq_legacy,False
2301307,Araripe,CE,2018,8,0.0,0.0,,,,,True,inpe_bdq_legacy,False
2301307,Araripe,CE,2018,9,8.0,423.2,52.9,155.1,1.0,38.0,False,inpe_bdq_legacy,False
2301307,Araripe,CE,2018,10,8.0,525.0,65.625,128.2,1.0,17.5,False,inpe_bdq_legacy,False
2301307,Araripe,CE,2018,11,7.0,428.8,61.25714285714286,200.9,1.0,2.857142857142857,False,inpe_bdq_legacy,False
2301307,Araripe,CE,2018,12,5.0,213.39999999999998,42.67999999999999,72.5,0.44000000000000006,4.8,False,inpe_bdq_legacy,False
2301307,Araripe,CE,2019,1,1.0,36.5,36.5,36.5,0.9,5.0,False,inpe_bdq_legacy,False
2301307,Araripe,CE,2019,2,0.0,0.0,,,,,True,inpe_bdq_legacy,False
2301307,Araripe,CE,2019,3,0.0,0.0,,,,,True,inpe_bdq_legacy,False
2301307,Araripe,CE,2019,4,0.0,0.0,,,,,True,inpe_bdq_legacy,False
2301307,Araripe,CE,2019,5,0.0,0.0,,,,,True,inpe_bdq_legacy,False
2301307,Araripe,CE,2019,6,0.0,0.0,,,,,True,inpe_bdq_legacy,False
2301307,Araripe,CE,2019,7,1.0,20.2,20.2,20.2,1.0,36.0,False,inpe_bdq_legacy,False
2301307,Araripe,CE,2019,8,1.0,22.0,22.0,22.0,1.0,64.0,False,inpe_bdq_legacy,False
2301307,Araripe,CE,2019,9,9.0,594.5,66.05555555555556,171.5,1.0,86.44444444444444,False,inpe_bdq_legacy,False
2301307,Araripe,CE,2019,10,4.0,148.5,37.125,50.5,1.0,58.25,False,inpe_bdq_legacy,False
2301307,Araripe,CE,2019,11,9.0,726.3,80.69999999999999,254.6,1.0,10.222222222222221,False,inpe_bdq_legacy,False
2301307,Araripe,CE,2019,12,4.0,144.0,36.0,77.3,1.0,1.5,False,inpe_bdq_legacy,False
2301307,Araripe,CE,2020,1,0.0,0.0,,,,,True,inpe_bdq_legacy,False
2301307,Araripe,CE,2020,2,0.0,0.0,,,,,True,inpe_bdq_legacy,False
2301307,Araripe,CE,2020,3,0.0,0.0,,,,,True,inpe_bdq_legacy,False
2301307,Araripe,CE,2020,4,0.0,0.0,,,,,True,inpe_bdq_legacy,False
2301307,Araripe,CE,2020,5,0.0,0.0,,,,,True,inpe_bdq_legacy,False
2301307,Araripe,CE,2020,6,0.0,0.0,,,,,True,inpe_bdq_legacy,False
2301307,Araripe,CE,2020,7,0.0,0.0,,,,,True,inpe_bdq_legacy,False
2301307,Araripe,CE,2020,8,0.0,0.0,,,,,True,inpe_bdq_legacy,False
2301307,Araripe,CE,2020,9,5.0,234.8,46.96,88.8,1.0,106.6,False,inpe_bdq_legacy,False
2301307,Araripe,CE,2020,10,10.0,472.5,47.25,110.1,0.99,66.8,False,inpe_bdq_legacy,False
2301307,Araripe,CE,2020,11,11.0,286.2,26.018181818181816,47.4,0.8636363636363636,6.636363636363637,False,inpe_bdq_legacy,False
2301307,Araripe,CE,2020,12,6.0,454.6,75.76666666666667,172.6,0.75,4.666666666666667,False,inpe_bdq_legacy,False
2301307,Araripe,CE,2021,1,2.0,45.3,22.65,28.7,0.6,1.0,False,inpe_bdq_legacy,False
2301307,Araripe,CE,2021,2,0.0,0.0,,,,,True,inpe_bdq_legacy,False
2301307,Araripe,CE,2021,3,0.0,0.0,,,,,True,inpe_bdq_legacy,False
2301307,Araripe,CE,2021,4,0.0,0.0,,,,,True,inpe_bdq_legacy,False
2301307,Araripe,CE,2021,5,5.0,77.4,15.48,32.1,0.96,8.6,False,inpe_bdq_legacy,False
2301307,Araripe,CE,2021,6,1.0,14.5,14.5,14.5,1.0,34.0,False,inpe_bdq_legacy,False
2301307,Araripe,CE,2021,7,0.0,0.0,,,,,True,inpe_bdq_legacy,False
2301307,Araripe,CE,2021,8,1.0,15.8,15.8,15.8,1.0,48.0,False,inpe_bdq_legacy,False
2301307,Araripe,CE,2021,9,9.0,414.9,46.099999999999994,73.8,1.0,40.22222222222222,False,inpe_bdq_legacy,False
2301307,Araripe,CE,2021,10,14.0,2917.8,208.41428571428574,718.3,1.0,6.857142857142857,False,inpe_bdq_legacy,False
2301307,Araripe,CE,2021,11,3.0,47.300000000000004,15.766666666666667,26.6,0.6,3.0,False,inpe_bdq_legacy,False
2301307,Araripe,CE,2021,12,3.0,246.1,82.03333333333333,130.9,0.9333333333333332,2.6666666666666665,False,inpe_bdq_legacy,False
2301307,Araripe,CE,2022,1,0.0,0.0,,,,,True,inpe_bdq_legacy,False
2301307,Araripe,CE,2022,2,0.0,0.0,,,,,True,inpe_bdq_legacy,False
2301307,Araripe,CE,2022,3,0.0,0.0,,,,,True,inpe_bdq_legacy,False
2301307,Araripe,CE,2022,4,0.0,0.0,,,,,True,inpe_bdq_legacy,False
2301307,Araripe,CE,2022,5,0.0,0.0,,,,,True,inpe_bdq_legacy,False
2301307,Araripe,CE,2022,6,1.0,10.9,10.9,10.9,0.91,4.0,False,inpe_bdq_legacy,False
2301307,Araripe,CE,2022,7,0.0,0.0,,,,,True,inpe_bdq_legacy,False
2301307,Araripe,CE,2022,8,0.0,0.0,,,,,True,inpe_bdq_legacy,False
2301307,Araripe,CE,2022,9,8.0,518.2,64.775,198.7,1.0,70.875,False,inpe_bdq_legacy,False
2301307,Araripe,CE,2022,10,12.0,939.6,78.3,221.9,1.0,18.25,False,inpe_bdq_legacy,False
2301307,Araripe,CE,2022,11,14.0,708.8,50.628571428571426,116.2,0.5335714285714286,3.0,False,inpe_bdq_legacy,False
2301307,Araripe,CE,2022,12,7.0,261.6,37.371428571428574,109.5,0.4628571428571428,5.857142857142857,False,inpe_bdq_legacy,False
2301307,Araripe,CE,2023,1,1.0,40.6,40.6,40.6,0.56,3.0,False,inpe_bdq_legacy,False
2301307,Araripe,CE,2023,2,1.0,11.0,11.0,11.0,0.02,0.0,False,inpe_bdq_legacy,False
2301307,Araripe,CE,2023,3,0.0,0.0,,,,,True,inpe_bdq_legacy,False
2301307,Araripe,CE,2023,4,0.0,0.0,,,,,True,inpe_bdq_legacy,False
2301307,Araripe,CE,2023,5,0.0,0.0,,,,,True,inpe_bdq_legacy,False
2301307,Araripe,CE,2023,6,0.0,0.0,,,,,True,inpe_bdq_legacy,False
2301307,Araripe,CE,2023,7,1.0,26.7,26.7,26.7,1.0,63.0,False,inpe_bdq_legacy,False
2301307,Araripe,CE,2023,8,0.0,0.0,,,,,True,inpe_bdq_legacy,False
2301307,Araripe,CE,2023,9,10.0,297.6,29.76,68.9,-99.0,52.7,False,inpe_bdq_legacy,False
2301307,Araripe,CE,2023,10,33.0,2129.2,64.52121212121212,214.0,1.0,73.60606060606061,False,inpe_bdq_legacy,False
2301307,Araripe,CE,2023,11,24.0,2045.6,85.23333333333333,443.2,0.9775,10.833333333333334,False,inpe_bdq_legacy,False
2301307,Araripe,CE,2023,12,15.0,875.0,58.333333333333336,181.7,0.9986666666666667,8.666666666666666,False,inpe_bdq_legacy,False
2301307,Araripe,CE,2024,1,6.0,529.5,88.25,415.8,0.94,3.0,False,inpe_bdq_legacy,False
2301307,Araripe,CE,2024,2,0.0,0.0,,,,,True,inpe_bdq_legacy,False
2301307,Araripe,CE,2024,3,1.0,18.8,18.8,18.8,0.0,0.0,False,inpe_bdq_legacy,False
2301307,Araripe,CE,2024,4,0.0,0.0,,,,,True,inpe_bdq_legacy,False
2301307,Araripe,CE,2024,5,5.0,156.5,31.3,81.7,0.32,7.6,False,inpe_bdq_legacy,False
2301307,Araripe,CE,2024,6,4.0,129.0,32.25,79.9,0.8425,20.5,False,inpe_bdq_legacy,False
2301307,Araripe,CE,2024,7,1.0,10.7,10.7,10.7,1.0,21.0,False,inpe_bdq_legacy,False
2301307,Araripe,CE,2024,8,5.0,120.3,24.06,53.0,1.0,68.2,False,inpe_bdq_legacy,False
2301307,Araripe,CE,2024,9,8.0,173.5,21.6875,51.5,-124.0,64.875,False,inpe_bdq_legacy,False
2301307,Araripe,CE,2024,10,16.0,1012.5,63.28125,241.0,1.0,7.8125,False,inpe_bdq_legacy,False
2301307,Araripe,CE,2024,11,25.0,1274.3,50.972,203.8,1.0,18.0,False,inpe_bdq_legacy,False
2301307,Araripe,CE,2024,12,23.0,963.4,41.88695652173913,168.0,0.8813043478260869,9.0,False,inpe_bdq_legacy,False
2301307,Araripe,CE,2025,1,7.0,301.2,43.028571428571425,63.3,0.43714285714285717,7.857142857142857,False,inpe_bdq_legacy,False
2301307,Araripe,CE,2025,2,0.0,0.0,,,,,True,inpe_bdq_legacy,False
2301307,Araripe,CE,2025,3,0.0,0.0,,,,,True,inpe_bdq_legacy,False
2301307,Araripe,CE,2025,4,2.0,27.200000000000003,13.600000000000001,15.8,0.49,3.0,False,inpe_bdq_legacy,False
2301307,Araripe,CE,2025,5,0.0,0.0,,,,,True,inpe_bdq_legacy,False
2301307,Araripe,CE,2025,6,4.0,275.5,68.875,104.4,1.0,5.0,False,inpe_bdq_legacy,False
2301307,Araripe,CE,2025,7,5.0,155.9,31.18,61.1,0.9960000000000001,18.2,False,inpe_bdq_legacy,False
2301307,Araripe,CE,2025,8,1.0,6.4,6.4,6.4,1.0,29.0,False,inpe_bdq_legacy,False
2301307,Araripe,CE,2025,9,11.0,976.0,88.72727272727273,287.2,1.0,51.0,False,inpe_bdq_legacy,False
2301307,Araripe,CE,2025,10,28.0,1829.6,65.34285714285714,647.3,1.0,16.25,False,inpe_bdq_legacy,False
2301307,Araripe,CE,2025,11,25.0,2110.5,84.42,1059.9,0.9864,14.84,False,inpe_bdq_legacy,False
2301307,Araripe,CE,2025,12,3.0,89.2,29.733333333333334,32.6,0.9866666666666667,2.0,False,inpe_bdq_legacy,False
2301307,Araripe,CE,2026,1,5.0,81.89999999999999,16.38,29.4,0.8099999999999999,5.0,False,inpe_bdq_legacy,False
2301307,Araripe,CE,2026,2,1.0,8.9,8.9,8.9,0.02,0.0,False,inpe_bdq_legacy,False
2301604,Assaré,CE,2002,9,1.0,10.8,10.8,10.8,,,False,inpe_bdq_legacy,False
2301604,Assaré,CE,2002,10,9.0,401.5,44.611111111111114,109.8,,,False,inpe_bdq_legacy,False
2301604,Assaré,CE,2002,11,2.0,93.7,46.85,81.8,,,False,inpe_bdq_legacy,False
2301604,Assaré,CE,2002,12,3.0,70.0,23.333333333333332,27.4,,,False,inpe_bdq_legacy,False
2301604,Assaré,CE,2003,1,1.0,73.8,73.8,73.8,,,False,inpe_bdq_legacy,False
2301604,Assaré,CE,2003,2,0.0,0.0,,,,,True,inpe_bdq_legacy,False
2301604,Assaré,CE,2003,3,0.0,0.0,,,,,True,inpe_bdq_legacy,False
2301604,Assaré,CE,2003,4,0.0,0.0,,,,,True,inpe_bdq_legacy,False
2301604,Assaré,CE,2003,5,0.0,0.0,,,,,True,inpe_bdq_legacy,False
2301604,Assaré,CE,2003,6,0.0,0.0,,,,,True,inpe_bdq_legacy,False
2301604,Assaré,CE,2003,7,0.0,0.0,,,,,True,inpe_bdq_legacy,False
2301604,Assaré,CE,2003,8,0.0,0.0,,,,,True,inpe_bdq_legacy,False
2301604,Assaré,CE,2003,9,2.0,153.7,76.85,88.3,,,False,inpe_bdq_legacy,False
2301604,Assaré,CE,2003,10,4.0,133.8,33.45,70.2,,,False,inpe_bdq_legacy,False
2301604,Assaré,CE,2003,11,7.0,508.9,72.7,206.1,,,False,inpe_bdq_legacy,False
2301604,Assaré,CE,2003,12,7.0,233.7,33.385714285714286,81.0,,,False,inpe_bdq_legacy,False
2301604,Assaré,CE,2004,1,0.0,0.0,,,,,True,inpe_bdq_legacy,False
2301604,Assaré,CE,2004,2,0.0,0.0,,,,,True,inpe_bdq_legacy,False
2301604,Assaré,CE,2004,3,0.0,0.0,,,,,True,inpe_bdq_legacy,False
2301604,Assaré,CE,2004,4,0.0,0.0,,,,,True,inpe_bdq_legacy,False
2301604,Assaré,CE,2004,5,0.0,0.0,,,,,True,inpe_bdq_legacy,False
2301604,Assaré,CE,2004,6,0.0,0.0,,,,,True,inpe_bdq_legacy,False
2301604,Assaré,CE,2004,7,0.0,0.0,,,,,True,inpe_bdq_legacy,False
2301604,Assaré,CE,2004,8,0.0,0.0,,,,,True,inpe_bdq_legacy,False
2301604,Assaré,CE,2004,9,3.0,185.1,61.699999999999996,106.7,,,False,inpe_bdq_legacy,False
2301604,Assaré,CE,2004,10,1.0,63.4,63.4,63.4,,,False,inpe_bdq_legacy,False
2301604,Assaré,CE,2004,11,3.0,363.0,121.0,184.1,,,False,inpe_bdq_legacy,False
2301604,Assaré,CE,2004,12,11.0,375.5,34.13636363636363,110.8,,,False,inpe_bdq_legacy,False
2301604,Assaré,CE,2005,1,3.0,98.8,32.93333333333333,58.5,,,False,inpe_bdq_legacy,False
2301604,Assaré,CE,2005,2,0.0,0.0,,,,,True,inpe_bdq_legacy,False
2301604,Assaré,CE,2005,3,0.0,0.0,,,,,True,inpe_bdq_legacy,False
2301604,Assaré,CE,2005,4,0.0,0.0,,,,,True,inpe_bdq_legacy,False
2301604,Assaré,CE,2005,5,0.0,0.0,,,,,True,inpe_bdq_legacy,False
2301604,Assaré,CE,2005,6,0.0,0.0,,,,,True,inpe_bdq_legacy,False
2301604,Assaré,CE,2005,7,0.0,0.0,,,,,True,inpe_bdq_legacy,False
2301604,Assaré,CE,2005,8,1.0,14.3,14.3,14.3,,,False,inpe_bdq_legacy,False
2301604,Assaré,CE,2005,9,3.0,280.8,93.60000000000001,145.8,,,False,inpe_bdq_legacy,False
2301604,Assaré,CE,2005,10,1.0,23.5,23.5,23.5,,,False,inpe_bdq_legacy,False
2301604,Assaré,CE,2005,11,1.0,27.8,27.8,27.8,,,False,inpe_bdq_legacy,False
2301604,Assaré,CE,2005,12,10.0,225.2,22.52,50.9,,,False,inpe_bdq_legacy,False
2301604,Assaré,CE,2006,1,0.0,0.0,,,,,True,inpe_bdq_legacy,False
2301604,Assaré,CE,2006,2,0.0,0.0,,,,,True,inpe_bdq_legacy,False
2301604,Assaré,CE,2006,3,0.0,0.0,,,,,True,inpe_bdq_legacy,False
2301604,Assaré,CE,2006,4,0.0,0.0,,,,,True,inpe_bdq_legacy,False
2301604,Assaré,CE,2006,5,0.0,0.0,,,,,True,inpe_bdq_legacy,False
2301604,Assaré,CE,2006,6,0.0,0.0,,,,,True,inpe_bdq_legacy,False
2301604,Assaré,CE,2006,7,0.0,0.0,,,,,True,inpe_bdq_legacy,False
2301604,Assaré,CE,2006,8,0.0,0.0,,,,,True,inpe_bdq_legacy,False
2301604,Assaré,CE,2006,9,0.0,0.0,,,,,True,inpe_bdq_legacy,False
2301604,Assaré,CE,2006,10,3.0,112.1,37.36666666666667,58.5,,,False,inpe_bdq_legacy,False
2301604,Assaré,CE,2006,11,4.0,69.0,17.25,24.3,,,False,inpe_bdq_legacy,False
2301604,Assaré,CE,2006,12,6.0,268.5,44.75,72.8,,,False,inpe_bdq_legacy,False
2301604,Assaré,CE,2007,1,6.0,138.4,23.066666666666666,40.1,,,False,inpe_bdq_legacy,False
2301604,Assaré,CE,2007,2,0.0,0.0,,,,,True,inpe_bdq_legacy,False
2301604,Assaré,CE,2007,3,0.0,0.0,,,,,True,inpe_bdq_legacy,False
2301604,Assaré,CE,2007,4,0.0,0.0,,,,,True,inpe_bdq_legacy,False
2301604,Assaré,CE,2007,5,0.0,0.0,,,,,True,inpe_bdq_legacy,False
2301604,Assaré,CE,2007,6,0.0,0.0,,,,,True,inpe_bdq_legacy,False
2301604,Assaré,CE,2007,7,0.0,0.0,,,,,True,inpe_bdq_legacy,False
2301604,Assaré,CE,2007,8,0.0,0.0,,,,,True,inpe_bdq_legacy,False
2301604,Assaré,CE,2007,9,0.0,0.0,,,,,True,inpe_bdq_legacy,False
2301604,Assaré,CE,2007,10,1.0,12.3,12.3,12.3,,,False,inpe_bdq_legacy,False
2301604,Assaré,CE,2007,11,9.0,551.8,61.3111111111111,104.1,,,False,inpe_bdq_legacy,False
2301604,Assaré,CE,2007,12,5.0,127.9,25.580000000000002,64.3,,,False,inpe_bdq_legacy,False
2301604,Assaré,CE,2008,1,3.0,82.2,27.400000000000002,41.4,,,False,inpe_bdq_legacy,False
2301604,Assaré,CE,2008,2,0.0,0.0,,,,,True,inpe_bdq_legacy,False
2301604,Assaré,CE,2008,3,0.0,0.0,,,,,True,inpe_bdq_legacy,False
2301604,Assaré,CE,2008,4,0.0,0.0,,,,,True,inpe_bdq_legacy,False
2301604,Assaré,CE,2008,5,0.0,0.0,,,,,True,inpe_bdq_legacy,False
2301604,Assaré,CE,2008,6,0.0,0.0,,,,,True,inpe_bdq_legacy,False
2301604,Assaré,CE,2008,7,0.0,0.0,,,,,True,inpe_bdq_legacy,False
2301604,Assaré,CE,2008,8,0.0,0.0,,,,,True,inpe_bdq_legacy,False
2301604,Assaré,CE,2008,9,0.0,0.0,,,,,True,inpe_bdq_legacy,False
2301604,Assaré,CE,2008,10,1.0,9.2,9.2,9.2,,,False,inpe_bdq_legacy,False
2301604,Assaré,CE,2008,11,1.0,71.4,71.4,71.4,,,False,inpe_bdq_legacy,False
2301604,Assaré,CE,2008,12,16.0,751.9,46.99375,144.5,,,False,inpe_bdq_legacy,False
2301604,Assaré,CE,2009,1,2.0,90.0,45.0,48.0,,,False,inpe_bdq_legacy,False
2301604,Assaré,CE,2009,2,0.0,0.0,,,,,True,inpe_bdq_legacy,False
2301604,Assaré,CE,2009,3,0.0,0.0,,,,,True,inpe_bdq_legacy,False
2301604,Assaré,CE,2009,4,0.0,0.0,,,,,True,inpe_bdq_legacy,False
2301604,Assaré,CE,2009,5,0.0,0.0,,,,,True,inpe_bdq_legacy,False
2301604,Assaré,CE,2009,6,0.0,0.0,,,,,True,inpe_bdq_legacy,False
2301604,Assaré,CE,2009,7,0.0,0.0,,,,,True,inpe_bdq_legacy,False
2301604,Assaré,CE,2009,8,0.0,0.0,,,,,True,inpe_bdq_legacy,False
2301604,Assaré,CE,2009,9,0.0,0.0,,,,,True,inpe_bdq_legacy,False
2301604,Assaré,CE,2009,10,2.0,278.5,139.25,152.0,,,False,inpe_bdq_legacy,False
2301604,Assaré,CE,2009,11,3.0,94.2,31.400000000000002,59.3,,,False,inpe_bdq_legacy,False
2301604,Assaré,CE,2009,12,3.0,38.1,12.700000000000001,15.7,,,False,inpe_bdq_legacy,False
2301604,Assaré,CE,2010,1,6.0,175.6,29.266666666666666,49.1,,,False,inpe_bdq_legacy,False
2301604,Assaré,CE,2010,2,5.0,162.1,32.42,100.8,,,False,inpe_bdq_legacy,False
2301604,Assaré,CE,2010,3,0.0,0.0,,,,,True,inpe_bdq_legacy,False
2301604,Assaré,CE,2010,4,0.0,0.0,,,,,True,inpe_bdq_legacy,False
2301604,Assaré,CE,2010,5,0.0,0.0,,,,,True,inpe_bdq_legacy,False
2301604,Assaré,CE,2010,6,0.0,0.0,,,,,True,inpe_bdq_legacy,False
2301604,Assaré,CE,2010,7,0.0,0.0,,,,,True,inpe_bdq_legacy,False
2301604,Assaré,CE,2010,8,6.0,164.6,27.433333333333334,46.2,,,False,inpe_bdq_legacy,False
2301604,Assaré,CE,2010,9,0.0,0.0,,,,,True,inpe_bdq_legacy,False
2301604,Assaré,CE,2010,10,2.0,19.8,9.9,10.4,,,False,inpe_bdq_legacy,False
2301604,Assaré,CE,2010,11,23.0,835.8,36.339130434782604,165.2,,,False,inpe_bdq_legacy,False
2301604,Assaré,CE,2010,12,0.0,0.0,,,,,True,inpe_bdq_legacy,False
2301604,Assaré,CE,2011,1,2.0,35.6,17.8,27.2,,,False,inpe_bdq_legacy,False
2301604,Assaré,CE,2011,2,0.0,0.0,,,,,True,inpe_bdq_legacy,False
2301604,Assaré,CE,2011,3,0.0,0.0,,,,,True,inpe_bdq_legacy,False
2301604,Assaré,CE,2011,4,0.0,0.0,,,,,True,inpe_bdq_legacy,False
2301604,Assaré,CE,2011,5,0.0,0.0,,,,,True,inpe_bdq_legacy,False
2301604,Assaré,CE,2011,6,0.0,0.0,,,,,True,inpe_bdq_legacy,False
2301604,Assaré,CE,2011,7,0.0,0.0,,,,,True,inpe_bdq_legacy,False
2301604,Assaré,CE,2011,8,0.0,0.0,,,,,True,inpe_bdq_legacy,False
2301604,Assaré,CE,2011,9,0.0,0.0,,,,,True,inpe_bdq_legacy,False
2301604,Assaré,CE,2011,10,3.0,97.5,32.5,57.4,,,False,inpe_bdq_legacy,False
2301604,Assaré,CE,2011,11,7.0,96.7,13.814285714285715,22.3,,,False,inpe_bdq_legacy,False
2301604,Assaré,CE,2011,12,11.0,219.7,19.972727272727273,40.9,,,False,inpe_bdq_legacy,False
2301604,Assaré,CE,2012,1,0.0,0.0,,,,,True,inpe_bdq_legacy,False
2301604,Assaré,CE,2012,2,0.0,0.0,,,,,True,inpe_bdq_legacy,False
2301604,Assaré,CE,2012,3,0.0,0.0,,,,,True,inpe_bdq_legacy,False
2301604,Assaré,CE,2012,4,0.0,0.0,,,,,True,inpe_bdq_legacy,False
2301604,Assaré,CE,2012,5,0.0,0.0,,,,,True,inpe_bdq_legacy,False
2301604,Assaré,CE,2012,6,0.0,0.0,,,,,True,inpe_bdq_legacy,False
2301604,Assaré,CE,2012,7,0.0,0.0,,,,,True,inpe_bdq_legacy,False
2301604,Assaré,CE,2012,8,3.0,261.2,87.06666666666666,111.6,,,False,inpe_bdq_legacy,False
2301604,Assaré,CE,2012,9,10.0,307.4,30.74,62.9,,,False,inpe_bdq_legacy,False
2301604,Assaré,CE,2012,10,6.0,145.5,24.25,33.8,,,False,inpe_bdq_legacy,False
2301604,Assaré,CE,2012,11,8.0,207.0,25.875,37.1,,,False,inpe_bdq_legacy,False
2301604,Assaré,CE,2012,12,0.0,0.0,,,,,True,inpe_bdq_legacy,False
2301604,Assaré,CE,2013,1,4.0,157.5,39.375,56.2,,,False,inpe_bdq_legacy,False
2301604,Assaré,CE,2013,2,0.0,0.0,,,,,True,inpe_bdq_legacy,False
2301604,Assaré,CE,2013,3,0.0,0.0,,,,,True,inpe_bdq_legacy,False
2301604,Assaré,CE,2013,4,0.0,0.0,,,,,True,inpe_bdq_legacy,False
2301604,Assaré,CE,2013,5,0.0,0.0,,,,,True,inpe_bdq_legacy,False
2301604,Assaré,CE,2013,6,0.0,0.0,,,,,True,inpe_bdq_legacy,False
2301604,Assaré,CE,2013,7,0.0,0.0,,,,,True,inpe_bdq_legacy,False
2301604,Assaré,CE,2013,8,0.0,0.0,,,,,True,inpe_bdq_legacy,False
2301604,Assaré,CE,2013,9,1.0,34.2,34.2,34.2,,,False,inpe_bdq_legacy,False
2301604,Assaré,CE,2013,10,3.0,60.2,20.066666666666666,22.5,,,False,inpe_bdq_legacy,False
2301604,Assaré,CE,2013,11,6.0,194.29999999999998,32.38333333333333,75.6,,,False,inpe_bdq_legacy,False
2301604,Assaré,CE,2013,12,1.0,31.8,31.8,31.8,,,False,inpe_bdq_legacy,False
2301604,Assaré,CE,2014,1,0.0,0.0,,,,,True,inpe_bdq_legacy,False
2301604,Assaré,CE,2014,2,0.0,0.0,,,,,True,inpe_bdq_legacy,False
2301604,Assaré,CE,2014,3,0.0,0.0,,,,,True,inpe_bdq_legacy,False
2301604,Assaré,CE,2014,4,0.0,0.0,,,,,True,inpe_bdq_legacy,False
2301604,Assaré,CE,2014,5,0.0,0.0,,,,,True,inpe_bdq_legacy,False
2301604,Assaré,CE,2014,6,0.0,0.0,,,,,True,inpe_bdq_legacy,False
2301604,Assaré,CE,2014,7,0.0,0.0,,,,,True,inpe_bdq_legacy,False
2301604,Assaré,CE,2014,8,0.0,0.0,,,,,True,inpe_bdq_legacy,False
2301604,Assaré,CE,2014,9,0.0,0.0,,,,,True,inpe_bdq_legacy,False
2301604,Assaré,CE,2014,10,2.0,31.6,15.8,18.0,1.0,10.0,False,inpe_bdq_legacy,False
2301604,Assaré,CE,2014,11,3.0,91.3,30.433333333333334,39.9,0.7666666666666666,5.333333333333333,False,inpe_bdq_legacy,False
2301604,Assaré,CE,2014,12,4.0,93.8,23.45,39.1,0.8,7.0,False,inpe_bdq_legacy,False
2301604,Assaré,CE,2015,1,1.0,39.4,39.4,39.4,1.0,16.0,False,inpe_bdq_legacy,False
2301604,Assaré,CE,2015,2,0.0,0.0,,,,,True,inpe_bdq_legacy,False
2301604,Assaré,CE,2015,3,0.0,0.0,,,,,True,inpe_bdq_legacy,False
2301604,Assaré,CE,2015,4,0.0,0.0,,,,,True,inpe_bdq_legacy,False
2301604,Assaré,CE,2015,5,0.0,0.0,,,,,True,inpe_bdq_legacy,False
2301604,Assaré,CE,2015,6,0.0,0.0,,,,,True,inpe_bdq_legacy,False
2301604,Assaré,CE,2015,7,1.0,15.6,15.6,15.6,1.0,9.0,False,inpe_bdq_legacy,False
2301604,Assaré,CE,2015,8,0.0,0.0,,,,,True,inpe_bdq_legacy,False
2301604,Assaré,CE,2015,9,1.0,19.1,19.1,19.1,1.0,12.0,False,inpe_bdq_legacy,False
2301604,Assaré,CE,2015,10,5.0,120.1,24.02,37.2,1.0,50.8,False,inpe_bdq_legacy,False
2301604,Assaré,CE,2015,11,2.0,42.8,21.4,22.6,1.0,54.5,False,inpe_bdq_legacy,False
2301604,Assaré,CE,2015,12,0.0,0.0,,,,,True,inpe_bdq_legacy,False
2301604,Assaré,CE,2016,1,2.0,43.5,21.75,31.9,0.8,0.0,False,inpe_bdq_legacy,False
2301604,Assaré,CE,2016,2,0.0,0.0,,,,,True,inpe_bdq_legacy,False
2301604,Assaré,CE,2016,3,0.0,0.0,,,,,True,inpe_bdq_legacy,False
2301604,Assaré,CE,2016,4,0.0,0.0,,,,,True,inpe_bdq_legacy,False
2301604,Assaré,CE,2016,5,0.0,0.0,,,,,True,inpe_bdq_legacy,False
2301604,Assaré,CE,2016,6,0.0,0.0,,,,,True,inpe_bdq_legacy,False
2301604,Assaré,CE,2016,7,0.0,0.0,,,,,True,inpe_bdq_legacy,False
2301604,Assaré,CE,2016,8,3.0,59.6,19.866666666666667,33.3,1.0,25.333333333333332,False,inpe_bdq_legacy,False
2301604,Assaré,CE,2016,9,0.0,0.0,,,,,True,inpe_bdq_legacy,False
2301604,Assaré,CE,2016,10,13.0,876.3,67.4076923076923,160.0,1.0,61.15384615384615,False,inpe_bdq_legacy,False
2301604,Assaré,CE,2016,11,3.0,326.4,108.8,217.6,1.0,53.0,False,inpe_bdq_legacy,False
2301604,Assaré,CE,2016,12,2.0,46.6,23.3,26.6,1.0,11.0,False,inpe_bdq_legacy,False
2301604,Assaré,CE,2017,1,3.0,59.2,19.733333333333334,30.5,0.6666666666666666,0.0,False,inpe_bdq_legacy,False
2301604,Assaré,CE,2017,2,0.0,0.0,,,,,True,inpe_bdq_legacy,False
2301604,Assaré,CE,2017,3,0.0,0.0,,,,,True,inpe_bdq_legacy,False
2301604,Assaré,CE,2017,4,0.0,0.0,,,,,True,inpe_bdq_legacy,False
2301604,Assaré,CE,2017,5,0.0,0.0,,,,,True,inpe_bdq_legacy,False
2301604,Assaré,CE,2017,6,0.0,0.0,,,,,True,inpe_bdq_legacy,False
2301604,Assaré,CE,2017,7,0.0,0.0,,,,,True,inpe_bdq_legacy,False
2301604,Assaré,CE,2017,8,0.0,0.0,,,,,True,inpe_bdq_legacy,False
2301604,Assaré,CE,2017,9,0.0,0.0,,,,,True,inpe_bdq_legacy,False
2301604,Assaré,CE,2017,10,3.0,200.5,66.83333333333333,82.2,1.0,0.0,False,inpe_bdq_legacy,False
2301604,Assaré,CE,2017,11,4.0,84.9,21.225,29.0,0.975,0.0,False,inpe_bdq_legacy,False
2301604,Assaré,CE,2017,12,2.0,27.9,13.95,16.7,1.0,0.0,False,inpe_bdq_legacy,False
2301604,Assaré,CE,2018,1,0.0,0.0,,,,,True,inpe_bdq_legacy,False
2301604,Assaré,CE,2018,2,0.0,0.0,,,,,True,inpe_bdq_legacy,False
2301604,Assaré,CE,2018,3,0.0,0.0,,,,,True,inpe_bdq_legacy,False
2301604,Assaré,CE,2018,4,0.0,0.0,,,,,True,inpe_bdq_legacy,False
2301604,Assaré,CE,2018,5,0.0,0.0,,,,,True,inpe_bdq_legacy,False
2301604,Assaré,CE,2018,6,0.0,0.0,,,,,True,inpe_bdq_legacy,False
2301604,Assaré,CE,2018,7,0.0,0.0,,,,,True,inpe_bdq_legacy,False
2301604,Assaré,CE,2018,8,1.0,10.9,10.9,10.9,1.0,48.0,False,inpe_bdq_legacy,False
2301604,Assaré,CE,2018,9,0.0,0.0,,,,,True,inpe_bdq_legacy,False
2301604,Assaré,CE,2018,10,2.0,155.39999999999998,77.69999999999999,142.2,1.0,14.5,False,inpe_bdq_legacy,False
2301604,Assaré,CE,2018,11,0.0,0.0,,,,,True,inpe_bdq_legacy,False
2301604,Assaré,CE,2018,12,5.0,285.8,57.160000000000004,157.8,0.7,3.8,False,inpe_bdq_legacy,False
2301604,Assaré,CE,2019,1,0.0,0.0,,,,,True,inpe_bdq_legacy,False
2301604,Assaré,CE,2019,2,0.0,0.0,,,,,True,inpe_bdq_legacy,False
2301604,Assaré,CE,2019,3,0.0,0.0,,,,,True,inpe_bdq_legacy,False
2301604,Assaré,CE,2019,4,0.0,0.0,,,,,True,inpe_bdq_legacy,False
2301604,Assaré,CE,2019,5,0.0,0.0,,,,,True,inpe_bdq_legacy,False
2301604,Assaré,CE,2019,6,0.0,0.0,,,,,True,inpe_bdq_legacy,False
2301604,Assaré,CE,2019,7,0.0,0.0,,,,,True,inpe_bdq_legacy,False
2301604,Assaré,CE,2019,8,4.0,107.9,26.975,52.4,1.0,73.0,False,inpe_bdq_legacy,False
2301604,Assaré,CE,2019,9,0.0,0.0,,,,,True,inpe_bdq_legacy,False
2301604,Assaré,CE,2019,10,5.0,1137.2,227.44,378.6,1.0,114.0,False,inpe_bdq_legacy,False
2301604,Assaré,CE,2019,11,3.0,46.7,15.566666666666668,23.4,1.0,102.0,False,inpe_bdq_legacy,False
2301604,Assaré,CE,2019,12,1.0,11.5,11.5,11.5,1.0,3.0,False,inpe_bdq_legacy,False
2301604,Assaré,CE,2020,1,5.0,131.6,26.32,38.6,0.12000000000000002,2.4,False,inpe_bdq_legacy,False
2301604,Assaré,CE,2020,2,0.0,0.0,,,,,True,inpe_bdq_legacy,False
2301604,Assaré,CE,2020,3,0.0,0.0,,,,,True,inpe_bdq_legacy,False
2301604,Assaré,CE,2020,4,0.0,0.0,,,,,True,inpe_bdq_legacy,False
2301604,Assaré,CE,2020,5,0.0,0.0,,,,,True,inpe_bdq_legacy,False
2301604,Assaré,CE,2020,6,0.0,0.0,,,,,True,inpe_bdq_legacy,False
2301604,Assaré,CE,2020,7,0.0,0.0,,,,,True,inpe_bdq_legacy,False
2301604,Assaré,CE,2020,8,0.0,0.0,,,,,True,inpe_bdq_legacy,False
2301604,Assaré,CE,2020,9,5.0,122.9,24.580000000000002,78.8,1.0,74.4,False,inpe_bdq_legacy,False
2301604,Assaré,CE,2020,10,0.0,0.0,,,,,True,inpe_bdq_legacy,False
2301604,Assaré,CE,2020,11,6.0,133.5,22.25,40.0,1.0,9.166666666666666,False,inpe_bdq_legacy,False
2301604,Assaré,CE,2020,12,8.0,262.1,32.7625,114.3,0.9875,2.875,False,inpe_bdq_legacy,False
2301604,Assaré,CE,2021,1,0.0,0.0,,,,,True,inpe_bdq_legacy,False
2301604,Assaré,CE,2021,2,0.0,0.0,,,,,True,inpe_bdq_legacy,False
2301604,Assaré,CE,2021,3,0.0,0.0,,,,,True,inpe_bdq_legacy,False
2301604,Assaré,CE,2021,4,0.0,0.0,,,,,True,inpe_bdq_legacy,False
2301604,Assaré,CE,2021,5,0.0,0.0,,,,,True,inpe_bdq_legacy,False
2301604,Assaré,CE,2021,6,0.0,0.0,,,,,True,inpe_bdq_legacy,False
2301604,Assaré,CE,2021,7,0.0,0.0,,,,,True,inpe_bdq_legacy,False
2301604,Assaré,CE,2021,8,0.0,0.0,,,,,True,inpe_bdq_legacy,False
2301604,Assaré,CE,2021,9,0.0,0.0,,,,,True,inpe_bdq_legacy,False
2301604,Assaré,CE,2021,10,4.0,918.6999999999999,229.67499999999998,384.2,1.0,62.0,False,inpe_bdq_legacy,False
2301604,Assaré,CE,2021,11,6.0,121.4,20.233333333333334,30.0,0.9333333333333332,2.3333333333333335,False,inpe_bdq_legacy,False
2301604,Assaré,CE,2021,12,1.0,22.3,22.3,22.3,0.1,0.0,False,inpe_bdq_legacy,False
2301604,Assaré,CE,2022,1,0.0,0.0,,,,,True,inpe_bdq_legacy,False
2301604,Assaré,CE,2022,2,0.0,0.0,,,,,True,inpe_bdq_legacy,False
2301604,Assaré,CE,2022,3,0.0,0.0,,,,,True,inpe_bdq_legacy,False
2301604,Assaré,CE,2022,4,0.0,0.0,,,,,True,inpe_bdq_legacy,False
2301604,Assaré,CE,2022,5,0.0,0.0,,,,,True,inpe_bdq_legacy,False
2301604,Assaré,CE,2022,6,0.0,0.0,,,,,True,inpe_bdq_legacy,False
2301604,Assaré,CE,2022,7,0.0,0.0,,,,,True,inpe_bdq_legacy,False
2301604,Assaré,CE,2022,8,0.0,0.0,,,,,True,inpe_bdq_legacy,False
2301604,Assaré,CE,2022,9,0.0,0.0,,,,,True,inpe_bdq_legacy,False
2301604,Assaré,CE,2022,10,10.0,400.0,40.0,91.4,1.0,63.9,False,inpe_bdq_legacy,False
2301604,Assaré,CE,2022,11,0.0,0.0,,,,,True,inpe_bdq_legacy,False
2301604,Assaré,CE,2022,12,10.0,303.5,30.35,76.0,0.605,12.9,False,inpe_bdq_legacy,False
2301604,Assaré,CE,2023,1,0.0,0.0,,,,,True,inpe_bdq_legacy,False
2301604,Assaré,CE,2023,2,0.0,0.0,,,,,True,inpe_bdq_legacy,False
2301604,Assaré,CE,2023,3,0.0,0.0,,,,,True,inpe_bdq_legacy,False
2301604,Assaré,CE,2023,4,0.0,0.0,,,,,True,inpe_bdq_legacy,False
2301604,Assaré,CE,2023,5,0.0,0.0,,,,,True,inpe_bdq_legacy,False
2301604,Assaré,CE,2023,6,0.0,0.0,,,,,True,inpe_bdq_legacy,False
2301604,Assaré,CE,2023,7,0.0,0.0,,,,,True,inpe_bdq_legacy,False
2301604,Assaré,CE,2023,8,0.0,0.0,,,,,True,inpe_bdq_legacy,False
2301604,Assaré,CE,2023,9,17.0,407.0,23.941176470588236,60.6,1.0,17.941176470588236,False,inpe_bdq_legacy,False
2301604,Assaré,CE,2023,10,15.0,745.1,49.67333333333333,128.2,1.0,59.0,False,inpe_bdq_legacy,False
2301604,Assaré,CE,2023,11,5.0,99.4,19.880000000000003,47.7,1.0,5.4,False,inpe_bdq_legacy,False
2301604,Assaré,CE,2023,12,4.0,256.8,64.2,109.6,0.9725,8.0,False,inpe_bdq_legacy,False
2301604,Assaré,CE,2024,1,1.0,20.2,20.2,20.2,0.65,3.0,False,inpe_bdq_legacy,False
2301604,Assaré,CE,2024,2,2.0,17.799999999999997,8.899999999999999,9.2,1.0,2.0,False,inpe_bdq_legacy,False
2301604,Assaré,CE,2024,3,0.0,0.0,,,,,True,inpe_bdq_legacy,False
2301604,Assaré,CE,2024,4,0.0,0.0,,,,,True,inpe_bdq_legacy,False
2301604,Assaré,CE,2024,5,0.0,0.0,,,,,True,inpe_bdq_legacy,False
2301604,Assaré,CE,2024,6,0.0,0.0,,,,,True,inpe_bdq_legacy,False
2301604,Assaré,CE,2024,7,0.0,0.0,,,,,True,inpe_bdq_legacy,False
2301604,Assaré,CE,2024,8,1.0,7.9,7.9,7.9,1.0,35.0,False,inpe_bdq_legacy,False
2301604,Assaré,CE,2024,9,0.0,0.0,,,,,True,inpe_bdq_legacy,False
2301604,Assaré,CE,2024,10,7.0,368.4,52.628571428571426,120.1,1.0,29.285714285714285,False,inpe_bdq_legacy,False
2301604,Assaré,CE,2024,11,17.0,603.4,35.49411764705882,128.9,1.0,45.23529411764706,False,inpe_bdq_legacy,False
2301604,Assaré,CE,2024,12,8.0,277.2,34.65,126.0,0.8275,1.625,False,inpe_bdq_legacy,False
2301604,Assaré,CE,2025,1,1.0,15.7,15.7,15.7,0.57,7.0,False,inpe_bdq_legacy,False
2301604,Assaré,CE,2025,2,0.0,0.0,,,,,True,inpe_bdq_legacy,False
2301604,Assaré,CE,2025,3,0.0,0.0,,,,,True,inpe_bdq_legacy,False
2301604,Assaré,CE,2025,4,0.0,0.0,,,,,True,inpe_bdq_legacy,False
2301604,Assaré,CE,2025,5,0.0,0.0,,,,,True,inpe_bdq_legacy,False
2301604,Assaré,CE,2025,6,0.0,0.0,,,,,True,inpe_bdq_legacy,False
2301604,Assaré,CE,2025,7,0.0,0.0,,,,,True,inpe_bdq_legacy,False
2301604,Assaré,CE,2025,8,0.0,0.0,,,,,True,inpe_bdq_legacy,False
2301604,Assaré,CE,2025,9,2.0,35.8,17.9,26.3,1.0,66.5,False,inpe_bdq_legacy,False
2301604,Assaré,CE,2025,10,5.0,274.5,54.9,118.8,1.0,37.8,False,inpe_bdq_legacy,False
2301604,Assaré,CE,2025,11,24.0,1362.7,56.77916666666667,285.4,1.0,11.375,False,inpe_bdq_legacy,False
2301604,Assaré,CE,2025,12,9.0,289.1,32.12222222222223,67.7,1.0,3.2222222222222223,False,inpe_bdq_legacy,False
2301604,Assaré,CE,2026,1,3.0,53.5,17.833333333333332,23.1,0.9199999999999999,12.333333333333334,False,inpe_bdq_legacy,False
2301604,Assaré,CE,2026,2,2.0,33.8,16.9,22.2,0.13,0.0,False,inpe_bdq_legacy,False
2301703,Aurora,CE,2025,1,1.0,13.6,13.6,13.6,0.17,2.0,False,inpe_bdq_aqua_ref,False
2301703,Aurora,CE,2025,2,0.0,0.0,,,,,True,inpe_bdq_aqua_ref,False
2301703,Aurora,CE,2025,3,0.0,0.0,,,,,True,inpe_bdq_aqua_ref,False
2301703,Aurora,CE,2025,4,0.0,0.0,,,,,True,inpe_bdq_aqua_ref,False
2301703,Aurora,CE,2025,5,0.0,0.0,,,,,True,inpe_bdq_aqua_ref,False
2301703,Aurora,CE,2025,6,0.0,0.0,,,,,True,inpe_bdq_aqua_ref,False
2301703,Aurora,CE,2025,7,0.0,0.0,,,,,True,inpe_bdq_aqua_ref,False
2301703,Aurora,CE,2025,8,0.0,0.0,,,,,True,inpe_bdq_aqua_ref,False
2301703,Aurora,CE,2025,9,0.0,0.0,,,,,True,inpe_bdq_aqua_ref,False
2301703,Aurora,CE,2025,10,11.0,286.7,26.063636363636363,46.8,1.0,6.181818181818182,False,inpe_bdq_aqua_ref,False
2301802,Baixio,CE,2025,10,4.0,220.6,55.15,83.7,1.0,71.25,False,inpe_bdq_aqua_ref,False
2301901,Barbalha,CE,2002,7,2.0,24.2,12.1,13.5,,,False,inpe_bdq_legacy,False
2301901,Barbalha,CE,2002,8,0.0,0.0,,,,,True,inpe_bdq_legacy,False
2301901,Barbalha,CE,2002,9,2.0,39.099999999999994,19.549999999999997,20.2,,,False,inpe_bdq_legacy,False
2301901,Barbalha,CE,2002,10,12.0,703.7,58.64166666666667,227.8,,,False,inpe_bdq_legacy,False
2301901,Barbalha,CE,2002,11,6.0,162.0,27.0,31.7,,,False,inpe_bdq_legacy,False
2301901,Barbalha,CE,2002,12,0.0,0.0,,,,,True,inpe_bdq_legacy,False
2301901,Barbalha,CE,2003,1,0.0,0.0,,,,,True,inpe_bdq_aqua_ref,False
2301901,Barbalha,CE,2003,2,0.0,0.0,,,,,True,inpe_bdq_aqua_ref,False
2301901,Barbalha,CE,2003,3,0.0,0.0,,,,,True,inpe_bdq_aqua_ref,False
2301901,Barbalha,CE,2003,4,0.0,0.0,,,,,True,inpe_bdq_aqua_ref,False
2301901,Barbalha,CE,2003,5,0.0,0.0,,,,,True,inpe_bdq_aqua_ref,False
2301901,Barbalha,CE,2003,6,0.0,0.0,,,,,True,inpe_bdq_aqua_ref,False
2301901,Barbalha,CE,2003,7,0.0,0.0,,,,,True,inpe_bdq_aqua_ref,False
2301901,Barbalha,CE,2003,8,0.0,0.0,,,,,True,inpe_bdq_aqua_ref,False
2301901,Barbalha,CE,2003,9,1.0,12.8,12.8,12.8,,,False,inpe_bdq_aqua_ref,False
2301901,Barbalha,CE,2003,10,4.0,123.2,30.8,73.9,,,False,inpe_bdq_aqua_ref,False
2301901,Barbalha,CE,2003,11,13.0,813.1,62.54615384615385,164.8,,,False,inpe_bdq_aqua_ref,False
2301901,Barbalha,CE,2003,12,0.0,0.0,,,,,True,inpe_bdq_aqua_ref,False
2301901,Barbalha,CE,2004,1,1.0,30.7,30.7,30.7,,,False,inpe_bdq_aqua_ref,False
2301901,Barbalha,CE,2004,2,0.0,0.0,,,,,True,inpe_bdq_aqua_ref,False
2301901,Barbalha,CE,2004,3,0.0,0.0,,,,,True,inpe_bdq_aqua_ref,False
2301901,Barbalha,CE,2004,4,0.0,0.0,,,,,True,inpe_bdq_aqua_ref,False
2301901,Barbalha,CE,2004,5,0.0,0.0,,,,,True,inpe_bdq_aqua_ref,False
2301901,Barbalha,CE,2004,6,0.0,0.0,,,,,True,inpe_bdq_aqua_ref,False
2301901,Barbalha,CE,2004,7,0.0,0.0,,,,,True,inpe_bdq_aqua_ref,False
2301901,Barbalha,CE,2004,8,0.0,0.0,,,,,True,inpe_bdq_aqua_ref,False
2301901,Barbalha,CE,2004,9,1.0,11.4,11.4,11.4,,,False,inpe_bdq_aqua_ref,False
2301901,Barbalha,CE,2004,10,2.0,126.0,63.0,64.5,,,False,inpe_bdq_aqua_ref,False
2301901,Barbalha,CE,2004,11,11.0,721.1,65.55454545454546,161.4,,,False,inpe_bdq_aqua_ref,False
2301901,Barbalha,CE,2004,12,9.0,270.3,30.033333333333335,96.7,,,False,inpe_bdq_aqua_ref,False
2301901,Barbalha,CE,2005,1,0.0,0.0,,,,,True,inpe_bdq_aqua_ref,False
2301901,Barbalha,CE,2005,2,0.0,0.0,,,,,True,inpe_bdq_aqua_ref,False
2301901,Barbalha,CE,2005,3,0.0,0.0,,,,,True,inpe_bdq_aqua_ref,False
2301901,Barbalha,CE,2005,4,0.0,0.0,,,,,True,inpe_bdq_aqua_ref,False
2301901,Barbalha,CE,2005,5,0.0,0.0,,,,,True,inpe_bdq_aqua_ref,False
2301901,Barbalha,CE,2005,6,0.0,0.0,,,,,True,inpe_bdq_aqua_ref,False
2301901,Barbalha,CE,2005,7,0.0,0.0,,,,,True,inpe_bdq_aqua_ref,False
2301901,Barbalha,CE,2005,8,0.0,0.0,,,,,True,inpe_bdq_aqua_ref,False
2301901,Barbalha,CE,2005,9,2.0,36.0,18.0,24.2,,,False,inpe_bdq_aqua_ref,False
2301901,Barbalha,CE,2005,10,1.0,17.0,17.0,17.0,,,False,inpe_bdq_aqua_ref,False
2301901,Barbalha,CE,2005,11,17.0,1436.0,84.47058823529412,300.9,,,False,inpe_bdq_aqua_ref,False
2301901,Barbalha,CE,2005,12,3.0,109.9,36.63333333333333,61.9,,,False,inpe_bdq_aqua_ref,False
2301901,Barbalha,CE,2006,1,0.0,0.0,,,,,True,inpe_bdq_aqua_ref,False
2301901,Barbalha,CE,2006,2,0.0,0.0,,,,,True,inpe_bdq_aqua_ref,False
2301901,Barbalha,CE,2006,3,0.0,0.0,,,,,True,inpe_bdq_aqua_ref,False
2301901,Barbalha,CE,2006,4,0.0,0.0,,,,,True,inpe_bdq_aqua_ref,False
2301901,Barbalha,CE,2006,5,0.0,0.0,,,,,True,inpe_bdq_aqua_ref,False
2301901,Barbalha,CE,2006,6,0.0,0.0,,,,,True,inpe_bdq_aqua_ref,False
2301901,Barbalha,CE,2006,7,0.0,0.0,,,,,True,inpe_bdq_aqua_ref,False
2301901,Barbalha,CE,2006,8,0.0,0.0,,,,,True,inpe_bdq_aqua_ref,False
2301901,Barbalha,CE,2006,9,2.0,70.4,35.2,36.1,,,False,inpe_bdq_aqua_ref,False
2301901,Barbalha,CE,2006,10,3.0,137.4,45.800000000000004,63.3,,,False,inpe_bdq_aqua_ref,False
2301901,Barbalha,CE,2006,11,7.0,177.1,25.3,61.2,,,False,inpe_bdq_aqua_ref,False
2301901,Barbalha,CE,2006,12,3.0,133.3,44.43333333333334,88.5,,,False,inpe_bdq_aqua_ref,False
2301901,Barbalha,CE,2007,1,0.0,0.0,,,,,True,inpe_bdq_aqua_ref,False
2301901,Barbalha,CE,2007,2,0.0,0.0,,,,,True,inpe_bdq_aqua_ref,False
2301901,Barbalha,CE,2007,3,0.0,0.0,,,,,True,inpe_bdq_aqua_ref,False
2301901,Barbalha,CE,2007,4,0.0,0.0,,,,,True,inpe_bdq_aqua_ref,False
2301901,Barbalha,CE,2007,5,0.0,0.0,,,,,True,inpe_bdq_aqua_ref,False
2301901,Barbalha,CE,2007,6,0.0,0.0,,,,,True,inpe_bdq_aqua_ref,False
2301901,Barbalha,CE,2007,7,0.0,0.0,,,,,True,inpe_bdq_aqua_ref,False
2301901,Barbalha,CE,2007,8,6.0,299.8,49.96666666666667,80.4,,,False,inpe_bdq_aqua_ref,False
2301901,Barbalha,CE,2007,9,5.0,135.1,27.02,66.9,,,False,inpe_bdq_aqua_ref,False
2301901,Barbalha,CE,2007,10,1.0,147.9,147.9,147.9,,,False,inpe_bdq_aqua_ref,False
2301901,Barbalha,CE,2007,11,4.0,76.5,19.125,27.6,,,False,inpe_bdq_aqua_ref,False
2301901,Barbalha,CE,2007,12,1.0,12.6,12.6,12.6,,,False,inpe_bdq_aqua_ref,False
2301901,Barbalha,CE,2008,1,0.0,0.0,,,,,True,inpe_bdq_aqua_ref,False
2301901,Barbalha,CE,2008,2,1.0,17.8,17.8,17.8,,,False,inpe_bdq_aqua_ref,False
2301901,Barbalha,CE,2008,3,0.0,0.0,,,,,True,inpe_bdq_aqua_ref,False
2301901,Barbalha,CE,2008,4,0.0,0.0,,,,,True,inpe_bdq_aqua_ref,False
2301901,Barbalha,CE,2008,5,0.0,0.0,,,,,True,inpe_bdq_aqua_ref,False
2301901,Barbalha,CE,2008,6,0.0,0.0,,,,,True,inpe_bdq_aqua_ref,False
2301901,Barbalha,CE,2008,7,0.0,0.0,,,,,True,inpe_bdq_aqua_ref,False
2301901,Barbalha,CE,2008,8,0.0,0.0,,,,,True,inpe_bdq_aqua_ref,False
2301901,Barbalha,CE,2008,9,1.0,64.2,64.2,64.2,,,False,inpe_bdq_aqua_ref,False
2301901,Barbalha,CE,2008,10,2.0,21.1,10.55,11.2,,,False,inpe_bdq_aqua_ref,False
2301901,Barbalha,CE,2008,11,6.0,156.1,26.016666666666666,47.0,,,False,inpe_bdq_aqua_ref,False
2301901,Barbalha,CE,2008,12,2.0,468.79999999999995,234.39999999999998,260.9,,,False,inpe_bdq_aqua_ref,False
2301901,Barbalha,CE,2009,1,1.0,11.5,11.5,11.5,,,False,inpe_bdq_aqua_ref,False
2301901,Barbalha,CE,2009,2,0.0,0.0,,,,,True,inpe_bdq_aqua_ref,False
2301901,Barbalha,CE,2009,3,0.0,0.0,,,,,True,inpe_bdq_aqua_ref,False
2301901,Barbalha,CE,2009,4,0.0,0.0,,,,,True,inpe_bdq_aqua_ref,False
2301901,Barbalha,CE,2009,5,0.0,0.0,,,,,True,inpe_bdq_aqua_ref,False
2301901,Barbalha,CE,2009,6,0.0,0.0,,,,,True,inpe_bdq_aqua_ref,False
2301901,Barbalha,CE,2009,7,0.0,0.0,,,,,True,inpe_bdq_aqua_ref,False
2301901,Barbalha,CE,2009,8,1.0,14.3,14.3,14.3,,,False,inpe_bdq_aqua_ref,False
2301901,Barbalha,CE,2009,9,0.0,0.0,,,,,True,inpe_bdq_aqua_ref,False
2301901,Barbalha,CE,2009,10,2.0,58.7,29.35,36.4,,,False,inpe_bdq_aqua_ref,False
2301901,Barbalha,CE,2009,11,0.0,0.0,,,,,True,inpe_bdq_aqua_ref,False
2301901,Barbalha,CE,2009,12,1.0,14.1,14.1,14.1,,,False,inpe_bdq_aqua_ref,False
2301901,Barbalha,CE,2010,1,2.0,45.900000000000006,22.950000000000003,35.2,,,False,inpe_bdq_aqua_ref,False
2301901,Barbalha,CE,2010,2,0.0,0.0,,,,,True,inpe_bdq_aqua_ref,False
2301901,Barbalha,CE,2010,3,0.0,0.0,,,,,True,inpe_bdq_aqua_ref,False
2301901,Barbalha,CE,2010,4,0.0,0.0,,,,,True,inpe_bdq_aqua_ref,False
2301901,Barbalha,CE,2010,5,0.0,0.0,,,,,True,inpe_bdq_aqua_ref,False
2301901,Barbalha,CE,2010,6,0.0,0.0,,,,,True,inpe_bdq_aqua_ref,False
2301901,Barbalha,CE,2010,7,0.0,0.0,,,,,True,inpe_bdq_aqua_ref,False
2301901,Barbalha,CE,2010,8,0.0,0.0,,,,,True,inpe_bdq_aqua_ref,False
2301901,Barbalha,CE,2010,9,8.0,254.4,31.8,84.2,,,False,inpe_bdq_aqua_ref,False
2301901,Barbalha,CE,2010,10,2.0,26.2,13.1,16.2,,,False,inpe_bdq_aqua_ref,False
2301901,Barbalha,CE,2010,11,8.0,277.9,34.7375,79.2,,,False,inpe_bdq_aqua_ref,False
2301901,Barbalha,CE,2010,12,3.0,254.0,84.66666666666667,119.5,,,False,inpe_bdq_aqua_ref,False
2301901,Barbalha,CE,2011,1,0.0,0.0,,,,,True,inpe_bdq_aqua_ref,False
2301901,Barbalha,CE,2011,2,0.0,0.0,,,,,True,inpe_bdq_aqua_ref,False
2301901,Barbalha,CE,2011,3,0.0,0.0,,,,,True,inpe_bdq_aqua_ref,False
2301901,Barbalha,CE,2011,4,0.0,0.0,,,,,True,inpe_bdq_aqua_ref,False
2301901,Barbalha,CE,2011,5,0.0,0.0,,,,,True,inpe_bdq_aqua_ref,False
2301901,Barbalha,CE,2011,6,0.0,0.0,,,,,True,inpe_bdq_aqua_ref,False
2301901,Barbalha,CE,2011,7,0.0,0.0,,,,,True,inpe_bdq_aqua_ref,False
2301901,Barbalha,CE,2011,8,0.0,0.0,,,,,True,inpe_bdq_aqua_ref,False
2301901,Barbalha,CE,2011,9,1.0,15.8,15.8,15.8,,,False,inpe_bdq_aqua_ref,False
2301901,Barbalha,CE,2011,10,2.0,38.099999999999994,19.049999999999997,19.2,,,False,inpe_bdq_aqua_ref,False
2301901,Barbalha,CE,2011,11,5.0,174.8,34.96,80.0,,,False,inpe_bdq_aqua_ref,False
2301901,Barbalha,CE,2011,12,0.0,0.0,,,,,True,inpe_bdq_aqua_ref,False
2301901,Barbalha,CE,2012,1,0.0,0.0,,,,,True,inpe_bdq_aqua_ref,False
2301901,Barbalha,CE,2012,2,0.0,0.0,,,,,True,inpe_bdq_aqua_ref,False
2301901,Barbalha,CE,2012,3,0.0,0.0,,,,,True,inpe_bdq_aqua_ref,False
2301901,Barbalha,CE,2012,4,0.0,0.0,,,,,True,inpe_bdq_aqua_ref,False
2301901,Barbalha,CE,2012,5,0.0,0.0,,,,,True,inpe_bdq_aqua_ref,False
2301901,Barbalha,CE,2012,6,0.0,0.0,,,,,True,inpe_bdq_aqua_ref,False
2301901,Barbalha,CE,2012,7,1.0,7.6,7.6,7.6,,,False,inpe_bdq_aqua_ref,False
2301901,Barbalha,CE,2012,8,3.0,73.7,24.566666666666666,40.1,,,False,inpe_bdq_aqua_ref,False
2301901,Barbalha,CE,2012,9,5.0,266.7,53.339999999999996,86.8,,,False,inpe_bdq_aqua_ref,False
2301901,Barbalha,CE,2012,10,2.0,352.3,176.15,183.3,,,False,inpe_bdq_aqua_ref,False
2301901,Barbalha,CE,2012,11,2.0,45.5,22.75,30.2,,,False,inpe_bdq_aqua_ref,False
2301901,Barbalha,CE,2012,12,0.0,0.0,,,,,True,inpe_bdq_aqua_ref,False
2301901,Barbalha,CE,2013,1,0.0,0.0,,,,,True,inpe_bdq_aqua_ref,False
2301901,Barbalha,CE,2013,2,0.0,0.0,,,,,True,inpe_bdq_aqua_ref,False
2301901,Barbalha,CE,2013,3,0.0,0.0,,,,,True,inpe_bdq_aqua_ref,False
2301901,Barbalha,CE,2013,4,0.0,0.0,,,,,True,inpe_bdq_aqua_ref,False
2301901,Barbalha,CE,2013,5,0.0,0.0,,,,,True,inpe_bdq_aqua_ref,False
2301901,Barbalha,CE,2013,6,0.0,0.0,,,,,True,inpe_bdq_aqua_ref,False
2301901,Barbalha,CE,2013,7,0.0,0.0,,,,,True,inpe_bdq_aqua_ref,False
2301901,Barbalha,CE,2013,8,0.0,0.0,,,,,True,inpe_bdq_aqua_ref,False
2301901,Barbalha,CE,2013,9,0.0,0.0,,,,,True,inpe_bdq_aqua_ref,False
2301901,Barbalha,CE,2013,10,6.0,545.5999999999999,90.93333333333332,203.2,,,False,inpe_bdq_aqua_ref,False
2301901,Barbalha,CE,2013,11,0.0,0.0,,,,,True,inpe_bdq_aqua_ref,False
2301901,Barbalha,CE,2013,12,5.0,856.2,171.24,587.4,,,False,inpe_bdq_aqua_ref,False
2301901,Barbalha,CE,2014,1,0.0,0.0,,,,,True,inpe_bdq_aqua_ref,False
2301901,Barbalha,CE,2014,2,0.0,0.0,,,,,True,inpe_bdq_aqua_ref,False
2301901,Barbalha,CE,2014,3,0.0,0.0,,,,,True,inpe_bdq_aqua_ref,False
2301901,Barbalha,CE,2014,4,0.0,0.0,,,,,True,inpe_bdq_aqua_ref,False
2301901,Barbalha,CE,2014,5,0.0,0.0,,,,,True,inpe_bdq_aqua_ref,False
2301901,Barbalha,CE,2014,6,0.0,0.0,,,,,True,inpe_bdq_aqua_ref,False
2301901,Barbalha,CE,2014,7,0.0,0.0,,,,,True,inpe_bdq_aqua_ref,False
2301901,Barbalha,CE,2014,8,0.0,0.0,,,,,True,inpe_bdq_aqua_ref,False
2301901,Barbalha,CE,2014,9,4.0,160.9,40.225,59.9,1.0,16.5,False,inpe_bdq_aqua_ref,False
2301901,Barbalha,CE,2014,10,5.0,132.1,26.419999999999998,38.5,1.0,3.6,False,inpe_bdq_aqua_ref,False
2301901,Barbalha,CE,2014,11,1.0,12.4,12.4,12.4,0.0,2.0,False,inpe_bdq_aqua_ref,False
2301901,Barbalha,CE,2014,12,0.0,0.0,,,,,True,inpe_bdq_aqua_ref,False
2301901,Barbalha,CE,2015,1,1.0,13.9,13.9,13.9,1.0,15.0,False,inpe_bdq_aqua_ref,False
2301901,Barbalha,CE,2015,2,2.0,32.7,16.35,19.0,0.95,0.0,False,inpe_bdq_aqua_ref,False
2301901,Barbalha,CE,2015,3,0.0,0.0,,,,,True,inpe_bdq_aqua_ref,False
2301901,Barbalha,CE,2015,4,0.0,0.0,,,,,True,inpe_bdq_aqua_ref,False
2301901,Barbalha,CE,2015,5,0.0,0.0,,,,,True,inpe_bdq_aqua_ref,False
2301901,Barbalha,CE,2015,6,0.0,0.0,,,,,True,inpe_bdq_aqua_ref,False
2301901,Barbalha,CE,2015,7,0.0,0.0,,,,,True,inpe_bdq_aqua_ref,False
2301901,Barbalha,CE,2015,8,1.0,81.5,81.5,81.5,1.0,19.0,False,inpe_bdq_aqua_ref,False
2301901,Barbalha,CE,2015,9,4.0,151.8,37.95,73.1,1.0,42.75,False,inpe_bdq_aqua_ref,False
2301901,Barbalha,CE,2015,10,1.0,50.6,50.6,50.6,1.0,42.0,False,inpe_bdq_aqua_ref,False
2301901,Barbalha,CE,2015,11,2.0,65.1,32.55,41.1,1.0,19.5,False,inpe_bdq_aqua_ref,False
2301901,Barbalha,CE,2015,12,3.0,81.0,27.0,38.2,1.0,18.666666666666668,False,inpe_bdq_aqua_ref,False
2301901,Barbalha,CE,2016,1,2.0,39.599999999999994,19.799999999999997,22.4,0.95,1.5,False,inpe_bdq_aqua_ref,False
2301901,Barbalha,CE,2016,2,0.0,0.0,,,,,True,inpe_bdq_aqua_ref,False
2301901,Barbalha,CE,2016,3,0.0,0.0,,,,,True,inpe_bdq_aqua_ref,False
2301901,Barbalha,CE,2016,4,0.0,0.0,,,,,True,inpe_bdq_aqua_ref,False
2301901,Barbalha,CE,2016,5,0.0,0.0,,,,,True,inpe_bdq_aqua_ref,False
2301901,Barbalha,CE,2016,6,0.0,0.0,,,,,True,inpe_bdq_aqua_ref,False
2301901,Barbalha,CE,2016,7,0.0,0.0,,,,,True,inpe_bdq_aqua_ref,False
2301901,Barbalha,CE,2016,8,0.0,0.0,,,,,True,inpe_bdq_aqua_ref,False
2301901,Barbalha,CE,2016,9,2.0,24.5,12.25,14.8,1.0,46.0,False,inpe_bdq_aqua_ref,False
2301901,Barbalha,CE,2016,10,1.0,17.2,17.2,17.2,1.0,90.0,False,inpe_bdq_aqua_ref,False
2301901,Barbalha,CE,2016,11,5.0,168.9,33.78,49.9,1.0,46.4,False,inpe_bdq_aqua_ref,False
2301901,Barbalha,CE,2016,12,1.0,6.9,6.9,6.9,0.0,0.0,False,inpe_bdq_aqua_ref,False
2301901,Barbalha,CE,2017,1,1.0,31.3,31.3,31.3,0.9,0.0,False,inpe_bdq_aqua_ref,False
2301901,Barbalha,CE,2017,2,0.0,0.0,,,,,True,inpe_bdq_aqua_ref,False
2301901,Barbalha,CE,2017,3,0.0,0.0,,,,,True,inpe_bdq_aqua_ref,False
2301901,Barbalha,CE,2017,4,0.0,0.0,,,,,True,inpe_bdq_aqua_ref,False
2301901,Barbalha,CE,2017,5,0.0,0.0,,,,,True,inpe_bdq_aqua_ref,False
2301901,Barbalha,CE,2017,6,0.0,0.0,,,,,True,inpe_bdq_aqua_ref,False
2301901,Barbalha,CE,2017,7,0.0,0.0,,,,,True,inpe_bdq_aqua_ref,False
2301901,Barbalha,CE,2017,8,4.0,114.4,28.6,42.0,-249.0,0.0,False,inpe_bdq_aqua_ref,False
2301901,Barbalha,CE,2017,9,1.0,21.4,21.4,21.4,1.0,0.0,False,inpe_bdq_aqua_ref,False
2301901,Barbalha,CE,2017,10,3.0,101.2,33.733333333333334,56.5,1.0,0.0,False,inpe_bdq_aqua_ref,False
2301901,Barbalha,CE,2017,11,2.0,103.6,51.8,57.0,1.0,0.0,False,inpe_bdq_aqua_ref,False
2301901,Barbalha,CE,2017,12,2.0,63.8,31.9,48.0,1.0,0.0,False,inpe_bdq_aqua_ref,False
2301901,Barbalha,CE,2018,1,0.0,0.0,,,,,True,inpe_bdq_aqua_ref,False
2301901,Barbalha,CE,2018,2,0.0,0.0,,,,,True,inpe_bdq_aqua_ref,False
2301901,Barbalha,CE,2018,3,0.0,0.0,,,,,True,inpe_bdq_aqua_ref,False
2301901,Barbalha,CE,2018,4,0.0,0.0,,,,,True,inpe_bdq_aqua_ref,False
2301901,Barbalha,CE,2018,5,0.0,0.0,,,,,True,inpe_bdq_aqua_ref,False
2301901,Barbalha,CE,2018,6,0.0,0.0,,,,,True,inpe_bdq_aqua_ref,False
2301901,Barbalha,CE,2018,7,0.0,0.0,,,,,True,inpe_bdq_aqua_ref,False
2301901,Barbalha,CE,2018,8,1.0,14.9,14.9,14.9,1.0,91.0,False,inpe_bdq_aqua_ref,False
2301901,Barbalha,CE,2018,9,5.0,97.60000000000001,19.520000000000003,33.1,1.0,109.6,False,inpe_bdq_aqua_ref,False
2301901,Barbalha,CE,2018,10,5.0,216.5,43.3,105.5,1.0,3.6,False,inpe_bdq_aqua_ref,False
2301901,Barbalha,CE,2018,11,0.0,0.0,,,,,True,inpe_bdq_aqua_ref,False
2301901,Barbalha,CE,2018,12,0.0,0.0,,,,,True,inpe_bdq_aqua_ref,False
2301901,Barbalha,CE,2019,1,0.0,0.0,,,,,True,inpe_bdq_aqua_ref,False
2301901,Barbalha,CE,2019,2,0.0,0.0,,,,,True,inpe_bdq_aqua_ref,False
2301901,Barbalha,CE,2019,3,0.0,0.0,,,,,True,inpe_bdq_aqua_ref,False
2301901,Barbalha,CE,2019,4,0.0,0.0,,,,,True,inpe_bdq_aqua_ref,False
2301901,Barbalha,CE,2019,5,0.0,0.0,,,,,True,inpe_bdq_aqua_ref,False
2301901,Barbalha,CE,2019,6,2.0,19.8,9.9,10.3,0.95,11.0,False,inpe_bdq_aqua_ref,False
2301901,Barbalha,CE,2019,7,0.0,0.0,,,,,True,inpe_bdq_aqua_ref,False
2301901,Barbalha,CE,2019,8,3.0,44.1,14.700000000000001,17.7,1.0,65.0,False,inpe_bdq_aqua_ref,False
2301901,Barbalha,CE,2019,9,4.0,131.39999999999998,32.849999999999994,59.3,1.0,87.5,False,inpe_bdq_aqua_ref,False
2301901,Barbalha,CE,2019,10,11.0,692.9,62.99090909090909,207.9,0.9727272727272727,32.0,False,inpe_bdq_aqua_ref,False
2301901,Barbalha,CE,2019,11,7.0,711.0,101.57142857142857,315.6,1.0,27.142857142857142,False,inpe_bdq_aqua_ref,False
2301901,Barbalha,CE,2019,12,8.0,498.4,62.3,120.1,0.55,2.5,False,inpe_bdq_aqua_ref,False
2301901,Barbalha,CE,2020,1,0.0,0.0,,,,,True,inpe_bdq_aqua_ref,False
2301901,Barbalha,CE,2020,2,0.0,0.0,,,,,True,inpe_bdq_aqua_ref,False
2301901,Barbalha,CE,2020,3,0.0,0.0,,,,,True,inpe_bdq_aqua_ref,False
2301901,Barbalha,CE,2020,4,0.0,0.0,,,,,True,inpe_bdq_aqua_ref,False
2301901,Barbalha,CE,2020,5,0.0,0.0,,,,,True,inpe_bdq_aqua_ref,False
2301901,Barbalha,CE,2020,6,1.0,16.3,16.3,16.3,0.6,2.0,False,inpe_bdq_aqua_ref,False
2301901,Barbalha,CE,2020,7,3.0,66.2,22.066666666666666,36.4,0.9666666666666667,21.333333333333332,False,inpe_bdq_aqua_ref,False
2301901,Barbalha,CE,2020,8,1.0,9.3,9.3,9.3,1.0,56.0,False,inpe_bdq_aqua_ref,False
2301901,Barbalha,CE,2020,9,2.0,90.3,45.15,75.0,1.0,76.0,False,inpe_bdq_aqua_ref,False
2301901,Barbalha,CE,2020,10,5.0,134.3,26.860000000000003,41.7,1.0,31.2,False,inpe_bdq_aqua_ref,False
2301901,Barbalha,CE,2020,11,3.0,57.2,19.066666666666666,25.3,0.43333333333333335,1.6666666666666667,False,inpe_bdq_aqua_ref,False
2301901,Barbalha,CE,2020,12,2.0,50.599999999999994,25.299999999999997,39.9,1.0,4.0,False,inpe_bdq_aqua_ref,False
2301901,Barbalha,CE,2021,1,0.0,0.0,,,,,True,inpe_bdq_aqua_ref,False
2301901,Barbalha,CE,2021,2,0.0,0.0,,,,,True,inpe_bdq_aqua_ref,False
2301901,Barbalha,CE,2021,3,0.0,0.0,,,,,True,inpe_bdq_aqua_ref,False
2301901,Barbalha,CE,2021,4,0.0,0.0,,,,,True,inpe_bdq_aqua_ref,False
2301901,Barbalha,CE,2021,5,0.0,0.0,,,,,True,inpe_bdq_aqua_ref,False
2301901,Barbalha,CE,2021,6,0.0,0.0,,,,,True,inpe_bdq_aqua_ref,False
2301901,Barbalha,CE,2021,7,0.0,0.0,,,,,True,inpe_bdq_aqua_ref,False
2301901,Barbalha,CE,2021,8,2.0,41.400000000000006,20.700000000000003,24.8,1.0,40.0,False,inpe_bdq_aqua_ref,False
2301901,Barbalha,CE,2021,9,3.0,211.5,70.5,147.4,1.0,19.333333333333332,False,inpe_bdq_aqua_ref,False
2301901,Barbalha,CE,2021,10,6.0,322.4,53.73333333333333,106.7,0.9833333333333334,20.333333333333332,False,inpe_bdq_aqua_ref,False
2301901,Barbalha,CE,2021,11,0.0,0.0,,,,,True,inpe_bdq_aqua_ref,False
2301901,Barbalha,CE,2021,12,0.0,0.0,,,,,True,inpe_bdq_aqua_ref,False
2301901,Barbalha,CE,2022,1,0.0,0.0,,,,,True,inpe_bdq_aqua_ref,False
2301901,Barbalha,CE,2022,2,0.0,0.0,,,,,True,inpe_bdq_aqua_ref,False
2301901,Barbalha,CE,2022,3,0.0,0.0,,,,,True,inpe_bdq_aqua_ref,False
2301901,Barbalha,CE,2022,4,0.0,0.0,,,,,True,inpe_bdq_aqua_ref,False
2301901,Barbalha,CE,2022,5,0.0,0.0,,,,,True,inpe_bdq_aqua_ref,False
2301901,Barbalha,CE,2022,6,0.0,0.0,,,,,True,inpe_bdq_aqua_ref,False
2301901,Barbalha,CE,2022,7,2.0,24.4,12.2,12.3,1.0,21.5,False,inpe_bdq_aqua_ref,False
2301901,Barbalha,CE,2022,8,0.0,0.0,,,,,True,inpe_bdq_aqua_ref,False
2301901,Barbalha,CE,2022,9,7.0,182.60000000000002,26.08571428571429,50.2,1.0,10.857142857142858,False,inpe_bdq_aqua_ref,False
2301901,Barbalha,CE,2022,10,4.0,96.19999999999999,24.049999999999997,46.8,0.75,6.5,False,inpe_bdq_aqua_ref,False
2301901,Barbalha,CE,2022,11,1.0,12.9,12.9,12.9,0.52,5.0,False,inpe_bdq_aqua_ref,False
2301901,Barbalha,CE,2022,12,0.0,0.0,,,,,True,inpe_bdq_aqua_ref,False
2301901,Barbalha,CE,2023,1,1.0,18.8,18.8,18.8,0.21,1.0,False,inpe_bdq_aqua_ref,False
2301901,Barbalha,CE,2023,2,0.0,0.0,,,,,True,inpe_bdq_aqua_ref,False
2301901,Barbalha,CE,2023,3,0.0,0.0,,,,,True,inpe_bdq_aqua_ref,False
2301901,Barbalha,CE,2023,4,0.0,0.0,,,,,True,inpe_bdq_aqua_ref,False
2301901,Barbalha,CE,2023,5,0.0,0.0,,,,,True,inpe_bdq_aqua_ref,False
2301901,Barbalha,CE,2023,6,0.0,0.0,,,,,True,inpe_bdq_aqua_ref,False
2301901,Barbalha,CE,2023,7,1.0,16.9,16.9,16.9,1.0,24.0,False,inpe_bdq_aqua_ref,False
2301901,Barbalha,CE,2023,8,6.0,136.6,22.766666666666666,56.2,1.0,49.333333333333336,False,inpe_bdq_aqua_ref,False
2301901,Barbalha,CE,2023,9,5.0,115.7,23.14,46.4,1.0,24.0,False,inpe_bdq_aqua_ref,False
2301901,Barbalha,CE,2023,10,19.0,2251.8,118.51578947368422,829.6,1.0,30.894736842105264,False,inpe_bdq_aqua_ref,False
2301901,Barbalha,CE,2023,11,2.0,25.9,12.95,14.7,0.74,3.5,False,inpe_bdq_aqua_ref,False
2301901,Barbalha,CE,2023,12,1.0,37.1,37.1,37.1,1.0,4.0,False,inpe_bdq_aqua_ref,False
2301901,Barbalha,CE,2024,1,0.0,0.0,,,,,True,inpe_bdq_aqua_ref,False
2301901,Barbalha,CE,2024,2,0.0,0.0,,,,,True,inpe_bdq_aqua_ref,False
2301901,Barbalha,CE,2024,3,0.0,0.0,,,,,True,inpe_bdq_aqua_ref,False
2301901,Barbalha,CE,2024,4,0.0,0.0,,,,,True,inpe_bdq_aqua_ref,False
2301901,Barbalha,CE,2024,5,0.0,0.0,,,,,True,inpe_bdq_aqua_ref,False
2301901,Barbalha,CE,2024,6,0.0,0.0,,,,,True,inpe_bdq_aqua_ref,False
2301901,Barbalha,CE,2024,7,0.0,0.0,,,,,True,inpe_bdq_aqua_ref,False
2301901,Barbalha,CE,2024,8,1.0,18.4,18.4,18.4,1.0,52.0,False,inpe_bdq_aqua_ref,False
2301901,Barbalha,CE,2024,9,1.0,53.5,53.5,53.5,1.0,57.0,False,inpe_bdq_aqua_ref,False
2301901,Barbalha,CE,2024,10,8.0,442.0,55.25,226.6,0.995,5.625,False,inpe_bdq_aqua_ref,False
2301901,Barbalha,CE,2024,11,9.0,208.9,23.211111111111112,40.1,0.9933333333333333,11.777777777777779,False,inpe_bdq_aqua_ref,False
2301901,Barbalha,CE,2024,12,2.0,27.7,13.85,14.0,0.8200000000000001,1.5,False,inpe_bdq_aqua_ref,False
2301901,Barbalha,CE,2025,1,0.0,0.0,,,,,True,inpe_bdq_legacy,False
2301901,Barbalha,CE,2025,2,0.0,0.0,,,,,True,inpe_bdq_legacy,False
2301901,Barbalha,CE,2025,3,0.0,0.0,,,,,True,inpe_bdq_legacy,False
2301901,Barbalha,CE,2025,4,0.0,0.0,,,,,True,inpe_bdq_legacy,False
2301901,Barbalha,CE,2025,5,0.0,0.0,,,,,True,inpe_bdq_legacy,False
2301901,Barbalha,CE,2025,6,0.0,0.0,,,,,True,inpe_bdq_legacy,False
2301901,Barbalha,CE,2025,7,0.0,0.0,,,,,True,inpe_bdq_legacy,False
2301901,Barbalha,CE,2025,8,1.0,50.5,50.5,50.5,1.0,11.0,False,inpe_bdq_legacy,False
2301901,Barbalha,CE,2025,9,7.0,1047.8,149.68571428571428,549.0,1.0,35.57142857142857,False,inpe_bdq_legacy,False
2301901,Barbalha,CE,2025,10,10.0,190.9,19.09,42.8,0.9970000000000001,26.1,False,inpe_bdq_legacy,False
2301901,Barbalha,CE,2025,11,10.0,234.2,23.419999999999998,70.7,-99.08200000000001,9.3,False,inpe_bdq_legacy,False
2301901,Barbalha,CE,2025,12,1.0,40.6,40.6,40.6,0.92,6.0,False,inpe_bdq_legacy,False
2302008,Barro,CE,2025,1,4.0,118.4,29.6,42.6,0.06,2.0,False,inpe_bdq_aqua_ref,False
2302008,Barro,CE,2025,2,0.0,0.0,,,,,True,inpe_bdq_aqua_ref,False
2302008,Barro,CE,2025,3,0.0,0.0,,,,,True,inpe_bdq_aqua_ref,False
2302008,Barro,CE,2025,4,1.0,30.4,30.4,30.4,0.44,5.0,False,inpe_bdq_aqua_ref,False
2302008,Barro,CE,2025,5,0.0,0.0,,,,,True,inpe_bdq_aqua_ref,False
2302008,Barro,CE,2025,6,0.0,0.0,,,,,True,inpe_bdq_aqua_ref,False
2302008,Barro,CE,2025,7,0.0,0.0,,,,,True,inpe_bdq_aqua_ref,False
2302008,Barro,CE,2025,8,0.0,0.0,,,,,True,inpe_bdq_aqua_ref,False
2302008,Barro,CE,2025,9,0.0,0.0,,,,,True,inpe_bdq_aqua_ref,False
2302008,Barro,CE,2025,10,13.0,1094.1999999999998,84.16923076923075,394.9,0.8999999999999999,19.0,False,inpe_bdq_aqua_ref,False
2302503,Brejo Santo,CE,2002,9,1.0,32.2,32.2,32.2,,,False,inpe_bdq_legacy,False
2302503,Brejo Santo,CE,2002,10,14.0,1072.0,76.57142857142857,402.4,,,False,inpe_bdq_legacy,False
2302503,Brejo Santo,CE,2002,11,4.0,130.6,32.65,44.2,,,False,inpe_bdq_legacy,False
2302503,Brejo Santo,CE,2002,12,3.0,119.89999999999999,39.96666666666666,84.3,,,False,inpe_bdq_legacy,False
2302503,Brejo Santo,CE,2003,1,3.0,163.4,54.46666666666667,90.7,,,False,inpe_bdq_legacy,False
2302503,Brejo Santo,CE,2003,2,0.0,0.0,,,,,True,inpe_bdq_legacy,False
2302503,Brejo Santo,CE,2003,3,0.0,0.0,,,,,True,inpe_bdq_legacy,False
2302503,Brejo Santo,CE,2003,4,0.0,0.0,,,,,True,inpe_bdq_legacy,False
2302503,Brejo Santo,CE,2003,5,0.0,0.0,,,,,True,inpe_bdq_legacy,False
2302503,Brejo Santo,CE,2003,6,1.0,5.2,5.2,5.2,,,False,inpe_bdq_legacy,False
2302503,Brejo Santo,CE,2003,7,0.0,0.0,,,,,True,inpe_bdq_legacy,False
2302503,Brejo Santo,CE,2003,8,0.0,0.0,,,,,True,inpe_bdq_legacy,False
2302503,Brejo Santo,CE,2003,9,3.0,196.3,65.43333333333334,135.9,,,False,inpe_bdq_legacy,False
2302503,Brejo Santo,CE,2003,10,7.0,408.1,58.300000000000004,152.3,,,False,inpe_bdq_legacy,False
2302503,Brejo Santo,CE,2003,11,5.0,423.40000000000003,84.68,136.9,,,False,inpe_bdq_legacy,False
2302503,Brejo Santo,CE,2003,12,4.0,128.7,32.175,43.9,,,False,inpe_bdq_legacy,False
2302503,Brejo Santo,CE,2004,1,0.0,0.0,,,,,True,inpe_bdq_legacy,False
2302503,Brejo Santo,CE,2004,2,0.0,0.0,,,,,True,inpe_bdq_legacy,False
2302503,Brejo Santo,CE,2004,3,0.0,0.0,,,,,True,inpe_bdq_legacy,False
2302503,Brejo Santo,CE,2004,4,0.0,0.0,,,,,True,inpe_bdq_legacy,False
2302503,Brejo Santo,CE,2004,5,0.0,0.0,,,,,True,inpe_bdq_legacy,False
2302503,Brejo Santo,CE,2004,6,0.0,0.0,,,,,True,inpe_bdq_legacy,False
2302503,Brejo Santo,CE,2004,7,0.0,0.0,,,,,True,inpe_bdq_legacy,False
2302503,Brejo Santo,CE,2004,8,0.0,0.0,,,,,True,inpe_bdq_legacy,False
2302503,Brejo Santo,CE,2004,9,1.0,155.6,155.6,155.6,,,False,inpe_bdq_legacy,False
2302503,Brejo Santo,CE,2004,10,2.0,67.5,33.75,48.3,,,False,inpe_bdq_legacy,False
2302503,Brejo Santo,CE,2004,11,11.0,956.7,86.97272727272728,396.5,,,False,inpe_bdq_legacy,False
2302503,Brejo Santo,CE,2004,12,11.0,556.2,50.56363636363637,116.2,,,False,inpe_bdq_legacy,False
2302503,Brejo Santo,CE,2005,1,3.0,152.0,50.666666666666664,70.2,,,False,inpe_bdq_legacy,False
2302503,Brejo Santo,CE,2005,2,0.0,0.0,,,,,True,inpe_bdq_legacy,False
2302503,Brejo Santo,CE,2005,3,0.0,0.0,,,,,True,inpe_bdq_legacy,False
2302503,Brejo Santo,CE,2005,4,0.0,0.0,,,,,True,inpe_bdq_legacy,False
2302503,Brejo Santo,CE,2005,5,0.0,0.0,,,,,True,inpe_bdq_legacy,False
2302503,Brejo Santo,CE,2005,6,0.0,0.0,,,,,True,inpe_bdq_legacy,False
2302503,Brejo Santo,CE,2005,7,0.0,0.0,,,,,True,inpe_bdq_legacy,False
2302503,Brejo Santo,CE,2005,8,0.0,0.0,,,,,True,inpe_bdq_legacy,False
2302503,Brejo Santo,CE,2005,9,2.0,51.5,25.75,29.7,,,False,inpe_bdq_legacy,False
2302503,Brejo Santo,CE,2005,10,10.0,1142.9,114.29,299.2,,,False,inpe_bdq_legacy,False
2302503,Brejo Santo,CE,2005,11,3.0,88.3,29.433333333333334,43.9,,,False,inpe_bdq_legacy,False
2302503,Brejo Santo,CE,2005,12,1.0,206.6,206.6,206.6,,,False,inpe_bdq_legacy,False
2302503,Brejo Santo,CE,2006,1,0.0,0.0,,,,,True,inpe_bdq_legacy,False
2302503,Brejo Santo,CE,2006,2,0.0,0.0,,,,,True,inpe_bdq_legacy,False
2302503,Brejo Santo,CE,2006,3,0.0,0.0,,,,,True,inpe_bdq_legacy,False
2302503,Brejo Santo,CE,2006,4,0.0,0.0,,,,,True,inpe_bdq_legacy,False
2302503,Brejo Santo,CE,2006,5,0.0,0.0,,,,,True,inpe_bdq_legacy,False
2302503,Brejo Santo,CE,2006,6,0.0,0.0,,,,,True,inpe_bdq_legacy,False
2302503,Brejo Santo,CE,2006,7,0.0,0.0,,,,,True,inpe_bdq_legacy,False
2302503,Brejo Santo,CE,2006,8,0.0,0.0,,,,,True,inpe_bdq_legacy,False
2302503,Brejo Santo,CE,2006,9,2.0,69.19999999999999,34.599999999999994,35.8,,,False,inpe_bdq_legacy,False
2302503,Brejo Santo,CE,2006,10,0.0,0.0,,,,,True,inpe_bdq_legacy,False
2302503,Brejo Santo,CE,2006,11,8.0,892.8,111.6,528.8,,,False,inpe_bdq_legacy,False
2302503,Brejo Santo,CE,2006,12,4.0,292.1,73.025,125.0,,,False,inpe_bdq_legacy,False
2302503,Brejo Santo,CE,2007,1,0.0,0.0,,,,,True,inpe_bdq_legacy,False
2302503,Brejo Santo,CE,2007,2,0.0,0.0,,,,,True,inpe_bdq_legacy,False
2302503,Brejo Santo,CE,2007,3,0.0,0.0,,,,,True,inpe_bdq_legacy,False
2302503,Brejo Santo,CE,2007,4,0.0,0.0,,,,,True,inpe_bdq_legacy,False
2302503,Brejo Santo,CE,2007,5,0.0,0.0,,,,,True,inpe_bdq_legacy,False
2302503,Brejo Santo,CE,2007,6,0.0,0.0,,,,,True,inpe_bdq_legacy,False
2302503,Brejo Santo,CE,2007,7,1.0,57.5,57.5,57.5,,,False,inpe_bdq_legacy,False
2302503,Brejo Santo,CE,2007,8,3.0,176.6,58.86666666666667,78.6,,,False,inpe_bdq_legacy,False
2302503,Brejo Santo,CE,2007,9,0.0,0.0,,,,,True,inpe_bdq_legacy,False
2302503,Brejo Santo,CE,2007,10,8.0,581.9000000000001,72.73750000000001,151.8,,,False,inpe_bdq_legacy,False
2302503,Brejo Santo,CE,2007,11,11.0,452.1,41.1,119.6,,,False,inpe_bdq_legacy,False
2302503,Brejo Santo,CE,2007,12,0.0,0.0,,,,,True,inpe_bdq_legacy,False
2302503,Brejo Santo,CE,2008,1,0.0,0.0,,,,,True,inpe_bdq_legacy,False
2302503,Brejo Santo,CE,2008,2,0.0,0.0,,,,,True,inpe_bdq_legacy,False
2302503,Brejo Santo,CE,2008,3,0.0,0.0,,,,,True,inpe_bdq_legacy,False
2302503,Brejo Santo,CE,2008,4,0.0,0.0,,,,,True,inpe_bdq_legacy,False
2302503,Brejo Santo,CE,2008,5,0.0,0.0,,,,,True,inpe_bdq_legacy,False
2302503,Brejo Santo,CE,2008,6,0.0,0.0,,,,,True,inpe_bdq_legacy,False
2302503,Brejo Santo,CE,2008,7,0.0,0.0,,,,,True,inpe_bdq_legacy,False
2302503,Brejo Santo,CE,2008,8,0.0,0.0,,,,,True,inpe_bdq_legacy,False
2302503,Brejo Santo,CE,2008,9,0.0,0.0,,,,,True,inpe_bdq_legacy,False
2302503,Brejo Santo,CE,2008,10,1.0,14.9,14.9,14.9,,,False,inpe_bdq_legacy,False
2302503,Brejo Santo,CE,2008,11,9.0,487.2,54.13333333333333,360.4,,,False,inpe_bdq_legacy,False
2302503,Brejo Santo,CE,2008,12,5.0,150.6,30.119999999999997,67.6,,,False,inpe_bdq_legacy,False
2302503,Brejo Santo,CE,2009,1,3.0,310.0,103.33333333333333,159.1,,,False,inpe_bdq_legacy,False
2302503,Brejo Santo,CE,2009,2,0.0,0.0,,,,,True,inpe_bdq_legacy,False
2302503,Brejo Santo,CE,2009,3,0.0,0.0,,,,,True,inpe_bdq_legacy,False
2302503,Brejo Santo,CE,2009,4,0.0,0.0,,,,,True,inpe_bdq_legacy,False
2302503,Brejo Santo,CE,2009,5,0.0,0.0,,,,,True,inpe_bdq_legacy,False
2302503,Brejo Santo,CE,2009,6,0.0,0.0,,,,,True,inpe_bdq_legacy,False
2302503,Brejo Santo,CE,2009,7,1.0,9.9,9.9,9.9,,,False,inpe_bdq_legacy,False
2302503,Brejo Santo,CE,2009,8,0.0,0.0,,,,,True,inpe_bdq_legacy,False
2302503,Brejo Santo,CE,2009,9,0.0,0.0,,,,,True,inpe_bdq_legacy,False
2302503,Brejo Santo,CE,2009,10,0.0,0.0,,,,,True,inpe_bdq_legacy,False
2302503,Brejo Santo,CE,2009,11,5.0,107.3,21.46,31.1,,,False,inpe_bdq_legacy,False
2302503,Brejo Santo,CE,2009,12,1.0,10.7,10.7,10.7,,,False,inpe_bdq_legacy,False
2302503,Brejo Santo,CE,2010,1,1.0,18.1,18.1,18.1,,,False,inpe_bdq_legacy,False
2302503,Brejo Santo,CE,2010,2,1.0,24.9,24.9,24.9,,,False,inpe_bdq_legacy,False
2302503,Brejo Santo,CE,2010,3,0.0,0.0,,,,,True,inpe_bdq_legacy,False
2302503,Brejo Santo,CE,2010,4,0.0,0.0,,,,,True,inpe_bdq_legacy,False
2302503,Brejo Santo,CE,2010,5,1.0,19.5,19.5,19.5,,,False,inpe_bdq_legacy,False
2302503,Brejo Santo,CE,2010,6,0.0,0.0,,,,,True,inpe_bdq_legacy,False
2302503,Brejo Santo,CE,2010,7,1.0,30.8,30.8,30.8,,,False,inpe_bdq_legacy,False
2302503,Brejo Santo,CE,2010,8,0.0,0.0,,,,,True,inpe_bdq_legacy,False
2302503,Brejo Santo,CE,2010,9,0.0,0.0,,,,,True,inpe_bdq_legacy,False
2302503,Brejo Santo,CE,2010,10,1.0,15.3,15.3,15.3,,,False,inpe_bdq_legacy,False
2302503,Brejo Santo,CE,2010,11,15.0,656.9,43.79333333333333,149.3,,,False,inpe_bdq_legacy,False
2302503,Brejo Santo,CE,2010,12,0.0,0.0,,,,,True,inpe_bdq_legacy,False
2302503,Brejo Santo,CE,2011,1,0.0,0.0,,,,,True,inpe_bdq_legacy,False
2302503,Brejo Santo,CE,2011,2,0.0,0.0,,,,,True,inpe_bdq_legacy,False
2302503,Brejo Santo,CE,2011,3,0.0,0.0,,,,,True,inpe_bdq_legacy,False
2302503,Brejo Santo,CE,2011,4,0.0,0.0,,,,,True,inpe_bdq_legacy,False
2302503,Brejo Santo,CE,2011,5,0.0,0.0,,,,,True,inpe_bdq_legacy,False
2302503,Brejo Santo,CE,2011,6,0.0,0.0,,,,,True,inpe_bdq_legacy,False
2302503,Brejo Santo,CE,2011,7,0.0,0.0,,,,,True,inpe_bdq_legacy,False
2302503,Brejo Santo,CE,2011,8,0.0,0.0,,,,,True,inpe_bdq_legacy,False
2302503,Brejo Santo,CE,2011,9,3.0,310.0,103.33333333333333,213.0,,,False,inpe_bdq_legacy,False
2302503,Brejo Santo,CE,2011,10,2.0,27.7,13.85,14.2,,,False,inpe_bdq_legacy,False
2302503,Brejo Santo,CE,2011,11,12.0,1546.6,128.88333333333333,593.0,,,False,inpe_bdq_legacy,False
2302503,Brejo Santo,CE,2011,12,5.0,189.6,37.92,74.8,,,False,inpe_bdq_legacy,False
2302503,Brejo Santo,CE,2012,1,0.0,0.0,,,,,True,inpe_bdq_legacy,False
2302503,Brejo Santo,CE,2012,2,0.0,0.0,,,,,True,inpe_bdq_legacy,False
2302503,Brejo Santo,CE,2012,3,0.0,0.0,,,,,True,inpe_bdq_legacy,False
2302503,Brejo Santo,CE,2012,4,0.0,0.0,,,,,True,inpe_bdq_legacy,False
2302503,Brejo Santo,CE,2012,5,0.0,0.0,,,,,True,inpe_bdq_legacy,False
2302503,Brejo Santo,CE,2012,6,0.0,0.0,,,,,True,inpe_bdq_legacy,False
2302503,Brejo Santo,CE,2012,7,0.0,0.0,,,,,True,inpe_bdq_legacy,False
2302503,Brejo Santo,CE,2012,8,0.0,0.0,,,,,True,inpe_bdq_legacy,False
2302503,Brejo Santo,CE,2012,9,6.0,451.0,75.16666666666667,172.6,,,False,inpe_bdq_legacy,False
2302503,Brejo Santo,CE,2012,10,3.0,108.5,36.166666666666664,58.0,,,False,inpe_bdq_legacy,False
2302503,Brejo Santo,CE,2012,11,3.0,371.1,123.7,155.5,,,False,inpe_bdq_legacy,False
2302503,Brejo Santo,CE,2012,12,2.0,124.5,62.25,77.0,,,False,inpe_bdq_legacy,False
2302503,Brejo Santo,CE,2013,1,0.0,0.0,,,,,True,inpe_bdq_legacy,False
2302503,Brejo Santo,CE,2013,2,0.0,0.0,,,,,True,inpe_bdq_legacy,False
2302503,Brejo Santo,CE,2013,3,0.0,0.0,,,,,True,inpe_bdq_legacy,False
2302503,Brejo Santo,CE,2013,4,0.0,0.0,,,,,True,inpe_bdq_legacy,False
2302503,Brejo Santo,CE,2013,5,0.0,0.0,,,,,True,inpe_bdq_legacy,False
2302503,Brejo Santo,CE,2013,6,0.0,0.0,,,,,True,inpe_bdq_legacy,False
2302503,Brejo Santo,CE,2013,7,0.0,0.0,,,,,True,inpe_bdq_legacy,False
2302503,Brejo Santo,CE,2013,8,0.0,0.0,,,,,True,inpe_bdq_legacy,False
2302503,Brejo Santo,CE,2013,9,0.0,0.0,,,,,True,inpe_bdq_legacy,False
2302503,Brejo Santo,CE,2013,10,0.0,0.0,,,,,True,inpe_bdq_legacy,False
2302503,Brejo Santo,CE,2013,11,0.0,0.0,,,,,True,inpe_bdq_legacy,False
2302503,Brejo Santo,CE,2013,12,1.0,11.2,11.2,11.2,,,False,inpe_bdq_legacy,False
2302503,Brejo Santo,CE,2014,1,0.0,0.0,,,,,True,inpe_bdq_legacy,False
2302503,Brejo Santo,CE,2014,2,0.0,0.0,,,,,True,inpe_bdq_legacy,False
2302503,Brejo Santo,CE,2014,3,0.0,0.0,,,,,True,inpe_bdq_legacy,False
2302503,Brejo Santo,CE,2014,4,0.0,0.0,,,,,True,inpe_bdq_legacy,False
2302503,Brejo Santo,CE,2014,5,0.0,0.0,,,,,True,inpe_bdq_legacy,False
2302503,Brejo Santo,CE,2014,6,0.0,0.0,,,,,True,inpe_bdq_legacy,False
2302503,Brejo Santo,CE,2014,7,0.0,0.0,,,,,True,inpe_bdq_legacy,False
2302503,Brejo Santo,CE,2014,8,0.0,0.0,,,,,True,inpe_bdq_legacy,False
2302503,Brejo Santo,CE,2014,9,0.0,0.0,,,,,True,inpe_bdq_legacy,False
2302503,Brejo Santo,CE,2014,10,3.0,92.6,30.866666666666664,37.3,1.0,3.6666666666666665,False,inpe_bdq_legacy,False
2302503,Brejo Santo,CE,2014,11,0.0,0.0,,,,,True,inpe_bdq_legacy,False
2302503,Brejo Santo,CE,2014,12,1.0,74.0,74.0,74.0,1.0,5.0,False,inpe_bdq_legacy,False
2302503,Brejo Santo,CE,2015,1,0.0,0.0,,,,,True,inpe_bdq_legacy,False
2302503,Brejo Santo,CE,2015,2,0.0,0.0,,,,,True,inpe_bdq_legacy,False
2302503,Brejo Santo,CE,2015,3,0.0,0.0,,,,,True,inpe_bdq_legacy,False
2302503,Brejo Santo,CE,2015,4,0.0,0.0,,,,,True,inpe_bdq_legacy,False
2302503,Brejo Santo,CE,2015,5,0.0,0.0,,,,,True,inpe_bdq_legacy,False
2302503,Brejo Santo,CE,2015,6,0.0,0.0,,,,,True,inpe_bdq_legacy,False
2302503,Brejo Santo,CE,2015,7,0.0,0.0,,,,,True,inpe_bdq_legacy,False
2302503,Brejo Santo,CE,2015,8,0.0,0.0,,,,,True,inpe_bdq_legacy,False
2302503,Brejo Santo,CE,2015,9,0.0,0.0,,,,,True,inpe_bdq_legacy,False
2302503,Brejo Santo,CE,2015,10,3.0,95.8,31.933333333333334,38.3,1.0,52.333333333333336,False,inpe_bdq_legacy,False
2302503,Brejo Santo,CE,2015,11,1.0,82.6,82.6,82.6,1.0,26.0,False,inpe_bdq_legacy,False
2302503,Brejo Santo,CE,2015,12,0.0,0.0,,,,,True,inpe_bdq_legacy,False
2302503,Brejo Santo,CE,2016,1,0.0,0.0,,,,,True,inpe_bdq_legacy,False
2302503,Brejo Santo,CE,2016,2,0.0,0.0,,,,,True,inpe_bdq_legacy,False
2302503,Brejo Santo,CE,2016,3,0.0,0.0,,,,,True,inpe_bdq_legacy,False
2302503,Brejo Santo,CE,2016,4,0.0,0.0,,,,,True,inpe_bdq_legacy,False
2302503,Brejo Santo,CE,2016,5,0.0,0.0,,,,,True,inpe_bdq_legacy,False
2302503,Brejo Santo,CE,2016,6,0.0,0.0,,,,,True,inpe_bdq_legacy,False
2302503,Brejo Santo,CE,2016,7,0.0,0.0,,,,,True,inpe_bdq_legacy,False
2302503,Brejo Santo,CE,2016,8,0.0,0.0,,,,,True,inpe_bdq_legacy,False
2302503,Brejo Santo,CE,2016,9,1.0,46.5,46.5,46.5,1.0,55.0,False,inpe_bdq_legacy,False
2302503,Brejo Santo,CE,2016,10,3.0,132.5,44.166666666666664,63.1,1.0,25.666666666666668,False,inpe_bdq_legacy,False
2302503,Brejo Santo,CE,2016,11,0.0,0.0,,,,,True,inpe_bdq_legacy,False
2302503,Brejo Santo,CE,2016,12,0.0,0.0,,,,,True,inpe_bdq_legacy,False
2302503,Brejo Santo,CE,2017,1,0.0,0.0,,,,,True,inpe_bdq_legacy,False
2302503,Brejo Santo,CE,2017,2,0.0,0.0,,,,,True,inpe_bdq_legacy,False
2302503,Brejo Santo,CE,2017,3,0.0,0.0,,,,,True,inpe_bdq_legacy,False
2302503,Brejo Santo,CE,2017,4,0.0,0.0,,,,,True,inpe_bdq_legacy,False
2302503,Brejo Santo,CE,2017,5,0.0,0.0,,,,,True,inpe_bdq_legacy,False
2302503,Brejo Santo,CE,2017,6,0.0,0.0,,,,,True,inpe_bdq_legacy,False
2302503,Brejo Santo,CE,2017,7,0.0,0.0,,,,,True,inpe_bdq_legacy,False
2302503,Brejo Santo,CE,2017,8,0.0,0.0,,,,,True,inpe_bdq_legacy,False
2302503,Brejo Santo,CE,2017,9,0.0,0.0,,,,,True,inpe_bdq_legacy,False
2302503,Brejo Santo,CE,2017,10,5.0,831.9,166.38,334.4,0.86,0.0,False,inpe_bdq_legacy,False
2302503,Brejo Santo,CE,2017,11,3.0,110.6,36.86666666666667,57.0,1.0,0.0,False,inpe_bdq_legacy,False
2302503,Brejo Santo,CE,2017,12,2.0,168.1,84.05,107.3,0.9,0.0,False,inpe_bdq_legacy,False
2302503,Brejo Santo,CE,2018,1,0.0,0.0,,,,,True,inpe_bdq_legacy,False
2302503,Brejo Santo,CE,2018,2,0.0,0.0,,,,,True,inpe_bdq_legacy,False
2302503,Brejo Santo,CE,2018,3,0.0,0.0,,,,,True,inpe_bdq_legacy,False
2302503,Brejo Santo,CE,2018,4,0.0,0.0,,,,,True,inpe_bdq_legacy,False
2302503,Brejo Santo,CE,2018,5,0.0,0.0,,,,,True,inpe_bdq_legacy,False
2302503,Brejo Santo,CE,2018,6,0.0,0.0,,,,,True,inpe_bdq_legacy,False
2302503,Brejo Santo,CE,2018,7,0.0,0.0,,,,,True,inpe_bdq_legacy,False
2302503,Brejo Santo,CE,2018,8,0.0,0.0,,,,,True,inpe_bdq_legacy,False
2302503,Brejo Santo,CE,2018,9,3.0,82.3,27.433333333333334,39.9,1.0,107.66666666666667,False,inpe_bdq_legacy,False
2302503,Brejo Santo,CE,2018,10,1.0,19.2,19.2,19.2,1.0,8.0,False,inpe_bdq_legacy,False
2302503,Brejo Santo,CE,2018,11,0.0,0.0,,,,,True,inpe_bdq_legacy,False
2302503,Brejo Santo,CE,2018,12,0.0,0.0,,,,,True,inpe_bdq_legacy,False
2302503,Brejo Santo,CE,2019,1,0.0,0.0,,,,,True,inpe_bdq_legacy,False
2302503,Brejo Santo,CE,2019,2,0.0,0.0,,,,,True,inpe_bdq_legacy,False
2302503,Brejo Santo,CE,2019,3,0.0,0.0,,,,,True,inpe_bdq_legacy,False
2302503,Brejo Santo,CE,2019,4,0.0,0.0,,,,,True,inpe_bdq_legacy,False
2302503,Brejo Santo,CE,2019,5,0.0,0.0,,,,,True,inpe_bdq_legacy,False
2302503,Brejo Santo,CE,2019,6,0.0,0.0,,,,,True,inpe_bdq_legacy,False
2302503,Brejo Santo,CE,2019,7,0.0,0.0,,,,,True,inpe_bdq_legacy,False
2302503,Brejo Santo,CE,2019,8,0.0,0.0,,,,,True,inpe_bdq_legacy,False
2302503,Brejo Santo,CE,2019,9,2.0,93.4,46.7,68.2,1.0,81.5,False,inpe_bdq_legacy,False
2302503,Brejo Santo,CE,2019,10,4.0,640.1,160.025,205.7,1.0,3.0,False,inpe_bdq_legacy,False
2302503,Brejo Santo,CE,2019,11,1.0,12.9,12.9,12.9,0.1,2.0,False,inpe_bdq_legacy,False
2302503,Brejo Santo,CE,2019,12,3.0,50.8,16.933333333333334,21.9,1.0,7.0,False,inpe_bdq_legacy,False
2302503,Brejo Santo,CE,2020,1,0.0,0.0,,,,,True,inpe_bdq_legacy,False
2302503,Brejo Santo,CE,2020,2,0.0,0.0,,,,,True,inpe_bdq_legacy,False
2302503,Brejo Santo,CE,2020,3,0.0,0.0,,,,,True,inpe_bdq_legacy,False
2302503,Brejo Santo,CE,2020,4,0.0,0.0,,,,,True,inpe_bdq_legacy,False
2302503,Brejo Santo,CE,2020,5,0.0,0.0,,,,,True,inpe_bdq_legacy,False
2302503,Brejo Santo,CE,2020,6,0.0,0.0,,,,,True,inpe_bdq_legacy,False
2302503,Brejo Santo,CE,2020,7,1.0,9.5,9.5,9.5,1.0,18.0,False,inpe_bdq_legacy,False
2302503,Brejo Santo,CE,2020,8,0.0,0.0,,,,,True,inpe_bdq_legacy,False
2302503,Brejo Santo,CE,2020,9,3.0,85.1,28.366666666666664,30.7,1.0,69.66666666666667,False,inpe_bdq_legacy,False
2302503,Brejo Santo,CE,2020,10,2.0,620.2,310.1,338.1,1.0,5.0,False,inpe_bdq_legacy,False
2302503,Brejo Santo,CE,2020,11,0.0,0.0,,,,,True,inpe_bdq_legacy,False
2302503,Brejo Santo,CE,2020,12,3.0,36.7,12.233333333333334,16.2,1.0,5.0,False,inpe_bdq_legacy,False
2302503,Brejo Santo,CE,2021,1,0.0,0.0,,,,,True,inpe_bdq_legacy,False
2302503,Brejo Santo,CE,2021,2,0.0,0.0,,,,,True,inpe_bdq_legacy,False
2302503,Brejo Santo,CE,2021,3,0.0,0.0,,,,,True,inpe_bdq_legacy,False
2302503,Brejo Santo,CE,2021,4,0.0,0.0,,,,,True,inpe_bdq_legacy,False
2302503,Brejo Santo,CE,2021,5,0.0,0.0,,,,,True,inpe_bdq_legacy,False
2302503,Brejo Santo,CE,2021,6,4.0,64.5,16.125,28.6,1.0,29.0,False,inpe_bdq_legacy,False
2302503,Brejo Santo,CE,2021,7,0.0,0.0,,,,,True,inpe_bdq_legacy,False
2302503,Brejo Santo,CE,2021,8,0.0,0.0,,,,,True,inpe_bdq_legacy,False
2302503,Brejo Santo,CE,2021,9,1.0,31.5,31.5,31.5,1.0,7.0,False,inpe_bdq_legacy,False
2302503,Brejo Santo,CE,2021,10,0.0,0.0,,,,,True,inpe_bdq_legacy,False
2302503,Brejo Santo,CE,2021,11,6.0,193.3,32.21666666666667,71.2,0.8666666666666667,1.5,False,inpe_bdq_legacy,False
2302503,Brejo Santo,CE,2021,12,0.0,0.0,,,,,True,inpe_bdq_legacy,False
2302503,Brejo Santo,CE,2022,1,0.0,0.0,,,,,True,inpe_bdq_legacy,False
2302503,Brejo Santo,CE,2022,2,0.0,0.0,,,,,True,inpe_bdq_legacy,False
2302503,Brejo Santo,CE,2022,3,0.0,0.0,,,,,True,inpe_bdq_legacy,False
2302503,Brejo Santo,CE,2022,4,0.0,0.0,,,,,True,inpe_bdq_legacy,False
2302503,Brejo Santo,CE,2022,5,1.0,21.5,21.5,21.5,0.4,6.0,False,inpe_bdq_legacy,False
2302503,Brejo Santo,CE,2022,6,1.0,7.1,7.1,7.1,0.76,5.0,False,inpe_bdq_legacy,False
2302503,Brejo Santo,CE,2022,7,0.0,0.0,,,,,True,inpe_bdq_legacy,False
2302503,Brejo Santo,CE,2022,8,0.0,0.0,,,,,True,inpe_bdq_legacy,False
2302503,Brejo Santo,CE,2022,9,4.0,178.5,44.625,70.2,1.0,4.0,False,inpe_bdq_legacy,False
2302503,Brejo Santo,CE,2022,10,2.0,49.400000000000006,24.700000000000003,28.8,0.99,5.0,False,inpe_bdq_legacy,False
2302503,Brejo Santo,CE,2022,11,3.0,113.60000000000001,37.86666666666667,92.8,0.5499999999999999,3.6666666666666665,False,inpe_bdq_legacy,False
2302503,Brejo Santo,CE,2022,12,2.0,26.6,13.3,14.7,0.6900000000000001,16.0,False,inpe_bdq_legacy,False
2302503,Brejo Santo,CE,2023,1,0.0,0.0,,,,,True,inpe_bdq_legacy,False
2302503,Brejo Santo,CE,2023,2,1.0,9.6,9.6,9.6,0.04,2.0,False,inpe_bdq_legacy,False
2302503,Brejo Santo,CE,2023,3,0.0,0.0,,,,,True,inpe_bdq_legacy,False
2302503,Brejo Santo,CE,2023,4,0.0,0.0,,,,,True,inpe_bdq_legacy,False
2302503,Brejo Santo,CE,2023,5,0.0,0.0,,,,,True,inpe_bdq_legacy,False
2302503,Brejo Santo,CE,2023,6,1.0,12.6,12.6,12.6,0.54,19.0,False,inpe_bdq_legacy,False
2302503,Brejo Santo,CE,2023,7,0.0,0.0,,,,,True,inpe_bdq_legacy,False
2302503,Brejo Santo,CE,2023,8,1.0,14.2,14.2,14.2,1.0,26.0,False,inpe_bdq_legacy,False
2302503,Brejo Santo,CE,2023,9,12.0,733.0,61.083333333333336,145.8,1.0,18.916666666666668,False,inpe_bdq_legacy,False
2302503,Brejo Santo,CE,2023,10,1.0,15.6,15.6,15.6,1.0,27.0,False,inpe_bdq_legacy,False
2302503,Brejo Santo,CE,2023,11,6.0,405.3,67.55,119.4,0.695,3.8333333333333335,False,inpe_bdq_legacy,False
2302503,Brejo Santo,CE,2023,12,6.0,196.60000000000002,32.76666666666667,43.5,0.505,1.0,False,inpe_bdq_legacy,False
2302503,Brejo Santo,CE,2024,1,0.0,0.0,,,,,True,inpe_bdq_legacy,False
2302503,Brejo Santo,CE,2024,2,0.0,0.0,,,,,True,inpe_bdq_legacy,False
2302503,Brejo Santo,CE,2024,3,0.0,0.0,,,,,True,inpe_bdq_legacy,False
2302503,Brejo Santo,CE,2024,4,0.0,0.0,,,,,True,inpe_bdq_legacy,False
2302503,Brejo Santo,CE,2024,5,0.0,0.0,,,,,True,inpe_bdq_legacy,False
2302503,Brejo Santo,CE,2024,6,0.0,0.0,,,,,True,inpe_bdq_legacy,False
2302503,Brejo Santo,CE,2024,7,0.0,0.0,,,,,True,inpe_bdq_legacy,False
2302503,Brejo Santo,CE,2024,8,,0.0,,,,,True,inpe_bdq_legacy,True
2302503,Brejo Santo,CE,2024,9,,0.0,,,,,True,inpe_bdq_legacy,True
2302503,Brejo Santo,CE,2024,10,,0.0,,,,,True,inpe_bdq_legacy,True
2302503,Brejo Santo,CE,2024,11,,0.0,,,,,True,inpe_bdq_legacy,True
2302503,Brejo Santo,CE,2024,12,,0.0,,,,,True,inpe_bdq_legacy,True
2302503,Brejo Santo,CE,2025,1,1.0,11.2,11.2,11.2,0.26,2.0,False,inpe_bdq_legacy,False
2302503,Brejo Santo,CE,2025,2,5.0,176.9,35.38,61.3,0.504,2.2,False,inpe_bdq_legacy,False
2302503,Brejo Santo,CE,2025,3,0.0,0.0,,,,,True,inpe_bdq_legacy,False
2302503,Brejo Santo,CE,2025,4,0.0,0.0,,,,,True,inpe_bdq_legacy,False
2302503,Brejo Santo,CE,2025,5,0.0,0.0,,,,,True,inpe_bdq_legacy,False
2302503,Brejo Santo,CE,2025,6,0.0,0.0,,,,,True,inpe_bdq_legacy,False
2302503,Brejo Santo,CE,2025,7,1.0,13.8,13.8,13.8,1.0,20.0,False,inpe_bdq_legacy,False
2302503,Brejo Santo,CE,2025,8,0.0,0.0,,,,,True,inpe_bdq_legacy,False
2302503,Brejo Santo,CE,2025,9,0.0,0.0,,,,,True,inpe_bdq_legacy,False
2302503,Brejo Santo,CE,2025,10,3.0,61.800000000000004,20.6,43.7,1.0,4.0,False,inpe_bdq_legacy,False
2302503,Brejo Santo,CE,2025,11,7.0,1108.1,158.29999999999998,575.8,1.0,20.857142857142858,False,inpe_bdq_legacy,False
2302503,Brejo Santo,CE,2025,12,2.0,21.1,10.55,10.9,1.0,5.0,False,inpe_bdq_legacy,False
2302701,Campos Sales,CE,2002,9,1.0,17.9,17.9,17.9,,,False,inpe_bdq_legacy,False
2302701,Campos Sales,CE,2002,10,2.0,78.3,39.15,52.9,,,False,inpe_bdq_legacy,False
2302701,Campos Sales,CE,2002,11,1.0,19.0,19.0,19.0,,,False,inpe_bdq_legacy,False
2302701,Campos Sales,CE,2002,12,4.0,111.6,27.9,38.3,,,False,inpe_bdq_legacy,False
2302701,Campos Sales,CE,2003,1,0.0,0.0,,,,,True,inpe_bdq_aqua_ref,False
2302701,Campos Sales,CE,2003,2,0.0,0.0,,,,,True,inpe_bdq_aqua_ref,False
2302701,Campos Sales,CE,2003,3,0.0,0.0,,,,,True,inpe_bdq_aqua_ref,False
2302701,Campos Sales,CE,2003,4,0.0,0.0,,,,,True,inpe_bdq_aqua_ref,False
2302701,Campos Sales,CE,2003,5,0.0,0.0,,,,,True,inpe_bdq_aqua_ref,False
2302701,Campos Sales,CE,2003,6,0.0,0.0,,,,,True,inpe_bdq_aqua_ref,False
2302701,Campos Sales,CE,2003,7,0.0,0.0,,,,,True,inpe_bdq_aqua_ref,False
2302701,Campos Sales,CE,2003,8,1.0,44.2,44.2,44.2,,,False,inpe_bdq_aqua_ref,False
2302701,Campos Sales,CE,2003,9,0.0,0.0,,,,,True,inpe_bdq_aqua_ref,False
2302701,Campos Sales,CE,2003,10,7.0,368.4,52.628571428571426,102.3,,,False,inpe_bdq_aqua_ref,False
2302701,Campos Sales,CE,2003,11,0.0,0.0,,,,,True,inpe_bdq_aqua_ref,False
2302701,Campos Sales,CE,2003,12,0.0,0.0,,,,,True,inpe_bdq_aqua_ref,False
2302701,Campos Sales,CE,2004,1,0.0,0.0,,,,,True,inpe_bdq_aqua_ref,False
2302701,Campos Sales,CE,2004,2,0.0,0.0,,,,,True,inpe_bdq_aqua_ref,False
2302701,Campos Sales,CE,2004,3,0.0,0.0,,,,,True,inpe_bdq_aqua_ref,False
2302701,Campos Sales,CE,2004,4,0.0,0.0,,,,,True,inpe_bdq_aqua_ref,False
2302701,Campos Sales,CE,2004,5,0.0,0.0,,,,,True,inpe_bdq_aqua_ref,False
2302701,Campos Sales,CE,2004,6,0.0,0.0,,,,,True,inpe_bdq_aqua_ref,False
2302701,Campos Sales,CE,2004,7,0.0,0.0,,,,,True,inpe_bdq_aqua_ref,False
2302701,Campos Sales,CE,2004,8,0.0,0.0,,,,,True,inpe_bdq_aqua_ref,False
2302701,Campos Sales,CE,2004,9,4.0,111.8,27.95,44.9,,,False,inpe_bdq_aqua_ref,False
2302701,Campos Sales,CE,2004,10,6.0,402.0,67.0,271.8,,,False,inpe_bdq_aqua_ref,False
2302701,Campos Sales,CE,2004,11,4.0,170.6,42.65,70.0,,,False,inpe_bdq_aqua_ref,False
2302701,Campos Sales,CE,2004,12,3.0,94.4,31.46666666666667,47.5,,,False,inpe_bdq_aqua_ref,False
2302701,Campos Sales,CE,2005,1,2.0,117.9,58.95,61.9,,,False,inpe_bdq_aqua_ref,False
2302701,Campos Sales,CE,2005,2,0.0,0.0,,,,,True,inpe_bdq_aqua_ref,False
2302701,Campos Sales,CE,2005,3,0.0,0.0,,,,,True,inpe_bdq_aqua_ref,False
2302701,Campos Sales,CE,2005,4,0.0,0.0,,,,,True,inpe_bdq_aqua_ref,False
2302701,Campos Sales,CE,2005,5,0.0,0.0,,,,,True,inpe_bdq_aqua_ref,False
2302701,Campos Sales,CE,2005,6,0.0,0.0,,,,,True,inpe_bdq_aqua_ref,False
2302701,Campos Sales,CE,2005,7,0.0,0.0,,,,,True,inpe_bdq_aqua_ref,False
2302701,Campos Sales,CE,2005,8,2.0,94.7,47.35,54.0,,,False,inpe_bdq_aqua_ref,False
2302701,Campos Sales,CE,2005,9,2.0,37.7,18.85,22.0,,,False,inpe_bdq_aqua_ref,False
2302701,Campos Sales,CE,2005,10,8.0,214.5,26.8125,39.5,,,False,inpe_bdq_aqua_ref,False
2302701,Campos Sales,CE,2005,11,3.0,224.60000000000002,74.86666666666667,170.4,,,False,inpe_bdq_aqua_ref,False
2302701,Campos Sales,CE,2005,12,3.0,69.3,23.099999999999998,32.3,,,False,inpe_bdq_aqua_ref,False
2302701,Campos Sales,CE,2006,1,2.0,71.9,35.95,51.6,,,False,inpe_bdq_aqua_ref,False
2302701,Campos Sales,CE,2006,2,0.0,0.0,,,,,True,inpe_bdq_aqua_ref,False
2302701,Campos Sales,CE,2006,3,0.0,0.0,,,,,True,inpe_bdq_aqua_ref,False
2302701,Campos Sales,CE,2006,4,0.0,0.0,,,,,True,inpe_bdq_aqua_ref,False
2302701,Campos Sales,CE,2006,5,0.0,0.0,,,,,True,inpe_bdq_aqua_ref,False
2302701,Campos Sales,CE,2006,6,0.0,0.0,,,,,True,inpe_bdq_aqua_ref,False
2302701,Campos Sales,CE,2006,7,0.0,0.0,,,,,True,inpe_bdq_aqua_ref,False
2302701,Campos Sales,CE,2006,8,0.0,0.0,,,,,True,inpe_bdq_aqua_ref,False
2302701,Campos Sales,CE,2006,9,0.0,0.0,,,,,True,inpe_bdq_aqua_ref,False
2302701,Campos Sales,CE,2006,10,0.0,0.0,,,,,True,inpe_bdq_aqua_ref,False
2302701,Campos Sales,CE,2006,11,2.0,49.9,24.95,35.3,,,False,inpe_bdq_aqua_ref,False
2302701,Campos Sales,CE,2006,12,8.0,309.2,38.65,60.3,,,False,inpe_bdq_aqua_ref,False
2302701,Campos Sales,CE,2007,1,0.0,0.0,,,,,True,inpe_bdq_aqua_ref,False
2302701,Campos Sales,CE,2007,2,0.0,0.0,,,,,True,inpe_bdq_aqua_ref,False
2302701,Campos Sales,CE,2007,3,0.0,0.0,,,,,True,inpe_bdq_aqua_ref,False
2302701,Campos Sales,CE,2007,4,0.0,0.0,,,,,True,inpe_bdq_aqua_ref,False
2302701,Campos Sales,CE,2007,5,0.0,0.0,,,,,True,inpe_bdq_aqua_ref,False
2302701,Campos Sales,CE,2007,6,0.0,0.0,,,,,True,inpe_bdq_aqua_ref,False
2302701,Campos Sales,CE,2007,7,0.0,0.0,,,,,True,inpe_bdq_aqua_ref,False
2302701,Campos Sales,CE,2007,8,0.0,0.0,,,,,True,inpe_bdq_aqua_ref,False
2302701,Campos Sales,CE,2007,9,1.0,62.3,62.3,62.3,,,False,inpe_bdq_aqua_ref,False
2302701,Campos Sales,CE,2007,10,2.0,36.6,18.3,26.1,,,False,inpe_bdq_aqua_ref,False
2302701,Campos Sales,CE,2007,11,2.0,71.4,35.7,46.4,,,False,inpe_bdq_aqua_ref,False
2302701,Campos Sales,CE,2007,12,1.0,9.6,9.6,9.6,,,False,inpe_bdq_aqua_ref,False
2302701,Campos Sales,CE,2008,1,1.0,12.7,12.7,12.7,,,False,inpe_bdq_aqua_ref,False
2302701,Campos Sales,CE,2008,2,0.0,0.0,,,,,True,inpe_bdq_aqua_ref,False
2302701,Campos Sales,CE,2008,3,0.0,0.0,,,,,True,inpe_bdq_aqua_ref,False
2302701,Campos Sales,CE,2008,4,0.0,0.0,,,,,True,inpe_bdq_aqua_ref,False
2302701,Campos Sales,CE,2008,5,0.0,0.0,,,,,True,inpe_bdq_aqua_ref,False
2302701,Campos Sales,CE,2008,6,0.0,0.0,,,,,True,inpe_bdq_aqua_ref,False
2302701,Campos Sales,CE,2008,7,0.0,0.0,,,,,True,inpe_bdq_aqua_ref,False
2302701,Campos Sales,CE,2008,8,0.0,0.0,,,,,True,inpe_bdq_aqua_ref,False
2302701,Campos Sales,CE,2008,9,1.0,91.1,91.1,91.1,,,False,inpe_bdq_aqua_ref,False
2302701,Campos Sales,CE,2008,10,2.0,27.1,13.55,16.3,,,False,inpe_bdq_aqua_ref,False
2302701,Campos Sales,CE,2008,11,6.0,171.9,28.650000000000002,53.7,,,False,inpe_bdq_aqua_ref,False
2302701,Campos Sales,CE,2008,12,3.0,32.9,10.966666666666667,12.7,,,False,inpe_bdq_aqua_ref,False
2302701,Campos Sales,CE,2009,1,0.0,0.0,,,,,True,inpe_bdq_aqua_ref,False
2302701,Campos Sales,CE,2009,2,0.0,0.0,,,,,True,inpe_bdq_aqua_ref,False
2302701,Campos Sales,CE,2009,3,0.0,0.0,,,,,True,inpe_bdq_aqua_ref,False
2302701,Campos Sales,CE,2009,4,0.0,0.0,,,,,True,inpe_bdq_aqua_ref,False
2302701,Campos Sales,CE,2009,5,0.0,0.0,,,,,True,inpe_bdq_aqua_ref,False
2302701,Campos Sales,CE,2009,6,0.0,0.0,,,,,True,inpe_bdq_aqua_ref,False
2302701,Campos Sales,CE,2009,7,0.0,0.0,,,,,True,inpe_bdq_aqua_ref,False
2302701,Campos Sales,CE,2009,8,0.0,0.0,,,,,True,inpe_bdq_aqua_ref,False
2302701,Campos Sales,CE,2009,9,2.0,38.9,19.45,28.9,,,False,inpe_bdq_aqua_ref,False
2302701,Campos Sales,CE,2009,10,3.0,35.8,11.933333333333332,15.8,,,False,inpe_bdq_aqua_ref,False
2302701,Campos Sales,CE,2009,11,4.0,364.5,91.125,234.7,,,False,inpe_bdq_aqua_ref,False
2302701,Campos Sales,CE,2009,12,1.0,15.8,15.8,15.8,,,False,inpe_bdq_aqua_ref,False
2302701,Campos Sales,CE,2010,1,0.0,0.0,,,,,True,inpe_bdq_aqua_ref,False
2302701,Campos Sales,CE,2010,2,0.0,0.0,,,,,True,inpe_bdq_aqua_ref,False
2302701,Campos Sales,CE,2010,3,0.0,0.0,,,,,True,inpe_bdq_aqua_ref,False
2302701,Campos Sales,CE,2010,4,0.0,0.0,,,,,True,inpe_bdq_aqua_ref,False
2302701,Campos Sales,CE,2010,5,0.0,0.0,,,,,True,inpe_bdq_aqua_ref,False
2302701,Campos Sales,CE,2010,6,0.0,0.0,,,,,True,inpe_bdq_aqua_ref,False
2302701,Campos Sales,CE,2010,7,0.0,0.0,,,,,True,inpe_bdq_aqua_ref,False
2302701,Campos Sales,CE,2010,8,0.0,0.0,,,,,True,inpe_bdq_aqua_ref,False
2302701,Campos Sales,CE,2010,9,1.0,12.1,12.1,12.1,,,False,inpe_bdq_aqua_ref,False
2302701,Campos Sales,CE,2010,10,1.0,17.2,17.2,17.2,,,False,inpe_bdq_aqua_ref,False
2302701,Campos Sales,CE,2010,11,8.0,557.3,69.6625,348.1,,,False,inpe_bdq_aqua_ref,False
2302701,Campos Sales,CE,2010,12,0.0,0.0,,,,,True,inpe_bdq_aqua_ref,False
2302701,Campos Sales,CE,2011,1,0.0,0.0,,,,,True,inpe_bdq_aqua_ref,False
2302701,Campos Sales,CE,2011,2,0.0,0.0,,,,,True,inpe_bdq_aqua_ref,False
2302701,Campos Sales,CE,2011,3,0.0,0.0,,,,,True,inpe_bdq_aqua_ref,False
2302701,Campos Sales,CE,2011,4,0.0,0.0,,,,,True,inpe_bdq_aqua_ref,False
2302701,Campos Sales,CE,2011,5,0.0,0.0,,,,,True,inpe_bdq_aqua_ref,False
2302701,Campos Sales,CE,2011,6,0.0,0.0,,,,,True,inpe_bdq_aqua_ref,False
2302701,Campos Sales,CE,2011,7,0.0,0.0,,,,,True,inpe_bdq_aqua_ref,False
2302701,Campos Sales,CE,2011,8,0.0,0.0,,,,,True,inpe_bdq_aqua_ref,False
2302701,Campos Sales,CE,2011,9,1.0,22.9,22.9,22.9,,,False,inpe_bdq_aqua_ref,False
2302701,Campos Sales,CE,2011,10,0.0,0.0,,,,,True,inpe_bdq_aqua_ref,False
2302701,Campos Sales,CE,2011,11,13.0,337.4,25.95384615384615,66.4,,,False,inpe_bdq_aqua_ref,False
2302701,Campos Sales,CE,2011,12,2.0,52.0,26.0,29.3,,,False,inpe_bdq_aqua_ref,False
2302701,Campos Sales,CE,2012,1,0.0,0.0,,,,,True,inpe_bdq_aqua_ref,False
2302701,Campos Sales,CE,2012,2,0.0,0.0,,,,,True,inpe_bdq_aqua_ref,False
2302701,Campos Sales,CE,2012,3,0.0,0.0,,,,,True,inpe_bdq_aqua_ref,False
2302701,Campos Sales,CE,2012,4,0.0,0.0,,,,,True,inpe_bdq_aqua_ref,False
2302701,Campos Sales,CE,2012,5,0.0,0.0,,,,,True,inpe_bdq_aqua_ref,False
2302701,Campos Sales,CE,2012,6,0.0,0.0,,,,,True,inpe_bdq_aqua_ref,False
2302701,Campos Sales,CE,2012,7,0.0,0.0,,,,,True,inpe_bdq_aqua_ref,False
2302701,Campos Sales,CE,2012,8,1.0,23.0,23.0,23.0,,,False,inpe_bdq_aqua_ref,False
2302701,Campos Sales,CE,2012,9,4.0,159.3,39.825,51.5,,,False,inpe_bdq_aqua_ref,False
2302701,Campos Sales,CE,2012,10,3.0,104.39999999999999,34.8,55.5,,,False,inpe_bdq_aqua_ref,False
2302701,Campos Sales,CE,2012,11,0.0,0.0,,,,,True,inpe_bdq_aqua_ref,False
2302701,Campos Sales,CE,2012,12,1.0,39.0,39.0,39.0,,,False,inpe_bdq_aqua_ref,False
2302701,Campos Sales,CE,2013,1,0.0,0.0,,,,,True,inpe_bdq_aqua_ref,False
2302701,Campos Sales,CE,2013,2,0.0,0.0,,,,,True,inpe_bdq_aqua_ref,False
2302701,Campos Sales,CE,2013,3,0.0,0.0,,,,,True,inpe_bdq_aqua_ref,False
2302701,Campos Sales,CE,2013,4,0.0,0.0,,,,,True,inpe_bdq_aqua_ref,False
2302701,Campos Sales,CE,2013,5,0.0,0.0,,,,,True,inpe_bdq_aqua_ref,False
2302701,Campos Sales,CE,2013,6,0.0,0.0,,,,,True,inpe_bdq_aqua_ref,False
2302701,Campos Sales,CE,2013,7,0.0,0.0,,,,,True,inpe_bdq_aqua_ref,False
2302701,Campos Sales,CE,2013,8,0.0,0.0,,,,,True,inpe_bdq_aqua_ref,False
2302701,Campos Sales,CE,2013,9,4.0,101.3,25.325,37.3,,,False,inpe_bdq_aqua_ref,False
2302701,Campos Sales,CE,2013,10,1.0,11.1,11.1,11.1,,,False,inpe_bdq_aqua_ref,False
2302701,Campos Sales,CE,2013,11,0.0,0.0,,,,,True,inpe_bdq_aqua_ref,False
2302701,Campos Sales,CE,2013,12,0.0,0.0,,,,,True,inpe_bdq_aqua_ref,False
2302701,Campos Sales,CE,2014,1,0.0,0.0,,,,,True,inpe_bdq_aqua_ref,False
2302701,Campos Sales,CE,2014,2,0.0,0.0,,,,,True,inpe_bdq_aqua_ref,False
2302701,Campos Sales,CE,2014,3,0.0,0.0,,,,,True,inpe_bdq_aqua_ref,False
2302701,Campos Sales,CE,2014,4,0.0,0.0,,,,,True,inpe_bdq_aqua_ref,False
2302701,Campos Sales,CE,2014,5,0.0,0.0,,,,,True,inpe_bdq_aqua_ref,False
2302701,Campos Sales,CE,2014,6,0.0,0.0,,,,,True,inpe_bdq_aqua_ref,False
2302701,Campos Sales,CE,2014,7,0.0,0.0,,,,,True,inpe_bdq_aqua_ref,False
2302701,Campos Sales,CE,2014,8,0.0,0.0,,,,,True,inpe_bdq_aqua_ref,False
2302701,Campos Sales,CE,2014,9,0.0,0.0,,,,,True,inpe_bdq_aqua_ref,False
2302701,Campos Sales,CE,2014,10,3.0,171.0,57.0,109.8,1.0,20.666666666666668,False,inpe_bdq_aqua_ref,False
2302701,Campos Sales,CE,2014,11,2.0,69.8,34.9,42.3,1.0,7.0,False,inpe_bdq_aqua_ref,False
2302701,Campos Sales,CE,2014,12,0.0,0.0,,,,,True,inpe_bdq_aqua_ref,False
2302701,Campos Sales,CE,2015,1,0.0,0.0,,,,,True,inpe_bdq_aqua_ref,False
2302701,Campos Sales,CE,2015,2,0.0,0.0,,,,,True,inpe_bdq_aqua_ref,False
2302701,Campos Sales,CE,2015,3,0.0,0.0,,,,,True,inpe_bdq_aqua_ref,False
2302701,Campos Sales,CE,2015,4,0.0,0.0,,,,,True,inpe_bdq_aqua_ref,False
2302701,Campos Sales,CE,2015,5,0.0,0.0,,,,,True,inpe_bdq_aqua_ref,False
2302701,Campos Sales,CE,2015,6,0.0,0.0,,,,,True,inpe_bdq_aqua_ref,False
2302701,Campos Sales,CE,2015,7,0.0,0.0,,,,,True,inpe_bdq_aqua_ref,False
2302701,Campos Sales,CE,2015,8,0.0,0.0,,,,,True,inpe_bdq_aqua_ref,False
2302701,Campos Sales,CE,2015,9,2.0,189.10000000000002,94.55000000000001,105.2,1.0,31.5,False,inpe_bdq_aqua_ref,False
2302701,Campos Sales,CE,2015,10,2.0,49.2,24.6,25.6,1.0,47.0,False,inpe_bdq_aqua_ref,False
2302701,Campos Sales,CE,2015,11,3.0,134.2,44.73333333333333,78.6,1.0,21.333333333333332,False,inpe_bdq_aqua_ref,False
2302701,Campos Sales,CE,2015,12,0.0,0.0,,,,,True,inpe_bdq_aqua_ref,False
2302701,Campos Sales,CE,2016,1,0.0,0.0,,,,,True,inpe_bdq_aqua_ref,False
2302701,Campos Sales,CE,2016,2,0.0,0.0,,,,,True,inpe_bdq_aqua_ref,False
2302701,Campos Sales,CE,2016,3,0.0,0.0,,,,,True,inpe_bdq_aqua_ref,False
2302701,Campos Sales,CE,2016,4,0.0,0.0,,,,,True,inpe_bdq_aqua_ref,False
2302701,Campos Sales,CE,2016,5,0.0,0.0,,,,,True,inpe_bdq_aqua_ref,False
2302701,Campos Sales,CE,2016,6,0.0,0.0,,,,,True,inpe_bdq_aqua_ref,False
2302701,Campos Sales,CE,2016,7,0.0,0.0,,,,,True,inpe_bdq_aqua_ref,False
2302701,Campos Sales,CE,2016,8,0.0,0.0,,,,,True,inpe_bdq_aqua_ref,False
2302701,Campos Sales,CE,2016,9,1.0,16.8,16.8,16.8,1.0,46.0,False,inpe_bdq_aqua_ref,False
2302701,Campos Sales,CE,2016,10,4.0,172.39999999999998,43.099999999999994,54.8,1.0,33.5,False,inpe_bdq_aqua_ref,False
2302701,Campos Sales,CE,2016,11,2.0,32.5,16.25,17.1,1.0,65.0,False,inpe_bdq_aqua_ref,False
2302701,Campos Sales,CE,2016,12,0.0,0.0,,,,,True,inpe_bdq_aqua_ref,False
2302701,Campos Sales,CE,2017,1,0.0,0.0,,,,,True,inpe_bdq_aqua_ref,False
2302701,Campos Sales,CE,2017,2,0.0,0.0,,,,,True,inpe_bdq_aqua_ref,False
2302701,Campos Sales,CE,2017,3,0.0,0.0,,,,,True,inpe_bdq_aqua_ref,False
2302701,Campos Sales,CE,2017,4,0.0,0.0,,,,,True,inpe_bdq_aqua_ref,False
2302701,Campos Sales,CE,2017,5,0.0,0.0,,,,,True,inpe_bdq_aqua_ref,False
2302701,Campos Sales,CE,2017,6,0.0,0.0,,,,,True,inpe_bdq_aqua_ref,False
2302701,Campos Sales,CE,2017,7,0.0,0.0,,,,,True,inpe_bdq_aqua_ref,False
2302701,Campos Sales,CE,2017,8,0.0,0.0,,,,,True,inpe_bdq_aqua_ref,False
2302701,Campos Sales,CE,2017,9,0.0,0.0,,,,,True,inpe_bdq_aqua_ref,False
2302701,Campos Sales,CE,2017,10,2.0,48.400000000000006,24.200000000000003,27.8,1.0,0.0,False,inpe_bdq_aqua_ref,False
2302701,Campos Sales,CE,2017,11,1.0,24.5,24.5,24.5,1.0,0.0,False,inpe_bdq_aqua_ref,False
2302701,Campos Sales,CE,2017,12,0.0,0.0,,,,,True,inpe_bdq_aqua_ref,False
2302701,Campos Sales,CE,2018,1,0.0,0.0,,,,,True,inpe_bdq_aqua_ref,False
2302701,Campos Sales,CE,2018,2,0.0,0.0,,,,,True,inpe_bdq_aqua_ref,False
2302701,Campos Sales,CE,2018,3,0.0,0.0,,,,,True,inpe_bdq_aqua_ref,False
2302701,Campos Sales,CE,2018,4,0.0,0.0,,,,,True,inpe_bdq_aqua_ref,False
2302701,Campos Sales,CE,2018,5,0.0,0.0,,,,,True,inpe_bdq_aqua_ref,False
2302701,Campos Sales,CE,2018,6,0.0,0.0,,,,,True,inpe_bdq_aqua_ref,False
2302701,Campos Sales,CE,2018,7,0.0,0.0,,,,,True,inpe_bdq_aqua_ref,False
2302701,Campos Sales,CE,2018,8,0.0,0.0,,,,,True,inpe_bdq_aqua_ref,False
2302701,Campos Sales,CE,2018,9,0.0,0.0,,,,,True,inpe_bdq_aqua_ref,False
2302701,Campos Sales,CE,2018,10,1.0,16.0,16.0,16.0,1.0,79.0,False,inpe_bdq_aqua_ref,False
2302701,Campos Sales,CE,2018,11,1.0,19.2,19.2,19.2,1.0,8.0,False,inpe_bdq_aqua_ref,False
2302701,Campos Sales,CE,2018,12,0.0,0.0,,,,,True,inpe_bdq_aqua_ref,False
2302701,Campos Sales,CE,2019,1,1.0,24.6,24.6,24.6,0.5,3.0,False,inpe_bdq_aqua_ref,False
2302701,Campos Sales,CE,2019,2,1.0,17.2,17.2,17.2,1.0,8.0,False,inpe_bdq_aqua_ref,False
2302701,Campos Sales,CE,2019,3,0.0,0.0,,,,,True,inpe_bdq_aqua_ref,False
2302701,Campos Sales,CE,2019,4,0.0,0.0,,,,,True,inpe_bdq_aqua_ref,False
2302701,Campos Sales,CE,2019,5,0.0,0.0,,,,,True,inpe_bdq_aqua_ref,False
2302701,Campos Sales,CE,2019,6,0.0,0.0,,,,,True,inpe_bdq_aqua_ref,False
2302701,Campos Sales,CE,2019,7,0.0,0.0,,,,,True,inpe_bdq_aqua_ref,False
2302701,Campos Sales,CE,2019,8,0.0,0.0,,,,,True,inpe_bdq_aqua_ref,False
2302701,Campos Sales,CE,2019,9,0.0,0.0,,,,,True,inpe_bdq_aqua_ref,False
2302701,Campos Sales,CE,2019,10,1.0,89.4,89.4,89.4,1.0,120.0,False,inpe_bdq_aqua_ref,False
2302701,Campos Sales,CE,2019,11,1.0,33.3,33.3,33.3,1.0,3.0,False,inpe_bdq_aqua_ref,False
2302701,Campos Sales,CE,2019,12,0.0,0.0,,,,,True,inpe_bdq_aqua_ref,False
2302701,Campos Sales,CE,2020,1,0.0,0.0,,,,,True,inpe_bdq_aqua_ref,False
2302701,Campos Sales,CE,2020,2,0.0,0.0,,,,,True,inpe_bdq_aqua_ref,False
2302701,Campos Sales,CE,2020,3,0.0,0.0,,,,,True,inpe_bdq_aqua_ref,False
2302701,Campos Sales,CE,2020,4,0.0,0.0,,,,,True,inpe_bdq_aqua_ref,False
2302701,Campos Sales,CE,2020,5,0.0,0.0,,,,,True,inpe_bdq_aqua_ref,False
2302701,Campos Sales,CE,2020,6,0.0,0.0,,,,,True,inpe_bdq_aqua_ref,False
2302701,Campos Sales,CE,2020,7,0.0,0.0,,,,,True,inpe_bdq_aqua_ref,False
2302701,Campos Sales,CE,2020,8,2.0,41.4,20.7,24.2,1.0,59.5,False,inpe_bdq_aqua_ref,False
2302701,Campos Sales,CE,2020,9,1.0,15.4,15.4,15.4,1.0,97.0,False,inpe_bdq_aqua_ref,False
2302701,Campos Sales,CE,2020,10,2.0,129.0,64.5,67.1,1.0,106.5,False,inpe_bdq_aqua_ref,False
2302701,Campos Sales,CE,2020,11,0.0,0.0,,,,,True,inpe_bdq_aqua_ref,False
2302701,Campos Sales,CE,2020,12,1.0,18.2,18.2,18.2,1.0,8.0,False,inpe_bdq_aqua_ref,False
2302701,Campos Sales,CE,2021,1,1.0,20.1,20.1,20.1,1.0,3.0,False,inpe_bdq_aqua_ref,False
2302701,Campos Sales,CE,2021,2,0.0,0.0,,,,,True,inpe_bdq_aqua_ref,False
2302701,Campos Sales,CE,2021,3,0.0,0.0,,,,,True,inpe_bdq_aqua_ref,False
2302701,Campos Sales,CE,2021,4,0.0,0.0,,,,,True,inpe_bdq_aqua_ref,False
2302701,Campos Sales,CE,2021,5,0.0,0.0,,,,,True,inpe_bdq_aqua_ref,False
2302701,Campos Sales,CE,2021,6,0.0,0.0,,,,,True,inpe_bdq_aqua_ref,False
2302701,Campos Sales,CE,2021,7,1.0,38.0,38.0,38.0,1.0,57.0,False,inpe_bdq_aqua_ref,False
2302701,Campos Sales,CE,2021,8,0.0,0.0,,,,,True,inpe_bdq_aqua_ref,False
2302701,Campos Sales,CE,2021,9,2.0,188.4,94.2,110.2,1.0,110.5,False,inpe_bdq_aqua_ref,False
2302701,Campos Sales,CE,2021,10,3.0,53.7,17.900000000000002,27.2,1.0,48.0,False,inpe_bdq_aqua_ref,False
2302701,Campos Sales,CE,2021,11,2.0,54.3,27.15,42.3,0.7,3.5,False,inpe_bdq_aqua_ref,False
2302701,Campos Sales,CE,2021,12,3.0,72.9,24.3,38.9,0.8000000000000002,4.0,False,inpe_bdq_aqua_ref,False
2302701,Campos Sales,CE,2022,1,0.0,0.0,,,,,True,inpe_bdq_aqua_ref,False
2302701,Campos Sales,CE,2022,2,0.0,0.0,,,,,True,inpe_bdq_aqua_ref,False
2302701,Campos Sales,CE,2022,3,0.0,0.0,,,,,True,inpe_bdq_aqua_ref,False
2302701,Campos Sales,CE,2022,4,0.0,0.0,,,,,True,inpe_bdq_aqua_ref,False
2302701,Campos Sales,CE,2022,5,0.0,0.0,,,,,True,inpe_bdq_aqua_ref,False
2302701,Campos Sales,CE,2022,6,0.0,0.0,,,,,True,inpe_bdq_aqua_ref,False
2302701,Campos Sales,CE,2022,7,0.0,0.0,,,,,True,inpe_bdq_aqua_ref,False
2302701,Campos Sales,CE,2022,8,1.0,8.3,8.3,8.3,1.0,37.0,False,inpe_bdq_aqua_ref,False
2302701,Campos Sales,CE,2022,9,2.0,52.0,26.0,37.4,1.0,17.0,False,inpe_bdq_aqua_ref,False
2302701,Campos Sales,CE,2022,10,7.0,596.1,85.15714285714286,272.8,1.0,42.0,False,inpe_bdq_aqua_ref,False
2302701,Campos Sales,CE,2022,11,0.0,0.0,,,,,True,inpe_bdq_aqua_ref,False
2302701,Campos Sales,CE,2022,12,3.0,73.6,24.53333333333333,38.0,0.7633333333333333,8.0,False,inpe_bdq_aqua_ref,False
2302701,Campos Sales,CE,2023,1,1.0,16.5,16.5,16.5,0.76,5.0,False,inpe_bdq_aqua_ref,False
2302701,Campos Sales,CE,2023,2,0.0,0.0,,,,,True,inpe_bdq_aqua_ref,False
2302701,Campos Sales,CE,2023,3,0.0,0.0,,,,,True,inpe_bdq_aqua_ref,False
2302701,Campos Sales,CE,2023,4,0.0,0.0,,,,,True,inpe_bdq_aqua_ref,False
2302701,Campos Sales,CE,2023,5,0.0,0.0,,,,,True,inpe_bdq_aqua_ref,False
2302701,Campos Sales,CE,2023,6,0.0,0.0,,,,,True,inpe_bdq_aqua_ref,False
2302701,Campos Sales,CE,2023,7,4.0,300.5,75.125,146.8,1.0,54.5,False,inpe_bdq_aqua_ref,False
2302701,Campos Sales,CE,2023,8,0.0,0.0,,,,,True,inpe_bdq_aqua_ref,False
2302701,Campos Sales,CE,2023,9,6.0,135.5,22.583333333333332,46.3,1.0,116.83333333333333,False,inpe_bdq_aqua_ref,False
2302701,Campos Sales,CE,2023,10,4.0,376.7,94.175,166.2,1.0,112.25,False,inpe_bdq_aqua_ref,False
2302701,Campos Sales,CE,2023,11,1.0,9.5,9.5,9.5,0.61,0.0,False,inpe_bdq_aqua_ref,False
2302701,Campos Sales,CE,2023,12,2.0,48.6,24.3,32.0,1.0,1.5,False,inpe_bdq_aqua_ref,False
2302701,Campos Sales,CE,2024,1,1.0,16.9,16.9,16.9,1.0,4.0,False,inpe_bdq_aqua_ref,False
2302701,Campos Sales,CE,2024,2,0.0,0.0,,,,,True,inpe_bdq_aqua_ref,False
2302701,Campos Sales,CE,2024,3,0.0,0.0,,,,,True,inpe_bdq_aqua_ref,False
2302701,Campos Sales,CE,2024,4,0.0,0.0,,,,,True,inpe_bdq_aqua_ref,False
2302701,Campos Sales,CE,2024,5,0.0,0.0,,,,,True,inpe_bdq_aqua_ref,False
2302701,Campos Sales,CE,2024,6,0.0,0.0,,,,,True,inpe_bdq_aqua_ref,False
2302701,Campos Sales,CE,2024,7,1.0,6.1,6.1,6.1,1.0,37.0,False,inpe_bdq_aqua_ref,False
2302701,Campos Sales,CE,2024,8,4.0,173.2,43.3,71.0,1.0,35.0,False,inpe_bdq_aqua_ref,False
2302701,Campos Sales,CE,2024,9,0.0,0.0,,,,,True,inpe_bdq_aqua_ref,False
2302701,Campos Sales,CE,2024,10,17.0,1087.1,63.9470588235294,146.4,1.0,11.882352941176471,False,inpe_bdq_aqua_ref,False
2302701,Campos Sales,CE,2024,11,2.0,40.2,20.1,26.5,1.0,20.5,False,inpe_bdq_aqua_ref,False
2302701,Campos Sales,CE,2024,12,5.0,156.5,31.3,61.9,1.0,12.0,False,inpe_bdq_aqua_ref,False
2302701,Campos Sales,CE,2025,1,3.0,67.7,22.566666666666666,32.2,1.0,22.0,False,inpe_bdq_legacy,False
2302701,Campos Sales,CE,2025,2,0.0,0.0,,,,,True,inpe_bdq_legacy,False
2302701,Campos Sales,CE,2025,3,0.0,0.0,,,,,True,inpe_bdq_legacy,False
2302701,Campos Sales,CE,2025,4,0.0,0.0,,,,,True,inpe_bdq_legacy,False
2302701,Campos Sales,CE,2025,5,0.0,0.0,,,,,True,inpe_bdq_legacy,False
2302701,Campos Sales,CE,2025,6,0.0,0.0,,,,,True,inpe_bdq_legacy,False
2302701,Campos Sales,CE,2025,7,3.0,61.5,20.5,30.7,1.0,13.333333333333334,False,inpe_bdq_legacy,False
2302701,Campos Sales,CE,2025,8,0.0,0.0,,,,,True,inpe_bdq_legacy,False
2302701,Campos Sales,CE,2025,9,0.0,0.0,,,,,True,inpe_bdq_legacy,False
2302701,Campos Sales,CE,2025,10,8.0,506.9,63.3625,180.0,1.0,67.125,False,inpe_bdq_legacy,False
2302701,Campos Sales,CE,2025,11,19.0,1050.4,55.284210526315796,249.4,0.9868421052631579,16.736842105263158,False,inpe_bdq_legacy,False
2302701,Campos Sales,CE,2025,12,3.0,50.4,16.8,25.3,1.0,6.666666666666667,False,inpe_bdq_legacy,False
2303204,Caririaçu,CE,2025,1,1.0,11.1,11.1,11.1,0.01,0.0,False,inpe_bdq_aqua_ref,False
2303204,Caririaçu,CE,2025,2,0.0,0.0,,,,,True,inpe_bdq_aqua_ref,False
2303204,Caririaçu,CE,2025,3,0.0,0.0,,,,,True,inpe_bdq_aqua_ref,False
2303204,Caririaçu,CE,2025,4,0.0,0.0,,,,,True,inpe_bdq_aqua_ref,False
2303204,Caririaçu,CE,2025,5,1.0,14.6,14.6,14.6,0.56,3.0,False,inpe_bdq_aqua_ref,False
2303204,Caririaçu,CE,2025,6,0.0,0.0,,,,,True,inpe_bdq_aqua_ref,False
2303204,Caririaçu,CE,2025,7,1.0,6.5,6.5,6.5,1.0,13.0,False,inpe_bdq_aqua_ref,False
2303204,Caririaçu,CE,2025,8,1.0,6.1,6.1,6.1,1.0,7.0,False,inpe_bdq_aqua_ref,False
2303204,Caririaçu,CE,2025,9,5.0,288.2,57.64,99.2,1.0,37.8,False,inpe_bdq_aqua_ref,False
2303204,Caririaçu,CE,2025,10,23.0,967.5,42.06521739130435,148.3,1.0,23.0,False,inpe_bdq_aqua_ref,False
2304103,Crateús,CE,2003,1,6.0,111.4,18.566666666666666,32.6,,,False,inpe_bdq_aqua_ref,False
2304103,Crateús,CE,2003,2,0.0,0.0,,,,,True,inpe_bdq_aqua_ref,False
2304103,Crateús,CE,2003,3,0.0,0.0,,,,,True,inpe_bdq_aqua_ref,False
2304103,Crateús,CE,2003,4,0.0,0.0,,,,,True,inpe_bdq_aqua_ref,False
2304103,Crateús,CE,2003,5,0.0,0.0,,,,,True,inpe_bdq_aqua_ref,False
2304103,Crateús,CE,2003,6,0.0,0.0,,,,,True,inpe_bdq_aqua_ref,False
2304103,Crateús,CE,2003,7,0.0,0.0,,,,,True,inpe_bdq_aqua_ref,False
2304103,Crateús,CE,2003,8,1.0,75.9,75.9,75.9,,,False,inpe_bdq_aqua_ref,False
2304103,Crateús,CE,2003,9,3.0,62.2,20.733333333333334,30.1,,,False,inpe_bdq_aqua_ref,False
2304103,Crateús,CE,2003,10,100.0,9849.6,98.49600000000001,621.2,,,False,inpe_bdq_aqua_ref,False
2304103,Crateús,CE,2003,11,100.0,12730.0,127.3,616.5,,,False,inpe_bdq_aqua_ref,False
2304103,Crateús,CE,2003,12,24.0,1267.1,52.79583333333333,200.1,,,False,inpe_bdq_aqua_ref,False
2304103,Crateús,CE,2004,1,7.0,418.1,59.728571428571435,141.5,,,False,inpe_bdq_aqua_ref,False
2304103,Crateús,CE,2004,2,0.0,0.0,,,,,True,inpe_bdq_aqua_ref,False
2304103,Crateús,CE,2004,3,0.0,0.0,,,,,True,inpe_bdq_aqua_ref,False
2304103,Crateús,CE,2004,4,0.0,0.0,,,,,True,inpe_bdq_aqua_ref,False
2304103,Crateús,CE,2004,5,0.0,0.0,,,,,True,inpe_bdq_aqua_ref,False
2304103,Crateús,CE,2004,6,0.0,0.0,,,,,True,inpe_bdq_aqua_ref,False
2304103,Crateús,CE,2004,7,0.0,0.0,,,,,True,inpe_bdq_aqua_ref,False
2304103,Crateús,CE,2004,8,0.0,0.0,,,,,True,inpe_bdq_aqua_ref,False
2304103,Crateús,CE,2004,9,0.0,0.0,,,,,True,inpe_bdq_aqua_ref,False
2304103,Crateús,CE,2004,10,100.0,9242.5,92.425,692.2,,,False,inpe_bdq_aqua_ref,False
2304103,Crateús,CE,2004,11,100.0,7472.8,74.72800000000001,817.9,,,False,inpe_bdq_aqua_ref,False
2304103,Crateús,CE,2004,12,55.0,3261.5,59.3,253.6,,,False,inpe_bdq_aqua_ref,False
2304103,Crateús,CE,2005,1,9.0,167.9,18.655555555555555,44.4,,,False,inpe_bdq_aqua_ref,False
2304103,Crateús,CE,2005,2,0.0,0.0,,,,,True,inpe_bdq_aqua_ref,False
2304103,Crateús,CE,2005,3,0.0,0.0,,,,,True,inpe_bdq_aqua_ref,False
2304103,Crateús,CE,2005,4,0.0,0.0,,,,,True,inpe_bdq_aqua_ref,False
2304103,Crateús,CE,2005,5,0.0,0.0,,,,,True,inpe_bdq_aqua_ref,False
2304103,Crateús,CE,2005,6,0.0,0.0,,,,,True,inpe_bdq_aqua_ref,False
2304103,Crateús,CE,2005,7,0.0,0.0,,,,,True,inpe_bdq_aqua_ref,False
2304103,Crateús,CE,2005,8,0.0,0.0,,,,,True,inpe_bdq_aqua_ref,False
2304103,Crateús,CE,2005,9,1.0,17.3,17.3,17.3,,,False,inpe_bdq_aqua_ref,False
2304103,Crateús,CE,2005,10,100.0,8609.8,86.098,664.0,,,False,inpe_bdq_aqua_ref,False
2304103,Crateús,CE,2005,11,100.0,6358.8,63.588,664.9,,,False,inpe_bdq_aqua_ref,False
2304103,Crateús,CE,2005,12,59.0,5198.6,88.11186440677967,1735.3,,,False,inpe_bdq_aqua_ref,False
2304103,Crateús,CE,2006,1,2.0,25.9,12.95,14.3,,,False,inpe_bdq_aqua_ref,False
2304103,Crateús,CE,2006,2,0.0,0.0,,,,,True,inpe_bdq_aqua_ref,False
2304103,Crateús,CE,2006,3,0.0,0.0,,,,,True,inpe_bdq_aqua_ref,False
2304103,Crateús,CE,2006,4,0.0,0.0,,,,,True,inpe_bdq_aqua_ref,False
2304103,Crateús,CE,2006,5,0.0,0.0,,,,,True,inpe_bdq_aqua_ref,False
2304103,Crateús,CE,2006,6,0.0,0.0,,,,,True,inpe_bdq_aqua_ref,False
2304103,Crateús,CE,2006,7,4.0,59.8,14.95,27.0,,,False,inpe_bdq_aqua_ref,False
2304103,Crateús,CE,2006,8,2.0,56.1,28.05,42.6,,,False,inpe_bdq_aqua_ref,False
2304103,Crateús,CE,2006,9,7.0,497.8,71.11428571428571,165.3,,,False,inpe_bdq_aqua_ref,False
2304103,Crateús,CE,2006,10,40.0,2150.1,53.7525,168.5,,,False,inpe_bdq_aqua_ref,False
2304103,Crateús,CE,2006,11,100.0,8824.4,88.244,904.8,,,False,inpe_bdq_aqua_ref,False
2304103,Crateús,CE,2006,12,51.0,3813.1,74.76666666666667,762.1,,,False,inpe_bdq_aqua_ref,False
2304103,Crateús,CE,2007,1,14.0,1037.4,74.10000000000001,198.2,,,False,inpe_bdq_aqua_ref,False
2304103,Crateús,CE,2007,2,0.0,0.0,,,,,True,inpe_bdq_aqua_ref,False
2304103,Crateús,CE,2007,3,0.0,0.0,,,,,True,inpe_bdq_aqua_ref,False
2304103,Crateús,CE,2007,4,0.0,0.0,,,,,True,inpe_bdq_aqua_ref,False
2304103,Crateús,CE,2007,5,0.0,0.0,,,,,True,inpe_bdq_aqua_ref,False
2304103,Crateús,CE,2007,6,0.0,0.0,,,,,True,inpe_bdq_aqua_ref,False
2304103,Crateús,CE,2007,7,0.0,0.0,,,,,True,inpe_bdq_aqua_ref,False
2304103,Crateús,CE,2007,8,1.0,26.2,26.2,26.2,,,False,inpe_bdq_aqua_ref,False
2304103,Crateús,CE,2007,9,0.0,0.0,,,,,True,inpe_bdq_aqua_ref,False
2304103,Crateús,CE,2007,10,85.0,7120.0,83.76470588235294,677.7,,,False,inpe_bdq_aqua_ref,False
2304103,Crateús,CE,2007,11,100.0,7020.6,70.206,500.9,,,False,inpe_bdq_aqua_ref,False
2304103,Crateús,CE,2007,12,30.0,1282.3,42.74333333333333,184.1,,,False,inpe_bdq_aqua_ref,False
2304103,Crateús,CE,2008,1,5.0,254.7,50.94,75.1,,,False,inpe_bdq_aqua_ref,False
2304103,Crateús,CE,2008,2,0.0,0.0,,,,,True,inpe_bdq_aqua_ref,False
2304103,Crateús,CE,2008,3,0.0,0.0,,,,,True,inpe_bdq_aqua_ref,False
2304103,Crateús,CE,2008,4,0.0,0.0,,,,,True,inpe_bdq_aqua_ref,False
2304103,Crateús,CE,2008,5,0.0,0.0,,,,,True,inpe_bdq_aqua_ref,False
2304103,Crateús,CE,2008,6,0.0,0.0,,,,,True,inpe_bdq_aqua_ref,False
2304103,Crateús,CE,2008,7,0.0,0.0,,,,,True,inpe_bdq_aqua_ref,False
2304103,Crateús,CE,2008,8,3.0,176.1,58.699999999999996,122.5,,,False,inpe_bdq_aqua_ref,False
2304103,Crateús,CE,2008,9,2.0,80.8,40.4,47.0,,,False,inpe_bdq_aqua_ref,False
2304103,Crateús,CE,2008,10,50.0,5118.5,102.37,721.2,,,False,inpe_bdq_aqua_ref,False
2304103,Crateús,CE,2008,11,100.0,6341.5,63.415,604.6,,,False,inpe_bdq_aqua_ref,False
2304103,Crateús,CE,2008,12,92.0,6316.4,68.65652173913043,444.1,,,False,inpe_bdq_aqua_ref,False
2304103,Crateús,CE,2009,1,7.0,404.3,57.75714285714286,210.6,,,False,inpe_bdq_aqua_ref,False
2304103,Crateús,CE,2009,2,0.0,0.0,,,,,True,inpe_bdq_aqua_ref,False
2304103,Crateús,CE,2009,3,0.0,0.0,,,,,True,inpe_bdq_aqua_ref,False
2304103,Crateús,CE,2009,4,0.0,0.0,,,,,True,inpe_bdq_aqua_ref,False
2304103,Crateús,CE,2009,5,0.0,0.0,,,,,True,inpe_bdq_aqua_ref,False
2304103,Crateús,CE,2009,6,0.0,0.0,,,,,True,inpe_bdq_aqua_ref,False
2304103,Crateús,CE,2009,7,0.0,0.0,,,,,True,inpe_bdq_aqua_ref,False
2304103,Crateús,CE,2009,8,0.0,0.0,,,,,True,inpe_bdq_aqua_ref,False
2304103,Crateús,CE,2009,9,3.0,86.30000000000001,28.76666666666667,31.6,,,False,inpe_bdq_aqua_ref,False
2304103,Crateús,CE,2009,10,23.0,1057.1,45.960869565217386,144.2,,,False,inpe_bdq_aqua_ref,False
2304103,Crateús,CE,2009,11,100.0,6937.0,69.37,548.7,,,False,inpe_bdq_aqua_ref,False
2304103,Crateús,CE,2009,12,53.0,3749.2000000000003,70.73962264150944,820.2,,,False,inpe_bdq_aqua_ref,False
2304103,Crateús,CE,2010,1,0.0,0.0,,,,,True,inpe_bdq_aqua_ref,False
2304103,Crateús,CE,2010,2,0.0,0.0,,,,,True,inpe_bdq_aqua_ref,False
2304103,Crateús,CE,2010,3,1.0,21.4,21.4,21.4,,,False,inpe_bdq_aqua_ref,False
2304103,Crateús,CE,2010,4,0.0,0.0,,,,,True,inpe_bdq_aqua_ref,False
2304103,Crateús,CE,2010,5,0.0,0.0,,,,,True,inpe_bdq_aqua_ref,False
2304103,Crateús,CE,2010,6,0.0,0.0,,,,,True,inpe_bdq_aqua_ref,False
2304103,Crateús,CE,2010,7,0.0,0.0,,,,,True,inpe_bdq_aqua_ref,False
2304103,Crateús,CE,2010,8,4.0,197.3,49.325,67.4,,,False,inpe_bdq_aqua_ref,False
2304103,Crateús,CE,2010,9,0.0,0.0,,,,,True,inpe_bdq_aqua_ref,False
2304103,Crateús,CE,2010,10,30.0,1744.1999999999998,58.13999999999999,275.9,,,False,inpe_bdq_aqua_ref,False
2304103,Crateús,CE,2010,11,83.0,6081.7,73.2734939759036,655.8,,,False,inpe_bdq_aqua_ref,False
2304103,Crateús,CE,2010,12,5.0,282.7,56.54,108.7,,,False,inpe_bdq_aqua_ref,False
2304103,Crateús,CE,2011,1,0.0,0.0,,,,,True,inpe_bdq_aqua_ref,False
2304103,Crateús,CE,2011,2,0.0,0.0,,,,,True,inpe_bdq_aqua_ref,False
2304103,Crateús,CE,2011,3,0.0,0.0,,,,,True,inpe_bdq_aqua_ref,False
2304103,Crateús,CE,2011,4,0.0,0.0,,,,,True,inpe_bdq_aqua_ref,False
2304103,Crateús,CE,2011,5,0.0,0.0,,,,,True,inpe_bdq_aqua_ref,False
2304103,Crateús,CE,2011,6,0.0,0.0,,,,,True,inpe_bdq_aqua_ref,False
2304103,Crateús,CE,2011,7,0.0,0.0,,,,,True,inpe_bdq_aqua_ref,False
2304103,Crateús,CE,2011,8,0.0,0.0,,,,,True,inpe_bdq_aqua_ref,False
2304103,Crateús,CE,2011,9,7.0,198.5,28.357142857142858,46.1,,,False,inpe_bdq_aqua_ref,False
2304103,Crateús,CE,2011,10,1.0,35.7,35.7,35.7,,,False,inpe_bdq_aqua_ref,False
2304103,Crateús,CE,2011,11,42.0,2127.5,50.654761904761905,331.2,,,False,inpe_bdq_aqua_ref,False
2304103,Crateús,CE,2011,12,16.0,929.1,58.06875,197.4,,,False,inpe_bdq_aqua_ref,False
2304103,Crateús,CE,2012,1,2.0,101.5,50.75,88.5,,,False,inpe_bdq_aqua_ref,False
2304103,Crateús,CE,2012,2,0.0,0.0,,,,,True,inpe_bdq_aqua_ref,False
2304103,Crateús,CE,2012,3,1.0,21.8,21.8,21.8,,,False,inpe_bdq_aqua_ref,False
2304103,Crateús,CE,2012,4,0.0,0.0,,,,,True,inpe_bdq_aqua_ref,False
2304103,Crateús,CE,2012,5,0.0,0.0,,,,,True,inpe_bdq_aqua_ref,False
2304103,Crateús,CE,2012,6,0.0,0.0,,,,,True,inpe_bdq_aqua_ref,False
2304103,Crateús,CE,2012,7,0.0,0.0,,,,,True,inpe_bdq_aqua_ref,False
2304103,Crateús,CE,2012,8,2.0,94.1,47.05,68.8,,,False,inpe_bdq_aqua_ref,False
2304103,Crateús,CE,2012,9,3.0,39.800000000000004,13.266666666666667,17.1,,,False,inpe_bdq_aqua_ref,False
2304103,Crateús,CE,2012,10,31.0,2090.4,67.43225806451613,378.2,,,False,inpe_bdq_aqua_ref,False
2304103,Crateús,CE,2012,11,33.0,1181.9,35.81515151515152,102.9,,,False,inpe_bdq_aqua_ref,False
2304103,Crateús,CE,2012,12,5.0,230.8,46.160000000000004,75.2,,,False,inpe_bdq_aqua_ref,False
2304103,Crateús,CE,2013,1,2.0,93.8,46.9,50.5,,,False,inpe_bdq_aqua_ref,False
2304103,Crateús,CE,2013,2,0.0,0.0,,,,,True,inpe_bdq_aqua_ref,False
2304103,Crateús,CE,2013,3,0.0,0.0,,,,,True,inpe_bdq_aqua_ref,False
2304103,Crateús,CE,2013,4,0.0,0.0,,,,,True,inpe_bdq_aqua_ref,False
2304103,Crateús,CE,2013,5,0.0,0.0,,,,,True,inpe_bdq_aqua_ref,False
2304103,Crateús,CE,2013,6,0.0,0.0,,,,,True,inpe_bdq_aqua_ref,False
2304103,Crateús,CE,2013,7,0.0,0.0,,,,,True,inpe_bdq_aqua_ref,False
2304103,Crateús,CE,2013,8,2.0,21.9,10.95,14.2,,,False,inpe_bdq_aqua_ref,False
2304103,Crateús,CE,2013,9,2.0,36.7,18.35,22.0,,,False,inpe_bdq_aqua_ref,False
2304103,Crateús,CE,2013,10,38.0,1874.5,49.328947368421055,217.8,,,False,inpe_bdq_aqua_ref,False
2304103,Crateús,CE,2013,11,31.0,1200.2,38.71612903225807,314.1,,,False,inpe_bdq_aqua_ref,False
2304103,Crateús,CE,2013,12,7.0,404.9,57.84285714285714,112.7,,,False,inpe_bdq_aqua_ref,False
2304103,Crateús,CE,2014,1,1.0,121.5,121.5,121.5,1.0,1.0,False,inpe_bdq_aqua_ref,False
2304103,Crateús,CE,2014,2,0.0,0.0,,,,,True,inpe_bdq_aqua_ref,False
2304103,Crateús,CE,2014,3,0.0,0.0,,,,,True,inpe_bdq_aqua_ref,False
2304103,Crateús,CE,2014,4,0.0,0.0,,,,,True,inpe_bdq_aqua_ref,False
2304103,Crateús,CE,2014,5,0.0,0.0,,,,,True,inpe_bdq_aqua_ref,False
2304103,Crateús,CE,2014,6,0.0,0.0,,,,,True,inpe_bdq_aqua_ref,False
2304103,Crateús,CE,2014,7,0.0,0.0,,,,,True,inpe_bdq_aqua_ref,False
2304103,Crateús,CE,2014,8,0.0,0.0,,,,,True,inpe_bdq_aqua_ref,False
2304103,Crateús,CE,2014,9,0.0,0.0,,,,,True,inpe_bdq_aqua_ref,False
2304103,Crateús,CE,2014,10,14.0,969.0,69.21428571428571,341.9,1.0,40.214285714285715,False,inpe_bdq_aqua_ref,False
2304103,Crateús,CE,2014,11,19.0,736.1999999999999,38.74736842105263,105.3,1.0,7.315789473684211,False,inpe_bdq_aqua_ref,False
2304103,Crateús,CE,2014,12,10.0,432.3,43.230000000000004,84.2,1.0,11.6,False,inpe_bdq_aqua_ref,False
2304103,Crateús,CE,2015,1,0.0,0.0,,,,,True,inpe_bdq_aqua_ref,False
2304103,Crateús,CE,2015,2,0.0,0.0,,,,,True,inpe_bdq_aqua_ref,False
2304103,Crateús,CE,2015,3,0.0,0.0,,,,,True,inpe_bdq_aqua_ref,False
2304103,Crateús,CE,2015,4,0.0,0.0,,,,,True,inpe_bdq_aqua_ref,False
2304103,Crateús,CE,2015,5,0.0,0.0,,,,,True,inpe_bdq_aqua_ref,False
2304103,Crateús,CE,2015,6,0.0,0.0,,,,,True,inpe_bdq_aqua_ref,False
2304103,Crateús,CE,2015,7,0.0,0.0,,,,,True,inpe_bdq_aqua_ref,False
2304103,Crateús,CE,2015,8,9.0,219.1,24.344444444444445,42.3,1.0,11.333333333333334,False,inpe_bdq_aqua_ref,False
2304103,Crateús,CE,2015,9,4.0,101.6,25.4,36.5,1.0,31.0,False,inpe_bdq_aqua_ref,False
2304103,Crateús,CE,2015,10,38.0,2612.6,68.75263157894737,192.1,1.0,58.1578947368421,False,inpe_bdq_aqua_ref,False
2304103,Crateús,CE,2015,11,22.0,1075.8,48.9,154.9,1.0,84.22727272727273,False,inpe_bdq_aqua_ref,False
2304103,Crateús,CE,2015,12,18.0,520.9,28.938888888888886,87.7,1.0,87.72222222222223,False,inpe_bdq_aqua_ref,False
2304103,Crateús,CE,2016,1,0.0,0.0,,,,,True,inpe_bdq_aqua_ref,False
2304103,Crateús,CE,2016,2,0.0,0.0,,,,,True,inpe_bdq_aqua_ref,False
2304103,Crateús,CE,2016,3,0.0,0.0,,,,,True,inpe_bdq_aqua_ref,False
2304103,Crateús,CE,2016,4,2.0,26.1,13.05,15.5,1.0,2.0,False,inpe_bdq_aqua_ref,False
2304103,Crateús,CE,2016,5,0.0,0.0,,,,,True,inpe_bdq_aqua_ref,False
2304103,Crateús,CE,2016,6,0.0,0.0,,,,,True,inpe_bdq_aqua_ref,False
2304103,Crateús,CE,2016,7,4.0,155.9,38.975,94.2,1.0,15.0,False,inpe_bdq_aqua_ref,False
2304103,Crateús,CE,2016,8,11.0,436.59999999999997,39.69090909090909,147.6,1.0,54.09090909090909,False,inpe_bdq_aqua_ref,False
2304103,Crateús,CE,2016,9,11.0,962.5,87.5,352.7,1.0,64.63636363636364,False,inpe_bdq_aqua_ref,False
2304103,Crateús,CE,2016,10,52.0,3963.0,76.21153846153847,371.1,1.0,65.32692307692308,False,inpe_bdq_aqua_ref,False
2304103,Crateús,CE,2016,11,24.0,725.5,30.229166666666668,74.6,1.0,60.125,False,inpe_bdq_aqua_ref,False
2304103,Crateús,CE,2016,12,11.0,427.0,38.81818181818182,94.3,1.0,83.36363636363636,False,inpe_bdq_aqua_ref,False
2304103,Crateús,CE,2017,1,1.0,27.9,27.9,27.9,1.0,0.0,False,inpe_bdq_aqua_ref,False
2304103,Crateús,CE,2017,2,0.0,0.0,,,,,True,inpe_bdq_aqua_ref,False
2304103,Crateús,CE,2017,3,0.0,0.0,,,,,True,inpe_bdq_aqua_ref,False
2304103,Crateús,CE,2017,4,0.0,0.0,,,,,True,inpe_bdq_aqua_ref,False
2304103,Crateús,CE,2017,5,0.0,0.0,,,,,True,inpe_bdq_aqua_ref,False
2304103,Crateús,CE,2017,6,0.0,0.0,,,,,True,inpe_bdq_aqua_ref,False
2304103,Crateús,CE,2017,7,0.0,0.0,,,,,True,inpe_bdq_aqua_ref,False
2304103,Crateús,CE,2017,8,0.0,0.0,,,,,True,inpe_bdq_aqua_ref,False
2304103,Crateús,CE,2017,9,5.0,74.10000000000001,14.820000000000002,21.1,1.0,0.0,False,inpe_bdq_aqua_ref,False
2304103,Crateús,CE,2017,10,34.0,2707.2000000000003,79.62352941176471,338.8,1.0,0.0,False,inpe_bdq_aqua_ref,False
2304103,Crateús,CE,2017,11,23.0,899.8000000000001,39.12173913043478,111.7,1.0,0.0,False,inpe_bdq_aqua_ref,False
2304103,Crateús,CE,2017,12,15.0,885.9,59.059999999999995,187.7,1.0,0.0,False,inpe_bdq_aqua_ref,False
2304103,Crateús,CE,2018,1,1.0,11.8,11.8,11.8,1.0,0.0,False,inpe_bdq_aqua_ref,False
2304103,Crateús,CE,2018,2,0.0,0.0,,,,,True,inpe_bdq_aqua_ref,False
2304103,Crateús,CE,2018,3,0.0,0.0,,,,,True,inpe_bdq_aqua_ref,False
2304103,Crateús,CE,2018,4,0.0,0.0,,,,,True,inpe_bdq_aqua_ref,False
2304103,Crateús,CE,2018,5,0.0,0.0,,,,,True,inpe_bdq_aqua_ref,False
2304103,Crateús,CE,2018,6,2.0,35.6,17.8,27.9,1.0,42.5,False,inpe_bdq_aqua_ref,False
2304103,Crateús,CE,2018,7,1.0,12.7,12.7,12.7,1.0,43.0,False,inpe_bdq_aqua_ref,False
2304103,Crateús,CE,2018,8,1.0,13.2,13.2,13.2,1.0,88.0,False,inpe_bdq_aqua_ref,False
2304103,Crateús,CE,2018,9,2.0,75.6,37.8,61.8,1.0,106.5,False,inpe_bdq_aqua_ref,False
2304103,Crateús,CE,2018,10,28.0,2182.8,77.95714285714287,449.3,1.0,17.678571428571427,False,inpe_bdq_aqua_ref,False
2304103,Crateús,CE,2018,11,42.0,2343.8,55.80476190476191,237.8,1.0,34.333333333333336,False,inpe_bdq_aqua_ref,False
2304103,Crateús,CE,2018,12,9.0,165.0,18.333333333333332,53.7,0.7888888888888889,2.0,False,inpe_bdq_aqua_ref,False
2304103,Crateús,CE,2019,1,9.0,172.7,19.188888888888886,41.5,0.9666666666666666,8.333333333333334,False,inpe_bdq_aqua_ref,False
2304103,Crateús,CE,2019,2,2.0,50.2,25.1,25.5,0.30000000000000004,2.0,False,inpe_bdq_aqua_ref,False
2304103,Crateús,CE,2019,3,0.0,0.0,,,,,True,inpe_bdq_aqua_ref,False
2304103,Crateús,CE,2019,4,0.0,0.0,,,,,True,inpe_bdq_aqua_ref,False
2304103,Crateús,CE,2019,5,0.0,0.0,,,,,True,inpe_bdq_aqua_ref,False
2304103,Crateús,CE,2019,6,1.0,21.9,21.9,21.9,1.0,20.0,False,inpe_bdq_aqua_ref,False
2304103,Crateús,CE,2019,7,0.0,0.0,,,,,True,inpe_bdq_aqua_ref,False
2304103,Crateús,CE,2019,8,3.0,49.6,16.533333333333335,19.8,1.0,26.666666666666668,False,inpe_bdq_aqua_ref,False
2304103,Crateús,CE,2019,9,3.0,268.6,89.53333333333335,158.5,1.0,73.66666666666667,False,inpe_bdq_aqua_ref,False
2304103,Crateús,CE,2019,10,26.0,1254.6,48.25384615384615,133.0,1.0,26.23076923076923,False,inpe_bdq_aqua_ref,False
2304103,Crateús,CE,2019,11,54.0,3629.8,67.21851851851852,271.4,0.9981481481481481,37.833333333333336,False,inpe_bdq_aqua_ref,False
2304103,Crateús,CE,2019,12,17.0,629.0,37.0,201.3,1.0,3.588235294117647,False,inpe_bdq_aqua_ref,False
2304103,Crateús,CE,2020,1,0.0,0.0,,,,,True,inpe_bdq_aqua_ref,False
2304103,Crateús,CE,2020,2,1.0,10.7,10.7,10.7,-999.0,0.0,False,inpe_bdq_aqua_ref,False
2304103,Crateús,CE,2020,3,0.0,0.0,,,,,True,inpe_bdq_aqua_ref,False
2304103,Crateús,CE,2020,4,0.0,0.0,,,,,True,inpe_bdq_aqua_ref,False
2304103,Crateús,CE,2020,5,0.0,0.0,,,,,True,inpe_bdq_aqua_ref,False
2304103,Crateús,CE,2020,6,2.0,64.4,32.2,37.1,1.0,21.5,False,inpe_bdq_aqua_ref,False
2304103,Crateús,CE,2020,7,0.0,0.0,,,,,True,inpe_bdq_aqua_ref,False
2304103,Crateús,CE,2020,8,4.0,80.6,20.15,38.0,1.0,49.75,False,inpe_bdq_aqua_ref,False
2304103,Crateús,CE,2020,9,2.0,67.2,33.6,46.6,1.0,94.0,False,inpe_bdq_aqua_ref,False
2304103,Crateús,CE,2020,10,31.0,1987.8,64.12258064516129,358.1,0.970967741935484,74.45161290322581,False,inpe_bdq_aqua_ref,False
2304103,Crateús,CE,2020,11,57.0,2327.9,40.84035087719298,364.7,1.0,5.280701754385965,False,inpe_bdq_aqua_ref,False
2304103,Crateús,CE,2020,12,13.0,469.5,36.11538461538461,120.7,1.0,8.0,False,inpe_bdq_aqua_ref,False
2304103,Crateús,CE,2021,1,8.0,219.9,27.4875,51.5,1.0,9.25,False,inpe_bdq_aqua_ref,False
2304103,Crateús,CE,2021,2,0.0,0.0,,,,,True,inpe_bdq_aqua_ref,False
2304103,Crateús,CE,2021,3,0.0,0.0,,,,,True,inpe_bdq_aqua_ref,False
2304103,Crateús,CE,2021,4,0.0,0.0,,,,,True,inpe_bdq_aqua_ref,False
2304103,Crateús,CE,2021,5,0.0,0.0,,,,,True,inpe_bdq_aqua_ref,False
2304103,Crateús,CE,2021,6,0.0,0.0,,,,,True,inpe_bdq_aqua_ref,False
2304103,Crateús,CE,2021,7,2.0,68.1,34.05,42.9,1.0,7.0,False,inpe_bdq_aqua_ref,False
2304103,Crateús,CE,2021,8,1.0,26.5,26.5,26.5,1.0,39.0,False,inpe_bdq_aqua_ref,False
2304103,Crateús,CE,2021,9,11.0,394.1,35.82727272727273,66.6,1.0,62.63636363636363,False,inpe_bdq_aqua_ref,False
2304103,Crateús,CE,2021,10,49.0,2699.2999999999997,55.08775510204081,306.5,1.0,9.959183673469388,False,inpe_bdq_aqua_ref,False
2304103,Crateús,CE,2021,11,55.0,3561.5,64.75454545454545,240.4,0.9818181818181818,5.6909090909090905,False,inpe_bdq_aqua_ref,False
2304103,Crateús,CE,2021,12,15.0,853.0,56.86666666666667,149.9,0.9466666666666667,10.666666666666666,False,inpe_bdq_aqua_ref,False
2304103,Crateús,CE,2022,1,0.0,0.0,,,,,True,inpe_bdq_aqua_ref,False
2304103,Crateús,CE,2022,2,0.0,0.0,,,,,True,inpe_bdq_aqua_ref,False
2304103,Crateús,CE,2022,3,0.0,0.0,,,,,True,inpe_bdq_aqua_ref,False
2304103,Crateús,CE,2022,4,0.0,0.0,,,,,True,inpe_bdq_aqua_ref,False
2304103,Crateús,CE,2022,5,0.0,0.0,,,,,True,inpe_bdq_aqua_ref,False
2304103,Crateús,CE,2022,6,5.0,60.2,12.040000000000001,20.3,0.99,6.6,False,inpe_bdq_aqua_ref,False
2304103,Crateús,CE,2022,7,0.0,0.0,,,,,True,inpe_bdq_aqua_ref,False
2304103,Crateús,CE,2022,8,4.0,149.6,37.4,80.8,1.0,13.25,False,inpe_bdq_aqua_ref,False
2304103,Crateús,CE,2022,9,7.0,305.6,43.65714285714286,103.2,1.0,42.285714285714285,False,inpe_bdq_aqua_ref,False
2304103,Crateús,CE,2022,10,38.0,4269.2,112.34736842105262,852.8,0.7102631578947368,17.31578947368421,False,inpe_bdq_aqua_ref,False
2304103,Crateús,CE,2022,11,53.0,1655.8,31.241509433962264,185.2,0.9271698113207547,6.0,False,inpe_bdq_aqua_ref,False
2304103,Crateús,CE,2022,12,29.0,1846.3,63.665517241379305,326.1,1.0,14.551724137931034,False,inpe_bdq_aqua_ref,False
2304103,Crateús,CE,2023,1,4.0,128.7,32.175,64.3,0.5875,1.75,False,inpe_bdq_aqua_ref,False
2304103,Crateús,CE,2023,2,0.0,0.0,,,,,True,inpe_bdq_aqua_ref,False
2304103,Crateús,CE,2023,3,0.0,0.0,,,,,True,inpe_bdq_aqua_ref,False
2304103,Crateús,CE,2023,4,0.0,0.0,,,,,True,inpe_bdq_aqua_ref,False
2304103,Crateús,CE,2023,5,0.0,0.0,,,,,True,inpe_bdq_aqua_ref,False
2304103,Crateús,CE,2023,6,0.0,0.0,,,,,True,inpe_bdq_aqua_ref,False
2304103,Crateús,CE,2023,7,1.0,15.4,15.4,15.4,1.0,68.0,False,inpe_bdq_aqua_ref,False
2304103,Crateús,CE,2023,8,3.0,65.4,21.8,24.3,1.0,97.66666666666667,False,inpe_bdq_aqua_ref,False
2304103,Crateús,CE,2023,9,3.0,344.1,114.7,293.6,1.0,119.33333333333333,False,inpe_bdq_aqua_ref,False
2304103,Crateús,CE,2023,10,100.0,7993.3,79.933,711.5,1.0,15.29,False,inpe_bdq_aqua_ref,False
2304103,Crateús,CE,2023,11,76.0,4807.0,63.25,309.1,0.9957894736842107,10.342105263157896,False,inpe_bdq_aqua_ref,False
2304103,Crateús,CE,2023,12,35.0,2004.3,57.26571428571428,218.1,0.9271428571428573,5.771428571428571,False,inpe_bdq_aqua_ref,False
2304103,Crateús,CE,2024,1,9.0,428.2,47.577777777777776,230.8,0.8022222222222222,2.888888888888889,False,inpe_bdq_aqua_ref,False
2304103,Crateús,CE,2024,2,2.0,27.8,13.9,15.0,1.0,5.5,False,inpe_bdq_aqua_ref,False
2304103,Crateús,CE,2024,3,0.0,0.0,,,,,True,inpe_bdq_aqua_ref,False
2304103,Crateús,CE,2024,4,0.0,0.0,,,,,True,inpe_bdq_aqua_ref,False
2304103,Crateús,CE,2024,5,1.0,8.0,8.0,8.0,0.62,13.0,False,inpe_bdq_aqua_ref,False
2304103,Crateús,CE,2024,6,5.0,68.4,13.680000000000001,28.0,0.788,9.2,False,inpe_bdq_aqua_ref,False
2304103,Crateús,CE,2024,7,1.0,23.9,23.9,23.9,1.0,17.0,False,inpe_bdq_aqua_ref,False
2304103,Crateús,CE,2024,8,7.0,95.1,13.585714285714285,22.4,1.0,51.0,False,inpe_bdq_aqua_ref,False
2304103,Crateús,CE,2024,9,1.0,38.6,38.6,38.6,1.0,80.0,False,inpe_bdq_aqua_ref,False
2304103,Crateús,CE,2024,10,70.0,3852.5,55.035714285714285,895.7,-13.285714285714286,83.6,False,inpe_bdq_aqua_ref,False
2304103,Crateús,CE,2024,11,100.0,5833.8,58.338,291.9,1.0,83.65,False,inpe_bdq_aqua_ref,False
2304103,Crateús,CE,2024,12,52.0,3576.3,68.775,527.5,0.9934615384615384,12.346153846153847,False,inpe_bdq_aqua_ref,False
2304202,Crato,CE,2002,8,1.0,14.0,14.0,14.0,,,False,inpe_bdq_legacy,False
2304202,Crato,CE,2002,9,6.0,471.2,78.53333333333333,241.5,,,False,inpe_bdq_legacy,False
2304202,Crato,CE,2002,10,12.0,646.9,53.90833333333333,120.1,,,False,inpe_bdq_legacy,False
2304202,Crato,CE,2002,11,33.0,1192.0,36.121212121212125,208.8,,,False,inpe_bdq_legacy,False
2304202,Crato,CE,2002,12,12.0,889.9,74.15833333333333,420.4,,,False,inpe_bdq_legacy,False
2304202,Crato,CE,2003,1,2.0,135.7,67.85,75.6,,,False,inpe_bdq_legacy,False
2304202,Crato,CE,2003,2,0.0,0.0,,,,,True,inpe_bdq_legacy,False
2304202,Crato,CE,2003,3,0.0,0.0,,,,,True,inpe_bdq_legacy,False
2304202,Crato,CE,2003,4,0.0,0.0,,,,,True,inpe_bdq_legacy,False
2304202,Crato,CE,2003,5,0.0,0.0,,,,,True,inpe_bdq_legacy,False
2304202,Crato,CE,2003,6,0.0,0.0,,,,,True,inpe_bdq_legacy,False
2304202,Crato,CE,2003,7,1.0,44.8,44.8,44.8,,,False,inpe_bdq_legacy,False
2304202,Crato,CE,2003,8,2.0,47.2,23.6,29.7,,,False,inpe_bdq_legacy,False
2304202,Crato,CE,2003,9,5.0,256.6,51.32000000000001,105.4,,,False,inpe_bdq_legacy,False
2304202,Crato,CE,2003,10,25.0,1946.0,77.84,263.7,,,False,inpe_bdq_legacy,False
2304202,Crato,CE,2003,11,15.0,839.0,55.93333333333333,129.0,,,False,inpe_bdq_legacy,False
2304202,Crato,CE,2003,12,2.0,104.5,52.25,75.8,,,False,inpe_bdq_legacy,False
2304202,Crato,CE,2004,1,0.0,0.0,,,,,True,inpe_bdq_legacy,False
2304202,Crato,CE,2004,2,0.0,0.0,,,,,True,inpe_bdq_legacy,False
2304202,Crato,CE,2004,3,0.0,0.0,,,,,True,inpe_bdq_legacy,False
2304202,Crato,CE,2004,4,0.0,0.0,,,,,True,inpe_bdq_legacy,False
2304202,Crato,CE,2004,5,0.0,0.0,,,,,True,inpe_bdq_legacy,False
2304202,Crato,CE,2004,6,0.0,0.0,,,,,True,inpe_bdq_legacy,False
2304202,Crato,CE,2004,7,0.0,0.0,,,,,True,inpe_bdq_legacy,False
2304202,Crato,CE,2004,8,2.0,26.6,13.3,14.4,,,False,inpe_bdq_legacy,False
2304202,Crato,CE,2004,9,2.0,27.9,13.95,19.4,,,False,inpe_bdq_legacy,False
2304202,Crato,CE,2004,10,18.0,1594.4,88.57777777777778,225.0,,,False,inpe_bdq_legacy,False
2304202,Crato,CE,2004,11,13.0,487.90000000000003,37.53076923076923,112.4,,,False,inpe_bdq_legacy,False
2304202,Crato,CE,2004,12,18.0,749.8000000000001,41.65555555555556,183.8,,,False,inpe_bdq_legacy,False
2304202,Crato,CE,2005,1,3.0,73.6,24.53333333333333,28.6,,,False,inpe_bdq_legacy,False
2304202,Crato,CE,2005,2,0.0,0.0,,,,,True,inpe_bdq_legacy,False
2304202,Crato,CE,2005,3,0.0,0.0,,,,,True,inpe_bdq_legacy,False
2304202,Crato,CE,2005,4,0.0,0.0,,,,,True,inpe_bdq_legacy,False
2304202,Crato,CE,2005,5,0.0,0.0,,,,,True,inpe_bdq_legacy,False
2304202,Crato,CE,2005,6,0.0,0.0,,,,,True,inpe_bdq_legacy,False
2304202,Crato,CE,2005,7,0.0,0.0,,,,,True,inpe_bdq_legacy,False
2304202,Crato,CE,2005,8,0.0,0.0,,,,,True,inpe_bdq_legacy,False
2304202,Crato,CE,2005,9,0.0,0.0,,,,,True,inpe_bdq_legacy,False
2304202,Crato,CE,2005,10,7.0,330.2,47.17142857142857,123.6,,,False,inpe_bdq_legacy,False
2304202,Crato,CE,2005,11,8.0,376.2,47.025,128.0,,,False,inpe_bdq_legacy,False
2304202,Crato,CE,2005,12,13.0,254.4,19.56923076923077,47.0,,,False,inpe_bdq_legacy,False
2304202,Crato,CE,2006,1,1.0,22.3,22.3,22.3,,,False,inpe_bdq_legacy,False
2304202,Crato,CE,2006,2,0.0,0.0,,,,,True,inpe_bdq_legacy,False
2304202,Crato,CE,2006,3,0.0,0.0,,,,,True,inpe_bdq_legacy,False
2304202,Crato,CE,2006,4,0.0,0.0,,,,,True,inpe_bdq_legacy,False
2304202,Crato,CE,2006,5,0.0,0.0,,,,,True,inpe_bdq_legacy,False
2304202,Crato,CE,2006,6,0.0,0.0,,,,,True,inpe_bdq_legacy,False
2304202,Crato,CE,2006,7,0.0,0.0,,,,,True,inpe_bdq_legacy,False
2304202,Crato,CE,2006,8,1.0,18.4,18.4,18.4,,,False,inpe_bdq_legacy,False
2304202,Crato,CE,2006,9,0.0,0.0,,,,,True,inpe_bdq_legacy,False
2304202,Crato,CE,2006,10,0.0,0.0,,,,,True,inpe_bdq_legacy,False
2304202,Crato,CE,2006,11,6.0,284.5,47.416666666666664,98.9,,,False,inpe_bdq_legacy,False
2304202,Crato,CE,2006,12,7.0,231.8,33.114285714285714,59.6,,,False,inpe_bdq_legacy,False
2304202,Crato,CE,2007,1,2.0,77.3,38.65,66.0,,,False,inpe_bdq_legacy,False
2304202,Crato,CE,2007,2,0.0,0.0,,,,,True,inpe_bdq_legacy,False
2304202,Crato,CE,2007,3,0.0,0.0,,,,,True,inpe_bdq_legacy,False
2304202,Crato,CE,2007,4,0.0,0.0,,,,,True,inpe_bdq_legacy,False
2304202,Crato,CE,2007,5,0.0,0.0,,,,,True,inpe_bdq_legacy,False
2304202,Crato,CE,2007,6,0.0,0.0,,,,,True,inpe_bdq_legacy,False
2304202,Crato,CE,2007,7,0.0,0.0,,,,,True,inpe_bdq_legacy,False
2304202,Crato,CE,2007,8,0.0,0.0,,,,,True,inpe_bdq_legacy,False
2304202,Crato,CE,2007,9,6.0,98.4,16.400000000000002,24.9,,,False,inpe_bdq_legacy,False
2304202,Crato,CE,2007,10,17.0,967.1999999999999,56.89411764705882,153.2,,,False,inpe_bdq_legacy,False
2304202,Crato,CE,2007,11,10.0,356.09999999999997,35.61,123.1,,,False,inpe_bdq_legacy,False
2304202,Crato,CE,2007,12,10.0,541.5,54.15,289.3,,,False,inpe_bdq_legacy,False
2304202,Crato,CE,2008,1,0.0,0.0,,,,,True,inpe_bdq_legacy,False
2304202,Crato,CE,2008,2,0.0,0.0,,,,,True,inpe_bdq_legacy,False
2304202,Crato,CE,2008,3,0.0,0.0,,,,,True,inpe_bdq_legacy,False
2304202,Crato,CE,2008,4,0.0,0.0,,,,,True,inpe_bdq_legacy,False
2304202,Crato,CE,2008,5,0.0,0.0,,,,,True,inpe_bdq_legacy,False
2304202,Crato,CE,2008,6,0.0,0.0,,,,,True,inpe_bdq_legacy,False
2304202,Crato,CE,2008,7,0.0,0.0,,,,,True,inpe_bdq_legacy,False
2304202,Crato,CE,2008,8,2.0,28.1,14.05,15.9,,,False,inpe_bdq_legacy,False
2304202,Crato,CE,2008,9,3.0,263.40000000000003,87.80000000000001,138.5,,,False,inpe_bdq_legacy,False
2304202,Crato,CE,2008,10,4.0,209.7,52.425,146.0,,,False,inpe_bdq_legacy,False
2304202,Crato,CE,2008,11,17.0,477.2,28.070588235294117,64.5,,,False,inpe_bdq_legacy,False
2304202,Crato,CE,2008,12,11.0,344.59999999999997,31.327272727272724,77.6,,,False,inpe_bdq_legacy,False
2304202,Crato,CE,2009,1,1.0,45.4,45.4,45.4,,,False,inpe_bdq_legacy,False
2304202,Crato,CE,2009,2,0.0,0.0,,,,,True,inpe_bdq_legacy,False
2304202,Crato,CE,2009,3,0.0,0.0,,,,,True,inpe_bdq_legacy,False
2304202,Crato,CE,2009,4,0.0,0.0,,,,,True,inpe_bdq_legacy,False
2304202,Crato,CE,2009,5,0.0,0.0,,,,,True,inpe_bdq_legacy,False
2304202,Crato,CE,2009,6,0.0,0.0,,,,,True,inpe_bdq_legacy,False
2304202,Crato,CE,2009,7,0.0,0.0,,,,,True,inpe_bdq_legacy,False
2304202,Crato,CE,2009,8,0.0,0.0,,,,,True,inpe_bdq_legacy,False
2304202,Crato,CE,2009,9,0.0,0.0,,,,,True,inpe_bdq_legacy,False
2304202,Crato,CE,2009,10,6.0,164.10000000000002,27.350000000000005,49.1,,,False,inpe_bdq_legacy,False
2304202,Crato,CE,2009,11,22.0,793.9,36.086363636363636,101.5,,,False,inpe_bdq_legacy,False
2304202,Crato,CE,2009,12,7.0,161.4,23.057142857142857,51.1,,,False,inpe_bdq_legacy,False
2304202,Crato,CE,2010,1,2.0,71.8,35.9,47.8,,,False,inpe_bdq_legacy,False
2304202,Crato,CE,2010,2,0.0,0.0,,,,,True,inpe_bdq_legacy,False
2304202,Crato,CE,2010,3,0.0,0.0,,,,,True,inpe_bdq_legacy,False
2304202,Crato,CE,2010,4,0.0,0.0,,,,,True,inpe_bdq_legacy,False
2304202,Crato,CE,2010,5,0.0,0.0,,,,,True,inpe_bdq_legacy,False
2304202,Crato,CE,2010,6,0.0,0.0,,,,,True,inpe_bdq_legacy,False
2304202,Crato,CE,2010,7,0.0,0.0,,,,,True,inpe_bdq_legacy,False
2304202,Crato,CE,2010,8,3.0,148.9,49.63333333333333,68.9,,,False,inpe_bdq_legacy,False
2304202,Crato,CE,2010,9,8.0,365.3,45.6625,123.4,,,False,inpe_bdq_legacy,False
2304202,Crato,CE,2010,10,3.0,201.2,67.06666666666666,83.8,,,False,inpe_bdq_legacy,False
2304202,Crato,CE,2010,11,22.0,736.5,33.47727272727273,166.2,,,False,inpe_bdq_legacy,False
2304202,Crato,CE,2010,12,2.0,21.1,10.55,13.5,,,False,inpe_bdq_legacy,False
2304202,Crato,CE,2011,1,0.0,0.0,,,,,True,inpe_bdq_legacy,False
2304202,Crato,CE,2011,2,0.0,0.0,,,,,True,inpe_bdq_legacy,False
2304202,Crato,CE,2011,3,2.0,245.29999999999998,122.64999999999999,165.7,,,False,inpe_bdq_legacy,False
2304202,Crato,CE,2011,4,0.0,0.0,,,,,True,inpe_bdq_legacy,False
2304202,Crato,CE,2011,5,1.0,6.4,6.4,6.4,,,False,inpe_bdq_legacy,False
2304202,Crato,CE,2011,6,1.0,9.5,9.5,9.5,,,False,inpe_bdq_legacy,False
2304202,Crato,CE,2011,7,0.0,0.0,,,,,True,inpe_bdq_legacy,False
2304202,Crato,CE,2011,8,1.0,17.3,17.3,17.3,,,False,inpe_bdq_legacy,False
2304202,Crato,CE,2011,9,0.0,0.0,,,,,True,inpe_bdq_legacy,False
2304202,Crato,CE,2011,10,8.0,347.09999999999997,43.387499999999996,130.0,,,False,inpe_bdq_legacy,False
2304202,Crato,CE,2011,11,8.0,175.8,21.975,44.6,,,False,inpe_bdq_legacy,False
2304202,Crato,CE,2011,12,13.0,369.2,28.4,68.6,,,False,inpe_bdq_legacy,False
2304202,Crato,CE,2012,1,0.0,0.0,,,,,True,inpe_bdq_legacy,False
2304202,Crato,CE,2012,2,1.0,15.8,15.8,15.8,,,False,inpe_bdq_legacy,False
2304202,Crato,CE,2012,3,0.0,0.0,,,,,True,inpe_bdq_legacy,False
2304202,Crato,CE,2012,4,0.0,0.0,,,,,True,inpe_bdq_legacy,False
2304202,Crato,CE,2012,5,0.0,0.0,,,,,True,inpe_bdq_legacy,False
2304202,Crato,CE,2012,6,0.0,0.0,,,,,True,inpe_bdq_legacy,False
2304202,Crato,CE,2012,7,0.0,0.0,,,,,True,inpe_bdq_legacy,False
2304202,Crato,CE,2012,8,4.0,111.69999999999999,27.924999999999997,35.4,,,False,inpe_bdq_legacy,False
2304202,Crato,CE,2012,9,13.0,561.6,43.2,196.3,,,False,inpe_bdq_legacy,False
2304202,Crato,CE,2012,10,11.0,427.5,38.86363636363637,85.8,,,False,inpe_bdq_legacy,False
2304202,Crato,CE,2012,11,5.0,222.7,44.54,78.0,,,False,inpe_bdq_legacy,False
2304202,Crato,CE,2012,12,5.0,187.3,37.46,72.9,,,False,inpe_bdq_legacy,False
2304202,Crato,CE,2013,1,2.0,108.0,54.0,54.6,,,False,inpe_bdq_legacy,False
2304202,Crato,CE,2013,2,0.0,0.0,,,,,True,inpe_bdq_legacy,False
2304202,Crato,CE,2013,3,0.0,0.0,,,,,True,inpe_bdq_legacy,False
2304202,Crato,CE,2013,4,0.0,0.0,,,,,True,inpe_bdq_legacy,False
2304202,Crato,CE,2013,5,0.0,0.0,,,,,True,inpe_bdq_legacy,False
2304202,Crato,CE,2013,6,0.0,0.0,,,,,True,inpe_bdq_legacy,False
2304202,Crato,CE,2013,7,0.0,0.0,,,,,True,inpe_bdq_legacy,False
2304202,Crato,CE,2013,8,0.0,0.0,,,,,True,inpe_bdq_legacy,False
2304202,Crato,CE,2013,9,5.0,496.0,99.2,245.4,,,False,inpe_bdq_legacy,False
2304202,Crato,CE,2013,10,5.0,486.6,97.32000000000001,273.3,,,False,inpe_bdq_legacy,False
2304202,Crato,CE,2013,11,9.0,275.4,30.599999999999998,86.2,,,False,inpe_bdq_legacy,False
2304202,Crato,CE,2013,12,2.0,44.6,22.3,33.2,,,False,inpe_bdq_legacy,False
2304202,Crato,CE,2014,1,1.0,16.4,16.4,16.4,1.0,11.0,False,inpe_bdq_legacy,False
2304202,Crato,CE,2014,2,1.0,8.2,8.2,8.2,0.7,3.0,False,inpe_bdq_legacy,False
2304202,Crato,CE,2014,3,0.0,0.0,,,,,True,inpe_bdq_legacy,False
2304202,Crato,CE,2014,4,0.0,0.0,,,,,True,inpe_bdq_legacy,False
2304202,Crato,CE,2014,5,0.0,0.0,,,,,True,inpe_bdq_legacy,False
2304202,Crato,CE,2014,6,0.0,0.0,,,,,True,inpe_bdq_legacy,False
2304202,Crato,CE,2014,7,0.0,0.0,,,,,True,inpe_bdq_legacy,False
2304202,Crato,CE,2014,8,2.0,83.80000000000001,41.900000000000006,65.2,1.0,9.0,False,inpe_bdq_legacy,False
2304202,Crato,CE,2014,9,2.0,265.4,132.7,202.0,1.0,7.0,False,inpe_bdq_legacy,False
2304202,Crato,CE,2014,10,2.0,68.8,34.4,42.4,1.0,9.0,False,inpe_bdq_legacy,False
2304202,Crato,CE,2014,11,5.0,384.79999999999995,76.96,209.6,0.45999999999999996,8.8,False,inpe_bdq_legacy,False
2304202,Crato,CE,2014,12,3.0,57.5,19.166666666666668,27.1,0.6666666666666666,6.333333333333333,False,inpe_bdq_legacy,False
2304202,Crato,CE,2015,1,2.0,56.8,28.4,41.6,1.0,10.5,False,inpe_bdq_legacy,False
2304202,Crato,CE,2015,2,1.0,21.4,21.4,21.4,0.4,0.0,False,inpe_bdq_legacy,False
2304202,Crato,CE,2015,3,0.0,0.0,,,,,True,inpe_bdq_legacy,False
2304202,Crato,CE,2015,4,0.0,0.0,,,,,True,inpe_bdq_legacy,False
2304202,Crato,CE,2015,5,0.0,0.0,,,,,True,inpe_bdq_legacy,False
2304202,Crato,CE,2015,6,0.0,0.0,,,,,True,inpe_bdq_legacy,False
2304202,Crato,CE,2015,7,0.0,0.0,,,,,True,inpe_bdq_legacy,False
2304202,Crato,CE,2015,8,4.0,101.4,25.35,36.1,1.0,23.5,False,inpe_bdq_legacy,False
2304202,Crato,CE,2015,9,2.0,41.4,20.7,32.9,1.0,20.5,False,inpe_bdq_legacy,False
2304202,Crato,CE,2015,10,7.0,299.3,42.75714285714286,69.0,1.0,48.142857142857146,False,inpe_bdq_legacy,False
2304202,Crato,CE,2015,11,3.0,69.7,23.233333333333334,32.0,1.0,60.666666666666664,False,inpe_bdq_legacy,False
2304202,Crato,CE,2015,12,2.0,42.6,21.3,32.5,1.0,41.0,False,inpe_bdq_legacy,False
2304202,Crato,CE,2016,1,0.0,0.0,,,,,True,inpe_bdq_legacy,False
2304202,Crato,CE,2016,2,0.0,0.0,,,,,True,inpe_bdq_legacy,False
2304202,Crato,CE,2016,3,0.0,0.0,,,,,True,inpe_bdq_legacy,False
2304202,Crato,CE,2016,4,0.0,0.0,,,,,True,inpe_bdq_legacy,False
2304202,Crato,CE,2016,5,0.0,0.0,,,,,True,inpe_bdq_legacy,False
2304202,Crato,CE,2016,6,0.0,0.0,,,,,True,inpe_bdq_legacy,False
2304202,Crato,CE,2016,7,0.0,0.0,,,,,True,inpe_bdq_legacy,False
2304202,Crato,CE,2016,8,4.0,98.8,24.7,34.5,1.0,22.75,False,inpe_bdq_legacy,False
2304202,Crato,CE,2016,9,5.0,243.3,48.660000000000004,88.7,1.0,35.8,False,inpe_bdq_legacy,False
2304202,Crato,CE,2016,10,20.0,1180.2,59.010000000000005,267.0,1.0,44.65,False,inpe_bdq_legacy,False
2304202,Crato,CE,2016,11,15.0,735.6,49.04,115.0,1.0,56.13333333333333,False,inpe_bdq_legacy,False
2304202,Crato,CE,2016,12,0.0,0.0,,,,,True,inpe_bdq_legacy,False
2304202,Crato,CE,2017,1,1.0,14.3,14.3,14.3,0.9,0.0,False,inpe_bdq_legacy,False
2304202,Crato,CE,2017,2,0.0,0.0,,,,,True,inpe_bdq_legacy,False
2304202,Crato,CE,2017,3,0.0,0.0,,,,,True,inpe_bdq_legacy,False
2304202,Crato,CE,2017,4,0.0,0.0,,,,,True,inpe_bdq_legacy,False
2304202,Crato,CE,2017,5,0.0,0.0,,,,,True,inpe_bdq_legacy,False
2304202,Crato,CE,2017,6,0.0,0.0,,,,,True,inpe_bdq_legacy,False
2304202,Crato,CE,2017,7,0.0,0.0,,,,,True,inpe_bdq_legacy,False
2304202,Crato,CE,2017,8,0.0,0.0,,,,,True,inpe_bdq_legacy,False
2304202,Crato,CE,2017,9,6.0,621.1,103.51666666666667,175.2,1.0,0.0,False,inpe_bdq_legacy,False
2304202,Crato,CE,2017,10,9.0,706.9,78.54444444444444,185.9,1.0,0.0,False,inpe_bdq_legacy,False
2304202,Crato,CE,2017,11,3.0,90.5,30.166666666666668,61.4,1.0,0.0,False,inpe_bdq_legacy,False
2304202,Crato,CE,2017,12,4.0,126.7,31.675,39.9,0.95,0.0,False,inpe_bdq_legacy,False
2304202,Crato,CE,2018,1,0.0,0.0,,,,,True,inpe_bdq_legacy,False
2304202,Crato,CE,2018,2,0.0,0.0,,,,,True,inpe_bdq_legacy,False
2304202,Crato,CE,2018,3,0.0,0.0,,,,,True,inpe_bdq_legacy,False
2304202,Crato,CE,2018,4,0.0,0.0,,,,,True,inpe_bdq_legacy,False
2304202,Crato,CE,2018,5,0.0,0.0,,,,,True,inpe_bdq_legacy,False
2304202,Crato,CE,2018,6,0.0,0.0,,,,,True,inpe_bdq_legacy,False
2304202,Crato,CE,2018,7,0.0,0.0,,,,,True,inpe_bdq_legacy,False
2304202,Crato,CE,2018,8,1.0,18.7,18.7,18.7,1.0,85.0,False,inpe_bdq_legacy,False
2304202,Crato,CE,2018,9,4.0,149.5,37.375,73.1,1.0,85.0,False,inpe_bdq_legacy,False
2304202,Crato,CE,2018,10,6.0,903.4000000000001,150.5666666666667,637.4,1.0,30.0,False,inpe_bdq_legacy,False
2304202,Crato,CE,2018,11,8.0,383.5,47.9375,92.0,1.0,13.5,False,inpe_bdq_legacy,False
2304202,Crato,CE,2018,12,5.0,158.9,31.78,52.1,0.9199999999999999,3.8,False,inpe_bdq_legacy,False
2304202,Crato,CE,2019,1,0.0,0.0,,,,,True,inpe_bdq_legacy,False
2304202,Crato,CE,2019,2,1.0,12.0,12.0,12.0,1.0,7.0,False,inpe_bdq_legacy,False
2304202,Crato,CE,2019,3,0.0,0.0,,,,,True,inpe_bdq_legacy,False
2304202,Crato,CE,2019,4,0.0,0.0,,,,,True,inpe_bdq_legacy,False
2304202,Crato,CE,2019,5,0.0,0.0,,,,,True,inpe_bdq_legacy,False
2304202,Crato,CE,2019,6,0.0,0.0,,,,,True,inpe_bdq_legacy,False
2304202,Crato,CE,2019,7,0.0,0.0,,,,,True,inpe_bdq_legacy,False
2304202,Crato,CE,2019,8,1.0,10.7,10.7,10.7,1.0,68.0,False,inpe_bdq_legacy,False
2304202,Crato,CE,2019,9,0.0,0.0,,,,,True,inpe_bdq_legacy,False
2304202,Crato,CE,2019,10,9.0,173.8,19.311111111111114,45.0,1.0,47.333333333333336,False,inpe_bdq_legacy,False
2304202,Crato,CE,2019,11,11.0,631.5,57.40909090909091,171.1,0.9454545454545454,23.818181818181817,False,inpe_bdq_legacy,False
2304202,Crato,CE,2019,12,6.0,188.2,31.366666666666664,62.3,0.75,6.166666666666667,False,inpe_bdq_legacy,False
2304202,Crato,CE,2020,1,0.0,0.0,,,,,True,inpe_bdq_legacy,False
2304202,Crato,CE,2020,2,0.0,0.0,,,,,True,inpe_bdq_legacy,False
2304202,Crato,CE,2020,3,0.0,0.0,,,,,True,inpe_bdq_legacy,False
2304202,Crato,CE,2020,4,0.0,0.0,,,,,True,inpe_bdq_legacy,False
2304202,Crato,CE,2020,5,0.0,0.0,,,,,True,inpe_bdq_legacy,False
2304202,Crato,CE,2020,6,0.0,0.0,,,,,True,inpe_bdq_legacy,False
2304202,Crato,CE,2020,7,0.0,0.0,,,,,True,inpe_bdq_legacy,False
2304202,Crato,CE,2020,8,2.0,52.7,26.35,40.7,1.0,38.5,False,inpe_bdq_legacy,False
2304202,Crato,CE,2020,9,5.0,108.5,21.7,29.9,1.0,76.0,False,inpe_bdq_legacy,False
2304202,Crato,CE,2020,10,15.0,1553.2,103.54666666666667,455.6,1.0,34.13333333333333,False,inpe_bdq_legacy,False
2304202,Crato,CE,2020,11,6.0,255.5,42.583333333333336,123.7,0.8716666666666667,3.3333333333333335,False,inpe_bdq_legacy,False
2304202,Crato,CE,2020,12,4.0,75.0,18.75,24.0,1.0,3.75,False,inpe_bdq_legacy,False
2304202,Crato,CE,2021,1,0.0,0.0,,,,,True,inpe_bdq_legacy,False
2304202,Crato,CE,2021,2,1.0,105.3,105.3,105.3,1.0,5.0,False,inpe_bdq_legacy,False
2304202,Crato,CE,2021,3,0.0,0.0,,,,,True,inpe_bdq_legacy,False
2304202,Crato,CE,2021,4,0.0,0.0,,,,,True,inpe_bdq_legacy,False
2304202,Crato,CE,2021,5,0.0,0.0,,,,,True,inpe_bdq_legacy,False
2304202,Crato,CE,2021,6,0.0,0.0,,,,,True,inpe_bdq_legacy,False
2304202,Crato,CE,2021,7,0.0,0.0,,,,,True,inpe_bdq_legacy,False
2304202,Crato,CE,2021,8,0.0,0.0,,,,,True,inpe_bdq_legacy,False
2304202,Crato,CE,2021,9,11.0,719.9,65.44545454545454,341.7,1.0,37.63636363636363,False,inpe_bdq_legacy,False
2304202,Crato,CE,2021,10,5.0,280.0,56.0,104.5,1.0,12.8,False,inpe_bdq_legacy,False
2304202,Crato,CE,2021,11,5.0,87.3,17.46,27.9,0.76,4.0,False,inpe_bdq_legacy,False
2304202,Crato,CE,2021,12,2.0,32.0,16.0,18.7,0.1,0.5,False,inpe_bdq_legacy,False
2304202,Crato,CE,2022,1,0.0,0.0,,,,,True,inpe_bdq_legacy,False
2304202,Crato,CE,2022,2,0.0,0.0,,,,,True,inpe_bdq_legacy,False
2304202,Crato,CE,2022,3,0.0,0.0,,,,,True,inpe_bdq_legacy,False
2304202,Crato,CE,2022,4,0.0,0.0,,,,,True,inpe_bdq_legacy,False
2304202,Crato,CE,2022,5,0.0,0.0,,,,,True,inpe_bdq_legacy,False
2304202,Crato,CE,2022,6,0.0,0.0,,,,,True,inpe_bdq_legacy,False
2304202,Crato,CE,2022,7,0.0,0.0,,,,,True,inpe_bdq_legacy,False
2304202,Crato,CE,2022,8,4.0,55.5,13.875,21.9,1.0,34.25,False,inpe_bdq_legacy,False
2304202,Crato,CE,2022,9,2.0,175.10000000000002,87.55000000000001,137.4,1.0,66.5,False,inpe_bdq_legacy,False
2304202,Crato,CE,2022,10,5.0,203.8,40.760000000000005,90.0,1.0,6.2,False,inpe_bdq_legacy,False
2304202,Crato,CE,2022,11,8.0,179.9,22.4875,88.9,0.37625000000000003,3.625,False,inpe_bdq_legacy,False
2304202,Crato,CE,2022,12,2.0,24.9,12.45,17.0,0.71,5.5,False,inpe_bdq_legacy,False
2304202,Crato,CE,2023,1,0.0,0.0,,,,,True,inpe_bdq_legacy,False
2304202,Crato,CE,2023,2,1.0,13.7,13.7,13.7,0.01,0.0,False,inpe_bdq_legacy,False
2304202,Crato,CE,2023,3,1.0,22.1,22.1,22.1,0.03,3.0,False,inpe_bdq_legacy,False
2304202,Crato,CE,2023,4,0.0,0.0,,,,,True,inpe_bdq_legacy,False
2304202,Crato,CE,2023,5,0.0,0.0,,,,,True,inpe_bdq_legacy,False
2304202,Crato,CE,2023,6,0.0,0.0,,,,,True,inpe_bdq_legacy,False
2304202,Crato,CE,2023,7,0.0,0.0,,,,,True,inpe_bdq_legacy,False
2304202,Crato,CE,2023,8,0.0,0.0,,,,,True,inpe_bdq_legacy,False
2304202,Crato,CE,2023,9,7.0,164.5,23.5,78.0,1.0,16.0,False,inpe_bdq_legacy,False
2304202,Crato,CE,2023,10,13.0,1119.6,86.12307692307692,352.5,1.0,36.0,False,inpe_bdq_legacy,False
2304202,Crato,CE,2023,11,9.0,706.0,78.44444444444444,307.9,1.0,18.555555555555557,False,inpe_bdq_legacy,False
2304202,Crato,CE,2023,12,1.0,13.2,13.2,13.2,1.0,3.0,False,inpe_bdq_legacy,False
2304202,Crato,CE,2024,1,0.0,0.0,,,,,True,inpe_bdq_legacy,False
2304202,Crato,CE,2024,2,0.0,0.0,,,,,True,inpe_bdq_legacy,False
2304202,Crato,CE,2024,3,0.0,0.0,,,,,True,inpe_bdq_legacy,False
2304202,Crato,CE,2024,4,0.0,0.0,,,,,True,inpe_bdq_legacy,False
2304202,Crato,CE,2024,5,0.0,0.0,,,,,True,inpe_bdq_legacy,False
2304202,Crato,CE,2024,6,0.0,0.0,,,,,True,inpe_bdq_legacy,False
2304202,Crato,CE,2024,7,0.0,0.0,,,,,True,inpe_bdq_legacy,False
2304202,Crato,CE,2024,8,,0.0,,,,,True,inpe_bdq_legacy,True
2304202,Crato,CE,2024,9,,0.0,,,,,True,inpe_bdq_legacy,True
2304202,Crato,CE,2024,10,,0.0,,,,,True,inpe_bdq_legacy,True
2304202,Crato,CE,2024,11,,0.0,,,,,True,inpe_bdq_legacy,True
2304202,Crato,CE,2024,12,,0.0,,,,,True,inpe_bdq_legacy,True
2304202,Crato,CE,2025,1,0.0,0.0,,,,,True,inpe_bdq_legacy,False
2304202,Crato,CE,2025,2,2.0,45.6,22.8,25.3,0.17500000000000002,1.0,False,inpe_bdq_legacy,False
2304202,Crato,CE,2025,3,0.0,0.0,,,,,True,inpe_bdq_legacy,False
2304202,Crato,CE,2025,4,0.0,0.0,,,,,True,inpe_bdq_legacy,False
2304202,Crato,CE,2025,5,2.0,150.5,75.25,135.8,0.11,7.0,False,inpe_bdq_legacy,False
2304202,Crato,CE,2025,6,0.0,0.0,,,,,True,inpe_bdq_legacy,False
2304202,Crato,CE,2025,7,1.0,14.3,14.3,14.3,0.93,28.0,False,inpe_bdq_legacy,False
2304202,Crato,CE,2025,8,3.0,46.6,15.533333333333333,26.2,1.0,7.333333333333333,False,inpe_bdq_legacy,False
2304202,Crato,CE,2025,9,5.0,129.3,25.860000000000003,35.6,1.0,28.4,False,inpe_bdq_legacy,False
2304202,Crato,CE,2025,10,26.0,1383.2,53.2,264.5,0.961923076923077,19.73076923076923,False,inpe_bdq_legacy,False
2304202,Crato,CE,2025,11,17.0,911.5999999999999,53.6235294117647,321.4,-57.830588235294115,13.647058823529411,False,inpe_bdq_legacy,False
2304202,Crato,CE,2025,12,17.0,805.8,47.4,240.6,0.9988235294117648,4.470588235294118,False,inpe_bdq_legacy,False
2304202,Crato,CE,2026,1,3.0,96.2,32.06666666666667,64.5,1.0,4.0,False,inpe_bdq_legacy,False
2304301,Farias Brito,CE,2025,1,1.0,13.7,13.7,13.7,1.0,5.0,False,inpe_bdq_aqua_ref,False
2304301,Farias Brito,CE,2025,2,0.0,0.0,,,,,True,inpe_bdq_aqua_ref,False
2304301,Farias Brito,CE,2025,3,0.0,0.0,,,,,True,inpe_bdq_aqua_ref,False
2304301,Farias Brito,CE,2025,4,0.0,0.0,,,,,True,inpe_bdq_aqua_ref,False
2304301,Farias Brito,CE,2025,5,0.0,0.0,,,,,True,inpe_bdq_aqua_ref,False
2304301,Farias Brito,CE,2025,6,0.0,0.0,,,,,True,inpe_bdq_aqua_ref,False
2304301,Farias Brito,CE,2025,7,0.0,0.0,,,,,True,inpe_bdq_aqua_ref,False
2304301,Farias Brito,CE,2025,8,0.0,0.0,,,,,True,inpe_bdq_aqua_ref,False
2304301,Farias Brito,CE,2025,9,2.0,45.1,22.55,22.6,1.0,43.5,False,inpe_bdq_aqua_ref,False
2304301,Farias Brito,CE,2025,10,1.0,11.0,11.0,11.0,1.0,8.0,False,inpe_bdq_aqua_ref,False
2304400,Fortaleza,CE,2003,1,0.0,0.0,,,,,True,inpe_bdq_aqua_ref,False
2304400,Fortaleza,CE,2003,2,0.0,0.0,,,,,True,inpe_bdq_aqua_ref,False
2304400,Fortaleza,CE,2003,3,0.0,0.0,,,,,True,inpe_bdq_aqua_ref,False
2304400,Fortaleza,CE,2003,4,0.0,0.0,,,,,True,inpe_bdq_aqua_ref,False
2304400,Fortaleza,CE,2003,5,0.0,0.0,,,,,True,inpe_bdq_aqua_ref,False
2304400,Fortaleza,CE,2003,6,0.0,0.0,,,,,True,inpe_bdq_aqua_ref,False
2304400,Fortaleza,CE,2003,7,0.0,0.0,,,,,True,inpe_bdq_aqua_ref,False
2304400,Fortaleza,CE,2003,8,0.0,0.0,,,,,True,inpe_bdq_aqua_ref,False
2304400,Fortaleza,CE,2003,9,1.0,16.1,16.1,16.1,,,False,inpe_bdq_aqua_ref,False
2304400,Fortaleza,CE,2003,10,1.0,21.3,21.3,21.3,,,False,inpe_bdq_aqua_ref,False
2304400,Fortaleza,CE,2003,11,0.0,0.0,,,,,True,inpe_bdq_aqua_ref,False
2304400,Fortaleza,CE,2003,12,2.0,45.9,22.95,28.5,,,False,inpe_bdq_aqua_ref,False
2304400,Fortaleza,CE,2004,1,0.0,0.0,,,,,True,inpe_bdq_aqua_ref,False
2304400,Fortaleza,CE,2004,2,1.0,14.7,14.7,14.7,,,False,inpe_bdq_aqua_ref,False
2304400,Fortaleza,CE,2004,3,0.0,0.0,,,,,True,inpe_bdq_aqua_ref,False
2304400,Fortaleza,CE,2004,4,0.0,0.0,,,,,True,inpe_bdq_aqua_ref,False
2304400,Fortaleza,CE,2004,5,0.0,0.0,,,,,True,inpe_bdq_aqua_ref,False
2304400,Fortaleza,CE,2004,6,0.0,0.0,,,,,True,inpe_bdq_aqua_ref,False
2304400,Fortaleza,CE,2004,7,0.0,0.0,,,,,True,inpe_bdq_aqua_ref,False
2304400,Fortaleza,CE,2004,8,0.0,0.0,,,,,True,inpe_bdq_aqua_ref,False
2304400,Fortaleza,CE,2004,9,0.0,0.0,,,,,True,inpe_bdq_aqua_ref,False
2304400,Fortaleza,CE,2004,10,3.0,193.2,64.39999999999999,90.8,,,False,inpe_bdq_aqua_ref,False
2304400,Fortaleza,CE,2004,11,3.0,201.6,67.2,99.7,,,False,inpe_bdq_aqua_ref,False
2304400,Fortaleza,CE,2004,12,0.0,0.0,,,,,True,inpe_bdq_aqua_ref,False
2304400,Fortaleza,CE,2005,1,0.0,0.0,,,,,True,inpe_bdq_aqua_ref,False
2304400,Fortaleza,CE,2005,2,0.0,0.0,,,,,True,inpe_bdq_aqua_ref,False
2304400,Fortaleza,CE,2005,3,0.0,0.0,,,,,True,inpe_bdq_aqua_ref,False
2304400,Fortaleza,CE,2005,4,0.0,0.0,,,,,True,inpe_bdq_aqua_ref,False
2304400,Fortaleza,CE,2005,5,0.0,0.0,,,,,True,inpe_bdq_aqua_ref,False
2304400,Fortaleza,CE,2005,6,0.0,0.0,,,,,True,inpe_bdq_aqua_ref,False
2304400,Fortaleza,CE,2005,7,1.0,8.0,8.0,8.0,,,False,inpe_bdq_aqua_ref,False
2304400,Fortaleza,CE,2005,8,0.0,0.0,,,,,True,inpe_bdq_aqua_ref,False
2304400,Fortaleza,CE,2005,9,0.0,0.0,,,,,True,inpe_bdq_aqua_ref,False
2304400,Fortaleza,CE,2005,10,0.0,0.0,,,,,True,inpe_bdq_aqua_ref,False
2304400,Fortaleza,CE,2005,11,2.0,228.6,114.3,218.9,,,False,inpe_bdq_aqua_ref,False
2304400,Fortaleza,CE,2005,12,0.0,0.0,,,,,True,inpe_bdq_aqua_ref,False
2304400,Fortaleza,CE,2006,1,1.0,13.0,13.0,13.0,,,False,inpe_bdq_aqua_ref,False
2304400,Fortaleza,CE,2006,2,0.0,0.0,,,,,True,inpe_bdq_aqua_ref,False
2304400,Fortaleza,CE,2006,3,0.0,0.0,,,,,True,inpe_bdq_aqua_ref,False
2304400,Fortaleza,CE,2006,4,0.0,0.0,,,,,True,inpe_bdq_aqua_ref,False
2304400,Fortaleza,CE,2006,5,0.0,0.0,,,,,True,inpe_bdq_aqua_ref,False
2304400,Fortaleza,CE,2006,6,0.0,0.0,,,,,True,inpe_bdq_aqua_ref,False
2304400,Fortaleza,CE,2006,7,0.0,0.0,,,,,True,inpe_bdq_aqua_ref,False
2304400,Fortaleza,CE,2006,8,0.0,0.0,,,,,True,inpe_bdq_aqua_ref,False
2304400,Fortaleza,CE,2006,9,0.0,0.0,,,,,True,inpe_bdq_aqua_ref,False
2304400,Fortaleza,CE,2006,10,0.0,0.0,,,,,True,inpe_bdq_aqua_ref,False
2304400,Fortaleza,CE,2006,11,1.0,12.4,12.4,12.4,,,False,inpe_bdq_aqua_ref,False
2304400,Fortaleza,CE,2006,12,0.0,0.0,,,,,True,inpe_bdq_aqua_ref,False
2304400,Fortaleza,CE,2007,1,0.0,0.0,,,,,True,inpe_bdq_aqua_ref,False
2304400,Fortaleza,CE,2007,2,0.0,0.0,,,,,True,inpe_bdq_aqua_ref,False
2304400,Fortaleza,CE,2007,3,0.0,0.0,,,,,True,inpe_bdq_aqua_ref,False
2304400,Fortaleza,CE,2007,4,0.0,0.0,,,,,True,inpe_bdq_aqua_ref,False
2304400,Fortaleza,CE,2007,5,0.0,0.0,,,,,True,inpe_bdq_aqua_ref,False
2304400,Fortaleza,CE,2007,6,0.0,0.0,,,,,True,inpe_bdq_aqua_ref,False
2304400,Fortaleza,CE,2007,7,0.0,0.0,,,,,True,inpe_bdq_aqua_ref,False
2304400,Fortaleza,CE,2007,8,2.0,40.599999999999994,20.299999999999997,24.2,,,False,inpe_bdq_aqua_ref,False
2304400,Fortaleza,CE,2007,9,0.0,0.0,,,,,True,inpe_bdq_aqua_ref,False
2304400,Fortaleza,CE,2007,10,0.0,0.0,,,,,True,inpe_bdq_aqua_ref,False
2304400,Fortaleza,CE,2007,11,0.0,0.0,,,,,True,inpe_bdq_aqua_ref,False
2304400,Fortaleza,CE,2007,12,0.0,0.0,,,,,True,inpe_bdq_aqua_ref,False
2304400,Fortaleza,CE,2008,1,0.0,0.0,,,,,True,inpe_bdq_aqua_ref,False
2304400,Fortaleza,CE,2008,2,0.0,0.0,,,,,True,inpe_bdq_aqua_ref,False
2304400,Fortaleza,CE,2008,3,0.0,0.0,,,,,True,inpe_bdq_aqua_ref,False
2304400,Fortaleza,CE,2008,4,0.0,0.0,,,,,True,inpe_bdq_aqua_ref,False
2304400,Fortaleza,CE,2008,5,0.0,0.0,,,,,True,inpe_bdq_aqua_ref,False
2304400,Fortaleza,CE,2008,6,0.0,0.0,,,,,True,inpe_bdq_aqua_ref,False
2304400,Fortaleza,CE,2008,7,0.0,0.0,,,,,True,inpe_bdq_aqua_ref,False
2304400,Fortaleza,CE,2008,8,0.0,0.0,,,,,True,inpe_bdq_aqua_ref,False
2304400,Fortaleza,CE,2008,9,1.0,6.5,6.5,6.5,,,False,inpe_bdq_aqua_ref,False
2304400,Fortaleza,CE,2008,10,1.0,67.9,67.9,67.9,,,False,inpe_bdq_aqua_ref,False
2304400,Fortaleza,CE,2008,11,0.0,0.0,,,,,True,inpe_bdq_aqua_ref,False
2304400,Fortaleza,CE,2008,12,0.0,0.0,,,,,True,inpe_bdq_aqua_ref,False
2304400,Fortaleza,CE,2009,1,0.0,0.0,,,,,True,inpe_bdq_aqua_ref,False
2304400,Fortaleza,CE,2009,2,0.0,0.0,,,,,True,inpe_bdq_aqua_ref,False
2304400,Fortaleza,CE,2009,3,0.0,0.0,,,,,True,inpe_bdq_aqua_ref,False
2304400,Fortaleza,CE,2009,4,0.0,0.0,,,,,True,inpe_bdq_aqua_ref,False
2304400,Fortaleza,CE,2009,5,0.0,0.0,,,,,True,inpe_bdq_aqua_ref,False
2304400,Fortaleza,CE,2009,6,0.0,0.0,,,,,True,inpe_bdq_aqua_ref,False
2304400,Fortaleza,CE,2009,7,0.0,0.0,,,,,True,inpe_bdq_aqua_ref,False
2304400,Fortaleza,CE,2009,8,0.0,0.0,,,,,True,inpe_bdq_aqua_ref,False
2304400,Fortaleza,CE,2009,9,0.0,0.0,,,,,True,inpe_bdq_aqua_ref,False
2304400,Fortaleza,CE,2009,10,1.0,8.4,8.4,8.4,,,False,inpe_bdq_aqua_ref,False
2304400,Fortaleza,CE,2009,11,4.0,31.9,7.975,10.0,,,False,inpe_bdq_aqua_ref,False
2304400,Fortaleza,CE,2009,12,1.0,9.3,9.3,9.3,,,False,inpe_bdq_aqua_ref,False
2304400,Fortaleza,CE,2010,1,0.0,0.0,,,,,True,inpe_bdq_aqua_ref,False
2304400,Fortaleza,CE,2010,2,1.0,12.1,12.1,12.1,,,False,inpe_bdq_aqua_ref,False
2304400,Fortaleza,CE,2010,3,0.0,0.0,,,,,True,inpe_bdq_aqua_ref,False
2304400,Fortaleza,CE,2010,4,0.0,0.0,,,,,True,inpe_bdq_aqua_ref,False
2304400,Fortaleza,CE,2010,5,0.0,0.0,,,,,True,inpe_bdq_aqua_ref,False
2304400,Fortaleza,CE,2010,6,0.0,0.0,,,,,True,inpe_bdq_aqua_ref,False
2304400,Fortaleza,CE,2010,7,0.0,0.0,,,,,True,inpe_bdq_aqua_ref,False
2304400,Fortaleza,CE,2010,8,0.0,0.0,,,,,True,inpe_bdq_aqua_ref,False
2304400,Fortaleza,CE,2010,9,2.0,95.69999999999999,47.849999999999994,52.8,,,False,inpe_bdq_aqua_ref,False
2304400,Fortaleza,CE,2010,10,0.0,0.0,,,,,True,inpe_bdq_aqua_ref,False
2304400,Fortaleza,CE,2010,11,0.0,0.0,,,,,True,inpe_bdq_aqua_ref,False
2304400,Fortaleza,CE,2010,12,0.0,0.0,,,,,True,inpe_bdq_aqua_ref,False
2304400,Fortaleza,CE,2011,1,1.0,10.4,10.4,10.4,,,False,inpe_bdq_aqua_ref,False
2304400,Fortaleza,CE,2011,2,0.0,0.0,,,,,True,inpe_bdq_aqua_ref,False
2304400,Fortaleza,CE,2011,3,0.0,0.0,,,,,True,inpe_bdq_aqua_ref,False
2304400,Fortaleza,CE,2011,4,0.0,0.0,,,,,True,inpe_bdq_aqua_ref,False
2304400,Fortaleza,CE,2011,5,0.0,0.0,,,,,True,inpe_bdq_aqua_ref,False
2304400,Fortaleza,CE,2011,6,0.0,0.0,,,,,True,inpe_bdq_aqua_ref,False
2304400,Fortaleza,CE,2011,7,0.0,0.0,,,,,True,inpe_bdq_aqua_ref,False
2304400,Fortaleza,CE,2011,8,0.0,0.0,,,,,True,inpe_bdq_aqua_ref,False
2304400,Fortaleza,CE,2011,9,0.0,0.0,,,,,True,inpe_bdq_aqua_ref,False
2304400,Fortaleza,CE,2011,10,0.0,0.0,,,,,True,inpe_bdq_aqua_ref,False
2304400,Fortaleza,CE,2011,11,1.0,14.8,14.8,14.8,,,False,inpe_bdq_aqua_ref,False
2304400,Fortaleza,CE,2011,12,1.0,11.4,11.4,11.4,,,False,inpe_bdq_aqua_ref,False
2304400,Fortaleza,CE,2012,1,0.0,0.0,,,,,True,inpe_bdq_aqua_ref,False
2304400,Fortaleza,CE,2012,2,0.0,0.0,,,,,True,inpe_bdq_aqua_ref,False
2304400,Fortaleza,CE,2012,3,0.0,0.0,,,,,True,inpe_bdq_aqua_ref,False
2304400,Fortaleza,CE,2012,4,0.0,0.0,,,,,True,inpe_bdq_aqua_ref,False
2304400,Fortaleza,CE,2012,5,0.0,0.0,,,,,True,inpe_bdq_aqua_ref,False
2304400,Fortaleza,CE,2012,6,0.0,0.0,,,,,True,inpe_bdq_aqua_ref,False
2304400,Fortaleza,CE,2012,7,0.0,0.0,,,,,True,inpe_bdq_aqua_ref,False
2304400,Fortaleza,CE,2012,8,1.0,18.7,18.7,18.7,,,False,inpe_bdq_aqua_ref,False
2304400,Fortaleza,CE,2012,9,0.0,0.0,,,,,True,inpe_bdq_aqua_ref,False
2304400,Fortaleza,CE,2012,10,1.0,15.5,15.5,15.5,,,False,inpe_bdq_aqua_ref,False
2304400,Fortaleza,CE,2012,11,1.0,20.8,20.8,20.8,,,False,inpe_bdq_aqua_ref,False
2304400,Fortaleza,CE,2012,12,0.0,0.0,,,,,True,inpe_bdq_aqua_ref,False
2304400,Fortaleza,CE,2013,1,0.0,0.0,,,,,True,inpe_bdq_aqua_ref,False
2304400,Fortaleza,CE,2013,2,0.0,0.0,,,,,True,inpe_bdq_aqua_ref,False
2304400,Fortaleza,CE,2013,3,0.0,0.0,,,,,True,inpe_bdq_aqua_ref,False
2304400,Fortaleza,CE,2013,4,0.0,0.0,,,,,True,inpe_bdq_aqua_ref,False
2304400,Fortaleza,CE,2013,5,0.0,0.0,,,,,True,inpe_bdq_aqua_ref,False
2304400,Fortaleza,CE,2013,6,0.0,0.0,,,,,True,inpe_bdq_aqua_ref,False
2304400,Fortaleza,CE,2013,7,0.0,0.0,,,,,True,inpe_bdq_aqua_ref,False
2304400,Fortaleza,CE,2013,8,0.0,0.0,,,,,True,inpe_bdq_aqua_ref,False
2304400,Fortaleza,CE,2013,9,1.0,27.1,27.1,27.1,,,False,inpe_bdq_aqua_ref,False
2304400,Fortaleza,CE,2013,10,0.0,0.0,,,,,True,inpe_bdq_aqua_ref,False
2304400,Fortaleza,CE,2013,11,0.0,0.0,,,,,True,inpe_bdq_aqua_ref,False
2304400,Fortaleza,CE,2013,12,0.0,0.0,,,,,True,inpe_bdq_aqua_ref,False
2304400,Fortaleza,CE,2014,1,0.0,0.0,,,,,True,inpe_bdq_aqua_ref,False
2304400,Fortaleza,CE,2014,2,0.0,0.0,,,,,True,inpe_bdq_aqua_ref,False
2304400,Fortaleza,CE,2014,3,0.0,0.0,,,,,True,inpe_bdq_aqua_ref,False
2304400,Fortaleza,CE,2014,4,0.0,0.0,,,,,True,inpe_bdq_aqua_ref,False
2304400,Fortaleza,CE,2014,5,0.0,0.0,,,,,True,inpe_bdq_aqua_ref,False
2304400,Fortaleza,CE,2014,6,0.0,0.0,,,,,True,inpe_bdq_aqua_ref,False
2304400,Fortaleza,CE,2014,7,0.0,0.0,,,,,True,inpe_bdq_aqua_ref,False
2304400,Fortaleza,CE,2014,8,0.0,0.0,,,,,True,inpe_bdq_aqua_ref,False
2304400,Fortaleza,CE,2014,9,0.0,0.0,,,,,True,inpe_bdq_aqua_ref,False
2304400,Fortaleza,CE,2014,10,4.0,66.19999999999999,16.549999999999997,33.3,-499.0,70.0,False,inpe_bdq_aqua_ref,False
2304400,Fortaleza,CE,2014,11,1.0,35.1,35.1,35.1,1.0,17.0,False,inpe_bdq_aqua_ref,False
2304400,Fortaleza,CE,2014,12,0.0,0.0,,,,,True,inpe_bdq_aqua_ref,False
2304400,Fortaleza,CE,2015,1,0.0,0.0,,,,,True,inpe_bdq_aqua_ref,False
2304400,Fortaleza,CE,2015,2,0.0,0.0,,,,,True,inpe_bdq_aqua_ref,False
2304400,Fortaleza,CE,2015,3,0.0,0.0,,,,,True,inpe_bdq_aqua_ref,False
2304400,Fortaleza,CE,2015,4,0.0,0.0,,,,,True,inpe_bdq_aqua_ref,False
2304400,Fortaleza,CE,2015,5,0.0,0.0,,,,,True,inpe_bdq_aqua_ref,False
2304400,Fortaleza,CE,2015,6,0.0,0.0,,,,,True,inpe_bdq_aqua_ref,False
2304400,Fortaleza,CE,2015,7,0.0,0.0,,,,,True,inpe_bdq_aqua_ref,False
2304400,Fortaleza,CE,2015,8,0.0,0.0,,,,,True,inpe_bdq_aqua_ref,False
2304400,Fortaleza,CE,2015,9,1.0,8.8,8.8,8.8,1.0,-999.0,False,inpe_bdq_aqua_ref,False
2304400,Fortaleza,CE,2015,10,2.0,18.1,9.05,10.0,1.0,18.0,False,inpe_bdq_aqua_ref,False
2304400,Fortaleza,CE,2015,11,2.0,21.5,10.75,11.8,1.0,65.0,False,inpe_bdq_aqua_ref,False
2304400,Fortaleza,CE,2015,12,0.0,0.0,,,,,True,inpe_bdq_aqua_ref,False
2304400,Fortaleza,CE,2016,1,0.0,0.0,,,,,True,inpe_bdq_aqua_ref,False
2304400,Fortaleza,CE,2016,2,0.0,0.0,,,,,True,inpe_bdq_aqua_ref,False
2304400,Fortaleza,CE,2016,3,0.0,0.0,,,,,True,inpe_bdq_aqua_ref,False
2304400,Fortaleza,CE,2016,4,0.0,0.0,,,,,True,inpe_bdq_aqua_ref,False
2304400,Fortaleza,CE,2016,5,0.0,0.0,,,,,True,inpe_bdq_aqua_ref,False
2304400,Fortaleza,CE,2016,6,0.0,0.0,,,,,True,inpe_bdq_aqua_ref,False
2304400,Fortaleza,CE,2016,7,0.0,0.0,,,,,True,inpe_bdq_aqua_ref,False
2304400,Fortaleza,CE,2016,8,3.0,91.3,30.433333333333334,38.3,1.0,22.666666666666668,False,inpe_bdq_aqua_ref,False
2304400,Fortaleza,CE,2016,9,3.0,80.9,26.96666666666667,44.0,-999.0,-649.6666666666666,False,inpe_bdq_aqua_ref,False
2304400,Fortaleza,CE,2016,10,0.0,0.0,,,,,True,inpe_bdq_aqua_ref,False
2304400,Fortaleza,CE,2016,11,1.0,9.2,9.2,9.2,-999.0,28.0,False,inpe_bdq_aqua_ref,False
2304400,Fortaleza,CE,2016,12,0.0,0.0,,,,,True,inpe_bdq_aqua_ref,False
2304400,Fortaleza,CE,2017,1,0.0,0.0,,,,,True,inpe_bdq_aqua_ref,False
2304400,Fortaleza,CE,2017,2,0.0,0.0,,,,,True,inpe_bdq_aqua_ref,False
2304400,Fortaleza,CE,2017,3,0.0,0.0,,,,,True,inpe_bdq_aqua_ref,False
2304400,Fortaleza,CE,2017,4,0.0,0.0,,,,,True,inpe_bdq_aqua_ref,False
2304400,Fortaleza,CE,2017,5,0.0,0.0,,,,,True,inpe_bdq_aqua_ref,False
2304400,Fortaleza,CE,2017,6,0.0,0.0,,,,,True,inpe_bdq_aqua_ref,False
2304400,Fortaleza,CE,2017,7,0.0,0.0,,,,,True,inpe_bdq_aqua_ref,False
2304400,Fortaleza,CE,2017,8,,0.0,,,,,True,inpe_bdq_aqua_ref,True
2304400,Fortaleza,CE,2017,9,,0.0,,,,,True,inpe_bdq_aqua_ref,True
2304400,Fortaleza,CE,2017,10,,0.0,,,,,True,inpe_bdq_aqua_ref,True
2304400,Fortaleza,CE,2017,11,,0.0,,,,,True,inpe_bdq_aqua_ref,True
2304400,Fortaleza,CE,2017,12,,0.0,,,,,True,inpe_bdq_aqua_ref,True
2304400,Fortaleza,CE,2018,1,0.0,0.0,,,,,True,inpe_bdq_aqua_ref,False
2304400,Fortaleza,CE,2018,2,0.0,0.0,,,,,True,inpe_bdq_aqua_ref,False
2304400,Fortaleza,CE,2018,3,0.0,0.0,,,,,True,inpe_bdq_aqua_ref,False
2304400,Fortaleza,CE,2018,4,0.0,0.0,,,,,True,inpe_bdq_aqua_ref,False
2304400,Fortaleza,CE,2018,5,0.0,0.0,,,,,True,inpe_bdq_aqua_ref,False
2304400,Fortaleza,CE,2018,6,0.0,0.0,,,,,True,inpe_bdq_aqua_ref,False
2304400,Fortaleza,CE,2018,7,0.0,0.0,,,,,True,inpe_bdq_aqua_ref,False
2304400,Fortaleza,CE,2018,8,0.0,0.0,,,,,True,inpe_bdq_aqua_ref,False
2304400,Fortaleza,CE,2018,9,1.0,16.6,16.6,16.6,1.0,66.0,False,inpe_bdq_aqua_ref,False
2304400,Fortaleza,CE,2018,10,0.0,0.0,,,,,True,inpe_bdq_aqua_ref,False
2304400,Fortaleza,CE,2018,11,1.0,38.9,38.9,38.9,1.0,11.0,False,inpe_bdq_aqua_ref,False
2304400,Fortaleza,CE,2018,12,0.0,0.0,,,,,True,inpe_bdq_aqua_ref,False
2304400,Fortaleza,CE,2019,1,0.0,0.0,,,,,True,inpe_bdq_aqua_ref,False
2304400,Fortaleza,CE,2019,2,0.0,0.0,,,,,True,inpe_bdq_aqua_ref,False
2304400,Fortaleza,CE,2019,3,0.0,0.0,,,,,True,inpe_bdq_aqua_ref,False
2304400,Fortaleza,CE,2019,4,0.0,0.0,,,,,True,inpe_bdq_aqua_ref,False
2304400,Fortaleza,CE,2019,5,0.0,0.0,,,,,True,inpe_bdq_aqua_ref,False
2304400,Fortaleza,CE,2019,6,0.0,0.0,,,,,True,inpe_bdq_aqua_ref,False
2304400,Fortaleza,CE,2019,7,0.0,0.0,,,,,True,inpe_bdq_aqua_ref,False
2304400,Fortaleza,CE,2019,8,0.0,0.0,,,,,True,inpe_bdq_aqua_ref,False
2304400,Fortaleza,CE,2019,9,0.0,0.0,,,,,True,inpe_bdq_aqua_ref,False
2304400,Fortaleza,CE,2019,10,0.0,0.0,,,,,True,inpe_bdq_aqua_ref,False
2304400,Fortaleza,CE,2019,11,2.0,76.5,38.25,42.5,-499.0,120.0,False,inpe_bdq_aqua_ref,False
2304400,Fortaleza,CE,2019,12,0.0,0.0,,,,,True,inpe_bdq_aqua_ref,False
2304400,Fortaleza,CE,2020,1,0.0,0.0,,,,,True,inpe_bdq_aqua_ref,False
2304400,Fortaleza,CE,2020,2,0.0,0.0,,,,,True,inpe_bdq_aqua_ref,False
2304400,Fortaleza,CE,2020,3,0.0,0.0,,,,,True,inpe_bdq_aqua_ref,False
2304400,Fortaleza,CE,2020,4,0.0,0.0,,,,,True,inpe_bdq_aqua_ref,False
2304400,Fortaleza,CE,2020,5,0.0,0.0,,,,,True,inpe_bdq_aqua_ref,False
2304400,Fortaleza,CE,2020,6,0.0,0.0,,,,,True,inpe_bdq_aqua_ref,False
2304400,Fortaleza,CE,2020,7,0.0,0.0,,,,,True,inpe_bdq_aqua_ref,False
2304400,Fortaleza,CE,2020,8,0.0,0.0,,,,,True,inpe_bdq_aqua_ref,False
2304400,Fortaleza,CE,2020,9,4.0,109.2,27.3,30.8,-999.0,-477.0,False,inpe_bdq_aqua_ref,False
2304400,Fortaleza,CE,2020,10,1.0,12.0,12.0,12.0,-999.0,-999.0,False,inpe_bdq_aqua_ref,False
2304400,Fortaleza,CE,2020,11,0.0,0.0,,,,,True,inpe_bdq_aqua_ref,False
2304400,Fortaleza,CE,2020,12,0.0,0.0,,,,,True,inpe_bdq_aqua_ref,False
2304400,Fortaleza,CE,2021,1,0.0,0.0,,,,,True,inpe_bdq_aqua_ref,False
2304400,Fortaleza,CE,2021,2,0.0,0.0,,,,,True,inpe_bdq_aqua_ref,False
2304400,Fortaleza,CE,2021,3,0.0,0.0,,,,,True,inpe_bdq_aqua_ref,False
2304400,Fortaleza,CE,2021,4,0.0,0.0,,,,,True,inpe_bdq_aqua_ref,False
2304400,Fortaleza,CE,2021,5,0.0,0.0,,,,,True,inpe_bdq_aqua_ref,False
2304400,Fortaleza,CE,2021,6,0.0,0.0,,,,,True,inpe_bdq_aqua_ref,False
2304400,Fortaleza,CE,2021,7,0.0,0.0,,,,,True,inpe_bdq_aqua_ref,False
2304400,Fortaleza,CE,2021,8,0.0,0.0,,,,,True,inpe_bdq_aqua_ref,False
2304400,Fortaleza,CE,2021,9,0.0,0.0,,,,,True,inpe_bdq_aqua_ref,False
2304400,Fortaleza,CE,2021,10,1.0,25.0,25.0,25.0,-999.0,90.0,False,inpe_bdq_aqua_ref,False
2304400,Fortaleza,CE,2021,11,1.0,6.3,6.3,6.3,-999.0,13.0,False,inpe_bdq_aqua_ref,False
2304400,Fortaleza,CE,2021,12,1.0,9.9,9.9,9.9,-999.0,27.0,False,inpe_bdq_aqua_ref,False
2304400,Fortaleza,CE,2022,1,0.0,0.0,,,,,True,inpe_bdq_aqua_ref,False
2304400,Fortaleza,CE,2022,2,0.0,0.0,,,,,True,inpe_bdq_aqua_ref,False
2304400,Fortaleza,CE,2022,3,0.0,0.0,,,,,True,inpe_bdq_aqua_ref,False
2304400,Fortaleza,CE,2022,4,0.0,0.0,,,,,True,inpe_bdq_aqua_ref,False
2304400,Fortaleza,CE,2022,5,0.0,0.0,,,,,True,inpe_bdq_aqua_ref,False
2304400,Fortaleza,CE,2022,6,0.0,0.0,,,,,True,inpe_bdq_aqua_ref,False
2304400,Fortaleza,CE,2022,7,0.0,0.0,,,,,True,inpe_bdq_aqua_ref,False
2304400,Fortaleza,CE,2022,8,0.0,0.0,,,,,True,inpe_bdq_aqua_ref,False
2304400,Fortaleza,CE,2022,9,1.0,9.0,9.0,9.0,0.93,-999.0,False,inpe_bdq_aqua_ref,False
2304400,Fortaleza,CE,2022,10,3.0,105.5,35.166666666666664,75.9,-999.0,-641.3333333333334,False,inpe_bdq_aqua_ref,False
2304400,Fortaleza,CE,2022,11,0.0,0.0,,,,,True,inpe_bdq_aqua_ref,False
2304400,Fortaleza,CE,2022,12,0.0,0.0,,,,,True,inpe_bdq_aqua_ref,False
2304400,Fortaleza,CE,2023,1,0.0,0.0,,,,,True,inpe_bdq_aqua_ref,False
2304400,Fortaleza,CE,2023,2,0.0,0.0,,,,,True,inpe_bdq_aqua_ref,False
2304400,Fortaleza,CE,2023,3,0.0,0.0,,,,,True,inpe_bdq_aqua_ref,False
2304400,Fortaleza,CE,2023,4,0.0,0.0,,,,,True,inpe_bdq_aqua_ref,False
2304400,Fortaleza,CE,2023,5,0.0,0.0,,,,,True,inpe_bdq_aqua_ref,False
2304400,Fortaleza,CE,2023,6,0.0,0.0,,,,,True,inpe_bdq_aqua_ref,False
2304400,Fortaleza,CE,2023,7,0.0,0.0,,,,,True,inpe_bdq_aqua_ref,False
2304400,Fortaleza,CE,2023,8,2.0,28.4,14.2,16.2,-499.04,-999.0,False,inpe_bdq_aqua_ref,False
2304400,Fortaleza,CE,2023,9,1.0,8.5,8.5,8.5,1.0,-999.0,False,inpe_bdq_aqua_ref,False
2304400,Fortaleza,CE,2023,10,1.0,16.5,16.5,16.5,-999.0,-999.0,False,inpe_bdq_aqua_ref,False
2304400,Fortaleza,CE,2023,11,0.0,0.0,,,,,True,inpe_bdq_aqua_ref,False
2304400,Fortaleza,CE,2023,12,0.0,0.0,,,,,True,inpe_bdq_aqua_ref,False
2304400,Fortaleza,CE,2024,1,1.0,35.7,35.7,35.7,-999.0,-999.0,False,inpe_bdq_aqua_ref,False
2304400,Fortaleza,CE,2024,2,0.0,0.0,,,,,True,inpe_bdq_aqua_ref,False
2304400,Fortaleza,CE,2024,3,0.0,0.0,,,,,True,inpe_bdq_aqua_ref,False
2304400,Fortaleza,CE,2024,4,0.0,0.0,,,,,True,inpe_bdq_aqua_ref,False
2304400,Fortaleza,CE,2024,5,0.0,0.0,,,,,True,inpe_bdq_aqua_ref,False
2304400,Fortaleza,CE,2024,6,0.0,0.0,,,,,True,inpe_bdq_aqua_ref,False
2304400,Fortaleza,CE,2024,7,0.0,0.0,,,,,True,inpe_bdq_aqua_ref,False
2304400,Fortaleza,CE,2024,8,0.0,0.0,,,,,True,inpe_bdq_aqua_ref,False
2304400,Fortaleza,CE,2024,9,2.0,24.5,12.25,15.1,-999.0,-999.0,False,inpe_bdq_aqua_ref,False
2304400,Fortaleza,CE,2024,10,1.0,7.1,7.1,7.1,-999.0,-999.0,False,inpe_bdq_aqua_ref,False
2304400,Fortaleza,CE,2024,11,0.0,0.0,,,,,True,inpe_bdq_aqua_ref,False
2304400,Fortaleza,CE,2024,12,0.0,0.0,,,,,True,inpe_bdq_aqua_ref,False
2305100,Guaramiranga,CE,2003,1,0.0,0.0,,,,,True,inpe_bdq_aqua_ref,False
2305100,Guaramiranga,CE,2003,2,0.0,0.0,,,,,True,inpe_bdq_aqua_ref,False
2305100,Guaramiranga,CE,2003,3,0.0,0.0,,,,,True,inpe_bdq_aqua_ref,False
2305100,Guaramiranga,CE,2003,4,0.0,0.0,,,,,True,inpe_bdq_aqua_ref,False
2305100,Guaramiranga,CE,2003,5,0.0,0.0,,,,,True,inpe_bdq_aqua_ref,False
2305100,Guaramiranga,CE,2003,6,0.0,0.0,,,,,True,inpe_bdq_aqua_ref,False
2305100,Guaramiranga,CE,2003,7,0.0,0.0,,,,,True,inpe_bdq_aqua_ref,False
2305100,Guaramiranga,CE,2003,8,0.0,0.0,,,,,True,inpe_bdq_aqua_ref,False
2305100,Guaramiranga,CE,2003,9,0.0,0.0,,,,,True,inpe_bdq_aqua_ref,False
2305100,Guaramiranga,CE,2003,10,1.0,35.5,35.5,35.5,,,False,inpe_bdq_aqua_ref,False
2305100,Guaramiranga,CE,2003,11,0.0,0.0,,,,,True,inpe_bdq_aqua_ref,False
2305100,Guaramiranga,CE,2003,12,0.0,0.0,,,,,True,inpe_bdq_aqua_ref,False
2305100,Guaramiranga,CE,2004,1,0.0,0.0,,,,,True,inpe_bdq_aqua_ref,False
2305100,Guaramiranga,CE,2004,2,0.0,0.0,,,,,True,inpe_bdq_aqua_ref,False
2305100,Guaramiranga,CE,2004,3,0.0,0.0,,,,,True,inpe_bdq_aqua_ref,False
2305100,Guaramiranga,CE,2004,4,0.0,0.0,,,,,True,inpe_bdq_aqua_ref,False
2305100,Guaramiranga,CE,2004,5,0.0,0.0,,,,,True,inpe_bdq_aqua_ref,False
2305100,Guaramiranga,CE,2004,6,0.0,0.0,,,,,True,inpe_bdq_aqua_ref,False
2305100,Guaramiranga,CE,2004,7,0.0,0.0,,,,,True,inpe_bdq_aqua_ref,False
2305100,Guaramiranga,CE,2004,8,0.0,0.0,,,,,True,inpe_bdq_aqua_ref,False
2305100,Guaramiranga,CE,2004,9,0.0,0.0,,,,,True,inpe_bdq_aqua_ref,False
2305100,Guaramiranga,CE,2004,10,0.0,0.0,,,,,True,inpe_bdq_aqua_ref,False
2305100,Guaramiranga,CE,2004,11,3.0,182.9,60.96666666666667,104.7,,,False,inpe_bdq_aqua_ref,False
2305100,Guaramiranga,CE,2004,12,0.0,0.0,,,,,True,inpe_bdq_aqua_ref,False
2305100,Guaramiranga,CE,2005,1,0.0,0.0,,,,,True,inpe_bdq_aqua_ref,False
2305100,Guaramiranga,CE,2005,2,0.0,0.0,,,,,True,inpe_bdq_aqua_ref,False
2305100,Guaramiranga,CE,2005,3,0.0,0.0,,,,,True,inpe_bdq_aqua_ref,False
2305100,Guaramiranga,CE,2005,4,0.0,0.0,,,,,True,inpe_bdq_aqua_ref,False
2305100,Guaramiranga,CE,2005,5,0.0,0.0,,,,,True,inpe_bdq_aqua_ref,False
2305100,Guaramiranga,CE,2005,6,0.0,0.0,,,,,True,inpe_bdq_aqua_ref,False
2305100,Guaramiranga,CE,2005,7,0.0,0.0,,,,,True,inpe_bdq_aqua_ref,False
2305100,Guaramiranga,CE,2005,8,,0.0,,,,,True,inpe_bdq_aqua_ref,True
2305100,Guaramiranga,CE,2005,9,,0.0,,,,,True,inpe_bdq_aqua_ref,True
2305100,Guaramiranga,CE,2005,10,,0.0,,,,,True,inpe_bdq_aqua_ref,True
2305100,Guaramiranga,CE,2005,11,,0.0,,,,,True,inpe_bdq_aqua_ref,True
2305100,Guaramiranga,CE,2005,12,,0.0,,,,,True,inpe_bdq_aqua_ref,True
2305100,Guaramiranga,CE,2006,1,0.0,0.0,,,,,True,inpe_bdq_aqua_ref,False
2305100,Guaramiranga,CE,2006,2,0.0,0.0,,,,,True,inpe_bdq_aqua_ref,False
2305100,Guaramiranga,CE,2006,3,0.0,0.0,,,,,True,inpe_bdq_aqua_ref,False
2305100,Guaramiranga,CE,2006,4,0.0,0.0,,,,,True,inpe_bdq_aqua_ref,False
2305100,Guaramiranga,CE,2006,5,0.0,0.0,,,,,True,inpe_bdq_aqua_ref,False
2305100,Guaramiranga,CE,2006,6,0.0,0.0,,,,,True,inpe_bdq_aqua_ref,False
2305100,Guaramiranga,CE,2006,7,0.0,0.0,,,,,True,inpe_bdq_aqua_ref,False
2305100,Guaramiranga,CE,2006,8,0.0,0.0,,,,,True,inpe_bdq_aqua_ref,False
2305100,Guaramiranga,CE,2006,9,0.0,0.0,,,,,True,inpe_bdq_aqua_ref,False
2305100,Guaramiranga,CE,2006,10,0.0,0.0,,,,,True,inpe_bdq_aqua_ref,False
2305100,Guaramiranga,CE,2006,11,1.0,19.0,19.0,19.0,,,False,inpe_bdq_aqua_ref,False
2305100,Guaramiranga,CE,2006,12,0.0,0.0,,,,,True,inpe_bdq_aqua_ref,False
2305100,Guaramiranga,CE,2007,1,0.0,0.0,,,,,True,inpe_bdq_aqua_ref,False
2305100,Guaramiranga,CE,2007,2,0.0,0.0,,,,,True,inpe_bdq_aqua_ref,False
2305100,Guaramiranga,CE,2007,3,0.0,0.0,,,,,True,inpe_bdq_aqua_ref,False
2305100,Guaramiranga,CE,2007,4,0.0,0.0,,,,,True,inpe_bdq_aqua_ref,False
2305100,Guaramiranga,CE,2007,5,0.0,0.0,,,,,True,inpe_bdq_aqua_ref,False
2305100,Guaramiranga,CE,2007,6,0.0,0.0,,,,,True,inpe_bdq_aqua_ref,False
2305100,Guaramiranga,CE,2007,7,0.0,0.0,,,,,True,inpe_bdq_aqua_ref,False
2305100,Guaramiranga,CE,2007,8,0.0,0.0,,,,,True,inpe_bdq_aqua_ref,False
2305100,Guaramiranga,CE,2007,9,0.0,0.0,,,,,True,inpe_bdq_aqua_ref,False
2305100,Guaramiranga,CE,2007,10,0.0,0.0,,,,,True,inpe_bdq_aqua_ref,False
2305100,Guaramiranga,CE,2007,11,1.0,34.9,34.9,34.9,,,False,inpe_bdq_aqua_ref,False
2305100,Guaramiranga,CE,2007,12,0.0,0.0,,,,,True,inpe_bdq_aqua_ref,False
2305100,Guaramiranga,CE,2008,1,0.0,0.0,,,,,True,inpe_bdq_aqua_ref,False
2305100,Guaramiranga,CE,2008,2,0.0,0.0,,,,,True,inpe_bdq_aqua_ref,False
2305100,Guaramiranga,CE,2008,3,0.0,0.0,,,,,True,inpe_bdq_aqua_ref,False
2305100,Guaramiranga,CE,2008,4,0.0,0.0,,,,,True,inpe_bdq_aqua_ref,False
2305100,Guaramiranga,CE,2008,5,0.0,0.0,,,,,True,inpe_bdq_aqua_ref,False
2305100,Guaramiranga,CE,2008,6,0.0,0.0,,,,,True,inpe_bdq_aqua_ref,False
2305100,Guaramiranga,CE,2008,7,0.0,0.0,,,,,True,inpe_bdq_aqua_ref,False
2305100,Guaramiranga,CE,2008,8,0.0,0.0,,,,,True,inpe_bdq_aqua_ref,False
2305100,Guaramiranga,CE,2008,9,0.0,0.0,,,,,True,inpe_bdq_aqua_ref,False
2305100,Guaramiranga,CE,2008,10,0.0,0.0,,,,,True,inpe_bdq_aqua_ref,False
2305100,Guaramiranga,CE,2008,11,0.0,0.0,,,,,True,inpe_bdq_aqua_ref,False
2305100,Guaramiranga,CE,2008,12,0.0,0.0,,,,,True,inpe_bdq_aqua_ref,False
2305100,Guaramiranga,CE,2009,1,0.0,0.0,,,,,True,inpe_bdq_aqua_ref,False
2305100,Guaramiranga,CE,2009,2,0.0,0.0,,,,,True,inpe_bdq_aqua_ref,False
2305100,Guaramiranga,CE,2009,3,0.0,0.0,,,,,True,inpe_bdq_aqua_ref,False
2305100,Guaramiranga,CE,2009,4,0.0,0.0,,,,,True,inpe_bdq_aqua_ref,False
2305100,Guaramiranga,CE,2009,5,0.0,0.0,,,,,True,inpe_bdq_aqua_ref,False
2305100,Guaramiranga,CE,2009,6,0.0,0.0,,,,,True,inpe_bdq_aqua_ref,False
2305100,Guaramiranga,CE,2009,7,0.0,0.0,,,,,True,inpe_bdq_aqua_ref,False
2305100,Guaramiranga,CE,2009,8,0.0,0.0,,,,,True,inpe_bdq_aqua_ref,False
2305100,Guaramiranga,CE,2009,9,0.0,0.0,,,,,True,inpe_bdq_aqua_ref,False
2305100,Guaramiranga,CE,2009,10,0.0,0.0,,,,,True,inpe_bdq_aqua_ref,False
2305100,Guaramiranga,CE,2009,11,0.0,0.0,,,,,True,inpe_bdq_aqua_ref,False
2305100,Guaramiranga,CE,2009,12,0.0,0.0,,,,,True,inpe_bdq_aqua_ref,False
2305100,Guaramiranga,CE,2010,1,0.0,0.0,,,,,True,inpe_bdq_aqua_ref,False
2305100,Guaramiranga,CE,2010,2,0.0,0.0,,,,,True,inpe_bdq_aqua_ref,False
2305100,Guaramiranga,CE,2010,3,0.0,0.0,,,,,True,inpe_bdq_aqua_ref,False
2305100,Guaramiranga,CE,2010,4,0.0,0.0,,,,,True,inpe_bdq_aqua_ref,False
2305100,Guaramiranga,CE,2010,5,0.0,0.0,,,,,True,inpe_bdq_aqua_ref,False
2305100,Guaramiranga,CE,2010,6,0.0,0.0,,,,,True,inpe_bdq_aqua_ref,False
2305100,Guaramiranga,CE,2010,7,0.0,0.0,,,,,True,inpe_bdq_aqua_ref,False
2305100,Guaramiranga,CE,2010,8,0.0,0.0,,,,,True,inpe_bdq_aqua_ref,False
2305100,Guaramiranga,CE,2010,9,0.0,0.0,,,,,True,inpe_bdq_aqua_ref,False
2305100,Guaramiranga,CE,2010,10,0.0,0.0,,,,,True,inpe_bdq_aqua_ref,False
2305100,Guaramiranga,CE,2010,11,0.0,0.0,,,,,True,inpe_bdq_aqua_ref,False
2305100,Guaramiranga,CE,2010,12,0.0,0.0,,,,,True,inpe_bdq_aqua_ref,False
2305100,Guaramiranga,CE,2011,1,0.0,0.0,,,,,True,inpe_bdq_aqua_ref,False
2305100,Guaramiranga,CE,2011,2,0.0,0.0,,,,,True,inpe_bdq_aqua_ref,False
2305100,Guaramiranga,CE,2011,3,0.0,0.0,,,,,True,inpe_bdq_aqua_ref,False
2305100,Guaramiranga,CE,2011,4,0.0,0.0,,,,,True,inpe_bdq_aqua_ref,False
2305100,Guaramiranga,CE,2011,5,0.0,0.0,,,,,True,inpe_bdq_aqua_ref,False
2305100,Guaramiranga,CE,2011,6,0.0,0.0,,,,,True,inpe_bdq_aqua_ref,False
2305100,Guaramiranga,CE,2011,7,0.0,0.0,,,,,True,inpe_bdq_aqua_ref,False
2305100,Guaramiranga,CE,2011,8,0.0,0.0,,,,,True,inpe_bdq_aqua_ref,False
2305100,Guaramiranga,CE,2011,9,0.0,0.0,,,,,True,inpe_bdq_aqua_ref,False
2305100,Guaramiranga,CE,2011,10,0.0,0.0,,,,,True,inpe_bdq_aqua_ref,False
2305100,Guaramiranga,CE,2011,11,1.0,41.2,41.2,41.2,,,False,inpe_bdq_aqua_ref,False
2305100,Guaramiranga,CE,2011,12,0.0,0.0,,,,,True,inpe_bdq_aqua_ref,False
2305100,Guaramiranga,CE,2012,1,0.0,0.0,,,,,True,inpe_bdq_aqua_ref,False
2305100,Guaramiranga,CE,2012,2,0.0,0.0,,,,,True,inpe_bdq_aqua_ref,False
2305100,Guaramiranga,CE,2012,3,0.0,0.0,,,,,True,inpe_bdq_aqua_ref,False
2305100,Guaramiranga,CE,2012,4,0.0,0.0,,,,,True,inpe_bdq_aqua_ref,False
2305100,Guaramiranga,CE,2012,5,0.0,0.0,,,,,True,inpe_bdq_aqua_ref,False
2305100,Guaramiranga,CE,2012,6,0.0,0.0,,,,,True,inpe_bdq_aqua_ref,False
2305100,Guaramiranga,CE,2012,7,0.0,0.0,,,,,True,inpe_bdq_aqua_ref,False
2305100,Guaramiranga,CE,2012,8,0.0,0.0,,,,,True,inpe_bdq_aqua_ref,False
2305100,Guaramiranga,CE,2012,9,0.0,0.0,,,,,True,inpe_bdq_aqua_ref,False
2305100,Guaramiranga,CE,2012,10,0.0,0.0,,,,,True,inpe_bdq_aqua_ref,False
2305100,Guaramiranga,CE,2012,11,0.0,0.0,,,,,True,inpe_bdq_aqua_ref,False
2305100,Guaramiranga,CE,2012,12,0.0,0.0,,,,,True,inpe_bdq_aqua_ref,False
2305100,Guaramiranga,CE,2013,1,0.0,0.0,,,,,True,inpe_bdq_aqua_ref,False
2305100,Guaramiranga,CE,2013,2,0.0,0.0,,,,,True,inpe_bdq_aqua_ref,False
2305100,Guaramiranga,CE,2013,3,0.0,0.0,,,,,True,inpe_bdq_aqua_ref,False
2305100,Guaramiranga,CE,2013,4,0.0,0.0,,,,,True,inpe_bdq_aqua_ref,False
2305100,Guaramiranga,CE,2013,5,0.0,0.0,,,,,True,inpe_bdq_aqua_ref,False
2305100,Guaramiranga,CE,2013,6,0.0,0.0,,,,,True,inpe_bdq_aqua_ref,False
2305100,Guaramiranga,CE,2013,7,0.0,0.0,,,,,True,inpe_bdq_aqua_ref,False
2305100,Guaramiranga,CE,2013,8,0.0,0.0,,,,,True,inpe_bdq_aqua_ref,False
2305100,Guaramiranga,CE,2013,9,0.0,0.0,,,,,True,inpe_bdq_aqua_ref,False
2305100,Guaramiranga,CE,2013,10,0.0,0.0,,,,,True,inpe_bdq_aqua_ref,False
2305100,Guaramiranga,CE,2013,11,0.0,0.0,,,,,True,inpe_bdq_aqua_ref,False
2305100,Guaramiranga,CE,2013,12,0.0,0.0,,,,,True,inpe_bdq_aqua_ref,False
2305100,Guaramiranga,CE,2014,1,0.0,0.0,,,,,True,inpe_bdq_aqua_ref,False
2305100,Guaramiranga,CE,2014,2,0.0,0.0,,,,,True,inpe_bdq_aqua_ref,False
2305100,Guaramiranga,CE,2014,3,0.0,0.0,,,,,True,inpe_bdq_aqua_ref,False
2305100,Guaramiranga,CE,2014,4,0.0,0.0,,,,,True,inpe_bdq_aqua_ref,False
2305100,Guaramiranga,CE,2014,5,0.0,0.0,,,,,True,inpe_bdq_aqua_ref,False
2305100,Guaramiranga,CE,2014,6,0.0,0.0,,,,,True,inpe_bdq_aqua_ref,False
2305100,Guaramiranga,CE,2014,7,0.0,0.0,,,,,True,inpe_bdq_aqua_ref,False
2305100,Guaramiranga,CE,2014,8,0.0,0.0,,,,,True,inpe_bdq_aqua_ref,False
2305100,Guaramiranga,CE,2014,9,0.0,0.0,,,,,True,inpe_bdq_aqua_ref,False
2305100,Guaramiranga,CE,2014,10,0.0,0.0,,,,,True,inpe_bdq_aqua_ref,False
2305100,Guaramiranga,CE,2014,11,0.0,0.0,,,,,True,inpe_bdq_aqua_ref,False
2305100,Guaramiranga,CE,2014,12,0.0,0.0,,,,,True,inpe_bdq_aqua_ref,False
2305100,Guaramiranga,CE,2015,1,0.0,0.0,,,,,True,inpe_bdq_aqua_ref,False
2305100,Guaramiranga,CE,2015,2,0.0,0.0,,,,,True,inpe_bdq_aqua_ref,False
2305100,Guaramiranga,CE,2015,3,0.0,0.0,,,,,True,inpe_bdq_aqua_ref,False
2305100,Guaramiranga,CE,2015,4,0.0,0.0,,,,,True,inpe_bdq_aqua_ref,False
2305100,Guaramiranga,CE,2015,5,0.0,0.0,,,,,True,inpe_bdq_aqua_ref,False
2305100,Guaramiranga,CE,2015,6,0.0,0.0,,,,,True,inpe_bdq_aqua_ref,False
2305100,Guaramiranga,CE,2015,7,0.0,0.0,,,,,True,inpe_bdq_aqua_ref,False
2305100,Guaramiranga,CE,2015,8,0.0,0.0,,,,,True,inpe_bdq_aqua_ref,False
2305100,Guaramiranga,CE,2015,9,0.0,0.0,,,,,True,inpe_bdq_aqua_ref,False
2305100,Guaramiranga,CE,2015,10,0.0,0.0,,,,,True,inpe_bdq_aqua_ref,False
2305100,Guaramiranga,CE,2015,11,0.0,0.0,,,,,True,inpe_bdq_aqua_ref,False
2305100,Guaramiranga,CE,2015,12,1.0,16.2,16.2,16.2,1.0,34.0,False,inpe_bdq_aqua_ref,False
2305100,Guaramiranga,CE,2016,1,0.0,0.0,,,,,True,inpe_bdq_aqua_ref,False
2305100,Guaramiranga,CE,2016,2,0.0,0.0,,,,,True,inpe_bdq_aqua_ref,False
2305100,Guaramiranga,CE,2016,3,0.0,0.0,,,,,True,inpe_bdq_aqua_ref,False
2305100,Guaramiranga,CE,2016,4,0.0,0.0,,,,,True,inpe_bdq_aqua_ref,False
2305100,Guaramiranga,CE,2016,5,0.0,0.0,,,,,True,inpe_bdq_aqua_ref,False
2305100,Guaramiranga,CE,2016,6,0.0,0.0,,,,,True,inpe_bdq_aqua_ref,False
2305100,Guaramiranga,CE,2016,7,0.0,0.0,,,,,True,inpe_bdq_aqua_ref,False
2305100,Guaramiranga,CE,2016,8,0.0,0.0,,,,,True,inpe_bdq_aqua_ref,False
2305100,Guaramiranga,CE,2016,9,0.0,0.0,,,,,True,inpe_bdq_aqua_ref,False
2305100,Guaramiranga,CE,2016,10,1.0,14.3,14.3,14.3,1.0,78.0,False,inpe_bdq_aqua_ref,False
2305100,Guaramiranga,CE,2016,11,2.0,40.900000000000006,20.450000000000003,23.8,1.0,89.5,False,inpe_bdq_aqua_ref,False
2305100,Guaramiranga,CE,2016,12,0.0,0.0,,,,,True,inpe_bdq_aqua_ref,False
2305100,Guaramiranga,CE,2017,1,0.0,0.0,,,,,True,inpe_bdq_aqua_ref,False
2305100,Guaramiranga,CE,2017,2,0.0,0.0,,,,,True,inpe_bdq_aqua_ref,False
2305100,Guaramiranga,CE,2017,3,0.0,0.0,,,,,True,inpe_bdq_aqua_ref,False
2305100,Guaramiranga,CE,2017,4,0.0,0.0,,,,,True,inpe_bdq_aqua_ref,False
2305100,Guaramiranga,CE,2017,5,0.0,0.0,,,,,True,inpe_bdq_aqua_ref,False
2305100,Guaramiranga,CE,2017,6,0.0,0.0,,,,,True,inpe_bdq_aqua_ref,False
2305100,Guaramiranga,CE,2017,7,0.0,0.0,,,,,True,inpe_bdq_aqua_ref,False
2305100,Guaramiranga,CE,2017,8,0.0,0.0,,,,,True,inpe_bdq_aqua_ref,False
2305100,Guaramiranga,CE,2017,9,0.0,0.0,,,,,True,inpe_bdq_aqua_ref,False
2305100,Guaramiranga,CE,2017,10,0.0,0.0,,,,,True,inpe_bdq_aqua_ref,False
2305100,Guaramiranga,CE,2017,11,0.0,0.0,,,,,True,inpe_bdq_aqua_ref,False
2305100,Guaramiranga,CE,2017,12,0.0,0.0,,,,,True,inpe_bdq_aqua_ref,False
2305100,Guaramiranga,CE,2018,1,0.0,0.0,,,,,True,inpe_bdq_aqua_ref,False
2305100,Guaramiranga,CE,2018,2,0.0,0.0,,,,,True,inpe_bdq_aqua_ref,False
2305100,Guaramiranga,CE,2018,3,0.0,0.0,,,,,True,inpe_bdq_aqua_ref,False
2305100,Guaramiranga,CE,2018,4,0.0,0.0,,,,,True,inpe_bdq_aqua_ref,False
2305100,Guaramiranga,CE,2018,5,0.0,0.0,,,,,True,inpe_bdq_aqua_ref,False
2305100,Guaramiranga,CE,2018,6,0.0,0.0,,,,,True,inpe_bdq_aqua_ref,False
2305100,Guaramiranga,CE,2018,7,0.0,0.0,,,,,True,inpe_bdq_aqua_ref,False
2305100,Guaramiranga,CE,2018,8,0.0,0.0,,,,,True,inpe_bdq_aqua_ref,False
2305100,Guaramiranga,CE,2018,9,0.0,0.0,,,,,True,inpe_bdq_aqua_ref,False
2305100,Guaramiranga,CE,2018,10,0.0,0.0,,,,,True,inpe_bdq_aqua_ref,False
2305100,Guaramiranga,CE,2018,11,0.0,0.0,,,,,True,inpe_bdq_aqua_ref,False
2305100,Guaramiranga,CE,2018,12,0.0,0.0,,,,,True,inpe_bdq_aqua_ref,False
2305100,Guaramiranga,CE,2019,1,0.0,0.0,,,,,True,inpe_bdq_aqua_ref,False
2305100,Guaramiranga,CE,2019,2,0.0,0.0,,,,,True,inpe_bdq_aqua_ref,False
2305100,Guaramiranga,CE,2019,3,0.0,0.0,,,,,True,inpe_bdq_aqua_ref,False
2305100,Guaramiranga,CE,2019,4,0.0,0.0,,,,,True,inpe_bdq_aqua_ref,False
2305100,Guaramiranga,CE,2019,5,0.0,0.0,,,,,True,inpe_bdq_aqua_ref,False
2305100,Guaramiranga,CE,2019,6,0.0,0.0,,,,,True,inpe_bdq_aqua_ref,False
2305100,Guaramiranga,CE,2019,7,0.0,0.0,,,,,True,inpe_bdq_aqua_ref,False
2305100,Guaramiranga,CE,2019,8,0.0,0.0,,,,,True,inpe_bdq_aqua_ref,False
2305100,Guaramiranga,CE,2019,9,0.0,0.0,,,,,True,inpe_bdq_aqua_ref,False
2305100,Guaramiranga,CE,2019,10,0.0,0.0,,,,,True,inpe_bdq_aqua_ref,False
2305100,Guaramiranga,CE,2019,11,0.0,0.0,,,,,True,inpe_bdq_aqua_ref,False
2305100,Guaramiranga,CE,2019,12,0.0,0.0,,,,,True,inpe_bdq_aqua_ref,False
2305100,Guaramiranga,CE,2020,1,0.0,0.0,,,,,True,inpe_bdq_aqua_ref,False
2305100,Guaramiranga,CE,2020,2,0.0,0.0,,,,,True,inpe_bdq_aqua_ref,False
2305100,Guaramiranga,CE,2020,3,0.0,0.0,,,,,True,inpe_bdq_aqua_ref,False
2305100,Guaramiranga,CE,2020,4,0.0,0.0,,,,,True,inpe_bdq_aqua_ref,False
2305100,Guaramiranga,CE,2020,5,0.0,0.0,,,,,True,inpe_bdq_aqua_ref,False
2305100,Guaramiranga,CE,2020,6,0.0,0.0,,,,,True,inpe_bdq_aqua_ref,False
2305100,Guaramiranga,CE,2020,7,0.0,0.0,,,,,True,inpe_bdq_aqua_ref,False
2305100,Guaramiranga,CE,2020,8,0.0,0.0,,,,,True,inpe_bdq_aqua_ref,False
2305100,Guaramiranga,CE,2020,9,0.0,0.0,,,,,True,inpe_bdq_aqua_ref,False
2305100,Guaramiranga,CE,2020,10,0.0,0.0,,,,,True,inpe_bdq_aqua_ref,False
2305100,Guaramiranga,CE,2020,11,0.0,0.0,,,,,True,inpe_bdq_aqua_ref,False
2305100,Guaramiranga,CE,2020,12,0.0,0.0,,,,,True,inpe_bdq_aqua_ref,False
2305100,Guaramiranga,CE,2021,1,0.0,0.0,,,,,True,inpe_bdq_aqua_ref,False
2305100,Guaramiranga,CE,2021,2,0.0,0.0,,,,,True,inpe_bdq_aqua_ref,False
2305100,Guaramiranga,CE,2021,3,0.0,0.0,,,,,True,inpe_bdq_aqua_ref,False
2305100,Guaramiranga,CE,2021,4,0.0,0.0,,,,,True,inpe_bdq_aqua_ref,False
2305100,Guaramiranga,CE,2021,5,0.0,0.0,,,,,True,inpe_bdq_aqua_ref,False
2305100,Guaramiranga,CE,2021,6,0.0,0.0,,,,,True,inpe_bdq_aqua_ref,False
2305100,Guaramiranga,CE,2021,7,0.0,0.0,,,,,True,inpe_bdq_aqua_ref,False
2305100,Guaramiranga,CE,2021,8,0.0,0.0,,,,,True,inpe_bdq_aqua_ref,False
2305100,Guaramiranga,CE,2021,9,0.0,0.0,,,,,True,inpe_bdq_aqua_ref,False
2305100,Guaramiranga,CE,2021,10,0.0,0.0,,,,,True,inpe_bdq_aqua_ref,False
2305100,Guaramiranga,CE,2021,11,0.0,0.0,,,,,True,inpe_bdq_aqua_ref,False
2305100,Guaramiranga,CE,2021,12,0.0,0.0,,,,,True,inpe_bdq_aqua_ref,False
2305100,Guaramiranga,CE,2022,1,0.0,0.0,,,,,True,inpe_bdq_aqua_ref,False
2305100,Guaramiranga,CE,2022,2,0.0,0.0,,,,,True,inpe_bdq_aqua_ref,False
2305100,Guaramiranga,CE,2022,3,0.0,0.0,,,,,True,inpe_bdq_aqua_ref,False
2305100,Guaramiranga,CE,2022,4,0.0,0.0,,,,,True,inpe_bdq_aqua_ref,False
2305100,Guaramiranga,CE,2022,5,0.0,0.0,,,,,True,inpe_bdq_aqua_ref,False
2305100,Guaramiranga,CE,2022,6,0.0,0.0,,,,,True,inpe_bdq_aqua_ref,False
2305100,Guaramiranga,CE,2022,7,0.0,0.0,,,,,True,inpe_bdq_aqua_ref,False
2305100,Guaramiranga,CE,2022,8,0.0,0.0,,,,,True,inpe_bdq_aqua_ref,False
2305100,Guaramiranga,CE,2022,9,0.0,0.0,,,,,True,inpe_bdq_aqua_ref,False
2305100,Guaramiranga,CE,2022,10,0.0,0.0,,,,,True,inpe_bdq_aqua_ref,False
2305100,Guaramiranga,CE,2022,11,0.0,0.0,,,,,True,inpe_bdq_aqua_ref,False
2305100,Guaramiranga,CE,2022,12,0.0,0.0,,,,,True,inpe_bdq_aqua_ref,False
2305100,Guaramiranga,CE,2023,1,0.0,0.0,,,,,True,inpe_bdq_aqua_ref,False
2305100,Guaramiranga,CE,2023,2,0.0,0.0,,,,,True,inpe_bdq_aqua_ref,False
2305100,Guaramiranga,CE,2023,3,0.0,0.0,,,,,True,inpe_bdq_aqua_ref,False
2305100,Guaramiranga,CE,2023,4,0.0,0.0,,,,,True,inpe_bdq_aqua_ref,False
2305100,Guaramiranga,CE,2023,5,0.0,0.0,,,,,True,inpe_bdq_aqua_ref,False
2305100,Guaramiranga,CE,2023,6,0.0,0.0,,,,,True,inpe_bdq_aqua_ref,False
2305100,Guaramiranga,CE,2023,7,0.0,0.0,,,,,True,inpe_bdq_aqua_ref,False
2305100,Guaramiranga,CE,2023,8,0.0,0.0,,,,,True,inpe_bdq_aqua_ref,False
2305100,Guaramiranga,CE,2023,9,0.0,0.0,,,,,True,inpe_bdq_aqua_ref,False
2305100,Guaramiranga,CE,2023,10,0.0,0.0,,,,,True,inpe_bdq_aqua_ref,False
2305100,Guaramiranga,CE,2023,11,0.0,0.0,,,,,True,inpe_bdq_aqua_ref,False
2305100,Guaramiranga,CE,2023,12,2.0,25.799999999999997,12.899999999999999,16.7,0.975,1.5,False,inpe_bdq_aqua_ref,False
2305506,Iguatu,CE,2003,1,4.0,164.7,41.175,59.3,,,False,inpe_bdq_aqua_ref,False
2305506,Iguatu,CE,2003,2,0.0,0.0,,,,,True,inpe_bdq_aqua_ref,False
2305506,Iguatu,CE,2003,3,0.0,0.0,,,,,True,inpe_bdq_aqua_ref,False
2305506,Iguatu,CE,2003,4,0.0,0.0,,,,,True,inpe_bdq_aqua_ref,False
2305506,Iguatu,CE,2003,5,0.0,0.0,,,,,True,inpe_bdq_aqua_ref,False
2305506,Iguatu,CE,2003,6,0.0,0.0,,,,,True,inpe_bdq_aqua_ref,False
2305506,Iguatu,CE,2003,7,1.0,30.9,30.9,30.9,,,False,inpe_bdq_aqua_ref,False
2305506,Iguatu,CE,2003,8,0.0,0.0,,,,,True,inpe_bdq_aqua_ref,False
2305506,Iguatu,CE,2003,9,5.0,139.20000000000002,27.840000000000003,40.7,,,False,inpe_bdq_aqua_ref,False
2305506,Iguatu,CE,2003,10,14.0,852.2,60.871428571428574,250.2,,,False,inpe_bdq_aqua_ref,False
2305506,Iguatu,CE,2003,11,11.0,567.3,51.57272727272727,75.4,,,False,inpe_bdq_aqua_ref,False
2305506,Iguatu,CE,2003,12,6.0,130.3,21.71666666666667,30.7,,,False,inpe_bdq_aqua_ref,False
2305506,Iguatu,CE,2004,1,0.0,0.0,,,,,True,inpe_bdq_aqua_ref,False
2305506,Iguatu,CE,2004,2,0.0,0.0,,,,,True,inpe_bdq_aqua_ref,False
2305506,Iguatu,CE,2004,3,0.0,0.0,,,,,True,inpe_bdq_aqua_ref,False
2305506,Iguatu,CE,2004,4,0.0,0.0,,,,,True,inpe_bdq_aqua_ref,False
2305506,Iguatu,CE,2004,5,0.0,0.0,,,,,True,inpe_bdq_aqua_ref,False
2305506,Iguatu,CE,2004,6,0.0,0.0,,,,,True,inpe_bdq_aqua_ref,False
2305506,Iguatu,CE,2004,7,0.0,0.0,,,,,True,inpe_bdq_aqua_ref,False
2305506,Iguatu,CE,2004,8,2.0,30.3,15.15,17.0,,,False,inpe_bdq_aqua_ref,False
2305506,Iguatu,CE,2004,9,2.0,31.7,15.85,17.0,,,False,inpe_bdq_aqua_ref,False
2305506,Iguatu,CE,2004,10,6.0,155.3,25.883333333333336,49.0,,,False,inpe_bdq_aqua_ref,False
2305506,Iguatu,CE,2004,11,17.0,686.7,40.39411764705883,115.5,,,False,inpe_bdq_aqua_ref,False
2305506,Iguatu,CE,2004,12,8.0,224.3,28.0375,52.0,,,False,inpe_bdq_aqua_ref,False
2305506,Iguatu,CE,2005,1,0.0,0.0,,,,,True,inpe_bdq_aqua_ref,False
2305506,Iguatu,CE,2005,2,0.0,0.0,,,,,True,inpe_bdq_aqua_ref,False
2305506,Iguatu,CE,2005,3,0.0,0.0,,,,,True,inpe_bdq_aqua_ref,False
2305506,Iguatu,CE,2005,4,0.0,0.0,,,,,True,inpe_bdq_aqua_ref,False
2305506,Iguatu,CE,2005,5,0.0,0.0,,,,,True,inpe_bdq_aqua_ref,False
2305506,Iguatu,CE,2005,6,0.0,0.0,,,,,True,inpe_bdq_aqua_ref,False
2305506,Iguatu,CE,2005,7,0.0,0.0,,,,,True,inpe_bdq_aqua_ref,False
2305506,Iguatu,CE,2005,8,0.0,0.0,,,,,True,inpe_bdq_aqua_ref,False
2305506,Iguatu,CE,2005,9,1.0,22.9,22.9,22.9,,,False,inpe_bdq_aqua_ref,False
2305506,Iguatu,CE,2005,10,1.0,33.8,33.8,33.8,,,False,inpe_bdq_aqua_ref,False
2305506,Iguatu,CE,2005,11,4.0,182.4,45.6,79.2,,,False,inpe_bdq_aqua_ref,False
2305506,Iguatu,CE,2005,12,2.0,101.19999999999999,50.599999999999994,71.8,,,False,inpe_bdq_aqua_ref,False
2305506,Iguatu,CE,2006,1,4.0,276.3,69.075,93.3,,,False,inpe_bdq_aqua_ref,False
2305506,Iguatu,CE,2006,2,0.0,0.0,,,,,True,inpe_bdq_aqua_ref,False
2305506,Iguatu,CE,2006,3,1.0,12.3,12.3,12.3,,,False,inpe_bdq_aqua_ref,False
2305506,Iguatu,CE,2006,4,0.0,0.0,,,,,True,inpe_bdq_aqua_ref,False
2305506,Iguatu,CE,2006,5,0.0,0.0,,,,,True,inpe_bdq_aqua_ref,False
2305506,Iguatu,CE,2006,6,0.0,0.0,,,,,True,inpe_bdq_aqua_ref,False
2305506,Iguatu,CE,2006,7,0.0,0.0,,,,,True,inpe_bdq_aqua_ref,False
2305506,Iguatu,CE,2006,8,0.0,0.0,,,,,True,inpe_bdq_aqua_ref,False
2305506,Iguatu,CE,2006,9,7.0,165.0,23.571428571428573,36.0,,,False,inpe_bdq_aqua_ref,False
2305506,Iguatu,CE,2006,10,0.0,0.0,,,,,True,inpe_bdq_aqua_ref,False
2305506,Iguatu,CE,2006,11,10.0,286.6,28.660000000000004,49.2,,,False,inpe_bdq_aqua_ref,False
2305506,Iguatu,CE,2006,12,9.0,204.9,22.766666666666666,40.7,,,False,inpe_bdq_aqua_ref,False
2305506,Iguatu,CE,2007,1,0.0,0.0,,,,,True,inpe_bdq_aqua_ref,False
2305506,Iguatu,CE,2007,2,0.0,0.0,,,,,True,inpe_bdq_aqua_ref,False
2305506,Iguatu,CE,2007,3,0.0,0.0,,,,,True,inpe_bdq_aqua_ref,False
2305506,Iguatu,CE,2007,4,0.0,0.0,,,,,True,inpe_bdq_aqua_ref,False
2305506,Iguatu,CE,2007,5,0.0,0.0,,,,,True,inpe_bdq_aqua_ref,False
2305506,Iguatu,CE,2007,6,0.0,0.0,,,,,True,inpe_bdq_aqua_ref,False
2305506,Iguatu,CE,2007,7,3.0,46.6,15.533333333333333,20.3,,,False,inpe_bdq_aqua_ref,False
2305506,Iguatu,CE,2007,8,3.0,60.9,20.3,28.9,,,False,inpe_bdq_aqua_ref,False
2305506,Iguatu,CE,2007,9,0.0,0.0,,,,,True,inpe_bdq_aqua_ref,False
2305506,Iguatu,CE,2007,10,0.0,0.0,,,,,True,inpe_bdq_aqua_ref,False
2305506,Iguatu,CE,2007,11,7.0,146.1,20.87142857142857,31.8,,,False,inpe_bdq_aqua_ref,False
2305506,Iguatu,CE,2007,12,4.0,108.4,27.1,39.1,,,False,inpe_bdq_aqua_ref,False
2305506,Iguatu,CE,2008,1,0.0,0.0,,,,,True,inpe_bdq_aqua_ref,False
2305506,Iguatu,CE,2008,2,0.0,0.0,,,,,True,inpe_bdq_aqua_ref,False
2305506,Iguatu,CE,2008,3,0.0,0.0,,,,,True,inpe_bdq_aqua_ref,False
2305506,Iguatu,CE,2008,4,0.0,0.0,,,,,True,inpe_bdq_aqua_ref,False
2305506,Iguatu,CE,2008,5,0.0,0.0,,,,,True,inpe_bdq_aqua_ref,False
2305506,Iguatu,CE,2008,6,0.0,0.0,,,,,True,inpe_bdq_aqua_ref,False
2305506,Iguatu,CE,2008,7,0.0,0.0,,,,,True,inpe_bdq_aqua_ref,False
2305506,Iguatu,CE,2008,8,3.0,85.5,28.5,34.0,,,False,inpe_bdq_aqua_ref,False
2305506,Iguatu,CE,2008,9,0.0,0.0,,,,,True,inpe_bdq_aqua_ref,False
2305506,Iguatu,CE,2008,10,6.0,257.9,42.98333333333333,63.6,,,False,inpe_bdq_aqua_ref,False
2305506,Iguatu,CE,2008,11,8.0,399.2,49.9,132.7,,,False,inpe_bdq_aqua_ref,False
2305506,Iguatu,CE,2008,12,8.0,201.2,25.15,60.8,,,False,inpe_bdq_aqua_ref,False
2305506,Iguatu,CE,2009,1,2.0,128.8,64.4,77.8,,,False,inpe_bdq_aqua_ref,False
2305506,Iguatu,CE,2009,2,0.0,0.0,,,,,True,inpe_bdq_aqua_ref,False
2305506,Iguatu,CE,2009,3,0.0,0.0,,,,,True,inpe_bdq_aqua_ref,False
2305506,Iguatu,CE,2009,4,0.0,0.0,,,,,True,inpe_bdq_aqua_ref,False
2305506,Iguatu,CE,2009,5,0.0,0.0,,,,,True,inpe_bdq_aqua_ref,False
2305506,Iguatu,CE,2009,6,0.0,0.0,,,,,True,inpe_bdq_aqua_ref,False
2305506,Iguatu,CE,2009,7,0.0,0.0,,,,,True,inpe_bdq_aqua_ref,False
2305506,Iguatu,CE,2009,8,0.0,0.0,,,,,True,inpe_bdq_aqua_ref,False
2305506,Iguatu,CE,2009,9,0.0,0.0,,,,,True,inpe_bdq_aqua_ref,False
2305506,Iguatu,CE,2009,10,2.0,59.0,29.5,30.0,,,False,inpe_bdq_aqua_ref,False
2305506,Iguatu,CE,2009,11,2.0,29.7,14.85,17.2,,,False,inpe_bdq_aqua_ref,False
2305506,Iguatu,CE,2009,12,12.0,266.5,22.208333333333332,56.9,,,False,inpe_bdq_aqua_ref,False
2305506,Iguatu,CE,2010,1,0.0,0.0,,,,,True,inpe_bdq_aqua_ref,False
2305506,Iguatu,CE,2010,2,1.0,13.9,13.9,13.9,,,False,inpe_bdq_aqua_ref,False
2305506,Iguatu,CE,2010,3,1.0,13.6,13.6,13.6,,,False,inpe_bdq_aqua_ref,False
2305506,Iguatu,CE,2010,4,1.0,4.5,4.5,4.5,,,False,inpe_bdq_aqua_ref,False
2305506,Iguatu,CE,2010,5,0.0,0.0,,,,,True,inpe_bdq_aqua_ref,False
2305506,Iguatu,CE,2010,6,0.0,0.0,,,,,True,inpe_bdq_aqua_ref,False
2305506,Iguatu,CE,2010,7,2.0,42.9,21.45,32.0,,,False,inpe_bdq_aqua_ref,False
2305506,Iguatu,CE,2010,8,0.0,0.0,,,,,True,inpe_bdq_aqua_ref,False
2305506,Iguatu,CE,2010,9,1.0,22.2,22.2,22.2,,,False,inpe_bdq_aqua_ref,False
2305506,Iguatu,CE,2010,10,4.0,245.9,61.475,108.9,,,False,inpe_bdq_aqua_ref,False
2305506,Iguatu,CE,2010,11,8.0,531.0,66.375,245.1,,,False,inpe_bdq_aqua_ref,False
2305506,Iguatu,CE,2010,12,0.0,0.0,,,,,True,inpe_bdq_aqua_ref,False
2305506,Iguatu,CE,2011,1,3.0,120.4,40.13333333333333,48.5,,,False,inpe_bdq_aqua_ref,False
2305506,Iguatu,CE,2011,2,0.0,0.0,,,,,True,inpe_bdq_aqua_ref,False
2305506,Iguatu,CE,2011,3,0.0,0.0,,,,,True,inpe_bdq_aqua_ref,False
2305506,Iguatu,CE,2011,4,0.0,0.0,,,,,True,inpe_bdq_aqua_ref,False
2305506,Iguatu,CE,2011,5,0.0,0.0,,,,,True,inpe_bdq_aqua_ref,False
2305506,Iguatu,CE,2011,6,0.0,0.0,,,,,True,inpe_bdq_aqua_ref,False
2305506,Iguatu,CE,2011,7,0.0,0.0,,,,,True,inpe_bdq_aqua_ref,False
2305506,Iguatu,CE,2011,8,0.0,0.0,,,,,True,inpe_bdq_aqua_ref,False
2305506,Iguatu,CE,2011,9,0.0,0.0,,,,,True,inpe_bdq_aqua_ref,False
2305506,Iguatu,CE,2011,10,1.0,5.7,5.7,5.7,,,False,inpe_bdq_aqua_ref,False
2305506,Iguatu,CE,2011,11,8.0,236.8,29.6,88.7,,,False,inpe_bdq_aqua_ref,False
2305506,Iguatu,CE,2011,12,2.0,79.6,39.8,61.1,,,False,inpe_bdq_aqua_ref,False
2305506,Iguatu,CE,2012,1,0.0,0.0,,,,,True,inpe_bdq_aqua_ref,False
2305506,Iguatu,CE,2012,2,0.0,0.0,,,,,True,inpe_bdq_aqua_ref,False
2305506,Iguatu,CE,2012,3,0.0,0.0,,,,,True,inpe_bdq_aqua_ref,False
2305506,Iguatu,CE,2012,4,0.0,0.0,,,,,True,inpe_bdq_aqua_ref,False
2305506,Iguatu,CE,2012,5,0.0,0.0,,,,,True,inpe_bdq_aqua_ref,False
2305506,Iguatu,CE,2012,6,0.0,0.0,,,,,True,inpe_bdq_aqua_ref,False
2305506,Iguatu,CE,2012,7,2.0,41.2,20.6,22.9,,,False,inpe_bdq_aqua_ref,False
2305506,Iguatu,CE,2012,8,4.0,86.0,21.5,39.6,,,False,inpe_bdq_aqua_ref,False
2305506,Iguatu,CE,2012,9,13.0,393.40000000000003,30.261538461538464,67.9,,,False,inpe_bdq_aqua_ref,False
2305506,Iguatu,CE,2012,10,19.0,2358.1,124.11052631578947,566.0,,,False,inpe_bdq_aqua_ref,False
2305506,Iguatu,CE,2012,11,3.0,44.9,14.966666666666667,26.3,,,False,inpe_bdq_aqua_ref,False
2305506,Iguatu,CE,2012,12,6.0,206.3,34.38333333333333,51.9,,,False,inpe_bdq_aqua_ref,False
2305506,Iguatu,CE,2013,1,3.0,113.9,37.96666666666667,41.0,,,False,inpe_bdq_aqua_ref,False
2305506,Iguatu,CE,2013,2,1.0,10.7,10.7,10.7,,,False,inpe_bdq_aqua_ref,False
2305506,Iguatu,CE,2013,3,0.0,0.0,,,,,True,inpe_bdq_aqua_ref,False
2305506,Iguatu,CE,2013,4,0.0,0.0,,,,,True,inpe_bdq_aqua_ref,False
2305506,Iguatu,CE,2013,5,0.0,0.0,,,,,True,inpe_bdq_aqua_ref,False
2305506,Iguatu,CE,2013,6,0.0,0.0,,,,,True,inpe_bdq_aqua_ref,False
2305506,Iguatu,CE,2013,7,0.0,0.0,,,,,True,inpe_bdq_aqua_ref,False
2305506,Iguatu,CE,2013,8,0.0,0.0,,,,,True,inpe_bdq_aqua_ref,False
2305506,Iguatu,CE,2013,9,3.0,135.2,45.06666666666666,60.9,,,False,inpe_bdq_aqua_ref,False
2305506,Iguatu,CE,2013,10,1.0,14.3,14.3,14.3,,,False,inpe_bdq_aqua_ref,False
2305506,Iguatu,CE,2013,11,3.0,102.69999999999999,34.23333333333333,47.3,,,False,inpe_bdq_aqua_ref,False
2305506,Iguatu,CE,2013,12,0.0,0.0,,,,,True,inpe_bdq_aqua_ref,False
2305506,Iguatu,CE,2014,1,1.0,39.0,39.0,39.0,0.8,1.0,False,inpe_bdq_aqua_ref,False
2305506,Iguatu,CE,2014,2,0.0,0.0,,,,,True,inpe_bdq_aqua_ref,False
2305506,Iguatu,CE,2014,3,0.0,0.0,,,,,True,inpe_bdq_aqua_ref,False
2305506,Iguatu,CE,2014,4,0.0,0.0,,,,,True,inpe_bdq_aqua_ref,False
2305506,Iguatu,CE,2014,5,0.0,0.0,,,,,True,inpe_bdq_aqua_ref,False
2305506,Iguatu,CE,2014,6,1.0,22.6,22.6,22.6,0.8,13.0,False,inpe_bdq_aqua_ref,False
2305506,Iguatu,CE,2014,7,0.0,0.0,,,,,True,inpe_bdq_aqua_ref,False
2305506,Iguatu,CE,2014,8,1.0,15.0,15.0,15.0,1.0,9.0,False,inpe_bdq_aqua_ref,False
2305506,Iguatu,CE,2014,9,9.0,338.5,37.611111111111114,82.6,1.0,5.555555555555555,False,inpe_bdq_aqua_ref,False
2305506,Iguatu,CE,2014,10,1.0,15.0,15.0,15.0,1.0,11.0,False,inpe_bdq_aqua_ref,False
2305506,Iguatu,CE,2014,11,6.0,4168.1,694.6833333333334,1646.9,1.0,2.0,False,inpe_bdq_aqua_ref,False
2305506,Iguatu,CE,2014,12,3.0,147.0,49.0,74.2,0.3333333333333333,1.6666666666666667,False,inpe_bdq_aqua_ref,False
2305506,Iguatu,CE,2015,1,1.0,40.5,40.5,40.5,1.0,5.0,False,inpe_bdq_aqua_ref,False
2305506,Iguatu,CE,2015,2,0.0,0.0,,,,,True,inpe_bdq_aqua_ref,False
2305506,Iguatu,CE,2015,3,1.0,14.2,14.2,14.2,-999.0,3.0,False,inpe_bdq_aqua_ref,False
2305506,Iguatu,CE,2015,4,0.0,0.0,,,,,True,inpe_bdq_aqua_ref,False
2305506,Iguatu,CE,2015,5,0.0,0.0,,,,,True,inpe_bdq_aqua_ref,False
2305506,Iguatu,CE,2015,6,0.0,0.0,,,,,True,inpe_bdq_aqua_ref,False
2305506,Iguatu,CE,2015,7,2.0,25.4,12.7,16.0,-499.0,3.0,False,inpe_bdq_aqua_ref,False
2305506,Iguatu,CE,2015,8,2.0,19.5,9.75,10.4,1.0,2.5,False,inpe_bdq_aqua_ref,False
2305506,Iguatu,CE,2015,9,0.0,0.0,,,,,True,inpe_bdq_aqua_ref,False
2305506,Iguatu,CE,2015,10,0.0,0.0,,,,,True,inpe_bdq_aqua_ref,False
2305506,Iguatu,CE,2015,11,7.0,859.7,122.81428571428572,284.0,1.0,17.714285714285715,False,inpe_bdq_aqua_ref,False
2305506,Iguatu,CE,2015,12,4.0,117.7,29.425,60.0,1.0,19.5,False,inpe_bdq_aqua_ref,False
2305506,Iguatu,CE,2016,1,1.0,7.7,7.7,7.7,0.6,2.0,False,inpe_bdq_aqua_ref,False
2305506,Iguatu,CE,2016,2,0.0,0.0,,,,,True,inpe_bdq_aqua_ref,False
2305506,Iguatu,CE,2016,3,0.0,0.0,,,,,True,inpe_bdq_aqua_ref,False
2305506,Iguatu,CE,2016,4,0.0,0.0,,,,,True,inpe_bdq_aqua_ref,False
2305506,Iguatu,CE,2016,5,0.0,0.0,,,,,True,inpe_bdq_aqua_ref,False
2305506,Iguatu,CE,2016,6,0.0,0.0,,,,,True,inpe_bdq_aqua_ref,False
2305506,Iguatu,CE,2016,7,0.0,0.0,,,,,True,inpe_bdq_aqua_ref,False
2305506,Iguatu,CE,2016,8,0.0,0.0,,,,,True,inpe_bdq_aqua_ref,False
2305506,Iguatu,CE,2016,9,9.0,580.0,64.44444444444444,152.2,1.0,48.0,False,inpe_bdq_aqua_ref,False
2305506,Iguatu,CE,2016,10,7.0,1547.4,221.05714285714288,1019.6,1.0,75.0,False,inpe_bdq_aqua_ref,False
2305506,Iguatu,CE,2016,11,17.0,629.6,37.03529411764706,162.5,1.0,107.41176470588235,False,inpe_bdq_aqua_ref,False
2305506,Iguatu,CE,2016,12,1.0,63.6,63.6,63.6,1.0,20.0,False,inpe_bdq_aqua_ref,False
2305506,Iguatu,CE,2017,1,1.0,20.0,20.0,20.0,1.0,0.0,False,inpe_bdq_aqua_ref,False
2305506,Iguatu,CE,2017,2,0.0,0.0,,,,,True,inpe_bdq_aqua_ref,False
2305506,Iguatu,CE,2017,3,0.0,0.0,,,,,True,inpe_bdq_aqua_ref,False
2305506,Iguatu,CE,2017,4,0.0,0.0,,,,,True,inpe_bdq_aqua_ref,False
2305506,Iguatu,CE,2017,5,0.0,0.0,,,,,True,inpe_bdq_aqua_ref,False
2305506,Iguatu,CE,2017,6,0.0,0.0,,,,,True,inpe_bdq_aqua_ref,False
2305506,Iguatu,CE,2017,7,1.0,48.7,48.7,48.7,1.0,0.0,False,inpe_bdq_aqua_ref,False
2305506,Iguatu,CE,2017,8,5.0,111.2,22.240000000000002,36.7,-199.0,0.0,False,inpe_bdq_aqua_ref,False
2305506,Iguatu,CE,2017,9,8.0,557.9,69.7375,242.5,1.0,0.0,False,inpe_bdq_aqua_ref,False
2305506,Iguatu,CE,2017,10,1.0,16.2,16.2,16.2,1.0,0.0,False,inpe_bdq_aqua_ref,False
2305506,Iguatu,CE,2017,11,6.0,144.8,24.133333333333336,48.7,-165.66666666666666,0.0,False,inpe_bdq_aqua_ref,False
2305506,Iguatu,CE,2017,12,4.0,145.3,36.325,80.8,1.0,0.0,False,inpe_bdq_aqua_ref,False
2305506,Iguatu,CE,2018,1,0.0,0.0,,,,,True,inpe_bdq_aqua_ref,False
2305506,Iguatu,CE,2018,2,0.0,0.0,,,,,True,inpe_bdq_aqua_ref,False
2305506,Iguatu,CE,2018,3,1.0,8.4,8.4,8.4,-999.0,0.0,False,inpe_bdq_aqua_ref,False
2305506,Iguatu,CE,2018,4,0.0,0.0,,,,,True,inpe_bdq_aqua_ref,False
2305506,Iguatu,CE,2018,5,0.0,0.0,,,,,True,inpe_bdq_aqua_ref,False
2305506,Iguatu,CE,2018,6,2.0,40.8,20.4,29.2,-499.0,30.0,False,inpe_bdq_aqua_ref,False
2305506,Iguatu,CE,2018,7,3.0,94.0,31.333333333333332,33.1,1.0,5.666666666666667,False,inpe_bdq_aqua_ref,False
2305506,Iguatu,CE,2018,8,2.0,30.1,15.05,18.3,1.0,28.0,False,inpe_bdq_aqua_ref,False
2305506,Iguatu,CE,2018,9,7.0,144.1,20.585714285714285,26.5,1.0,64.57142857142857,False,inpe_bdq_aqua_ref,False
2305506,Iguatu,CE,2018,10,0.0,0.0,,,,,True,inpe_bdq_aqua_ref,False
2305506,Iguatu,CE,2018,11,8.0,527.4,65.925,200.7,-124.0,58.125,False,inpe_bdq_aqua_ref,False
2305506,Iguatu,CE,2018,12,0.0,0.0,,,,,True,inpe_bdq_aqua_ref,False
2305506,Iguatu,CE,2019,1,6.0,219.3,36.550000000000004,110.8,0.9833333333333334,9.0,False,inpe_bdq_aqua_ref,False
2305506,Iguatu,CE,2019,2,0.0,0.0,,,,,True,inpe_bdq_aqua_ref,False
2305506,Iguatu,CE,2019,3,0.0,0.0,,,,,True,inpe_bdq_aqua_ref,False
2305506,Iguatu,CE,2019,4,0.0,0.0,,,,,True,inpe_bdq_aqua_ref,False
2305506,Iguatu,CE,2019,5,0.0,0.0,,,,,True,inpe_bdq_aqua_ref,False
2305506,Iguatu,CE,2019,6,0.0,0.0,,,,,True,inpe_bdq_aqua_ref,False
2305506,Iguatu,CE,2019,7,1.0,10.3,10.3,10.3,1.0,39.0,False,inpe_bdq_aqua_ref,False
2305506,Iguatu,CE,2019,8,0.0,0.0,,,,,True,inpe_bdq_aqua_ref,False
2305506,Iguatu,CE,2019,9,9.0,318.29999999999995,35.36666666666666,69.1,0.9777777777777779,2.4444444444444446,False,inpe_bdq_aqua_ref,False
2305506,Iguatu,CE,2019,10,9.0,428.7,47.63333333333333,91.9,-110.11111111111111,23.444444444444443,False,inpe_bdq_aqua_ref,False
2305506,Iguatu,CE,2019,11,19.0,809.1,42.58421052631579,141.5,1.0,48.94736842105263,False,inpe_bdq_aqua_ref,False
2305506,Iguatu,CE,2019,12,6.0,144.60000000000002,24.100000000000005,34.9,1.0,9.833333333333334,False,inpe_bdq_aqua_ref,False
2305506,Iguatu,CE,2020,1,0.0,0.0,,,,,True,inpe_bdq_aqua_ref,False
2305506,Iguatu,CE,2020,2,0.0,0.0,,,,,True,inpe_bdq_aqua_ref,False
2305506,Iguatu,CE,2020,3,0.0,0.0,,,,,True,inpe_bdq_aqua_ref,False
2305506,Iguatu,CE,2020,4,0.0,0.0,,,,,True,inpe_bdq_aqua_ref,False
2305506,Iguatu,CE,2020,5,0.0,0.0,,,,,True,inpe_bdq_aqua_ref,False
2305506,Iguatu,CE,2020,6,0.0,0.0,,,,,True,inpe_bdq_aqua_ref,False
2305506,Iguatu,CE,2020,7,3.0,43.2,14.4,18.2,1.0,24.666666666666668,False,inpe_bdq_aqua_ref,False
2305506,Iguatu,CE,2020,8,3.0,110.6,36.86666666666667,65.3,1.0,29.333333333333332,False,inpe_bdq_aqua_ref,False
2305506,Iguatu,CE,2020,9,6.0,342.6,57.1,84.1,1.0,39.666666666666664,False,inpe_bdq_aqua_ref,False
2305506,Iguatu,CE,2020,10,6.0,191.2,31.866666666666664,71.5,1.0,69.16666666666667,False,inpe_bdq_aqua_ref,False
2305506,Iguatu,CE,2020,11,2.0,43.3,21.65,26.9,0.9,2.5,False,inpe_bdq_aqua_ref,False
2305506,Iguatu,CE,2020,12,1.0,26.4,26.4,26.4,1.0,2.0,False,inpe_bdq_aqua_ref,False
2305506,Iguatu,CE,2021,1,0.0,0.0,,,,,True,inpe_bdq_aqua_ref,False
2305506,Iguatu,CE,2021,2,0.0,0.0,,,,,True,inpe_bdq_aqua_ref,False
2305506,Iguatu,CE,2021,3,0.0,0.0,,,,,True,inpe_bdq_aqua_ref,False
2305506,Iguatu,CE,2021,4,0.0,0.0,,,,,True,inpe_bdq_aqua_ref,False
2305506,Iguatu,CE,2021,5,0.0,0.0,,,,,True,inpe_bdq_aqua_ref,False
2305506,Iguatu,CE,2021,6,2.0,38.7,19.35,28.1,1.0,22.0,False,inpe_bdq_aqua_ref,False
2305506,Iguatu,CE,2021,7,0.0,0.0,,,,,True,inpe_bdq_aqua_ref,False
2305506,Iguatu,CE,2021,8,2.0,28.0,14.0,16.5,1.0,42.5,False,inpe_bdq_aqua_ref,False
2305506,Iguatu,CE,2021,9,3.0,108.1,36.03333333333333,50.0,0.9666666666666667,28.666666666666668,False,inpe_bdq_aqua_ref,False
2305506,Iguatu,CE,2021,10,10.0,1845.5,184.55,654.9,1.0,72.3,False,inpe_bdq_aqua_ref,False
2305506,Iguatu,CE,2021,11,5.0,115.89999999999999,23.18,46.3,0.9800000000000001,14.4,False,inpe_bdq_aqua_ref,False
2305506,Iguatu,CE,2021,12,0.0,0.0,,,,,True,inpe_bdq_aqua_ref,False
2305506,Iguatu,CE,2022,1,0.0,0.0,,,,,True,inpe_bdq_aqua_ref,False
2305506,Iguatu,CE,2022,2,0.0,0.0,,,,,True,inpe_bdq_aqua_ref,False
2305506,Iguatu,CE,2022,3,0.0,0.0,,,,,True,inpe_bdq_aqua_ref,False
2305506,Iguatu,CE,2022,4,0.0,0.0,,,,,True,inpe_bdq_aqua_ref,False
2305506,Iguatu,CE,2022,5,0.0,0.0,,,,,True,inpe_bdq_aqua_ref,False
2305506,Iguatu,CE,2022,6,0.0,0.0,,,,,True,inpe_bdq_aqua_ref,False
2305506,Iguatu,CE,2022,7,0.0,0.0,,,,,True,inpe_bdq_aqua_ref,False
2305506,Iguatu,CE,2022,8,8.0,428.2,53.525,156.5,1.0,8.375,False,inpe_bdq_aqua_ref,False
2305506,Iguatu,CE,2022,9,9.0,832.9000000000001,92.54444444444445,331.1,1.0,17.0,False,inpe_bdq_aqua_ref,False
2305506,Iguatu,CE,2022,10,18.0,1750.0,97.22222222222223,436.7,1.0,41.22222222222222,False,inpe_bdq_aqua_ref,False
2305506,Iguatu,CE,2022,11,7.0,1156.1000000000001,165.15714285714287,860.1,0.7057142857142857,4.714285714285714,False,inpe_bdq_aqua_ref,False
2305506,Iguatu,CE,2022,12,6.0,149.5,24.916666666666668,47.4,0.8333333333333334,2.8333333333333335,False,inpe_bdq_aqua_ref,False
2305506,Iguatu,CE,2023,1,0.0,0.0,,,,,True,inpe_bdq_aqua_ref,False
2305506,Iguatu,CE,2023,2,0.0,0.0,,,,,True,inpe_bdq_aqua_ref,False
2305506,Iguatu,CE,2023,3,1.0,8.2,8.2,8.2,0.0,3.0,False,inpe_bdq_aqua_ref,False
2305506,Iguatu,CE,2023,4,2.0,17.200000000000003,8.600000000000001,9.8,0.0,3.0,False,inpe_bdq_aqua_ref,False
2305506,Iguatu,CE,2023,5,0.0,0.0,,,,,True,inpe_bdq_aqua_ref,False
2305506,Iguatu,CE,2023,6,0.0,0.0,,,,,True,inpe_bdq_aqua_ref,False
2305506,Iguatu,CE,2023,7,0.0,0.0,,,,,True,inpe_bdq_aqua_ref,False
2305506,Iguatu,CE,2023,8,4.0,159.4,39.85,114.9,1.0,23.25,False,inpe_bdq_aqua_ref,False
2305506,Iguatu,CE,2023,9,4.0,93.4,23.35,45.2,1.0,69.0,False,inpe_bdq_aqua_ref,False
2305506,Iguatu,CE,2023,10,18.0,889.7,49.42777777777778,123.3,1.0,40.666666666666664,False,inpe_bdq_aqua_ref,False
2305506,Iguatu,CE,2023,11,12.0,450.1,37.50833333333333,91.4,1.0,13.0,False,inpe_bdq_aqua_ref,False
2305506,Iguatu,CE,2023,12,6.0,279.40000000000003,46.56666666666667,96.2,0.7399999999999999,25.833333333333332,False,inpe_bdq_aqua_ref,False
2305506,Iguatu,CE,2024,1,4.0,309.6,77.4,114.8,0.33999999999999997,0.0,False,inpe_bdq_aqua_ref,False
2305506,Iguatu,CE,2024,2,1.0,139.6,139.6,139.6,0.91,5.0,False,inpe_bdq_aqua_ref,False
2305506,Iguatu,CE,2024,3,3.0,20.900000000000002,6.966666666666668,11.3,0.006666666666666667,0.6666666666666666,False,inpe_bdq_aqua_ref,False
2305506,Iguatu,CE,2024,4,4.0,66.9,16.725,26.2,0.0075,1.5,False,inpe_bdq_aqua_ref,False
2305506,Iguatu,CE,2024,5,0.0,0.0,,,,,True,inpe_bdq_aqua_ref,False
2305506,Iguatu,CE,2024,6,1.0,7.6,7.6,7.6,0.69,12.0,False,inpe_bdq_aqua_ref,False
2305506,Iguatu,CE,2024,7,0.0,0.0,,,,,True,inpe_bdq_aqua_ref,False
2305506,Iguatu,CE,2024,8,2.0,53.599999999999994,26.799999999999997,34.8,1.0,39.5,False,inpe_bdq_aqua_ref,False
2305506,Iguatu,CE,2024,9,6.0,427.2,71.2,135.4,1.0,64.83333333333333,False,inpe_bdq_aqua_ref,False
2305506,Iguatu,CE,2024,10,3.0,38.1,12.700000000000001,18.5,1.0,97.0,False,inpe_bdq_aqua_ref,False
2305506,Iguatu,CE,2024,11,8.0,276.4,34.55,65.3,1.0,115.125,False,inpe_bdq_aqua_ref,False
2305506,Iguatu,CE,2024,12,35.0,1429.3,40.83714285714286,213.1,0.9702857142857143,8.314285714285715,False,inpe_bdq_aqua_ref,False
2305506,Iguatu,CE,2025,1,0.0,0.0,,,,,True,inpe_bdq_aqua_ref,False
2305506,Iguatu,CE,2025,2,0.0,0.0,,,,,True,inpe_bdq_aqua_ref,False
2305506,Iguatu,CE,2025,3,0.0,0.0,,,,,True,inpe_bdq_aqua_ref,False
2305506,Iguatu,CE,2025,4,0.0,0.0,,,,,True,inpe_bdq_aqua_ref,False
2305506,Iguatu,CE,2025,5,2.0,27.799999999999997,13.899999999999999,23.9,0.65,7.0,False,inpe_bdq_aqua_ref,False
2305506,Iguatu,CE,2025,6,0.0,0.0,,,,,True,inpe_bdq_aqua_ref,False
2305506,Iguatu,CE,2025,7,0.0,0.0,,,,,True,inpe_bdq_aqua_ref,False
2305506,Iguatu,CE,2025,8,0.0,0.0,,,,,True,inpe_bdq_aqua_ref,False
2305506,Iguatu,CE,2025,9,3.0,27.4,9.133333333333333,11.0,1.0,52.0,False,inpe_bdq_aqua_ref,False
2305704,Ipaumirim,CE,2025,1,2.0,92.30000000000001,46.150000000000006,55.7,0.485,3.0,False,inpe_bdq_aqua_ref,False
2305704,Ipaumirim,CE,2025,2,0.0,0.0,,,,,True,inpe_bdq_aqua_ref,False
2305704,Ipaumirim,CE,2025,3,0.0,0.0,,,,,True,inpe_bdq_aqua_ref,False
2305704,Ipaumirim,CE,2025,4,0.0,0.0,,,,,True,inpe_bdq_aqua_ref,False
2305704,Ipaumirim,CE,2025,5,0.0,0.0,,,,,True,inpe_bdq_aqua_ref,False
2305704,Ipaumirim,CE,2025,6,0.0,0.0,,,,,True,inpe_bdq_aqua_ref,False
2305704,Ipaumirim,CE,2025,7,0.0,0.0,,,,,True,inpe_bdq_aqua_ref,False
2305704,Ipaumirim,CE,2025,8,0.0,0.0,,,,,True,inpe_bdq_aqua_ref,False
2305704,Ipaumirim,CE,2025,9,1.0,42.1,42.1,42.1,1.0,19.0,False,inpe_bdq_aqua_ref,False
2305704,Ipaumirim,CE,2025,10,7.0,197.1,28.157142857142855,87.8,1.0,57.285714285714285,False,inpe_bdq_aqua_ref,False
2306405,Itapipoca,CE,2003,1,19.0,1997.1,105.11052631578947,1155.1,,,False,inpe_bdq_aqua_ref,False
2306405,Itapipoca,CE,2003,2,0.0,0.0,,,,,True,inpe_bdq_aqua_ref,False
2306405,Itapipoca,CE,2003,3,0.0,0.0,,,,,True,inpe_bdq_aqua_ref,False
2306405,Itapipoca,CE,2003,4,0.0,0.0,,,,,True,inpe_bdq_aqua_ref,False
2306405,Itapipoca,CE,2003,5,0.0,0.0,,,,,True,inpe_bdq_aqua_ref,False
2306405,Itapipoca,CE,2003,6,0.0,0.0,,,,,True,inpe_bdq_aqua_ref,False
2306405,Itapipoca,CE,2003,7,0.0,0.0,,,,,True,inpe_bdq_aqua_ref,False
2306405,Itapipoca,CE,2003,8,2.0,24.0,12.0,17.0,,,False,inpe_bdq_aqua_ref,False
2306405,Itapipoca,CE,2003,9,0.0,0.0,,,,,True,inpe_bdq_aqua_ref,False
2306405,Itapipoca,CE,2003,10,5.0,464.5,92.9,144.0,,,False,inpe_bdq_aqua_ref,False
2306405,Itapipoca,CE,2003,11,79.0,5752.2,72.8126582278481,886.6,,,False,inpe_bdq_aqua_ref,False
2306405,Itapipoca,CE,2003,12,100.0,7234.6,72.346,705.4,,,False,inpe_bdq_aqua_ref,False
2306405,Itapipoca,CE,2004,1,7.0,393.7,56.24285714285714,171.2,,,False,inpe_bdq_aqua_ref,False
2306405,Itapipoca,CE,2004,2,0.0,0.0,,,,,True,inpe_bdq_aqua_ref,False
2306405,Itapipoca,CE,2004,3,0.0,0.0,,,,,True,inpe_bdq_aqua_ref,False
2306405,Itapipoca,CE,2004,4,0.0,0.0,,,,,True,inpe_bdq_aqua_ref,False
2306405,Itapipoca,CE,2004,5,0.0,0.0,,,,,True,inpe_bdq_aqua_ref,False
2306405,Itapipoca,CE,2004,6,0.0,0.0,,,,,True,inpe_bdq_aqua_ref,False
2306405,Itapipoca,CE,2004,7,0.0,0.0,,,,,True,inpe_bdq_aqua_ref,False
2306405,Itapipoca,CE,2004,8,2.0,35.2,17.6,24.9,,,False,inpe_bdq_aqua_ref,False
2306405,Itapipoca,CE,2004,9,1.0,42.8,42.8,42.8,,,False,inpe_bdq_aqua_ref,False
2306405,Itapipoca,CE,2004,10,7.0,195.5,27.928571428571427,45.1,,,False,inpe_bdq_aqua_ref,False
2306405,Itapipoca,CE,2004,11,77.0,3779.1,49.079220779220776,248.7,,,False,inpe_bdq_aqua_ref,False
2306405,Itapipoca,CE,2004,12,100.0,7439.5,74.395,817.7,,,False,inpe_bdq_aqua_ref,False
2306405,Itapipoca,CE,2005,1,12.0,266.9,22.241666666666664,62.6,,,False,inpe_bdq_aqua_ref,False
2306405,Itapipoca,CE,2005,2,0.0,0.0,,,,,True,inpe_bdq_aqua_ref,False
2306405,Itapipoca,CE,2005,3,0.0,0.0,,,,,True,inpe_bdq_aqua_ref,False
2306405,Itapipoca,CE,2005,4,0.0,0.0,,,,,True,inpe_bdq_aqua_ref,False
2306405,Itapipoca,CE,2005,5,0.0,0.0,,,,,True,inpe_bdq_aqua_ref,False
2306405,Itapipoca,CE,2005,6,0.0,0.0,,,,,True,inpe_bdq_aqua_ref,False
2306405,Itapipoca,CE,2005,7,2.0,18.9,9.45,10.5,,,False,inpe_bdq_aqua_ref,False
2306405,Itapipoca,CE,2005,8,2.0,29.9,14.95,16.4,,,False,inpe_bdq_aqua_ref,False
2306405,Itapipoca,CE,2005,9,1.0,30.5,30.5,30.5,,,False,inpe_bdq_aqua_ref,False
2306405,Itapipoca,CE,2005,10,8.0,221.4,27.675,103.4,,,False,inpe_bdq_aqua_ref,False
2306405,Itapipoca,CE,2005,11,30.0,854.3,28.476666666666667,64.2,,,False,inpe_bdq_aqua_ref,False
2306405,Itapipoca,CE,2005,12,100.0,4662.6,46.626000000000005,300.1,,,False,inpe_bdq_aqua_ref,False
2306405,Itapipoca,CE,2006,1,11.0,1001.9,91.08181818181818,349.2,,,False,inpe_bdq_aqua_ref,False
2306405,Itapipoca,CE,2006,2,1.0,18.6,18.6,18.6,,,False,inpe_bdq_aqua_ref,False
2306405,Itapipoca,CE,2006,3,0.0,0.0,,,,,True,inpe_bdq_aqua_ref,False
2306405,Itapipoca,CE,2006,4,0.0,0.0,,,,,True,inpe_bdq_aqua_ref,False
2306405,Itapipoca,CE,2006,5,0.0,0.0,,,,,True,inpe_bdq_aqua_ref,False
2306405,Itapipoca,CE,2006,6,0.0,0.0,,,,,True,inpe_bdq_aqua_ref,False
2306405,Itapipoca,CE,2006,7,0.0,0.0,,,,,True,inpe_bdq_aqua_ref,False
2306405,Itapipoca,CE,2006,8,0.0,0.0,,,,,True,inpe_bdq_aqua_ref,False
2306405,Itapipoca,CE,2006,9,10.0,248.10000000000002,24.810000000000002,66.7,,,False,inpe_bdq_aqua_ref,False
2306405,Itapipoca,CE,2006,10,0.0,0.0,,,,,True,inpe_bdq_aqua_ref,False
2306405,Itapipoca,CE,2006,11,13.0,398.8,30.676923076923078,82.9,,,False,inpe_bdq_aqua_ref,False
2306405,Itapipoca,CE,2006,12,93.0,4100.0,44.086021505376344,259.3,,,False,inpe_bdq_aqua_ref,False
2306405,Itapipoca,CE,2007,1,10.0,271.5,27.15,79.1,,,False,inpe_bdq_aqua_ref,False
2306405,Itapipoca,CE,2007,2,0.0,0.0,,,,,True,inpe_bdq_aqua_ref,False
2306405,Itapipoca,CE,2007,3,0.0,0.0,,,,,True,inpe_bdq_aqua_ref,False
2306405,Itapipoca,CE,2007,4,0.0,0.0,,,,,True,inpe_bdq_aqua_ref,False
2306405,Itapipoca,CE,2007,5,0.0,0.0,,,,,True,inpe_bdq_aqua_ref,False
2306405,Itapipoca,CE,2007,6,0.0,0.0,,,,,True,inpe_bdq_aqua_ref,False
2306405,Itapipoca,CE,2007,7,3.0,114.1,38.03333333333333,54.7,,,False,inpe_bdq_aqua_ref,False
2306405,Itapipoca,CE,2007,8,4.0,122.1,30.525,56.1,,,False,inpe_bdq_aqua_ref,False
2306405,Itapipoca,CE,2007,9,3.0,52.1,17.366666666666667,27.3,,,False,inpe_bdq_aqua_ref,False
2306405,Itapipoca,CE,2007,10,4.0,135.8,33.95,46.0,,,False,inpe_bdq_aqua_ref,False
2306405,Itapipoca,CE,2007,11,33.0,1208.8,36.630303030303025,158.9,,,False,inpe_bdq_aqua_ref,False
2306405,Itapipoca,CE,2007,12,100.0,4525.3,45.253,288.4,,,False,inpe_bdq_aqua_ref,False
2306405,Itapipoca,CE,2008,1,3.0,463.5,154.5,284.1,,,False,inpe_bdq_aqua_ref,False
2306405,Itapipoca,CE,2008,2,1.0,9.7,9.7,9.7,,,False,inpe_bdq_aqua_ref,False
2306405,Itapipoca,CE,2008,3,0.0,0.0,,,,,True,inpe_bdq_aqua_ref,False
2306405,Itapipoca,CE,2008,4,0.0,0.0,,,,,True,inpe_bdq_aqua_ref,False
2306405,Itapipoca,CE,2008,5,0.0,0.0,,,,,True,inpe_bdq_aqua_ref,False
2306405,Itapipoca,CE,2008,6,0.0,0.0,,,,,True,inpe_bdq_aqua_ref,False
2306405,Itapipoca,CE,2008,7,0.0,0.0,,,,,True,inpe_bdq_aqua_ref,False
2306405,Itapipoca,CE,2008,8,6.0,1475.3,245.88333333333333,1203.0,,,False,inpe_bdq_aqua_ref,False
2306405,Itapipoca,CE,2008,9,3.0,224.0,74.66666666666667,101.1,,,False,inpe_bdq_aqua_ref,False
2306405,Itapipoca,CE,2008,10,0.0,0.0,,,,,True,inpe_bdq_aqua_ref,False
2306405,Itapipoca,CE,2008,11,11.0,483.0,43.90909090909091,149.7,,,False,inpe_bdq_aqua_ref,False
2306405,Itapipoca,CE,2008,12,100.0,5029.7,50.297,309.1,,,False,inpe_bdq_aqua_ref,False
2306405,Itapipoca,CE,2009,1,16.0,601.0,37.5625,96.7,,,False,inpe_bdq_aqua_ref,False
2306405,Itapipoca,CE,2009,2,0.0,0.0,,,,,True,inpe_bdq_aqua_ref,False
2306405,Itapipoca,CE,2009,3,0.0,0.0,,,,,True,inpe_bdq_aqua_ref,False
2306405,Itapipoca,CE,2009,4,0.0,0.0,,,,,True,inpe_bdq_aqua_ref,False
2306405,Itapipoca,CE,2009,5,0.0,0.0,,,,,True,inpe_bdq_aqua_ref,False
2306405,Itapipoca,CE,2009,6,0.0,0.0,,,,,True,inpe_bdq_aqua_ref,False
2306405,Itapipoca,CE,2009,7,0.0,0.0,,,,,True,inpe_bdq_aqua_ref,False
2306405,Itapipoca,CE,2009,8,1.0,20.3,20.3,20.3,,,False,inpe_bdq_aqua_ref,False
2306405,Itapipoca,CE,2009,9,0.0,0.0,,,,,True,inpe_bdq_aqua_ref,False
2306405,Itapipoca,CE,2009,10,0.0,0.0,,,,,True,inpe_bdq_aqua_ref,False
2306405,Itapipoca,CE,2009,11,6.0,200.9,33.483333333333334,50.8,,,False,inpe_bdq_aqua_ref,False
2306405,Itapipoca,CE,2009,12,87.0,3870.2,44.48505747126437,455.9,,,False,inpe_bdq_aqua_ref,False
2306405,Itapipoca,CE,2010,1,18.0,361.8,20.1,47.1,,,False,inpe_bdq_aqua_ref,False
2306405,Itapipoca,CE,2010,2,1.0,10.3,10.3,10.3,,,False,inpe_bdq_aqua_ref,False
2306405,Itapipoca,CE,2010,3,0.0,0.0,,,,,True,inpe_bdq_aqua_ref,False
2306405,Itapipoca,CE,2010,4,0.0,0.0,,,,,True,inpe_bdq_aqua_ref,False
2306405,Itapipoca,CE,2010,5,1.0,8.5,8.5,8.5,,,False,inpe_bdq_aqua_ref,False
2306405,Itapipoca,CE,2010,6,8.0,187.4,23.425,46.9,,,False,inpe_bdq_aqua_ref,False
2306405,Itapipoca,CE,2010,7,4.0,131.1,32.775,57.6,,,False,inpe_bdq_aqua_ref,False
2306405,Itapipoca,CE,2010,8,12.0,315.3,26.275000000000002,63.0,,,False,inpe_bdq_aqua_ref,False
2306405,Itapipoca,CE,2010,9,13.0,634.1,48.776923076923076,190.9,,,False,inpe_bdq_aqua_ref,False
2306405,Itapipoca,CE,2010,10,3.0,81.6,27.2,32.0,,,False,inpe_bdq_aqua_ref,False
2306405,Itapipoca,CE,2010,11,52.0,3039.6,58.45384615384615,434.9,,,False,inpe_bdq_aqua_ref,False
2306405,Itapipoca,CE,2010,12,50.0,2302.6,46.052,143.6,,,False,inpe_bdq_aqua_ref,False
2306405,Itapipoca,CE,2011,1,0.0,0.0,,,,,True,inpe_bdq_aqua_ref,False
2306405,Itapipoca,CE,2011,2,0.0,0.0,,,,,True,inpe_bdq_aqua_ref,False
2306405,Itapipoca,CE,2011,3,0.0,0.0,,,,,True,inpe_bdq_aqua_ref,False
2306405,Itapipoca,CE,2011,4,0.0,0.0,,,,,True,inpe_bdq_aqua_ref,False
2306405,Itapipoca,CE,2011,5,0.0,0.0,,,,,True,inpe_bdq_aqua_ref,False
2306405,Itapipoca,CE,2011,6,0.0,0.0,,,,,True,inpe_bdq_aqua_ref,False
2306405,Itapipoca,CE,2011,7,0.0,0.0,,,,,True,inpe_bdq_aqua_ref,False
2306405,Itapipoca,CE,2011,8,0.0,0.0,,,,,True,inpe_bdq_aqua_ref,False
2306405,Itapipoca,CE,2011,9,3.0,39.6,13.200000000000001,17.9,,,False,inpe_bdq_aqua_ref,False
2306405,Itapipoca,CE,2011,10,0.0,0.0,,,,,True,inpe_bdq_aqua_ref,False
2306405,Itapipoca,CE,2011,11,13.0,299.9,23.069230769230767,42.8,,,False,inpe_bdq_aqua_ref,False
2306405,Itapipoca,CE,2011,12,69.0,2831.8,41.04057971014493,380.6,,,False,inpe_bdq_aqua_ref,False
2306405,Itapipoca,CE,2012,1,18.0,965.6999999999999,53.65,335.5,,,False,inpe_bdq_aqua_ref,False
2306405,Itapipoca,CE,2012,2,0.0,0.0,,,,,True,inpe_bdq_aqua_ref,False
2306405,Itapipoca,CE,2012,3,0.0,0.0,,,,,True,inpe_bdq_aqua_ref,False
2306405,Itapipoca,CE,2012,4,0.0,0.0,,,,,True,inpe_bdq_aqua_ref,False
2306405,Itapipoca,CE,2012,5,0.0,0.0,,,,,True,inpe_bdq_aqua_ref,False
2306405,Itapipoca,CE,2012,6,0.0,0.0,,,,,True,inpe_bdq_aqua_ref,False
2306405,Itapipoca,CE,2012,7,0.0,0.0,,,,,True,inpe_bdq_aqua_ref,False
2306405,Itapipoca,CE,2012,8,4.0,66.7,16.675,37.0,,,False,inpe_bdq_aqua_ref,False
2306405,Itapipoca,CE,2012,9,2.0,41.400000000000006,20.700000000000003,32.6,,,False,inpe_bdq_aqua_ref,False
2306405,Itapipoca,CE,2012,10,1.0,14.4,14.4,14.4,,,False,inpe_bdq_aqua_ref,False
2306405,Itapipoca,CE,2012,11,27.0,966.3,35.788888888888884,134.8,,,False,inpe_bdq_aqua_ref,False
2306405,Itapipoca,CE,2012,12,58.0,3189.5,54.991379310344826,335.3,,,False,inpe_bdq_aqua_ref,False
2306405,Itapipoca,CE,2013,1,7.0,229.70000000000002,32.81428571428572,64.5,,,False,inpe_bdq_aqua_ref,False
2306405,Itapipoca,CE,2013,2,1.0,15.6,15.6,15.6,,,False,inpe_bdq_aqua_ref,False
2306405,Itapipoca,CE,2013,3,1.0,40.9,40.9,40.9,,,False,inpe_bdq_aqua_ref,False
2306405,Itapipoca,CE,2013,4,0.0,0.0,,,,,True,inpe_bdq_aqua_ref,False
2306405,Itapipoca,CE,2013,5,0.0,0.0,,,,,True,inpe_bdq_aqua_ref,False
2306405,Itapipoca,CE,2013,6,0.0,0.0,,,,,True,inpe_bdq_aqua_ref,False
2306405,Itapipoca,CE,2013,7,0.0,0.0,,,,,True,inpe_bdq_aqua_ref,False
2306405,Itapipoca,CE,2013,8,2.0,29.599999999999998,14.799999999999999,19.9,,,False,inpe_bdq_aqua_ref,False
2306405,Itapipoca,CE,2013,9,0.0,0.0,,,,,True,inpe_bdq_aqua_ref,False
2306405,Itapipoca,CE,2013,10,2.0,45.7,22.85,27.2,,,False,inpe_bdq_aqua_ref,False
2306405,Itapipoca,CE,2013,11,3.0,52.8,17.599999999999998,21.4,,,False,inpe_bdq_aqua_ref,False
2306405,Itapipoca,CE,2013,12,72.0,3349.5,46.520833333333336,192.9,,,False,inpe_bdq_aqua_ref,False
2306405,Itapipoca,CE,2014,1,4.0,110.9,27.725,32.4,0.75,8.75,False,inpe_bdq_aqua_ref,False
2306405,Itapipoca,CE,2014,2,0.0,0.0,,,,,True,inpe_bdq_aqua_ref,False
2306405,Itapipoca,CE,2014,3,0.0,0.0,,,,,True,inpe_bdq_aqua_ref,False
2306405,Itapipoca,CE,2014,4,0.0,0.0,,,,,True,inpe_bdq_aqua_ref,False
2306405,Itapipoca,CE,2014,5,0.0,0.0,,,,,True,inpe_bdq_aqua_ref,False
2306405,Itapipoca,CE,2014,6,0.0,0.0,,,,,True,inpe_bdq_aqua_ref,False
2306405,Itapipoca,CE,2014,7,3.0,214.4,71.46666666666667,128.3,0.6666666666666666,20.0,False,inpe_bdq_aqua_ref,False
2306405,Itapipoca,CE,2014,8,2.0,61.0,30.5,37.5,1.0,43.0,False,inpe_bdq_aqua_ref,False
2306405,Itapipoca,CE,2014,9,1.0,55.5,55.5,55.5,1.0,73.0,False,inpe_bdq_aqua_ref,False
2306405,Itapipoca,CE,2014,10,4.0,135.1,33.775,41.9,1.0,69.25,False,inpe_bdq_aqua_ref,False
2306405,Itapipoca,CE,2014,11,8.0,202.5,25.3125,56.0,1.0,59.375,False,inpe_bdq_aqua_ref,False
2306405,Itapipoca,CE,2014,12,33.0,1289.1,39.06363636363636,210.0,0.9878787878787879,16.181818181818183,False,inpe_bdq_aqua_ref,False
2306405,Itapipoca,CE,2015,1,7.0,265.8,37.971428571428575,94.4,1.0,3.4285714285714284,False,inpe_bdq_aqua_ref,False
2306405,Itapipoca,CE,2015,2,0.0,0.0,,,,,True,inpe_bdq_aqua_ref,False
2306405,Itapipoca,CE,2015,3,0.0,0.0,,,,,True,inpe_bdq_aqua_ref,False
2306405,Itapipoca,CE,2015,4,0.0,0.0,,,,,True,inpe_bdq_aqua_ref,False
2306405,Itapipoca,CE,2015,5,0.0,0.0,,,,,True,inpe_bdq_aqua_ref,False
2306405,Itapipoca,CE,2015,6,0.0,0.0,,,,,True,inpe_bdq_aqua_ref,False
2306405,Itapipoca,CE,2015,7,0.0,0.0,,,,,True,inpe_bdq_aqua_ref,False
2306405,Itapipoca,CE,2015,8,7.0,202.4,28.914285714285715,58.9,1.0,44.0,False,inpe_bdq_aqua_ref,False
2306405,Itapipoca,CE,2015,9,1.0,54.2,54.2,54.2,1.0,83.0,False,inpe_bdq_aqua_ref,False
2306405,Itapipoca,CE,2015,10,3.0,100.6,33.53333333333333,36.9,1.0,113.33333333333333,False,inpe_bdq_aqua_ref,False
2306405,Itapipoca,CE,2015,11,20.0,703.8,35.19,80.0,1.0,92.9,False,inpe_bdq_aqua_ref,False
2306405,Itapipoca,CE,2015,12,51.0,1958.0,38.3921568627451,123.5,0.9980392156862745,38.6078431372549,False,inpe_bdq_aqua_ref,False
2306405,Itapipoca,CE,2016,1,1.0,8.2,8.2,8.2,1.0,3.0,False,inpe_bdq_aqua_ref,False
2306405,Itapipoca,CE,2016,2,0.0,0.0,,,,,True,inpe_bdq_aqua_ref,False
2306405,Itapipoca,CE,2016,3,0.0,0.0,,,,,True,inpe_bdq_aqua_ref,False
2306405,Itapipoca,CE,2016,4,0.0,0.0,,,,,True,inpe_bdq_aqua_ref,False
2306405,Itapipoca,CE,2016,5,0.0,0.0,,,,,True,inpe_bdq_aqua_ref,False
2306405,Itapipoca,CE,2016,6,1.0,13.8,13.8,13.8,1.0,6.0,False,inpe_bdq_aqua_ref,False
2306405,Itapipoca,CE,2016,7,0.0,0.0,,,,,True,inpe_bdq_aqua_ref,False
2306405,Itapipoca,CE,2016,8,4.0,88.7,22.175,29.1,1.0,27.75,False,inpe_bdq_aqua_ref,False
2306405,Itapipoca,CE,2016,9,2.0,23.2,11.6,12.0,1.0,39.0,False,inpe_bdq_aqua_ref,False
2306405,Itapipoca,CE,2016,10,4.0,190.29999999999998,47.574999999999996,83.3,1.0,29.25,False,inpe_bdq_aqua_ref,False
2306405,Itapipoca,CE,2016,11,35.0,1523.0,43.51428571428571,181.4,1.0,64.62857142857143,False,inpe_bdq_aqua_ref,False
2306405,Itapipoca,CE,2016,12,40.0,2099.7000000000003,52.49250000000001,228.3,0.9800000000000001,61.675,False,inpe_bdq_aqua_ref,False
2306405,Itapipoca,CE,2017,1,1.0,27.7,27.7,27.7,0.8,0.0,False,inpe_bdq_aqua_ref,False
2306405,Itapipoca,CE,2017,2,0.0,0.0,,,,,True,inpe_bdq_aqua_ref,False
2306405,Itapipoca,CE,2017,3,0.0,0.0,,,,,True,inpe_bdq_aqua_ref,False
2306405,Itapipoca,CE,2017,4,0.0,0.0,,,,,True,inpe_bdq_aqua_ref,False
2306405,Itapipoca,CE,2017,5,1.0,7.2,7.2,7.2,1.0,0.0,False,inpe_bdq_aqua_ref,False
2306405,Itapipoca,CE,2017,6,0.0,0.0,,,,,True,inpe_bdq_aqua_ref,False
2306405,Itapipoca,CE,2017,7,0.0,0.0,,,,,True,inpe_bdq_aqua_ref,False
2306405,Itapipoca,CE,2017,8,2.0,75.3,37.65,40.8,1.0,0.0,False,inpe_bdq_aqua_ref,False
2306405,Itapipoca,CE,2017,9,8.0,214.9,26.8625,70.0,1.0,0.0,False,inpe_bdq_aqua_ref,False
2306405,Itapipoca,CE,2017,10,2.0,213.0,106.5,180.6,1.0,0.0,False,inpe_bdq_aqua_ref,False
2306405,Itapipoca,CE,2017,11,16.0,829.9,51.86875,139.9,1.0,0.0,False,inpe_bdq_aqua_ref,False
2306405,Itapipoca,CE,2017,12,79.0,3868.8,48.97215189873418,241.4,-11.665822784810127,0.0,False,inpe_bdq_aqua_ref,False
2306405,Itapipoca,CE,2018,1,4.0,123.70000000000002,30.925000000000004,65.4,0.8,0.0,False,inpe_bdq_aqua_ref,False
2306405,Itapipoca,CE,2018,2,0.0,0.0,,,,,True,inpe_bdq_aqua_ref,False
2306405,Itapipoca,CE,2018,3,0.0,0.0,,,,,True,inpe_bdq_aqua_ref,False
2306405,Itapipoca,CE,2018,4,0.0,0.0,,,,,True,inpe_bdq_aqua_ref,False
2306405,Itapipoca,CE,2018,5,0.0,0.0,,,,,True,inpe_bdq_aqua_ref,False
2306405,Itapipoca,CE,2018,6,0.0,0.0,,,,,True,inpe_bdq_aqua_ref,False
2306405,Itapipoca,CE,2018,7,0.0,0.0,,,,,True,inpe_bdq_aqua_ref,False
2306405,Itapipoca,CE,2018,8,2.0,65.5,32.75,36.4,1.0,39.0,False,inpe_bdq_aqua_ref,False
2306405,Itapipoca,CE,2018,9,8.0,366.5,45.8125,104.0,1.0,53.5,False,inpe_bdq_aqua_ref,False
2306405,Itapipoca,CE,2018,10,7.0,291.9,41.699999999999996,105.0,1.0,94.0,False,inpe_bdq_aqua_ref,False
2306405,Itapipoca,CE,2018,11,9.0,319.90000000000003,35.54444444444445,147.4,1.0,17.77777777777778,False,inpe_bdq_aqua_ref,False
2306405,Itapipoca,CE,2018,12,25.0,718.4,28.736,131.1,0.804,2.32,False,inpe_bdq_aqua_ref,False
2306405,Itapipoca,CE,2019,1,5.0,55.6,11.120000000000001,18.3,0.8,7.6,False,inpe_bdq_aqua_ref,False
2306405,Itapipoca,CE,2019,2,0.0,0.0,,,,,True,inpe_bdq_aqua_ref,False
2306405,Itapipoca,CE,2019,3,0.0,0.0,,,,,True,inpe_bdq_aqua_ref,False
2306405,Itapipoca,CE,2019,4,0.0,0.0,,,,,True,inpe_bdq_aqua_ref,False
2306405,Itapipoca,CE,2019,5,0.0,0.0,,,,,True,inpe_bdq_aqua_ref,False
2306405,Itapipoca,CE,2019,6,1.0,11.0,11.0,11.0,0.5,6.0,False,inpe_bdq_aqua_ref,False
2306405,Itapipoca,CE,2019,7,0.0,0.0,,,,,True,inpe_bdq_aqua_ref,False
2306405,Itapipoca,CE,2019,8,1.0,10.6,10.6,10.6,1.0,29.0,False,inpe_bdq_aqua_ref,False
2306405,Itapipoca,CE,2019,9,2.0,53.4,26.7,41.0,1.0,52.0,False,inpe_bdq_aqua_ref,False
2306405,Itapipoca,CE,2019,10,4.0,123.5,30.875,67.5,1.0,97.5,False,inpe_bdq_aqua_ref,False
2306405,Itapipoca,CE,2019,11,20.0,586.0,29.3,109.5,-49.0,118.1,False,inpe_bdq_aqua_ref,False
2306405,Itapipoca,CE,2019,12,25.0,756.9,30.276,68.8,1.0,64.84,False,inpe_bdq_aqua_ref,False
2306405,Itapipoca,CE,2020,1,0.0,0.0,,,,,True,inpe_bdq_aqua_ref,False
2306405,Itapipoca,CE,2020,2,0.0,0.0,,,,,True,inpe_bdq_aqua_ref,False
2306405,Itapipoca,CE,2020,3,0.0,0.0,,,,,True,inpe_bdq_aqua_ref,False
2306405,Itapipoca,CE,2020,4,0.0,0.0,,,,,True,inpe_bdq_aqua_ref,False
2306405,Itapipoca,CE,2020,5,0.0,0.0,,,,,True,inpe_bdq_aqua_ref,False
2306405,Itapipoca,CE,2020,6,0.0,0.0,,,,,True,inpe_bdq_aqua_ref,False
2306405,Itapipoca,CE,2020,7,2.0,35.1,17.55,22.2,1.0,19.0,False,inpe_bdq_aqua_ref,False
2306405,Itapipoca,CE,2020,8,3.0,39.4,13.133333333333333,18.9,1.0,39.0,False,inpe_bdq_aqua_ref,False
2306405,Itapipoca,CE,2020,9,3.0,48.1,16.033333333333335,19.4,1.0,69.66666666666667,False,inpe_bdq_aqua_ref,False
2306405,Itapipoca,CE,2020,10,2.0,24.799999999999997,12.399999999999999,15.1,1.0,90.0,False,inpe_bdq_aqua_ref,False
2306405,Itapipoca,CE,2020,11,18.0,708.3,39.349999999999994,146.4,0.9688888888888889,31.22222222222222,False,inpe_bdq_aqua_ref,False
2306405,Itapipoca,CE,2020,12,39.0,1168.7,29.96666666666667,114.5,0.9,5.82051282051282,False,inpe_bdq_aqua_ref,False
2306405,Itapipoca,CE,2021,1,7.0,138.9,19.842857142857145,30.3,0.9285714285714286,16.0,False,inpe_bdq_aqua_ref,False
2306405,Itapipoca,CE,2021,2,0.0,0.0,,,,,True,inpe_bdq_aqua_ref,False
2306405,Itapipoca,CE,2021,3,0.0,0.0,,,,,True,inpe_bdq_aqua_ref,False
2306405,Itapipoca,CE,2021,4,0.0,0.0,,,,,True,inpe_bdq_aqua_ref,False
2306405,Itapipoca,CE,2021,5,0.0,0.0,,,,,True,inpe_bdq_aqua_ref,False
2306405,Itapipoca,CE,2021,6,2.0,12.0,6.0,6.0,0.6000000000000001,2.0,False,inpe_bdq_aqua_ref,False
2306405,Itapipoca,CE,2021,7,2.0,54.9,27.45,36.0,-499.05,15.5,False,inpe_bdq_aqua_ref,False
2306405,Itapipoca,CE,2021,8,1.0,14.1,14.1,14.1,1.0,52.0,False,inpe_bdq_aqua_ref,False
2306405,Itapipoca,CE,2021,9,2.0,76.19999999999999,38.099999999999994,51.8,1.0,71.0,False,inpe_bdq_aqua_ref,False
2306405,Itapipoca,CE,2021,10,4.0,135.6,33.9,42.1,1.0,90.75,False,inpe_bdq_aqua_ref,False
2306405,Itapipoca,CE,2021,11,23.0,476.9,20.73478260869565,42.9,1.0,13.217391304347826,False,inpe_bdq_aqua_ref,False
2306405,Itapipoca,CE,2021,12,20.0,1001.2,50.06,209.6,0.905,12.35,False,inpe_bdq_aqua_ref,False
2306405,Itapipoca,CE,2022,1,3.0,183.5,61.166666666666664,125.0,0.3333333333333333,1.6666666666666667,False,inpe_bdq_aqua_ref,False
2306405,Itapipoca,CE,2022,2,0.0,0.0,,,,,True,inpe_bdq_aqua_ref,False
2306405,Itapipoca,CE,2022,3,0.0,0.0,,,,,True,inpe_bdq_aqua_ref,False
2306405,Itapipoca,CE,2022,4,0.0,0.0,,,,,True,inpe_bdq_aqua_ref,False
2306405,Itapipoca,CE,2022,5,0.0,0.0,,,,,True,inpe_bdq_aqua_ref,False
2306405,Itapipoca,CE,2022,6,0.0,0.0,,,,,True,inpe_bdq_aqua_ref,False
2306405,Itapipoca,CE,2022,7,0.0,0.0,,,,,True,inpe_bdq_aqua_ref,False
2306405,Itapipoca,CE,2022,8,0.0,0.0,,,,,True,inpe_bdq_aqua_ref,False
2306405,Itapipoca,CE,2022,9,1.0,61.6,61.6,61.6,1.0,7.0,False,inpe_bdq_aqua_ref,False
2306405,Itapipoca,CE,2022,10,4.0,145.8,36.45,81.3,1.0,67.5,False,inpe_bdq_aqua_ref,False
2306405,Itapipoca,CE,2022,11,7.0,176.2,25.17142857142857,45.7,0.9885714285714285,18.428571428571427,False,inpe_bdq_aqua_ref,False
2306405,Itapipoca,CE,2022,12,43.0,1457.1,33.8860465116279,171.2,0.8893023255813954,13.627906976744185,False,inpe_bdq_aqua_ref,False
2306405,Itapipoca,CE,2023,1,4.0,131.1,32.775,51.3,0.005,2.0,False,inpe_bdq_aqua_ref,False
2306405,Itapipoca,CE,2023,2,0.0,0.0,,,,,True,inpe_bdq_aqua_ref,False
2306405,Itapipoca,CE,2023,3,0.0,0.0,,,,,True,inpe_bdq_aqua_ref,False
2306405,Itapipoca,CE,2023,4,0.0,0.0,,,,,True,inpe_bdq_aqua_ref,False
2306405,Itapipoca,CE,2023,5,0.0,0.0,,,,,True,inpe_bdq_aqua_ref,False
2306405,Itapipoca,CE,2023,6,0.0,0.0,,,,,True,inpe_bdq_aqua_ref,False
2306405,Itapipoca,CE,2023,7,16.0,906.2,56.6375,157.6,0.79375,32.4375,False,inpe_bdq_aqua_ref,False
2306405,Itapipoca,CE,2023,8,7.0,191.6,27.37142857142857,64.0,0.91,45.857142857142854,False,inpe_bdq_aqua_ref,False
2306405,Itapipoca,CE,2023,9,8.0,571.8,71.475,177.9,1.0,80.125,False,inpe_bdq_aqua_ref,False
2306405,Itapipoca,CE,2023,10,15.0,606.6,40.440000000000005,151.4,0.9906666666666666,88.33333333333333,False,inpe_bdq_aqua_ref,False
2306405,Itapipoca,CE,2023,11,21.0,777.2,37.00952380952381,186.7,0.9990476190476191,25.80952380952381,False,inpe_bdq_aqua_ref,False
2306405,Itapipoca,CE,2023,12,66.0,2915.6,44.17575757575757,182.6,0.9181818181818182,6.651515151515151,False,inpe_bdq_aqua_ref,False
2306405,Itapipoca,CE,2024,1,8.0,196.2,24.525,65.7,0.59375,2.625,False,inpe_bdq_aqua_ref,False
2306405,Itapipoca,CE,2024,2,1.0,49.4,49.4,49.4,0.76,4.0,False,inpe_bdq_aqua_ref,False
2306405,Itapipoca,CE,2024,3,0.0,0.0,,,,,True,inpe_bdq_aqua_ref,False
2306405,Itapipoca,CE,2024,4,0.0,0.0,,,,,True,inpe_bdq_aqua_ref,False
2306405,Itapipoca,CE,2024,5,0.0,0.0,,,,,True,inpe_bdq_aqua_ref,False
2306405,Itapipoca,CE,2024,6,0.0,0.0,,,,,True,inpe_bdq_aqua_ref,False
2306405,Itapipoca,CE,2024,7,0.0,0.0,,,,,True,inpe_bdq_aqua_ref,False
2306405,Itapipoca,CE,2024,8,0.0,0.0,,,,,True,inpe_bdq_aqua_ref,False
2306405,Itapipoca,CE,2024,9,8.0,231.6,28.95,47.9,1.0,83.125,False,inpe_bdq_aqua_ref,False
2306405,Itapipoca,CE,2024,10,5.0,44.1,8.82,11.0,1.0,110.2,False,inpe_bdq_aqua_ref,False
2306405,Itapipoca,CE,2024,11,15.0,441.5,29.433333333333334,72.9,1.0,39.266666666666666,False,inpe_bdq_aqua_ref,False
2306405,Itapipoca,CE,2024,12,58.0,1902.2,32.796551724137935,145.5,0.8070689655172414,5.706896551724138,False,inpe_bdq_aqua_ref,False
2306405,Itapipoca,CE,2025,1,9.0,127.3,14.144444444444444,22.1,0.9455555555555555,11.666666666666666,False,inpe_bdq_aqua_ref,False
2306405,Itapipoca,CE,2025,2,0.0,0.0,,,,,True,inpe_bdq_aqua_ref,False
2306405,Itapipoca,CE,2025,3,0.0,0.0,,,,,True,inpe_bdq_aqua_ref,False
2306405,Itapipoca,CE,2025,4,0.0,0.0,,,,,True,inpe_bdq_aqua_ref,False
2306405,Itapipoca,CE,2025,5,0.0,0.0,,,,,True,inpe_bdq_aqua_ref,False
2306405,Itapipoca,CE,2025,6,0.0,0.0,,,,,True,inpe_bdq_aqua_ref,False
2306405,Itapipoca,CE,2025,7,1.0,9.5,9.5,9.5,-999.0,11.0,False,inpe_bdq_aqua_ref,False
2306405,Itapipoca,CE,2025,8,1.0,32.9,32.9,32.9,0.8,25.0,False,inpe_bdq_aqua_ref,False
2306405,Itapipoca,CE,2025,9,7.0,470.70000000000005,67.24285714285715,209.4,1.0,38.714285714285715,False,inpe_bdq_aqua_ref,False
2306900,Jaguaribe,CE,2003,1,2.0,164.3,82.15,97.2,,,False,inpe_bdq_aqua_ref,False
2306900,Jaguaribe,CE,2003,2,0.0,0.0,,,,,True,inpe_bdq_aqua_ref,False
2306900,Jaguaribe,CE,2003,3,0.0,0.0,,,,,True,inpe_bdq_aqua_ref,False
2306900,Jaguaribe,CE,2003,4,0.0,0.0,,,,,True,inpe_bdq_aqua_ref,False
2306900,Jaguaribe,CE,2003,5,0.0,0.0,,,,,True,inpe_bdq_aqua_ref,False
2306900,Jaguaribe,CE,2003,6,0.0,0.0,,,,,True,inpe_bdq_aqua_ref,False
2306900,Jaguaribe,CE,2003,7,0.0,0.0,,,,,True,inpe_bdq_aqua_ref,False
2306900,Jaguaribe,CE,2003,8,0.0,0.0,,,,,True,inpe_bdq_aqua_ref,False
2306900,Jaguaribe,CE,2003,9,0.0,0.0,,,,,True,inpe_bdq_aqua_ref,False
2306900,Jaguaribe,CE,2003,10,17.0,1045.3,61.48823529411764,162.7,,,False,inpe_bdq_aqua_ref,False
2306900,Jaguaribe,CE,2003,11,8.0,245.79999999999998,30.724999999999998,87.1,,,False,inpe_bdq_aqua_ref,False
2306900,Jaguaribe,CE,2003,12,13.0,630.3,48.48461538461538,138.8,,,False,inpe_bdq_aqua_ref,False
2306900,Jaguaribe,CE,2004,1,0.0,0.0,,,,,True,inpe_bdq_aqua_ref,False
2306900,Jaguaribe,CE,2004,2,0.0,0.0,,,,,True,inpe_bdq_aqua_ref,False
2306900,Jaguaribe,CE,2004,3,0.0,0.0,,,,,True,inpe_bdq_aqua_ref,False
2306900,Jaguaribe,CE,2004,4,0.0,0.0,,,,,True,inpe_bdq_aqua_ref,False
2306900,Jaguaribe,CE,2004,5,0.0,0.0,,,,,True,inpe_bdq_aqua_ref,False
2306900,Jaguaribe,CE,2004,6,0.0,0.0,,,,,True,inpe_bdq_aqua_ref,False
2306900,Jaguaribe,CE,2004,7,0.0,0.0,,,,,True,inpe_bdq_aqua_ref,False
2306900,Jaguaribe,CE,2004,8,0.0,0.0,,,,,True,inpe_bdq_aqua_ref,False
2306900,Jaguaribe,CE,2004,9,0.0,0.0,,,,,True,inpe_bdq_aqua_ref,False
2306900,Jaguaribe,CE,2004,10,2.0,40.7,20.35,21.5,,,False,inpe_bdq_aqua_ref,False
2306900,Jaguaribe,CE,2004,11,5.0,239.4,47.88,61.7,,,False,inpe_bdq_aqua_ref,False
2306900,Jaguaribe,CE,2004,12,6.0,484.1,80.68333333333334,164.5,,,False,inpe_bdq_aqua_ref,False
2306900,Jaguaribe,CE,2005,1,5.0,204.0,40.8,76.5,,,False,inpe_bdq_aqua_ref,False
2306900,Jaguaribe,CE,2005,2,1.0,39.2,39.2,39.2,,,False,inpe_bdq_aqua_ref,False
2306900,Jaguaribe,CE,2005,3,0.0,0.0,,,,,True,inpe_bdq_aqua_ref,False
2306900,Jaguaribe,CE,2005,4,0.0,0.0,,,,,True,inpe_bdq_aqua_ref,False
2306900,Jaguaribe,CE,2005,5,0.0,0.0,,,,,True,inpe_bdq_aqua_ref,False
2306900,Jaguaribe,CE,2005,6,0.0,0.0,,,,,True,inpe_bdq_aqua_ref,False
2306900,Jaguaribe,CE,2005,7,0.0,0.0,,,,,True,inpe_bdq_aqua_ref,False
2306900,Jaguaribe,CE,2005,8,0.0,0.0,,,,,True,inpe_bdq_aqua_ref,False
2306900,Jaguaribe,CE,2005,9,0.0,0.0,,,,,True,inpe_bdq_aqua_ref,False
2306900,Jaguaribe,CE,2005,10,0.0,0.0,,,,,True,inpe_bdq_aqua_ref,False
2306900,Jaguaribe,CE,2005,11,5.0,243.5,48.7,87.1,,,False,inpe_bdq_aqua_ref,False
2306900,Jaguaribe,CE,2005,12,3.0,386.0,128.66666666666666,178.7,,,False,inpe_bdq_aqua_ref,False
2306900,Jaguaribe,CE,2006,1,0.0,0.0,,,,,True,inpe_bdq_aqua_ref,False
2306900,Jaguaribe,CE,2006,2,0.0,0.0,,,,,True,inpe_bdq_aqua_ref,False
2306900,Jaguaribe,CE,2006,3,0.0,0.0,,,,,True,inpe_bdq_aqua_ref,False
2306900,Jaguaribe,CE,2006,4,0.0,0.0,,,,,True,inpe_bdq_aqua_ref,False
2306900,Jaguaribe,CE,2006,5,0.0,0.0,,,,,True,inpe_bdq_aqua_ref,False
2306900,Jaguaribe,CE,2006,6,0.0,0.0,,,,,True,inpe_bdq_aqua_ref,False
2306900,Jaguaribe,CE,2006,7,1.0,10.4,10.4,10.4,,,False,inpe_bdq_aqua_ref,False
2306900,Jaguaribe,CE,2006,8,5.0,84.0,16.8,29.8,,,False,inpe_bdq_aqua_ref,False
2306900,Jaguaribe,CE,2006,9,0.0,0.0,,,,,True,inpe_bdq_aqua_ref,False
2306900,Jaguaribe,CE,2006,10,5.0,446.1,89.22,201.6,,,False,inpe_bdq_aqua_ref,False
2306900,Jaguaribe,CE,2006,11,4.0,214.4,53.6,132.8,,,False,inpe_bdq_aqua_ref,False
2306900,Jaguaribe,CE,2006,12,4.0,151.9,37.975,54.3,,,False,inpe_bdq_aqua_ref,False
2306900,Jaguaribe,CE,2007,1,2.0,97.3,48.65,52.5,,,False,inpe_bdq_aqua_ref,False
2306900,Jaguaribe,CE,2007,2,0.0,0.0,,,,,True,inpe_bdq_aqua_ref,False
2306900,Jaguaribe,CE,2007,3,0.0,0.0,,,,,True,inpe_bdq_aqua_ref,False
2306900,Jaguaribe,CE,2007,4,0.0,0.0,,,,,True,inpe_bdq_aqua_ref,False
2306900,Jaguaribe,CE,2007,5,0.0,0.0,,,,,True,inpe_bdq_aqua_ref,False
2306900,Jaguaribe,CE,2007,6,0.0,0.0,,,,,True,inpe_bdq_aqua_ref,False
2306900,Jaguaribe,CE,2007,7,0.0,0.0,,,,,True,inpe_bdq_aqua_ref,False
2306900,Jaguaribe,CE,2007,8,0.0,0.0,,,,,True,inpe_bdq_aqua_ref,False
2306900,Jaguaribe,CE,2007,9,0.0,0.0,,,,,True,inpe_bdq_aqua_ref,False
2306900,Jaguaribe,CE,2007,10,1.0,13.3,13.3,13.3,,,False,inpe_bdq_aqua_ref,False
2306900,Jaguaribe,CE,2007,11,4.0,124.1,31.025,59.0,,,False,inpe_bdq_aqua_ref,False
2306900,Jaguaribe,CE,2007,12,5.0,286.9,57.379999999999995,93.8,,,False,inpe_bdq_aqua_ref,False
2306900,Jaguaribe,CE,2008,1,0.0,0.0,,,,,True,inpe_bdq_aqua_ref,False
2306900,Jaguaribe,CE,2008,2,0.0,0.0,,,,,True,inpe_bdq_aqua_ref,False
2306900,Jaguaribe,CE,2008,3,0.0,0.0,,,,,True,inpe_bdq_aqua_ref,False
2306900,Jaguaribe,CE,2008,4,0.0,0.0,,,,,True,inpe_bdq_aqua_ref,False
2306900,Jaguaribe,CE,2008,5,0.0,0.0,,,,,True,inpe_bdq_aqua_ref,False
2306900,Jaguaribe,CE,2008,6,0.0,0.0,,,,,True,inpe_bdq_aqua_ref,False
2306900,Jaguaribe,CE,2008,7,0.0,0.0,,,,,True,inpe_bdq_aqua_ref,False
2306900,Jaguaribe,CE,2008,8,0.0,0.0,,,,,True,inpe_bdq_aqua_ref,False
2306900,Jaguaribe,CE,2008,9,3.0,106.0,35.333333333333336,50.4,,,False,inpe_bdq_aqua_ref,False
2306900,Jaguaribe,CE,2008,10,5.0,133.7,26.74,44.0,,,False,inpe_bdq_aqua_ref,False
2306900,Jaguaribe,CE,2008,11,4.0,131.6,32.9,45.5,,,False,inpe_bdq_aqua_ref,False
2306900,Jaguaribe,CE,2008,12,3.0,156.2,52.06666666666666,68.4,,,False,inpe_bdq_aqua_ref,False
2306900,Jaguaribe,CE,2009,1,0.0,0.0,,,,,True,inpe_bdq_aqua_ref,False
2306900,Jaguaribe,CE,2009,2,0.0,0.0,,,,,True,inpe_bdq_aqua_ref,False
2306900,Jaguaribe,CE,2009,3,0.0,0.0,,,,,True,inpe_bdq_aqua_ref,False
2306900,Jaguaribe,CE,2009,4,0.0,0.0,,,,,True,inpe_bdq_aqua_ref,False
2306900,Jaguaribe,CE,2009,5,0.0,0.0,,,,,True,inpe_bdq_aqua_ref,False
2306900,Jaguaribe,CE,2009,6,0.0,0.0,,,,,True,inpe_bdq_aqua_ref,False
2306900,Jaguaribe,CE,2009,7,0.0,0.0,,,,,True,inpe_bdq_aqua_ref,False
2306900,Jaguaribe,CE,2009,8,0.0,0.0,,,,,True,inpe_bdq_aqua_ref,False
2306900,Jaguaribe,CE,2009,9,0.0,0.0,,,,,True,inpe_bdq_aqua_ref,False
2306900,Jaguaribe,CE,2009,10,6.0,426.0,71.0,144.8,,,False,inpe_bdq_aqua_ref,False
2306900,Jaguaribe,CE,2009,11,10.0,278.9,27.889999999999997,77.4,,,False,inpe_bdq_aqua_ref,False
2306900,Jaguaribe,CE,2009,12,2.0,45.400000000000006,22.700000000000003,25.3,,,False,inpe_bdq_aqua_ref,False
2306900,Jaguaribe,CE,2010,1,0.0,0.0,,,,,True,inpe_bdq_aqua_ref,False
2306900,Jaguaribe,CE,2010,2,0.0,0.0,,,,,True,inpe_bdq_aqua_ref,False
2306900,Jaguaribe,CE,2010,3,0.0,0.0,,,,,True,inpe_bdq_aqua_ref,False
2306900,Jaguaribe,CE,2010,4,1.0,11.6,11.6,11.6,,,False,inpe_bdq_aqua_ref,False
2306900,Jaguaribe,CE,2010,5,0.0,0.0,,,,,True,inpe_bdq_aqua_ref,False
2306900,Jaguaribe,CE,2010,6,0.0,0.0,,,,,True,inpe_bdq_aqua_ref,False
2306900,Jaguaribe,CE,2010,7,0.0,0.0,,,,,True,inpe_bdq_aqua_ref,False
2306900,Jaguaribe,CE,2010,8,0.0,0.0,,,,,True,inpe_bdq_aqua_ref,False
2306900,Jaguaribe,CE,2010,9,1.0,13.5,13.5,13.5,,,False,inpe_bdq_aqua_ref,False
2306900,Jaguaribe,CE,2010,10,0.0,0.0,,,,,True,inpe_bdq_aqua_ref,False
2306900,Jaguaribe,CE,2010,11,7.0,365.9,52.271428571428565,156.1,,,False,inpe_bdq_aqua_ref,False
2306900,Jaguaribe,CE,2010,12,2.0,45.9,22.95,23.2,,,False,inpe_bdq_aqua_ref,False
2306900,Jaguaribe,CE,2011,1,1.0,10.4,10.4,10.4,,,False,inpe_bdq_aqua_ref,False
2306900,Jaguaribe,CE,2011,2,0.0,0.0,,,,,True,inpe_bdq_aqua_ref,False
2306900,Jaguaribe,CE,2011,3,0.0,0.0,,,,,True,inpe_bdq_aqua_ref,False
2306900,Jaguaribe,CE,2011,4,0.0,0.0,,,,,True,inpe_bdq_aqua_ref,False
2306900,Jaguaribe,CE,2011,5,0.0,0.0,,,,,True,inpe_bdq_aqua_ref,False
2306900,Jaguaribe,CE,2011,6,0.0,0.0,,,,,True,inpe_bdq_aqua_ref,False
2306900,Jaguaribe,CE,2011,7,0.0,0.0,,,,,True,inpe_bdq_aqua_ref,False
2306900,Jaguaribe,CE,2011,8,0.0,0.0,,,,,True,inpe_bdq_aqua_ref,False
2306900,Jaguaribe,CE,2011,9,0.0,0.0,,,,,True,inpe_bdq_aqua_ref,False
2306900,Jaguaribe,CE,2011,10,2.0,20.5,10.25,11.0,,,False,inpe_bdq_aqua_ref,False
2306900,Jaguaribe,CE,2011,11,7.0,171.89999999999998,24.557142857142853,36.8,,,False,inpe_bdq_aqua_ref,False
2306900,Jaguaribe,CE,2011,12,3.0,88.0,29.333333333333332,49.4,,,False,inpe_bdq_aqua_ref,False
2306900,Jaguaribe,CE,2012,1,2.0,275.8,137.9,224.4,,,False,inpe_bdq_aqua_ref,False
2306900,Jaguaribe,CE,2012,2,2.0,52.8,26.4,33.9,,,False,inpe_bdq_aqua_ref,False
2306900,Jaguaribe,CE,2012,3,0.0,0.0,,,,,True,inpe_bdq_aqua_ref,False
2306900,Jaguaribe,CE,2012,4,0.0,0.0,,,,,True,inpe_bdq_aqua_ref,False
2306900,Jaguaribe,CE,2012,5,0.0,0.0,,,,,True,inpe_bdq_aqua_ref,False
2306900,Jaguaribe,CE,2012,6,1.0,11.1,11.1,11.1,,,False,inpe_bdq_aqua_ref,False
2306900,Jaguaribe,CE,2012,7,1.0,9.8,9.8,9.8,,,False,inpe_bdq_aqua_ref,False
2306900,Jaguaribe,CE,2012,8,1.0,16.6,16.6,16.6,,,False,inpe_bdq_aqua_ref,False
2306900,Jaguaribe,CE,2012,9,2.0,81.9,40.95,68.7,,,False,inpe_bdq_aqua_ref,False
2306900,Jaguaribe,CE,2012,10,2.0,25.5,12.75,15.7,,,False,inpe_bdq_aqua_ref,False
2306900,Jaguaribe,CE,2012,11,0.0,0.0,,,,,True,inpe_bdq_aqua_ref,False
2306900,Jaguaribe,CE,2012,12,0.0,0.0,,,,,True,inpe_bdq_aqua_ref,False
2306900,Jaguaribe,CE,2013,1,1.0,37.3,37.3,37.3,,,False,inpe_bdq_aqua_ref,False
2306900,Jaguaribe,CE,2013,2,0.0,0.0,,,,,True,inpe_bdq_aqua_ref,False
2306900,Jaguaribe,CE,2013,3,0.0,0.0,,,,,True,inpe_bdq_aqua_ref,False
2306900,Jaguaribe,CE,2013,4,1.0,13.5,13.5,13.5,,,False,inpe_bdq_aqua_ref,False
2306900,Jaguaribe,CE,2013,5,0.0,0.0,,,,,True,inpe_bdq_aqua_ref,False
2306900,Jaguaribe,CE,2013,6,0.0,0.0,,,,,True,inpe_bdq_aqua_ref,False
2306900,Jaguaribe,CE,2013,7,0.0,0.0,,,,,True,inpe_bdq_aqua_ref,False
2306900,Jaguaribe,CE,2013,8,0.0,0.0,,,,,True,inpe_bdq_aqua_ref,False
2306900,Jaguaribe,CE,2013,9,0.0,0.0,,,,,True,inpe_bdq_aqua_ref,False
2306900,Jaguaribe,CE,2013,10,0.0,0.0,,,,,True,inpe_bdq_aqua_ref,False
2306900,Jaguaribe,CE,2013,11,1.0,8.9,8.9,8.9,,,False,inpe_bdq_aqua_ref,False
2306900,Jaguaribe,CE,2013,12,1.0,221.8,221.8,221.8,,,False,inpe_bdq_aqua_ref,False
2306900,Jaguaribe,CE,2014,1,2.0,48.8,24.4,25.0,1.0,0.0,False,inpe_bdq_aqua_ref,False
2306900,Jaguaribe,CE,2014,2,0.0,0.0,,,,,True,inpe_bdq_aqua_ref,False
2306900,Jaguaribe,CE,2014,3,1.0,38.5,38.5,38.5,1.0,7.0,False,inpe_bdq_aqua_ref,False
2306900,Jaguaribe,CE,2014,4,0.0,0.0,,,,,True,inpe_bdq_aqua_ref,False
2306900,Jaguaribe,CE,2014,5,0.0,0.0,,,,,True,inpe_bdq_aqua_ref,False
2306900,Jaguaribe,CE,2014,6,0.0,0.0,,,,,True,inpe_bdq_aqua_ref,False
2306900,Jaguaribe,CE,2014,7,0.0,0.0,,,,,True,inpe_bdq_aqua_ref,False
2306900,Jaguaribe,CE,2014,8,0.0,0.0,,,,,True,inpe_bdq_aqua_ref,False
2306900,Jaguaribe,CE,2014,9,1.0,29.0,29.0,29.0,1.0,3.0,False,inpe_bdq_aqua_ref,False
2306900,Jaguaribe,CE,2014,10,0.0,0.0,,,,,True,inpe_bdq_aqua_ref,False
2306900,Jaguaribe,CE,2014,11,0.0,0.0,,,,,True,inpe_bdq_aqua_ref,False
2306900,Jaguaribe,CE,2014,12,2.0,145.9,72.95,83.3,1.0,8.0,False,inpe_bdq_aqua_ref,False
2306900,Jaguaribe,CE,2015,1,1.0,21.7,21.7,21.7,1.0,8.0,False,inpe_bdq_aqua_ref,False
2306900,Jaguaribe,CE,2015,2,0.0,0.0,,,,,True,inpe_bdq_aqua_ref,False
2306900,Jaguaribe,CE,2015,3,0.0,0.0,,,,,True,inpe_bdq_aqua_ref,False
2306900,Jaguaribe,CE,2015,4,0.0,0.0,,,,,True,inpe_bdq_aqua_ref,False
2306900,Jaguaribe,CE,2015,5,0.0,0.0,,,,,True,inpe_bdq_aqua_ref,False
2306900,Jaguaribe,CE,2015,6,0.0,0.0,,,,,True,inpe_bdq_aqua_ref,False
2306900,Jaguaribe,CE,2015,7,0.0,0.0,,,,,True,inpe_bdq_aqua_ref,False
2306900,Jaguaribe,CE,2015,8,0.0,0.0,,,,,True,inpe_bdq_aqua_ref,False
2306900,Jaguaribe,CE,2015,9,0.0,0.0,,,,,True,inpe_bdq_aqua_ref,False
2306900,Jaguaribe,CE,2015,10,1.0,37.5,37.5,37.5,1.0,52.0,False,inpe_bdq_aqua_ref,False
2306900,Jaguaribe,CE,2015,11,1.0,17.8,17.8,17.8,1.0,92.0,False,inpe_bdq_aqua_ref,False
2306900,Jaguaribe,CE,2015,12,0.0,0.0,,,,,True,inpe_bdq_aqua_ref,False
2306900,Jaguaribe,CE,2016,1,0.0,0.0,,,,,True,inpe_bdq_aqua_ref,False
2306900,Jaguaribe,CE,2016,2,0.0,0.0,,,,,True,inpe_bdq_aqua_ref,False
2306900,Jaguaribe,CE,2016,3,0.0,0.0,,,,,True,inpe_bdq_aqua_ref,False
2306900,Jaguaribe,CE,2016,4,0.0,0.0,,,,,True,inpe_bdq_aqua_ref,False
2306900,Jaguaribe,CE,2016,5,0.0,0.0,,,,,True,inpe_bdq_aqua_ref,False
2306900,Jaguaribe,CE,2016,6,0.0,0.0,,,,,True,inpe_bdq_aqua_ref,False
2306900,Jaguaribe,CE,2016,7,0.0,0.0,,,,,True,inpe_bdq_aqua_ref,False
2306900,Jaguaribe,CE,2016,8,1.0,10.3,10.3,10.3,1.0,38.0,False,inpe_bdq_aqua_ref,False
2306900,Jaguaribe,CE,2016,9,0.0,0.0,,,,,True,inpe_bdq_aqua_ref,False
2306900,Jaguaribe,CE,2016,10,0.0,0.0,,,,,True,inpe_bdq_aqua_ref,False
2306900,Jaguaribe,CE,2016,11,1.0,26.8,26.8,26.8,1.0,120.0,False,inpe_bdq_aqua_ref,False
2306900,Jaguaribe,CE,2016,12,0.0,0.0,,,,,True,inpe_bdq_aqua_ref,False
2306900,Jaguaribe,CE,2017,1,0.0,0.0,,,,,True,inpe_bdq_aqua_ref,False
2306900,Jaguaribe,CE,2017,2,0.0,0.0,,,,,True,inpe_bdq_aqua_ref,False
2306900,Jaguaribe,CE,2017,3,0.0,0.0,,,,,True,inpe_bdq_aqua_ref,False
2306900,Jaguaribe,CE,2017,4,0.0,0.0,,,,,True,inpe_bdq_aqua_ref,False
2306900,Jaguaribe,CE,2017,5,0.0,0.0,,,,,True,inpe_bdq_aqua_ref,False
2306900,Jaguaribe,CE,2017,6,0.0,0.0,,,,,True,inpe_bdq_aqua_ref,False
2306900,Jaguaribe,CE,2017,7,0.0,0.0,,,,,True,inpe_bdq_aqua_ref,False
2306900,Jaguaribe,CE,2017,8,2.0,33.8,16.9,22.1,1.0,0.0,False,inpe_bdq_aqua_ref,False
2306900,Jaguaribe,CE,2017,9,1.0,13.8,13.8,13.8,1.0,0.0,False,inpe_bdq_aqua_ref,False
2306900,Jaguaribe,CE,2017,10,2.0,28.7,14.35,18.9,1.0,0.0,False,inpe_bdq_aqua_ref,False
2306900,Jaguaribe,CE,2017,11,8.0,375.7,46.9625,123.4,1.0,0.0,False,inpe_bdq_aqua_ref,False
2306900,Jaguaribe,CE,2017,12,2.0,35.8,17.9,19.9,1.0,0.0,False,inpe_bdq_aqua_ref,False
2306900,Jaguaribe,CE,2018,1,0.0,0.0,,,,,True,inpe_bdq_aqua_ref,False
2306900,Jaguaribe,CE,2018,2,0.0,0.0,,,,,True,inpe_bdq_aqua_ref,False
2306900,Jaguaribe,CE,2018,3,0.0,0.0,,,,,True,inpe_bdq_aqua_ref,False
2306900,Jaguaribe,CE,2018,4,0.0,0.0,,,,,True,inpe_bdq_aqua_ref,False
2306900,Jaguaribe,CE,2018,5,0.0,0.0,,,,,True,inpe_bdq_aqua_ref,False
2306900,Jaguaribe,CE,2018,6,0.0,0.0,,,,,True,inpe_bdq_aqua_ref,False
2306900,Jaguaribe,CE,2018,7,0.0,0.0,,,,,True,inpe_bdq_aqua_ref,False
2306900,Jaguaribe,CE,2018,8,0.0,0.0,,,,,True,inpe_bdq_aqua_ref,False
2306900,Jaguaribe,CE,2018,9,7.0,219.3,31.32857142857143,64.0,1.0,48.714285714285715,False,inpe_bdq_aqua_ref,False
2306900,Jaguaribe,CE,2018,10,2.0,44.400000000000006,22.200000000000003,23.3,1.0,33.0,False,inpe_bdq_aqua_ref,False
2306900,Jaguaribe,CE,2018,11,1.0,34.0,34.0,34.0,1.0,58.0,False,inpe_bdq_aqua_ref,False
2306900,Jaguaribe,CE,2018,12,0.0,0.0,,,,,True,inpe_bdq_aqua_ref,False
2306900,Jaguaribe,CE,2019,1,0.0,0.0,,,,,True,inpe_bdq_aqua_ref,False
2306900,Jaguaribe,CE,2019,2,0.0,0.0,,,,,True,inpe_bdq_aqua_ref,False
2306900,Jaguaribe,CE,2019,3,0.0,0.0,,,,,True,inpe_bdq_aqua_ref,False
2306900,Jaguaribe,CE,2019,4,0.0,0.0,,,,,True,inpe_bdq_aqua_ref,False
2306900,Jaguaribe,CE,2019,5,0.0,0.0,,,,,True,inpe_bdq_aqua_ref,False
2306900,Jaguaribe,CE,2019,6,0.0,0.0,,,,,True,inpe_bdq_aqua_ref,False
2306900,Jaguaribe,CE,2019,7,0.0,0.0,,,,,True,inpe_bdq_aqua_ref,False
2306900,Jaguaribe,CE,2019,8,5.0,342.5,68.5,96.0,1.0,62.2,False,inpe_bdq_aqua_ref,False
2306900,Jaguaribe,CE,2019,9,3.0,101.2,33.733333333333334,46.5,1.0,32.0,False,inpe_bdq_aqua_ref,False
2306900,Jaguaribe,CE,2019,10,4.0,90.7,22.675,40.1,1.0,34.5,False,inpe_bdq_aqua_ref,False
2306900,Jaguaribe,CE,2019,11,3.0,88.4,29.46666666666667,32.5,1.0,23.333333333333332,False,inpe_bdq_aqua_ref,False
2306900,Jaguaribe,CE,2019,12,5.0,210.0,42.0,91.6,1.0,9.2,False,inpe_bdq_aqua_ref,False
2306900,Jaguaribe,CE,2020,1,0.0,0.0,,,,,True,inpe_bdq_aqua_ref,False
2306900,Jaguaribe,CE,2020,2,0.0,0.0,,,,,True,inpe_bdq_aqua_ref,False
2306900,Jaguaribe,CE,2020,3,0.0,0.0,,,,,True,inpe_bdq_aqua_ref,False
2306900,Jaguaribe,CE,2020,4,0.0,0.0,,,,,True,inpe_bdq_aqua_ref,False
2306900,Jaguaribe,CE,2020,5,0.0,0.0,,,,,True,inpe_bdq_aqua_ref,False
2306900,Jaguaribe,CE,2020,6,1.0,10.6,10.6,10.6,1.0,13.0,False,inpe_bdq_aqua_ref,False
2306900,Jaguaribe,CE,2020,7,0.0,0.0,,,,,True,inpe_bdq_aqua_ref,False
2306900,Jaguaribe,CE,2020,8,1.0,30.5,30.5,30.5,1.0,7.0,False,inpe_bdq_aqua_ref,False
2306900,Jaguaribe,CE,2020,9,0.0,0.0,,,,,True,inpe_bdq_aqua_ref,False
2306900,Jaguaribe,CE,2020,10,0.0,0.0,,,,,True,inpe_bdq_aqua_ref,False
2306900,Jaguaribe,CE,2020,11,5.0,217.2,43.44,131.7,1.0,6.4,False,inpe_bdq_aqua_ref,False
2306900,Jaguaribe,CE,2020,12,1.0,93.1,93.1,93.1,0.6,0.0,False,inpe_bdq_aqua_ref,False
2306900,Jaguaribe,CE,2021,1,0.0,0.0,,,,,True,inpe_bdq_aqua_ref,False
2306900,Jaguaribe,CE,2021,2,1.0,50.7,50.7,50.7,1.0,4.0,False,inpe_bdq_aqua_ref,False
2306900,Jaguaribe,CE,2021,3,0.0,0.0,,,,,True,inpe_bdq_aqua_ref,False
2306900,Jaguaribe,CE,2021,4,0.0,0.0,,,,,True,inpe_bdq_aqua_ref,False
2306900,Jaguaribe,CE,2021,5,0.0,0.0,,,,,True,inpe_bdq_aqua_ref,False
2306900,Jaguaribe,CE,2021,6,0.0,0.0,,,,,True,inpe_bdq_aqua_ref,False
2306900,Jaguaribe,CE,2021,7,1.0,15.4,15.4,15.4,1.0,25.0,False,inpe_bdq_aqua_ref,False
2306900,Jaguaribe,CE,2021,8,0.0,0.0,,,,,True,inpe_bdq_aqua_ref,False
2306900,Jaguaribe,CE,2021,9,0.0,0.0,,,,,True,inpe_bdq_aqua_ref,False
2306900,Jaguaribe,CE,2021,10,0.0,0.0,,,,,True,inpe_bdq_aqua_ref,False
2306900,Jaguaribe,CE,2021,11,6.0,455.99999999999994,75.99999999999999,289.9,1.0,1.0,False,inpe_bdq_aqua_ref,False
2306900,Jaguaribe,CE,2021,12,0.0,0.0,,,,,True,inpe_bdq_aqua_ref,False
2306900,Jaguaribe,CE,2022,1,1.0,14.5,14.5,14.5,0.3,3.0,False,inpe_bdq_aqua_ref,False
2306900,Jaguaribe,CE,2022,2,0.0,0.0,,,,,True,inpe_bdq_aqua_ref,False
2306900,Jaguaribe,CE,2022,3,0.0,0.0,,,,,True,inpe_bdq_aqua_ref,False
2306900,Jaguaribe,CE,2022,4,0.0,0.0,,,,,True,inpe_bdq_aqua_ref,False
2306900,Jaguaribe,CE,2022,5,0.0,0.0,,,,,True,inpe_bdq_aqua_ref,False
2306900,Jaguaribe,CE,2022,6,0.0,0.0,,,,,True,inpe_bdq_aqua_ref,False
2306900,Jaguaribe,CE,2022,7,0.0,0.0,,,,,True,inpe_bdq_aqua_ref,False
2306900,Jaguaribe,CE,2022,8,0.0,0.0,,,,,True,inpe_bdq_aqua_ref,False
2306900,Jaguaribe,CE,2022,9,2.0,159.7,79.85,90.8,1.0,30.0,False,inpe_bdq_aqua_ref,False
2306900,Jaguaribe,CE,2022,10,31.0,2766.8,89.25161290322582,700.8,1.0,10.387096774193548,False,inpe_bdq_aqua_ref,False
2306900,Jaguaribe,CE,2022,11,2.0,34.1,17.05,20.8,0.8049999999999999,3.5,False,inpe_bdq_aqua_ref,False
2306900,Jaguaribe,CE,2022,12,2.0,40.4,20.2,29.8,1.0,4.5,False,inpe_bdq_aqua_ref,False
2306900,Jaguaribe,CE,2023,1,0.0,0.0,,,,,True,inpe_bdq_aqua_ref,False
2306900,Jaguaribe,CE,2023,2,0.0,0.0,,,,,True,inpe_bdq_aqua_ref,False
2306900,Jaguaribe,CE,2023,3,0.0,0.0,,,,,True,inpe_bdq_aqua_ref,False
2306900,Jaguaribe,CE,2023,4,0.0,0.0,,,,,True,inpe_bdq_aqua_ref,False
2306900,Jaguaribe,CE,2023,5,0.0,0.0,,,,,True,inpe_bdq_aqua_ref,False
2306900,Jaguaribe,CE,2023,6,1.0,14.4,14.4,14.4,0.93,2.0,False,inpe_bdq_aqua_ref,False
2306900,Jaguaribe,CE,2023,7,0.0,0.0,,,,,True,inpe_bdq_aqua_ref,False
2306900,Jaguaribe,CE,2023,8,0.0,0.0,,,,,True,inpe_bdq_aqua_ref,False
2306900,Jaguaribe,CE,2023,9,1.0,27.3,27.3,27.3,1.0,79.0,False,inpe_bdq_aqua_ref,False
2306900,Jaguaribe,CE,2023,10,0.0,0.0,,,,,True,inpe_bdq_aqua_ref,False
2306900,Jaguaribe,CE,2023,11,3.0,47.1,15.700000000000001,20.1,1.0,15.666666666666666,False,inpe_bdq_aqua_ref,False
2306900,Jaguaribe,CE,2023,12,5.0,275.1,55.02,93.3,0.9119999999999999,7.8,False,inpe_bdq_aqua_ref,False
2306900,Jaguaribe,CE,2024,1,2.0,35.0,17.5,21.8,0.575,3.0,False,inpe_bdq_aqua_ref,False
2306900,Jaguaribe,CE,2024,2,0.0,0.0,,,,,True,inpe_bdq_aqua_ref,False
2306900,Jaguaribe,CE,2024,3,0.0,0.0,,,,,True,inpe_bdq_aqua_ref,False
2306900,Jaguaribe,CE,2024,4,0.0,0.0,,,,,True,inpe_bdq_aqua_ref,False
2306900,Jaguaribe,CE,2024,5,0.0,0.0,,,,,True,inpe_bdq_aqua_ref,False
2306900,Jaguaribe,CE,2024,6,0.0,0.0,,,,,True,inpe_bdq_aqua_ref,False
2306900,Jaguaribe,CE,2024,7,0.0,0.0,,,,,True,inpe_bdq_aqua_ref,False
2306900,Jaguaribe,CE,2024,8,0.0,0.0,,,,,True,inpe_bdq_aqua_ref,False
2306900,Jaguaribe,CE,2024,9,15.0,569.0,37.93333333333333,113.3,1.0,69.26666666666667,False,inpe_bdq_aqua_ref,False
2306900,Jaguaribe,CE,2024,10,7.0,420.2,60.028571428571425,126.1,1.0,103.71428571428571,False,inpe_bdq_aqua_ref,False
2306900,Jaguaribe,CE,2024,11,6.0,218.6,36.43333333333333,83.8,1.0,115.5,False,inpe_bdq_aqua_ref,False
2306900,Jaguaribe,CE,2024,12,1.0,28.7,28.7,28.7,1.0,3.0,False,inpe_bdq_aqua_ref,False
2306900,Jaguaribe,CE,2025,1,0.0,0.0,,,,,True,inpe_bdq_aqua_ref,False
2306900,Jaguaribe,CE,2025,2,0.0,0.0,,,,,True,inpe_bdq_aqua_ref,False
2306900,Jaguaribe,CE,2025,3,0.0,0.0,,,,,True,inpe_bdq_aqua_ref,False
2306900,Jaguaribe,CE,2025,4,0.0,0.0,,,,,True,inpe_bdq_aqua_ref,False
2306900,Jaguaribe,CE,2025,5,0.0,0.0,,,,,True,inpe_bdq_aqua_ref,False
2306900,Jaguaribe,CE,2025,6,0.0,0.0,,,,,True,inpe_bdq_aqua_ref,False
2306900,Jaguaribe,CE,2025,7,0.0,0.0,,,,,True,inpe_bdq_aqua_ref,False
2306900,Jaguaribe,CE,2025,8,1.0,15.1,15.1,15.1,1.0,24.0,False,inpe_bdq_aqua_ref,False
2306900,Jaguaribe,CE,2025,9,0.0,0.0,,,,,True,inpe_bdq_aqua_ref,False
2307007,Jaguaruana,CE,2003,1,1.0,37.8,37.8,37.8,,,False,inpe_bdq_aqua_ref,False
2307007,Jaguaruana,CE,2003,2,1.0,39.7,39.7,39.7,,,False,inpe_bdq_aqua_ref,False
2307007,Jaguaruana,CE,2003,3,0.0,0.0,,,,,True,inpe_bdq_aqua_ref,False
2307007,Jaguaruana,CE,2003,4,1.0,15.0,15.0,15.0,,,False,inpe_bdq_aqua_ref,False
2307007,Jaguaruana,CE,2003,5,1.0,7.6,7.6,7.6,,,False,inpe_bdq_aqua_ref,False
2307007,Jaguaruana,CE,2003,6,0.0,0.0,,,,,True,inpe_bdq_aqua_ref,False
2307007,Jaguaruana,CE,2003,7,0.0,0.0,,,,,True,inpe_bdq_aqua_ref,False
2307007,Jaguaruana,CE,2003,8,0.0,0.0,,,,,True,inpe_bdq_aqua_ref,False
2307007,Jaguaruana,CE,2003,9,1.0,13.6,13.6,13.6,,,False,inpe_bdq_aqua_ref,False
2307007,Jaguaruana,CE,2003,10,3.0,95.5,31.833333333333332,42.5,,,False,inpe_bdq_aqua_ref,False
2307007,Jaguaruana,CE,2003,11,0.0,0.0,,,,,True,inpe_bdq_aqua_ref,False
2307007,Jaguaruana,CE,2003,12,4.0,325.5,81.375,177.0,,,False,inpe_bdq_aqua_ref,False
2307007,Jaguaruana,CE,2004,1,0.0,0.0,,,,,True,inpe_bdq_aqua_ref,False
2307007,Jaguaruana,CE,2004,2,0.0,0.0,,,,,True,inpe_bdq_aqua_ref,False
2307007,Jaguaruana,CE,2004,3,0.0,0.0,,,,,True,inpe_bdq_aqua_ref,False
2307007,Jaguaruana,CE,2004,4,0.0,0.0,,,,,True,inpe_bdq_aqua_ref,False
2307007,Jaguaruana,CE,2004,5,0.0,0.0,,,,,True,inpe_bdq_aqua_ref,False
2307007,Jaguaruana,CE,2004,6,0.0,0.0,,,,,True,inpe_bdq_aqua_ref,False
2307007,Jaguaruana,CE,2004,7,2.0,22.299999999999997,11.149999999999999,13.1,,,False,inpe_bdq_aqua_ref,False
2307007,Jaguaruana,CE,2004,8,4.0,99.8,24.95,34.5,,,False,inpe_bdq_aqua_ref,False
2307007,Jaguaruana,CE,2004,9,2.0,121.8,60.9,102.8,,,False,inpe_bdq_aqua_ref,False
2307007,Jaguaruana,CE,2004,10,0.0,0.0,,,,,True,inpe_bdq_aqua_ref,False
2307007,Jaguaruana,CE,2004,11,0.0,0.0,,,,,True,inpe_bdq_aqua_ref,False
2307007,Jaguaruana,CE,2004,12,1.0,17.7,17.7,17.7,,,False,inpe_bdq_aqua_ref,False
2307007,Jaguaruana,CE,2005,1,3.0,109.5,36.5,61.8,,,False,inpe_bdq_aqua_ref,False
2307007,Jaguaruana,CE,2005,2,0.0,0.0,,,,,True,inpe_bdq_aqua_ref,False
2307007,Jaguaruana,CE,2005,3,0.0,0.0,,,,,True,inpe_bdq_aqua_ref,False
2307007,Jaguaruana,CE,2005,4,0.0,0.0,,,,,True,inpe_bdq_aqua_ref,False
2307007,Jaguaruana,CE,2005,5,0.0,0.0,,,,,True,inpe_bdq_aqua_ref,False
2307007,Jaguaruana,CE,2005,6,0.0,0.0,,,,,True,inpe_bdq_aqua_ref,False
2307007,Jaguaruana,CE,2005,7,0.0,0.0,,,,,True,inpe_bdq_aqua_ref,False
2307007,Jaguaruana,CE,2005,8,,0.0,,,,,True,inpe_bdq_aqua_ref,True
2307007,Jaguaruana,CE,2005,9,,0.0,,,,,True,inpe_bdq_aqua_ref,True
2307007,Jaguaruana,CE,2005,10,,0.0,,,,,True,inpe_bdq_aqua_ref,True
2307007,Jaguaruana,CE,2005,11,,0.0,,,,,True,inpe_bdq_aqua_ref,True
2307007,Jaguaruana,CE,2005,12,,0.0,,,,,True,inpe_bdq_aqua_ref,True
2307007,Jaguaruana,CE,2006,1,0.0,0.0,,,,,True,inpe_bdq_aqua_ref,False
2307007,Jaguaruana,CE,2006,2,0.0,0.0,,,,,True,inpe_bdq_aqua_ref,False
2307007,Jaguaruana,CE,2006,3,0.0,0.0,,,,,True,inpe_bdq_aqua_ref,False
2307007,Jaguaruana,CE,2006,4,0.0,0.0,,,,,True,inpe_bdq_aqua_ref,False
2307007,Jaguaruana,CE,2006,5,0.0,0.0,,,,,True,inpe_bdq_aqua_ref,False
2307007,Jaguaruana,CE,2006,6,0.0,0.0,,,,,True,inpe_bdq_aqua_ref,False
2307007,Jaguaruana,CE,2006,7,0.0,0.0,,,,,True,inpe_bdq_aqua_ref,False
2307007,Jaguaruana,CE,2006,8,1.0,26.4,26.4,26.4,,,False,inpe_bdq_aqua_ref,False
2307007,Jaguaruana,CE,2006,9,3.0,105.4,35.13333333333333,55.4,,,False,inpe_bdq_aqua_ref,False
2307007,Jaguaruana,CE,2006,10,2.0,42.5,21.25,26.4,,,False,inpe_bdq_aqua_ref,False
2307007,Jaguaruana,CE,2006,11,4.0,121.19999999999999,30.299999999999997,42.0,,,False,inpe_bdq_aqua_ref,False
2307007,Jaguaruana,CE,2006,12,0.0,0.0,,,,,True,inpe_bdq_aqua_ref,False
2307007,Jaguaruana,CE,2007,1,0.0,0.0,,,,,True,inpe_bdq_aqua_ref,False
2307007,Jaguaruana,CE,2007,2,0.0,0.0,,,,,True,inpe_bdq_aqua_ref,False
2307007,Jaguaruana,CE,2007,3,0.0,0.0,,,,,True,inpe_bdq_aqua_ref,False
2307007,Jaguaruana,CE,2007,4,0.0,0.0,,,,,True,inpe_bdq_aqua_ref,False
2307007,Jaguaruana,CE,2007,5,0.0,0.0,,,,,True,inpe_bdq_aqua_ref,False
2307007,Jaguaruana,CE,2007,6,0.0,0.0,,,,,True,inpe_bdq_aqua_ref,False
2307007,Jaguaruana,CE,2007,7,0.0,0.0,,,,,True,inpe_bdq_aqua_ref,False
2307007,Jaguaruana,CE,2007,8,0.0,0.0,,,,,True,inpe_bdq_aqua_ref,False
2307007,Jaguaruana,CE,2007,9,1.0,13.8,13.8,13.8,,,False,inpe_bdq_aqua_ref,False
2307007,Jaguaruana,CE,2007,10,1.0,40.8,40.8,40.8,,,False,inpe_bdq_aqua_ref,False
2307007,Jaguaruana,CE,2007,11,4.0,225.0,56.25,95.9,,,False,inpe_bdq_aqua_ref,False
2307007,Jaguaruana,CE,2007,12,6.0,933.4,155.56666666666666,316.4,,,False,inpe_bdq_aqua_ref,False
2307007,Jaguaruana,CE,2008,1,2.0,42.099999999999994,21.049999999999997,23.4,,,False,inpe_bdq_aqua_ref,False
2307007,Jaguaruana,CE,2008,2,3.0,70.4,23.46666666666667,29.9,,,False,inpe_bdq_aqua_ref,False
2307007,Jaguaruana,CE,2008,3,0.0,0.0,,,,,True,inpe_bdq_aqua_ref,False
2307007,Jaguaruana,CE,2008,4,0.0,0.0,,,,,True,inpe_bdq_aqua_ref,False
2307007,Jaguaruana,CE,2008,5,0.0,0.0,,,,,True,inpe_bdq_aqua_ref,False
2307007,Jaguaruana,CE,2008,6,0.0,0.0,,,,,True,inpe_bdq_aqua_ref,False
2307007,Jaguaruana,CE,2008,7,1.0,11.4,11.4,11.4,,,False,inpe_bdq_aqua_ref,False
2307007,Jaguaruana,CE,2008,8,0.0,0.0,,,,,True,inpe_bdq_aqua_ref,False
2307007,Jaguaruana,CE,2008,9,0.0,0.0,,,,,True,inpe_bdq_aqua_ref,False
2307007,Jaguaruana,CE,2008,10,1.0,12.5,12.5,12.5,,,False,inpe_bdq_aqua_ref,False
2307007,Jaguaruana,CE,2008,11,0.0,0.0,,,,,True,inpe_bdq_aqua_ref,False
2307007,Jaguaruana,CE,2008,12,0.0,0.0,,,,,True,inpe_bdq_aqua_ref,False
2307007,Jaguaruana,CE,2009,1,0.0,0.0,,,,,True,inpe_bdq_aqua_ref,False
2307007,Jaguaruana,CE,2009,2,0.0,0.0,,,,,True,inpe_bdq_aqua_ref,False
2307007,Jaguaruana,CE,2009,3,0.0,0.0,,,,,True,inpe_bdq_aqua_ref,False
2307007,Jaguaruana,CE,2009,4,0.0,0.0,,,,,True,inpe_bdq_aqua_ref,False
2307007,Jaguaruana,CE,2009,5,0.0,0.0,,,,,True,inpe_bdq_aqua_ref,False
2307007,Jaguaruana,CE,2009,6,0.0,0.0,,,,,True,inpe_bdq_aqua_ref,False
2307007,Jaguaruana,CE,2009,7,0.0,0.0,,,,,True,inpe_bdq_aqua_ref,False
2307007,Jaguaruana,CE,2009,8,0.0,0.0,,,,,True,inpe_bdq_aqua_ref,False
2307007,Jaguaruana,CE,2009,9,1.0,11.1,11.1,11.1,,,False,inpe_bdq_aqua_ref,False
2307007,Jaguaruana,CE,2009,10,0.0,0.0,,,,,True,inpe_bdq_aqua_ref,False
2307007,Jaguaruana,CE,2009,11,0.0,0.0,,,,,True,inpe_bdq_aqua_ref,False
2307007,Jaguaruana,CE,2009,12,0.0,0.0,,,,,True,inpe_bdq_aqua_ref,False
2307007,Jaguaruana,CE,2010,1,1.0,16.4,16.4,16.4,,,False,inpe_bdq_aqua_ref,False
2307007,Jaguaruana,CE,2010,2,0.0,0.0,,,,,True,inpe_bdq_aqua_ref,False
2307007,Jaguaruana,CE,2010,3,0.0,0.0,,,,,True,inpe_bdq_aqua_ref,False
2307007,Jaguaruana,CE,2010,4,0.0,0.0,,,,,True,inpe_bdq_aqua_ref,False
2307007,Jaguaruana,CE,2010,5,1.0,14.8,14.8,14.8,,,False,inpe_bdq_aqua_ref,False
2307007,Jaguaruana,CE,2010,6,0.0,0.0,,,,,True,inpe_bdq_aqua_ref,False
2307007,Jaguaruana,CE,2010,7,1.0,13.6,13.6,13.6,,,False,inpe_bdq_aqua_ref,False
2307007,Jaguaruana,CE,2010,8,0.0,0.0,,,,,True,inpe_bdq_aqua_ref,False
2307007,Jaguaruana,CE,2010,9,3.0,633.3000000000001,211.10000000000002,551.7,,,False,inpe_bdq_aqua_ref,False
2307007,Jaguaruana,CE,2010,10,0.0,0.0,,,,,True,inpe_bdq_aqua_ref,False
2307007,Jaguaruana,CE,2010,11,1.0,43.3,43.3,43.3,,,False,inpe_bdq_aqua_ref,False
2307007,Jaguaruana,CE,2010,12,1.0,62.0,62.0,62.0,,,False,inpe_bdq_aqua_ref,False
2307007,Jaguaruana,CE,2011,1,1.0,19.1,19.1,19.1,,,False,inpe_bdq_aqua_ref,False
2307007,Jaguaruana,CE,2011,2,0.0,0.0,,,,,True,inpe_bdq_aqua_ref,False
2307007,Jaguaruana,CE,2011,3,1.0,12.6,12.6,12.6,,,False,inpe_bdq_aqua_ref,False
2307007,Jaguaruana,CE,2011,4,0.0,0.0,,,,,True,inpe_bdq_aqua_ref,False
2307007,Jaguaruana,CE,2011,5,0.0,0.0,,,,,True,inpe_bdq_aqua_ref,False
2307007,Jaguaruana,CE,2011,6,0.0,0.0,,,,,True,inpe_bdq_aqua_ref,False
2307007,Jaguaruana,CE,2011,7,0.0,0.0,,,,,True,inpe_bdq_aqua_ref,False
2307007,Jaguaruana,CE,2011,8,,0.0,,,,,True,inpe_bdq_aqua_ref,True
2307007,Jaguaruana,CE,2011,9,,0.0,,,,,True,inpe_bdq_aqua_ref,True
2307007,Jaguaruana,CE,2011,10,,0.0,,,,,True,inpe_bdq_aqua_ref,True
2307007,Jaguaruana,CE,2011,11,,0.0,,,,,True,inpe_bdq_aqua_ref,True
2307007,Jaguaruana,CE,2011,12,,0.0,,,,,True,inpe_bdq_aqua_ref,True
2307007,Jaguaruana,CE,2012,1,2.0,14.6,7.3,8.2,,,False,inpe_bdq_aqua_ref,False
2307007,Jaguaruana,CE,2012,2,0.0,0.0,,,,,True,inpe_bdq_aqua_ref,False
2307007,Jaguaruana,CE,2012,3,0.0,0.0,,,,,True,inpe_bdq_aqua_ref,False
2307007,Jaguaruana,CE,2012,4,0.0,0.0,,,,,True,inpe_bdq_aqua_ref,False
2307007,Jaguaruana,CE,2012,5,0.0,0.0,,,,,True,inpe_bdq_aqua_ref,False
2307007,Jaguaruana,CE,2012,6,0.0,0.0,,,,,True,inpe_bdq_aqua_ref,False
2307007,Jaguaruana,CE,2012,7,0.0,0.0,,,,,True,inpe_bdq_aqua_ref,False
2307007,Jaguaruana,CE,2012,8,2.0,39.0,19.5,21.8,,,False,inpe_bdq_aqua_ref,False
2307007,Jaguaruana,CE,2012,9,1.0,10.0,10.0,10.0,,,False,inpe_bdq_aqua_ref,False
2307007,Jaguaruana,CE,2012,10,1.0,32.1,32.1,32.1,,,False,inpe_bdq_aqua_ref,False
2307007,Jaguaruana,CE,2012,11,1.0,10.6,10.6,10.6,,,False,inpe_bdq_aqua_ref,False
2307007,Jaguaruana,CE,2012,12,0.0,0.0,,,,,True,inpe_bdq_aqua_ref,False
2307007,Jaguaruana,CE,2013,1,0.0,0.0,,,,,True,inpe_bdq_aqua_ref,False
2307007,Jaguaruana,CE,2013,2,0.0,0.0,,,,,True,inpe_bdq_aqua_ref,False
2307007,Jaguaruana,CE,2013,3,0.0,0.0,,,,,True,inpe_bdq_aqua_ref,False
2307007,Jaguaruana,CE,2013,4,0.0,0.0,,,,,True,inpe_bdq_aqua_ref,False
2307007,Jaguaruana,CE,2013,5,0.0,0.0,,,,,True,inpe_bdq_aqua_ref,False
2307007,Jaguaruana,CE,2013,6,0.0,0.0,,,,,True,inpe_bdq_aqua_ref,False
2307007,Jaguaruana,CE,2013,7,0.0,0.0,,,,,True,inpe_bdq_aqua_ref,False
2307007,Jaguaruana,CE,2013,8,0.0,0.0,,,,,True,inpe_bdq_aqua_ref,False
2307007,Jaguaruana,CE,2013,9,0.0,0.0,,,,,True,inpe_bdq_aqua_ref,False
2307007,Jaguaruana,CE,2013,10,7.0,1349.9,192.84285714285716,581.5,,,False,inpe_bdq_aqua_ref,False
2307007,Jaguaruana,CE,2013,11,0.0,0.0,,,,,True,inpe_bdq_aqua_ref,False
2307007,Jaguaruana,CE,2013,12,0.0,0.0,,,,,True,inpe_bdq_aqua_ref,False
2307007,Jaguaruana,CE,2014,1,0.0,0.0,,,,,True,inpe_bdq_aqua_ref,False
2307007,Jaguaruana,CE,2014,2,0.0,0.0,,,,,True,inpe_bdq_aqua_ref,False
2307007,Jaguaruana,CE,2014,3,0.0,0.0,,,,,True,inpe_bdq_aqua_ref,False
2307007,Jaguaruana,CE,2014,4,0.0,0.0,,,,,True,inpe_bdq_aqua_ref,False
2307007,Jaguaruana,CE,2014,5,0.0,0.0,,,,,True,inpe_bdq_aqua_ref,False
2307007,Jaguaruana,CE,2014,6,0.0,0.0,,,,,True,inpe_bdq_aqua_ref,False
2307007,Jaguaruana,CE,2014,7,0.0,0.0,,,,,True,inpe_bdq_aqua_ref,False
2307007,Jaguaruana,CE,2014,8,1.0,23.4,23.4,23.4,1.0,23.0,False,inpe_bdq_aqua_ref,False
2307007,Jaguaruana,CE,2014,9,1.0,28.2,28.2,28.2,1.0,46.0,False,inpe_bdq_aqua_ref,False
2307007,Jaguaruana,CE,2014,10,0.0,0.0,,,,,True,inpe_bdq_aqua_ref,False
2307007,Jaguaruana,CE,2014,11,0.0,0.0,,,,,True,inpe_bdq_aqua_ref,False
2307007,Jaguaruana,CE,2014,12,0.0,0.0,,,,,True,inpe_bdq_aqua_ref,False
2307007,Jaguaruana,CE,2015,1,0.0,0.0,,,,,True,inpe_bdq_aqua_ref,False
2307007,Jaguaruana,CE,2015,2,0.0,0.0,,,,,True,inpe_bdq_aqua_ref,False
2307007,Jaguaruana,CE,2015,3,0.0,0.0,,,,,True,inpe_bdq_aqua_ref,False
2307007,Jaguaruana,CE,2015,4,0.0,0.0,,,,,True,inpe_bdq_aqua_ref,False
2307007,Jaguaruana,CE,2015,5,0.0,0.0,,,,,True,inpe_bdq_aqua_ref,False
2307007,Jaguaruana,CE,2015,6,0.0,0.0,,,,,True,inpe_bdq_aqua_ref,False
2307007,Jaguaruana,CE,2015,7,0.0,0.0,,,,,True,inpe_bdq_aqua_ref,False
2307007,Jaguaruana,CE,2015,8,0.0,0.0,,,,,True,inpe_bdq_aqua_ref,False
2307007,Jaguaruana,CE,2015,9,0.0,0.0,,,,,True,inpe_bdq_aqua_ref,False
2307007,Jaguaruana,CE,2015,10,0.0,0.0,,,,,True,inpe_bdq_aqua_ref,False
2307007,Jaguaruana,CE,2015,11,0.0,0.0,,,,,True,inpe_bdq_aqua_ref,False
2307007,Jaguaruana,CE,2015,12,0.0,0.0,,,,,True,inpe_bdq_aqua_ref,False
2307007,Jaguaruana,CE,2016,1,2.0,93.0,46.5,72.3,1.0,4.0,False,inpe_bdq_aqua_ref,False
2307007,Jaguaruana,CE,2016,2,0.0,0.0,,,,,True,inpe_bdq_aqua_ref,False
2307007,Jaguaruana,CE,2016,3,0.0,0.0,,,,,True,inpe_bdq_aqua_ref,False
2307007,Jaguaruana,CE,2016,4,0.0,0.0,,,,,True,inpe_bdq_aqua_ref,False
2307007,Jaguaruana,CE,2016,5,0.0,0.0,,,,,True,inpe_bdq_aqua_ref,False
2307007,Jaguaruana,CE,2016,6,0.0,0.0,,,,,True,inpe_bdq_aqua_ref,False
2307007,Jaguaruana,CE,2016,7,0.0,0.0,,,,,True,inpe_bdq_aqua_ref,False
2307007,Jaguaruana,CE,2016,8,0.0,0.0,,,,,True,inpe_bdq_aqua_ref,False
2307007,Jaguaruana,CE,2016,9,0.0,0.0,,,,,True,inpe_bdq_aqua_ref,False
2307007,Jaguaruana,CE,2016,10,0.0,0.0,,,,,True,inpe_bdq_aqua_ref,False
2307007,Jaguaruana,CE,2016,11,0.0,0.0,,,,,True,inpe_bdq_aqua_ref,False
2307007,Jaguaruana,CE,2016,12,0.0,0.0,,,,,True,inpe_bdq_aqua_ref,False
2307007,Jaguaruana,CE,2017,1,0.0,0.0,,,,,True,inpe_bdq_aqua_ref,False
2307007,Jaguaruana,CE,2017,2,0.0,0.0,,,,,True,inpe_bdq_aqua_ref,False
2307007,Jaguaruana,CE,2017,3,0.0,0.0,,,,,True,inpe_bdq_aqua_ref,False
2307007,Jaguaruana,CE,2017,4,0.0,0.0,,,,,True,inpe_bdq_aqua_ref,False
2307007,Jaguaruana,CE,2017,5,0.0,0.0,,,,,True,inpe_bdq_aqua_ref,False
2307007,Jaguaruana,CE,2017,6,0.0,0.0,,,,,True,inpe_bdq_aqua_ref,False
2307007,Jaguaruana,CE,2017,7,0.0,0.0,,,,,True,inpe_bdq_aqua_ref,False
2307007,Jaguaruana,CE,2017,8,0.0,0.0,,,,,True,inpe_bdq_aqua_ref,False
2307007,Jaguaruana,CE,2017,9,0.0,0.0,,,,,True,inpe_bdq_aqua_ref,False
2307007,Jaguaruana,CE,2017,10,0.0,0.0,,,,,True,inpe_bdq_aqua_ref,False
2307007,Jaguaruana,CE,2017,11,0.0,0.0,,,,,True,inpe_bdq_aqua_ref,False
2307007,Jaguaruana,CE,2017,12,0.0,0.0,,,,,True,inpe_bdq_aqua_ref,False
2307007,Jaguaruana,CE,2018,1,0.0,0.0,,,,,True,inpe_bdq_aqua_ref,False
2307007,Jaguaruana,CE,2018,2,0.0,0.0,,,,,True,inpe_bdq_aqua_ref,False
2307007,Jaguaruana,CE,2018,3,0.0,0.0,,,,,True,inpe_bdq_aqua_ref,False
2307007,Jaguaruana,CE,2018,4,0.0,0.0,,,,,True,inpe_bdq_aqua_ref,False
2307007,Jaguaruana,CE,2018,5,0.0,0.0,,,,,True,inpe_bdq_aqua_ref,False
2307007,Jaguaruana,CE,2018,6,0.0,0.0,,,,,True,inpe_bdq_aqua_ref,False
2307007,Jaguaruana,CE,2018,7,0.0,0.0,,,,,True,inpe_bdq_aqua_ref,False
2307007,Jaguaruana,CE,2018,8,5.0,412.0,82.4,183.5,1.0,47.2,False,inpe_bdq_aqua_ref,False
2307007,Jaguaruana,CE,2018,9,0.0,0.0,,,,,True,inpe_bdq_aqua_ref,False
2307007,Jaguaruana,CE,2018,10,0.0,0.0,,,,,True,inpe_bdq_aqua_ref,False
2307007,Jaguaruana,CE,2018,11,0.0,0.0,,,,,True,inpe_bdq_aqua_ref,False
2307007,Jaguaruana,CE,2018,12,1.0,25.9,25.9,25.9,1.0,2.0,False,inpe_bdq_aqua_ref,False
2307007,Jaguaruana,CE,2019,1,0.0,0.0,,,,,True,inpe_bdq_aqua_ref,False
2307007,Jaguaruana,CE,2019,2,0.0,0.0,,,,,True,inpe_bdq_aqua_ref,False
2307007,Jaguaruana,CE,2019,3,0.0,0.0,,,,,True,inpe_bdq_aqua_ref,False
2307007,Jaguaruana,CE,2019,4,0.0,0.0,,,,,True,inpe_bdq_aqua_ref,False
2307007,Jaguaruana,CE,2019,5,0.0,0.0,,,,,True,inpe_bdq_aqua_ref,False
2307007,Jaguaruana,CE,2019,6,0.0,0.0,,,,,True,inpe_bdq_aqua_ref,False
2307007,Jaguaruana,CE,2019,7,0.0,0.0,,,,,True,inpe_bdq_aqua_ref,False
2307007,Jaguaruana,CE,2019,8,3.0,80.0,26.666666666666668,41.0,1.0,61.0,False,inpe_bdq_aqua_ref,False
2307007,Jaguaruana,CE,2019,9,2.0,23.0,11.5,15.7,1.0,104.0,False,inpe_bdq_aqua_ref,False
2307007,Jaguaruana,CE,2019,10,6.0,258.6,43.1,73.6,1.0,88.33333333333333,False,inpe_bdq_aqua_ref,False
2307007,Jaguaruana,CE,2019,11,0.0,0.0,,,,,True,inpe_bdq_aqua_ref,False
2307007,Jaguaruana,CE,2019,12,0.0,0.0,,,,,True,inpe_bdq_aqua_ref,False
2307007,Jaguaruana,CE,2020,1,0.0,0.0,,,,,True,inpe_bdq_aqua_ref,False
2307007,Jaguaruana,CE,2020,2,0.0,0.0,,,,,True,inpe_bdq_aqua_ref,False
2307007,Jaguaruana,CE,2020,3,0.0,0.0,,,,,True,inpe_bdq_aqua_ref,False
2307007,Jaguaruana,CE,2020,4,0.0,0.0,,,,,True,inpe_bdq_aqua_ref,False
2307007,Jaguaruana,CE,2020,5,0.0,0.0,,,,,True,inpe_bdq_aqua_ref,False
2307007,Jaguaruana,CE,2020,6,0.0,0.0,,,,,True,inpe_bdq_aqua_ref,False
2307007,Jaguaruana,CE,2020,7,0.0,0.0,,,,,True,inpe_bdq_aqua_ref,False
2307007,Jaguaruana,CE,2020,8,0.0,0.0,,,,,True,inpe_bdq_aqua_ref,False
2307007,Jaguaruana,CE,2020,9,2.0,50.5,25.25,35.8,1.0,51.5,False,inpe_bdq_aqua_ref,False
2307007,Jaguaruana,CE,2020,10,0.0,0.0,,,,,True,inpe_bdq_aqua_ref,False
2307007,Jaguaruana,CE,2020,11,0.0,0.0,,,,,True,inpe_bdq_aqua_ref,False
2307007,Jaguaruana,CE,2020,12,0.0,0.0,,,,,True,inpe_bdq_aqua_ref,False
2307007,Jaguaruana,CE,2021,1,0.0,0.0,,,,,True,inpe_bdq_aqua_ref,False
2307007,Jaguaruana,CE,2021,2,2.0,443.0,221.5,266.0,1.0,3.0,False,inpe_bdq_aqua_ref,False
2307007,Jaguaruana,CE,2021,3,0.0,0.0,,,,,True,inpe_bdq_aqua_ref,False
2307007,Jaguaruana,CE,2021,4,0.0,0.0,,,,,True,inpe_bdq_aqua_ref,False
2307007,Jaguaruana,CE,2021,5,0.0,0.0,,,,,True,inpe_bdq_aqua_ref,False
2307007,Jaguaruana,CE,2021,6,0.0,0.0,,,,,True,inpe_bdq_aqua_ref,False
2307007,Jaguaruana,CE,2021,7,0.0,0.0,,,,,True,inpe_bdq_aqua_ref,False
2307007,Jaguaruana,CE,2021,8,1.0,15.8,15.8,15.8,1.0,56.0,False,inpe_bdq_aqua_ref,False
2307007,Jaguaruana,CE,2021,9,0.0,0.0,,,,,True,inpe_bdq_aqua_ref,False
2307007,Jaguaruana,CE,2021,10,0.0,0.0,,,,,True,inpe_bdq_aqua_ref,False
2307007,Jaguaruana,CE,2021,11,1.0,8.9,8.9,8.9,1.0,13.0,False,inpe_bdq_aqua_ref,False
2307007,Jaguaruana,CE,2021,12,0.0,0.0,,,,,True,inpe_bdq_aqua_ref,False
2307007,Jaguaruana,CE,2022,1,0.0,0.0,,,,,True,inpe_bdq_aqua_ref,False
2307007,Jaguaruana,CE,2022,2,0.0,0.0,,,,,True,inpe_bdq_aqua_ref,False
2307007,Jaguaruana,CE,2022,3,0.0,0.0,,,,,True,inpe_bdq_aqua_ref,False
2307007,Jaguaruana,CE,2022,4,0.0,0.0,,,,,True,inpe_bdq_aqua_ref,False
2307007,Jaguaruana,CE,2022,5,0.0,0.0,,,,,True,inpe_bdq_aqua_ref,False
2307007,Jaguaruana,CE,2022,6,0.0,0.0,,,,,True,inpe_bdq_aqua_ref,False
2307007,Jaguaruana,CE,2022,7,0.0,0.0,,,,,True,inpe_bdq_aqua_ref,False
2307007,Jaguaruana,CE,2022,8,,0.0,,,,,True,inpe_bdq_aqua_ref,True
2307007,Jaguaruana,CE,2022,9,,0.0,,,,,True,inpe_bdq_aqua_ref,True
2307007,Jaguaruana,CE,2022,10,,0.0,,,,,True,inpe_bdq_aqua_ref,True
2307007,Jaguaruana,CE,2022,11,,0.0,,,,,True,inpe_bdq_aqua_ref,True
2307007,Jaguaruana,CE,2022,12,,0.0,,,,,True,inpe_bdq_aqua_ref,True
2307007,Jaguaruana,CE,2023,1,0.0,0.0,,,,,True,inpe_bdq_aqua_ref,False
2307007,Jaguaruana,CE,2023,2,0.0,0.0,,,,,True,inpe_bdq_aqua_ref,False
2307007,Jaguaruana,CE,2023,3,0.0,0.0,,,,,True,inpe_bdq_aqua_ref,False
2307007,Jaguaruana,CE,2023,4,0.0,0.0,,,,,True,inpe_bdq_aqua_ref,False
2307007,Jaguaruana,CE,2023,5,0.0,0.0,,,,,True,inpe_bdq_aqua_ref,False
2307007,Jaguaruana,CE,2023,6,0.0,0.0,,,,,True,inpe_bdq_aqua_ref,False
2307007,Jaguaruana,CE,2023,7,0.0,0.0,,,,,True,inpe_bdq_aqua_ref,False
2307007,Jaguaruana,CE,2023,8,0.0,0.0,,,,,True,inpe_bdq_aqua_ref,False
2307007,Jaguaruana,CE,2023,9,1.0,1060.9,1060.9,1060.9,1.0,63.0,False,inpe_bdq_aqua_ref,False
2307007,Jaguaruana,CE,2023,10,4.0,170.8,42.7,60.8,1.0,8.75,False,inpe_bdq_aqua_ref,False
2307007,Jaguaruana,CE,2023,11,0.0,0.0,,,,,True,inpe_bdq_aqua_ref,False
2307007,Jaguaruana,CE,2023,12,0.0,0.0,,,,,True,inpe_bdq_aqua_ref,False
2307007,Jaguaruana,CE,2024,1,0.0,0.0,,,,,True,inpe_bdq_aqua_ref,False
2307007,Jaguaruana,CE,2024,2,0.0,0.0,,,,,True,inpe_bdq_aqua_ref,False
2307007,Jaguaruana,CE,2024,3,0.0,0.0,,,,,True,inpe_bdq_aqua_ref,False
2307007,Jaguaruana,CE,2024,4,0.0,0.0,,,,,True,inpe_bdq_aqua_ref,False
2307007,Jaguaruana,CE,2024,5,0.0,0.0,,,,,True,inpe_bdq_aqua_ref,False
2307007,Jaguaruana,CE,2024,6,0.0,0.0,,,,,True,inpe_bdq_aqua_ref,False
2307007,Jaguaruana,CE,2024,7,1.0,12.2,12.2,12.2,0.63,12.0,False,inpe_bdq_aqua_ref,False
2307007,Jaguaruana,CE,2024,8,1.0,11.6,11.6,11.6,0.98,0.0,False,inpe_bdq_aqua_ref,False
2307007,Jaguaruana,CE,2024,9,0.0,0.0,,,,,True,inpe_bdq_aqua_ref,False
2307007,Jaguaruana,CE,2024,10,0.0,0.0,,,,,True,inpe_bdq_aqua_ref,False
2307007,Jaguaruana,CE,2024,11,0.0,0.0,,,,,True,inpe_bdq_aqua_ref,False
2307007,Jaguaruana,CE,2024,12,0.0,0.0,,,,,True,inpe_bdq_aqua_ref,False
2307007,Jaguaruana,CE,2025,1,0.0,0.0,,,,,True,inpe_bdq_aqua_ref,False
2307007,Jaguaruana,CE,2025,2,0.0,0.0,,,,,True,inpe_bdq_aqua_ref,False
2307007,Jaguaruana,CE,2025,3,0.0,0.0,,,,,True,inpe_bdq_aqua_ref,False
2307007,Jaguaruana,CE,2025,4,0.0,0.0,,,,,True,inpe_bdq_aqua_ref,False
2307007,Jaguaruana,CE,2025,5,0.0,0.0,,,,,True,inpe_bdq_aqua_ref,False
2307007,Jaguaruana,CE,2025,6,0.0,0.0,,,,,True,inpe_bdq_aqua_ref,False
2307007,Jaguaruana,CE,2025,7,0.0,0.0,,,,,True,inpe_bdq_aqua_ref,False
2307007,Jaguaruana,CE,2025,8,0.0,0.0,,,,,True,inpe_bdq_aqua_ref,False
2307007,Jaguaruana,CE,2025,9,4.0,114.60000000000001,28.650000000000002,53.0,1.0,48.0,False,inpe_bdq_aqua_ref,False
2307106,Jardim,CE,2002,10,10.0,563.6,56.36,170.4,,,False,inpe_bdq_legacy,False
2307106,Jardim,CE,2002,11,10.0,263.0,26.3,42.2,,,False,inpe_bdq_legacy,False
2307106,Jardim,CE,2002,12,4.0,147.3,36.825,66.2,,,False,inpe_bdq_legacy,False
2307106,Jardim,CE,2003,1,2.0,69.5,34.75,48.0,,,False,inpe_bdq_legacy,False
2307106,Jardim,CE,2003,2,0.0,0.0,,,,,True,inpe_bdq_legacy,False
2307106,Jardim,CE,2003,3,0.0,0.0,,,,,True,inpe_bdq_legacy,False
2307106,Jardim,CE,2003,4,0.0,0.0,,,,,True,inpe_bdq_legacy,False
2307106,Jardim,CE,2003,5,0.0,0.0,,,,,True,inpe_bdq_legacy,False
2307106,Jardim,CE,2003,6,0.0,0.0,,,,,True,inpe_bdq_legacy,False
2307106,Jardim,CE,2003,7,0.0,0.0,,,,,True,inpe_bdq_legacy,False
2307106,Jardim,CE,2003,8,0.0,0.0,,,,,True,inpe_bdq_legacy,False
2307106,Jardim,CE,2003,9,6.0,224.0,37.333333333333336,56.5,,,False,inpe_bdq_legacy,False
2307106,Jardim,CE,2003,10,10.0,850.1,85.01,210.0,,,False,inpe_bdq_legacy,False
2307106,Jardim,CE,2003,11,16.0,1148.3,71.76875,278.5,,,False,inpe_bdq_legacy,False
2307106,Jardim,CE,2003,12,5.0,346.8,69.36,178.5,,,False,inpe_bdq_legacy,False
2307106,Jardim,CE,2004,1,0.0,0.0,,,,,True,inpe_bdq_legacy,False
2307106,Jardim,CE,2004,2,0.0,0.0,,,,,True,inpe_bdq_legacy,False
2307106,Jardim,CE,2004,3,0.0,0.0,,,,,True,inpe_bdq_legacy,False
2307106,Jardim,CE,2004,4,0.0,0.0,,,,,True,inpe_bdq_legacy,False
2307106,Jardim,CE,2004,5,0.0,0.0,,,,,True,inpe_bdq_legacy,False
2307106,Jardim,CE,2004,6,0.0,0.0,,,,,True,inpe_bdq_legacy,False
2307106,Jardim,CE,2004,7,0.0,0.0,,,,,True,inpe_bdq_legacy,False
2307106,Jardim,CE,2004,8,0.0,0.0,,,,,True,inpe_bdq_legacy,False
2307106,Jardim,CE,2004,9,4.0,297.4,74.35,109.2,,,False,inpe_bdq_legacy,False
2307106,Jardim,CE,2004,10,6.0,303.5,50.583333333333336,107.5,,,False,inpe_bdq_legacy,False
2307106,Jardim,CE,2004,11,2.0,46.6,23.3,30.7,,,False,inpe_bdq_legacy,False
2307106,Jardim,CE,2004,12,7.0,473.70000000000005,67.67142857142858,212.9,,,False,inpe_bdq_legacy,False
2307106,Jardim,CE,2005,1,0.0,0.0,,,,,True,inpe_bdq_legacy,False
2307106,Jardim,CE,2005,2,0.0,0.0,,,,,True,inpe_bdq_legacy,False
2307106,Jardim,CE,2005,3,0.0,0.0,,,,,True,inpe_bdq_legacy,False
2307106,Jardim,CE,2005,4,0.0,0.0,,,,,True,inpe_bdq_legacy,False
2307106,Jardim,CE,2005,5,0.0,0.0,,,,,True,inpe_bdq_legacy,False
2307106,Jardim,CE,2005,6,0.0,0.0,,,,,True,inpe_bdq_legacy,False
2307106,Jardim,CE,2005,7,0.0,0.0,,,,,True,inpe_bdq_legacy,False
2307106,Jardim,CE,2005,8,0.0,0.0,,,,,True,inpe_bdq_legacy,False
2307106,Jardim,CE,2005,9,0.0,0.0,,,,,True,inpe_bdq_legacy,False
2307106,Jardim,CE,2005,10,1.0,20.9,20.9,20.9,,,False,inpe_bdq_legacy,False
2307106,Jardim,CE,2005,11,4.0,81.8,20.45,36.1,,,False,inpe_bdq_legacy,False
2307106,Jardim,CE,2005,12,12.0,286.7,23.891666666666666,55.8,,,False,inpe_bdq_legacy,False
2307106,Jardim,CE,2006,1,1.0,64.9,64.9,64.9,,,False,inpe_bdq_legacy,False
2307106,Jardim,CE,2006,2,0.0,0.0,,,,,True,inpe_bdq_legacy,False
2307106,Jardim,CE,2006,3,0.0,0.0,,,,,True,inpe_bdq_legacy,False
2307106,Jardim,CE,2006,4,0.0,0.0,,,,,True,inpe_bdq_legacy,False
2307106,Jardim,CE,2006,5,0.0,0.0,,,,,True,inpe_bdq_legacy,False
2307106,Jardim,CE,2006,6,0.0,0.0,,,,,True,inpe_bdq_legacy,False
2307106,Jardim,CE,2006,7,0.0,0.0,,,,,True,inpe_bdq_legacy,False
2307106,Jardim,CE,2006,8,0.0,0.0,,,,,True,inpe_bdq_legacy,False
2307106,Jardim,CE,2006,9,5.0,133.7,26.74,47.6,,,False,inpe_bdq_legacy,False
2307106,Jardim,CE,2006,10,2.0,158.2,79.1,83.1,,,False,inpe_bdq_legacy,False
2307106,Jardim,CE,2006,11,8.0,673.9,84.2375,235.5,,,False,inpe_bdq_legacy,False
2307106,Jardim,CE,2006,12,3.0,97.5,32.5,46.9,,,False,inpe_bdq_legacy,False
2307106,Jardim,CE,2007,1,1.0,28.5,28.5,28.5,,,False,inpe_bdq_legacy,False
2307106,Jardim,CE,2007,2,0.0,0.0,,,,,True,inpe_bdq_legacy,False
2307106,Jardim,CE,2007,3,0.0,0.0,,,,,True,inpe_bdq_legacy,False
2307106,Jardim,CE,2007,4,0.0,0.0,,,,,True,inpe_bdq_legacy,False
2307106,Jardim,CE,2007,5,0.0,0.0,,,,,True,inpe_bdq_legacy,False
2307106,Jardim,CE,2007,6,0.0,0.0,,,,,True,inpe_bdq_legacy,False
2307106,Jardim,CE,2007,7,0.0,0.0,,,,,True,inpe_bdq_legacy,False
2307106,Jardim,CE,2007,8,1.0,54.0,54.0,54.0,,,False,inpe_bdq_legacy,False
2307106,Jardim,CE,2007,9,0.0,0.0,,,,,True,inpe_bdq_legacy,False
2307106,Jardim,CE,2007,10,7.0,427.3,61.042857142857144,151.5,,,False,inpe_bdq_legacy,False
2307106,Jardim,CE,2007,11,8.0,472.4,59.05,217.2,,,False,inpe_bdq_legacy,False
2307106,Jardim,CE,2007,12,5.0,328.0,65.6,106.6,,,False,inpe_bdq_legacy,False
2307106,Jardim,CE,2008,1,0.0,0.0,,,,,True,inpe_bdq_legacy,False
2307106,Jardim,CE,2008,2,0.0,0.0,,,,,True,inpe_bdq_legacy,False
2307106,Jardim,CE,2008,3,0.0,0.0,,,,,True,inpe_bdq_legacy,False
2307106,Jardim,CE,2008,4,0.0,0.0,,,,,True,inpe_bdq_legacy,False
2307106,Jardim,CE,2008,5,0.0,0.0,,,,,True,inpe_bdq_legacy,False
2307106,Jardim,CE,2008,6,0.0,0.0,,,,,True,inpe_bdq_legacy,False
2307106,Jardim,CE,2008,7,0.0,0.0,,,,,True,inpe_bdq_legacy,False
2307106,Jardim,CE,2008,8,0.0,0.0,,,,,True,inpe_bdq_legacy,False
2307106,Jardim,CE,2008,9,0.0,0.0,,,,,True,inpe_bdq_legacy,False
2307106,Jardim,CE,2008,10,0.0,0.0,,,,,True,inpe_bdq_legacy,False
2307106,Jardim,CE,2008,11,2.0,44.0,22.0,29.9,,,False,inpe_bdq_legacy,False
2307106,Jardim,CE,2008,12,3.0,97.0,32.333333333333336,46.3,,,False,inpe_bdq_legacy,False
2307106,Jardim,CE,2009,1,4.0,182.7,45.675,73.3,,,False,inpe_bdq_legacy,False
2307106,Jardim,CE,2009,2,0.0,0.0,,,,,True,inpe_bdq_legacy,False
2307106,Jardim,CE,2009,3,0.0,0.0,,,,,True,inpe_bdq_legacy,False
2307106,Jardim,CE,2009,4,0.0,0.0,,,,,True,inpe_bdq_legacy,False
2307106,Jardim,CE,2009,5,0.0,0.0,,,,,True,inpe_bdq_legacy,False
2307106,Jardim,CE,2009,6,0.0,0.0,,,,,True,inpe_bdq_legacy,False
2307106,Jardim,CE,2009,7,0.0,0.0,,,,,True,inpe_bdq_legacy,False
2307106,Jardim,CE,2009,8,0.0,0.0,,,,,True,inpe_bdq_legacy,False
2307106,Jardim,CE,2009,9,0.0,0.0,,,,,True,inpe_bdq_legacy,False
2307106,Jardim,CE,2009,10,3.0,53.800000000000004,17.933333333333334,23.6,,,False,inpe_bdq_legacy,False
2307106,Jardim,CE,2009,11,2.0,53.2,26.6,33.1,,,False,inpe_bdq_legacy,False
2307106,Jardim,CE,2009,12,7.0,462.70000000000005,66.10000000000001,227.8,,,False,inpe_bdq_legacy,False
2307106,Jardim,CE,2010,1,0.0,0.0,,,,,True,inpe_bdq_legacy,False
2307106,Jardim,CE,2010,2,0.0,0.0,,,,,True,inpe_bdq_legacy,False
2307106,Jardim,CE,2010,3,1.0,21.2,21.2,21.2,,,False,inpe_bdq_legacy,False
2307106,Jardim,CE,2010,4,0.0,0.0,,,,,True,inpe_bdq_legacy,False
2307106,Jardim,CE,2010,5,0.0,0.0,,,,,True,inpe_bdq_legacy,False
2307106,Jardim,CE,2010,6,0.0,0.0,,,,,True,inpe_bdq_legacy,False
2307106,Jardim,CE,2010,7,0.0,0.0,,,,,True,inpe_bdq_legacy,False
2307106,Jardim,CE,2010,8,0.0,0.0,,,,,True,inpe_bdq_legacy,False
2307106,Jardim,CE,2010,9,1.0,32.1,32.1,32.1,,,False,inpe_bdq_legacy,False
2307106,Jardim,CE,2010,10,0.0,0.0,,,,,True,inpe_bdq_legacy,False
2307106,Jardim,CE,2010,11,2.0,155.9,77.95,116.3,,,False,inpe_bdq_legacy,False
2307106,Jardim,CE,2010,12,1.0,10.0,10.0,10.0,,,False,inpe_bdq_legacy,False
2307106,Jardim,CE,2011,1,0.0,0.0,,,,,True,inpe_bdq_legacy,False
2307106,Jardim,CE,2011,2,0.0,0.0,,,,,True,inpe_bdq_legacy,False
2307106,Jardim,CE,2011,3,0.0,0.0,,,,,True,inpe_bdq_legacy,False
2307106,Jardim,CE,2011,4,0.0,0.0,,,,,True,inpe_bdq_legacy,False
2307106,Jardim,CE,2011,5,0.0,0.0,,,,,True,inpe_bdq_legacy,False
2307106,Jardim,CE,2011,6,0.0,0.0,,,,,True,inpe_bdq_legacy,False
2307106,Jardim,CE,2011,7,0.0,0.0,,,,,True,inpe_bdq_legacy,False
2307106,Jardim,CE,2011,8,0.0,0.0,,,,,True,inpe_bdq_legacy,False
2307106,Jardim,CE,2011,9,1.0,11.5,11.5,11.5,,,False,inpe_bdq_legacy,False
2307106,Jardim,CE,2011,10,0.0,0.0,,,,,True,inpe_bdq_legacy,False
2307106,Jardim,CE,2011,11,6.0,245.4,40.9,82.6,,,False,inpe_bdq_legacy,False
2307106,Jardim,CE,2011,12,9.0,510.59999999999997,56.73333333333333,146.5,,,False,inpe_bdq_legacy,False
2307106,Jardim,CE,2012,1,1.0,20.1,20.1,20.1,,,False,inpe_bdq_legacy,False
2307106,Jardim,CE,2012,2,0.0,0.0,,,,,True,inpe_bdq_legacy,False
2307106,Jardim,CE,2012,3,0.0,0.0,,,,,True,inpe_bdq_legacy,False
2307106,Jardim,CE,2012,4,0.0,0.0,,,,,True,inpe_bdq_legacy,False
2307106,Jardim,CE,2012,5,0.0,0.0,,,,,True,inpe_bdq_legacy,False
2307106,Jardim,CE,2012,6,0.0,0.0,,,,,True,inpe_bdq_legacy,False
2307106,Jardim,CE,2012,7,0.0,0.0,,,,,True,inpe_bdq_legacy,False
2307106,Jardim,CE,2012,8,0.0,0.0,,,,,True,inpe_bdq_legacy,False
2307106,Jardim,CE,2012,9,12.0,706.5,58.875,109.6,,,False,inpe_bdq_legacy,False
2307106,Jardim,CE,2012,10,4.0,164.0,41.0,83.6,,,False,inpe_bdq_legacy,False
2307106,Jardim,CE,2012,11,3.0,141.5,47.166666666666664,67.6,,,False,inpe_bdq_legacy,False
2307106,Jardim,CE,2012,12,0.0,0.0,,,,,True,inpe_bdq_legacy,False
2307106,Jardim,CE,2013,1,0.0,0.0,,,,,True,inpe_bdq_legacy,False
2307106,Jardim,CE,2013,2,0.0,0.0,,,,,True,inpe_bdq_legacy,False
2307106,Jardim,CE,2013,3,0.0,0.0,,,,,True,inpe_bdq_legacy,False
2307106,Jardim,CE,2013,4,0.0,0.0,,,,,True,inpe_bdq_legacy,False
2307106,Jardim,CE,2013,5,0.0,0.0,,,,,True,inpe_bdq_legacy,False
2307106,Jardim,CE,2013,6,0.0,0.0,,,,,True,inpe_bdq_legacy,False
2307106,Jardim,CE,2013,7,0.0,0.0,,,,,True,inpe_bdq_legacy,False
2307106,Jardim,CE,2013,8,0.0,0.0,,,,,True,inpe_bdq_legacy,False
2307106,Jardim,CE,2013,9,0.0,0.0,,,,,True,inpe_bdq_legacy,False
2307106,Jardim,CE,2013,10,0.0,0.0,,,,,True,inpe_bdq_legacy,False
2307106,Jardim,CE,2013,11,0.0,0.0,,,,,True,inpe_bdq_legacy,False
2307106,Jardim,CE,2013,12,1.0,12.9,12.9,12.9,,,False,inpe_bdq_legacy,False
2307106,Jardim,CE,2014,1,0.0,0.0,,,,,True,inpe_bdq_legacy,False
2307106,Jardim,CE,2014,2,0.0,0.0,,,,,True,inpe_bdq_legacy,False
2307106,Jardim,CE,2014,3,0.0,0.0,,,,,True,inpe_bdq_legacy,False
2307106,Jardim,CE,2014,4,0.0,0.0,,,,,True,inpe_bdq_legacy,False
2307106,Jardim,CE,2014,5,0.0,0.0,,,,,True,inpe_bdq_legacy,False
2307106,Jardim,CE,2014,6,0.0,0.0,,,,,True,inpe_bdq_legacy,False
2307106,Jardim,CE,2014,7,0.0,0.0,,,,,True,inpe_bdq_legacy,False
2307106,Jardim,CE,2014,8,0.0,0.0,,,,,True,inpe_bdq_legacy,False
2307106,Jardim,CE,2014,9,0.0,0.0,,,,,True,inpe_bdq_legacy,False
2307106,Jardim,CE,2014,10,1.0,27.0,27.0,27.0,1.0,8.0,False,inpe_bdq_legacy,False
2307106,Jardim,CE,2014,11,2.0,29.7,14.85,19.4,1.0,9.5,False,inpe_bdq_legacy,False
2307106,Jardim,CE,2014,12,0.0,0.0,,,,,True,inpe_bdq_legacy,False
2307106,Jardim,CE,2015,1,0.0,0.0,,,,,True,inpe_bdq_legacy,False
2307106,Jardim,CE,2015,2,0.0,0.0,,,,,True,inpe_bdq_legacy,False
2307106,Jardim,CE,2015,3,0.0,0.0,,,,,True,inpe_bdq_legacy,False
2307106,Jardim,CE,2015,4,0.0,0.0,,,,,True,inpe_bdq_legacy,False
2307106,Jardim,CE,2015,5,0.0,0.0,,,,,True,inpe_bdq_legacy,False
2307106,Jardim,CE,2015,6,0.0,0.0,,,,,True,inpe_bdq_legacy,False
2307106,Jardim,CE,2015,7,0.0,0.0,,,,,True,inpe_bdq_legacy,False
2307106,Jardim,CE,2015,8,0.0,0.0,,,,,True,inpe_bdq_legacy,False
2307106,Jardim,CE,2015,9,0.0,0.0,,,,,True,inpe_bdq_legacy,False
2307106,Jardim,CE,2015,10,0.0,0.0,,,,,True,inpe_bdq_legacy,False
2307106,Jardim,CE,2015,11,0.0,0.0,,,,,True,inpe_bdq_legacy,False
2307106,Jardim,CE,2015,12,5.0,311.9,62.379999999999995,119.9,1.0,40.2,False,inpe_bdq_legacy,False
2307106,Jardim,CE,2016,1,0.0,0.0,,,,,True,inpe_bdq_legacy,False
2307106,Jardim,CE,2016,2,0.0,0.0,,,,,True,inpe_bdq_legacy,False
2307106,Jardim,CE,2016,3,0.0,0.0,,,,,True,inpe_bdq_legacy,False
2307106,Jardim,CE,2016,4,0.0,0.0,,,,,True,inpe_bdq_legacy,False
2307106,Jardim,CE,2016,5,0.0,0.0,,,,,True,inpe_bdq_legacy,False
2307106,Jardim,CE,2016,6,0.0,0.0,,,,,True,inpe_bdq_legacy,False
2307106,Jardim,CE,2016,7,0.0,0.0,,,,,True,inpe_bdq_legacy,False
2307106,Jardim,CE,2016,8,0.0,0.0,,,,,True,inpe_bdq_legacy,False
2307106,Jardim,CE,2016,9,1.0,112.8,112.8,112.8,1.0,58.0,False,inpe_bdq_legacy,False
2307106,Jardim,CE,2016,10,3.0,93.0,31.0,51.0,1.0,83.33333333333333,False,inpe_bdq_legacy,False
2307106,Jardim,CE,2016,11,1.0,15.0,15.0,15.0,1.0,5.0,False,inpe_bdq_legacy,False
2307106,Jardim,CE,2016,12,2.0,55.8,27.9,36.4,1.0,7.0,False,inpe_bdq_legacy,False
2307106,Jardim,CE,2017,1,0.0,0.0,,,,,True,inpe_bdq_legacy,False
2307106,Jardim,CE,2017,2,0.0,0.0,,,,,True,inpe_bdq_legacy,False
2307106,Jardim,CE,2017,3,0.0,0.0,,,,,True,inpe_bdq_legacy,False
2307106,Jardim,CE,2017,4,0.0,0.0,,,,,True,inpe_bdq_legacy,False
2307106,Jardim,CE,2017,5,0.0,0.0,,,,,True,inpe_bdq_legacy,False
2307106,Jardim,CE,2017,6,0.0,0.0,,,,,True,inpe_bdq_legacy,False
2307106,Jardim,CE,2017,7,0.0,0.0,,,,,True,inpe_bdq_legacy,False
2307106,Jardim,CE,2017,8,1.0,12.9,12.9,12.9,1.0,0.0,False,inpe_bdq_legacy,False
2307106,Jardim,CE,2017,9,0.0,0.0,,,,,True,inpe_bdq_legacy,False
2307106,Jardim,CE,2017,10,0.0,0.0,,,,,True,inpe_bdq_legacy,False
2307106,Jardim,CE,2017,11,1.0,20.9,20.9,20.9,1.0,0.0,False,inpe_bdq_legacy,False
2307106,Jardim,CE,2017,12,0.0,0.0,,,,,True,inpe_bdq_legacy,False
2307106,Jardim,CE,2018,1,0.0,0.0,,,,,True,inpe_bdq_legacy,False
2307106,Jardim,CE,2018,2,1.0,46.8,46.8,46.8,0.3,0.0,False,inpe_bdq_legacy,False
2307106,Jardim,CE,2018,3,0.0,0.0,,,,,True,inpe_bdq_legacy,False
2307106,Jardim,CE,2018,4,0.0,0.0,,,,,True,inpe_bdq_legacy,False
2307106,Jardim,CE,2018,5,0.0,0.0,,,,,True,inpe_bdq_legacy,False
2307106,Jardim,CE,2018,6,0.0,0.0,,,,,True,inpe_bdq_legacy,False
2307106,Jardim,CE,2018,7,0.0,0.0,,,,,True,inpe_bdq_legacy,False
2307106,Jardim,CE,2018,8,0.0,0.0,,,,,True,inpe_bdq_legacy,False
2307106,Jardim,CE,2018,9,0.0,0.0,,,,,True,inpe_bdq_legacy,False
2307106,Jardim,CE,2018,10,3.0,52.7,17.566666666666666,21.6,0.5333333333333333,2.0,False,inpe_bdq_legacy,False
2307106,Jardim,CE,2018,11,0.0,0.0,,,,,True,inpe_bdq_legacy,False
2307106,Jardim,CE,2018,12,0.0,0.0,,,,,True,inpe_bdq_legacy,False
2307106,Jardim,CE,2019,1,0.0,0.0,,,,,True,inpe_bdq_legacy,False
2307106,Jardim,CE,2019,2,0.0,0.0,,,,,True,inpe_bdq_legacy,False
2307106,Jardim,CE,2019,3,0.0,0.0,,,,,True,inpe_bdq_legacy,False
2307106,Jardim,CE,2019,4,0.0,0.0,,,,,True,inpe_bdq_legacy,False
2307106,Jardim,CE,2019,5,0.0,0.0,,,,,True,inpe_bdq_legacy,False
2307106,Jardim,CE,2019,6,0.0,0.0,,,,,True,inpe_bdq_legacy,False
2307106,Jardim,CE,2019,7,0.0,0.0,,,,,True,inpe_bdq_legacy,False
2307106,Jardim,CE,2019,8,0.0,0.0,,,,,True,inpe_bdq_legacy,False
2307106,Jardim,CE,2019,9,0.0,0.0,,,,,True,inpe_bdq_legacy,False
2307106,Jardim,CE,2019,10,6.0,247.2,41.199999999999996,98.8,1.0,47.333333333333336,False,inpe_bdq_legacy,False
2307106,Jardim,CE,2019,11,3.0,373.3,124.43333333333334,243.8,-665.6666666666666,70.66666666666667,False,inpe_bdq_legacy,False
2307106,Jardim,CE,2019,12,5.0,221.60000000000002,44.32000000000001,90.2,0.54,4.0,False,inpe_bdq_legacy,False
2307106,Jardim,CE,2020,1,1.0,27.9,27.9,27.9,0.0,0.0,False,inpe_bdq_legacy,False
2307106,Jardim,CE,2020,2,0.0,0.0,,,,,True,inpe_bdq_legacy,False
2307106,Jardim,CE,2020,3,0.0,0.0,,,,,True,inpe_bdq_legacy,False
2307106,Jardim,CE,2020,4,0.0,0.0,,,,,True,inpe_bdq_legacy,False
2307106,Jardim,CE,2020,5,3.0,42.199999999999996,14.066666666666665,17.9,0.16666666666666666,1.0,False,inpe_bdq_legacy,False
2307106,Jardim,CE,2020,6,1.0,16.4,16.4,16.4,0.5,14.0,False,inpe_bdq_legacy,False
2307106,Jardim,CE,2020,7,1.0,10.0,10.0,10.0,0.8,39.0,False,inpe_bdq_legacy,False
2307106,Jardim,CE,2020,8,1.0,12.5,12.5,12.5,0.9,9.0,False,inpe_bdq_legacy,False
2307106,Jardim,CE,2020,9,1.0,22.0,22.0,22.0,1.0,44.0,False,inpe_bdq_legacy,False
2307106,Jardim,CE,2020,10,9.0,1146.5,127.38888888888889,350.6,1.0,56.333333333333336,False,inpe_bdq_legacy,False
2307106,Jardim,CE,2020,11,4.0,155.7,38.925,63.6,0.6975,2.25,False,inpe_bdq_legacy,False
2307106,Jardim,CE,2020,12,1.0,26.2,26.2,26.2,0.9,5.0,False,inpe_bdq_legacy,False
2307106,Jardim,CE,2021,1,0.0,0.0,,,,,True,inpe_bdq_legacy,False
2307106,Jardim,CE,2021,2,1.0,12.0,12.0,12.0,0.7,3.0,False,inpe_bdq_legacy,False
2307106,Jardim,CE,2021,3,0.0,0.0,,,,,True,inpe_bdq_legacy,False
2307106,Jardim,CE,2021,4,0.0,0.0,,,,,True,inpe_bdq_legacy,False
2307106,Jardim,CE,2021,5,0.0,0.0,,,,,True,inpe_bdq_legacy,False
2307106,Jardim,CE,2021,6,0.0,0.0,,,,,True,inpe_bdq_legacy,False
2307106,Jardim,CE,2021,7,0.0,0.0,,,,,True,inpe_bdq_legacy,False
2307106,Jardim,CE,2021,8,0.0,0.0,,,,,True,inpe_bdq_legacy,False
2307106,Jardim,CE,2021,9,3.0,75.9,25.3,41.7,1.0,11.666666666666666,False,inpe_bdq_legacy,False
2307106,Jardim,CE,2021,10,2.0,260.7,130.35,151.5,1.0,4.0,False,inpe_bdq_legacy,False
2307106,Jardim,CE,2021,11,2.0,55.2,27.6,36.7,1.0,5.0,False,inpe_bdq_legacy,False
2307106,Jardim,CE,2021,12,2.0,72.2,36.1,38.6,0.6,0.0,False,inpe_bdq_legacy,False
2307106,Jardim,CE,2022,1,1.0,27.0,27.0,27.0,0.6,5.0,False,inpe_bdq_legacy,False
2307106,Jardim,CE,2022,2,0.0,0.0,,,,,True,inpe_bdq_legacy,False
2307106,Jardim,CE,2022,3,0.0,0.0,,,,,True,inpe_bdq_legacy,False
2307106,Jardim,CE,2022,4,0.0,0.0,,,,,True,inpe_bdq_legacy,False
2307106,Jardim,CE,2022,5,0.0,0.0,,,,,True,inpe_bdq_legacy,False
2307106,Jardim,CE,2022,6,0.0,0.0,,,,,True,inpe_bdq_legacy,False
2307106,Jardim,CE,2022,7,0.0,0.0,,,,,True,inpe_bdq_legacy,False
2307106,Jardim,CE,2022,8,0.0,0.0,,,,,True,inpe_bdq_legacy,False
2307106,Jardim,CE,2022,9,3.0,115.1,38.36666666666667,67.8,0.9933333333333333,4.666666666666667,False,inpe_bdq_legacy,False
2307106,Jardim,CE,2022,10,0.0,0.0,,,,,True,inpe_bdq_legacy,False
2307106,Jardim,CE,2022,11,2.0,22.2,11.1,13.5,0.255,3.5,False,inpe_bdq_legacy,False
2307106,Jardim,CE,2022,12,1.0,13.7,13.7,13.7,0.11,2.0,False,inpe_bdq_legacy,False
2307106,Jardim,CE,2023,1,0.0,0.0,,,,,True,inpe_bdq_legacy,False
2307106,Jardim,CE,2023,2,0.0,0.0,,,,,True,inpe_bdq_legacy,False
2307106,Jardim,CE,2023,3,0.0,0.0,,,,,True,inpe_bdq_legacy,False
2307106,Jardim,CE,2023,4,0.0,0.0,,,,,True,inpe_bdq_legacy,False
2307106,Jardim,CE,2023,5,0.0,0.0,,,,,True,inpe_bdq_legacy,False
2307106,Jardim,CE,2023,6,0.0,0.0,,,,,True,inpe_bdq_legacy,False
2307106,Jardim,CE,2023,7,0.0,0.0,,,,,True,inpe_bdq_legacy,False
2307106,Jardim,CE,2023,8,0.0,0.0,,,,,True,inpe_bdq_legacy,False
2307106,Jardim,CE,2023,9,3.0,58.099999999999994,19.366666666666664,33.5,1.0,52.666666666666664,False,inpe_bdq_legacy,False
2307106,Jardim,CE,2023,10,1.0,18.6,18.6,18.6,1.0,40.0,False,inpe_bdq_legacy,False
2307106,Jardim,CE,2023,11,6.0,165.6,27.599999999999998,43.7,1.0,5.333333333333333,False,inpe_bdq_legacy,False
2307106,Jardim,CE,2023,12,5.0,247.29999999999998,49.459999999999994,150.1,0.742,2.8,False,inpe_bdq_legacy,False
2307106,Jardim,CE,2024,1,1.0,12.5,12.5,12.5,1.0,3.0,False,inpe_bdq_legacy,False
2307106,Jardim,CE,2024,2,0.0,0.0,,,,,True,inpe_bdq_legacy,False
2307106,Jardim,CE,2024,3,0.0,0.0,,,,,True,inpe_bdq_legacy,False
2307106,Jardim,CE,2024,4,0.0,0.0,,,,,True,inpe_bdq_legacy,False
2307106,Jardim,CE,2024,5,0.0,0.0,,,,,True,inpe_bdq_legacy,False
2307106,Jardim,CE,2024,6,0.0,0.0,,,,,True,inpe_bdq_legacy,False
2307106,Jardim,CE,2024,7,0.0,0.0,,,,,True,inpe_bdq_legacy,False
2307106,Jardim,CE,2024,8,0.0,0.0,,,,,True,inpe_bdq_legacy,False
2307106,Jardim,CE,2024,9,0.0,0.0,,,,,True,inpe_bdq_legacy,False
2307106,Jardim,CE,2024,10,3.0,138.6,46.199999999999996,67.2,1.0,7.0,False,inpe_bdq_legacy,False
2307106,Jardim,CE,2024,11,4.0,212.9,53.225,115.9,0.975,9.25,False,inpe_bdq_legacy,False
2307106,Jardim,CE,2024,12,6.0,230.8,38.46666666666667,109.1,0.7316666666666666,5.5,False,inpe_bdq_legacy,False
2307106,Jardim,CE,2025,1,1.0,20.9,20.9,20.9,0.02,2.0,False,inpe_bdq_legacy,False
2307106,Jardim,CE,2025,2,0.0,0.0,,,,,True,inpe_bdq_legacy,False
2307106,Jardim,CE,2025,3,0.0,0.0,,,,,True,inpe_bdq_legacy,False
2307106,Jardim,CE,2025,4,0.0,0.0,,,,,True,inpe_bdq_legacy,False
2307106,Jardim,CE,2025,5,0.0,0.0,,,,,True,inpe_bdq_legacy,False
2307106,Jardim,CE,2025,6,0.0,0.0,,,,,True,inpe_bdq_legacy,False
2307106,Jardim,CE,2025,7,0.0,0.0,,,,,True,inpe_bdq_legacy,False
2307106,Jardim,CE,2025,8,0.0,0.0,,,,,True,inpe_bdq_legacy,False
2307106,Jardim,CE,2025,9,1.0,16.7,16.7,16.7,1.0,79.0,False,inpe_bdq_legacy,False
2307106,Jardim,CE,2025,10,4.0,57.3,14.325,17.6,1.0,82.0,False,inpe_bdq_legacy,False
2307106,Jardim,CE,2025,11,13.0,266.5,20.5,39.4,0.9192307692307692,7.923076923076923,False,inpe_bdq_legacy,False
2307106,Jardim,CE,2025,12,6.0,169.5,28.25,38.0,0.8649999999999999,7.5,False,inpe_bdq_legacy,False
2307106,Jardim,CE,2026,1,4.0,165.60000000000002,41.400000000000006,72.7,1.0,5.75,False,inpe_bdq_legacy,False
2307106,Jardim,CE,2026,2,0.0,0.0,,,,,True,inpe_bdq_legacy,False
2307106,Jardim,CE,2026,3,0.0,0.0,,,,,True,inpe_bdq_legacy,False
2307106,Jardim,CE,2026,4,1.0,7.1,7.1,7.1,0.0,0.0,False,inpe_bdq_legacy,False
2307205,Jati,CE,2002,8,1.0,62.0,62.0,62.0,,,False,inpe_bdq_legacy,False
2307205,Jati,CE,2002,9,1.0,18.5,18.5,18.5,,,False,inpe_bdq_legacy,False
2307205,Jati,CE,2002,10,5.0,137.7,27.54,48.5,,,False,inpe_bdq_legacy,False
2307205,Jati,CE,2002,11,1.0,11.7,11.7,11.7,,,False,inpe_bdq_legacy,False
2307205,Jati,CE,2002,12,3.0,119.8,39.93333333333333,57.2,,,False,inpe_bdq_legacy,False
2307205,Jati,CE,2003,1,3.0,160.7,53.56666666666666,68.1,,,False,inpe_bdq_legacy,False
2307205,Jati,CE,2003,2,0.0,0.0,,,,,True,inpe_bdq_legacy,False
2307205,Jati,CE,2003,3,0.0,0.0,,,,,True,inpe_bdq_legacy,False
2307205,Jati,CE,2003,4,0.0,0.0,,,,,True,inpe_bdq_legacy,False
2307205,Jati,CE,2003,5,0.0,0.0,,,,,True,inpe_bdq_legacy,False
2307205,Jati,CE,2003,6,0.0,0.0,,,,,True,inpe_bdq_legacy,False
2307205,Jati,CE,2003,7,0.0,0.0,,,,,True,inpe_bdq_legacy,False
2307205,Jati,CE,2003,8,0.0,0.0,,,,,True,inpe_bdq_legacy,False
2307205,Jati,CE,2003,9,1.0,41.9,41.9,41.9,,,False,inpe_bdq_legacy,False
2307205,Jati,CE,2003,10,13.0,1358.6000000000001,104.50769230769232,365.2,,,False,inpe_bdq_legacy,False
2307205,Jati,CE,2003,11,4.0,1189.7,297.425,554.6,,,False,inpe_bdq_legacy,False
2307205,Jati,CE,2003,12,1.0,19.4,19.4,19.4,,,False,inpe_bdq_legacy,False
2307205,Jati,CE,2004,1,0.0,0.0,,,,,True,inpe_bdq_legacy,False
2307205,Jati,CE,2004,2,0.0,0.0,,,,,True,inpe_bdq_legacy,False
2307205,Jati,CE,2004,3,0.0,0.0,,,,,True,inpe_bdq_legacy,False
2307205,Jati,CE,2004,4,0.0,0.0,,,,,True,inpe_bdq_legacy,False
2307205,Jati,CE,2004,5,0.0,0.0,,,,,True,inpe_bdq_legacy,False
2307205,Jati,CE,2004,6,0.0,0.0,,,,,True,inpe_bdq_legacy,False
2307205,Jati,CE,2004,7,0.0,0.0,,,,,True,inpe_bdq_legacy,False
2307205,Jati,CE,2004,8,0.0,0.0,,,,,True,inpe_bdq_legacy,False
2307205,Jati,CE,2004,9,0.0,0.0,,,,,True,inpe_bdq_legacy,False
2307205,Jati,CE,2004,10,2.0,38.4,19.2,23.4,,,False,inpe_bdq_legacy,False
2307205,Jati,CE,2004,11,7.0,527.0,75.28571428571429,200.5,,,False,inpe_bdq_legacy,False
2307205,Jati,CE,2004,12,0.0,0.0,,,,,True,inpe_bdq_legacy,False
2307205,Jati,CE,2005,1,0.0,0.0,,,,,True,inpe_bdq_legacy,False
2307205,Jati,CE,2005,2,0.0,0.0,,,,,True,inpe_bdq_legacy,False
2307205,Jati,CE,2005,3,0.0,0.0,,,,,True,inpe_bdq_legacy,False
2307205,Jati,CE,2005,4,0.0,0.0,,,,,True,inpe_bdq_legacy,False
2307205,Jati,CE,2005,5,0.0,0.0,,,,,True,inpe_bdq_legacy,False
2307205,Jati,CE,2005,6,0.0,0.0,,,,,True,inpe_bdq_legacy,False
2307205,Jati,CE,2005,7,0.0,0.0,,,,,True,inpe_bdq_legacy,False
2307205,Jati,CE,2005,8,0.0,0.0,,,,,True,inpe_bdq_legacy,False
2307205,Jati,CE,2005,9,2.0,60.6,30.3,46.7,,,False,inpe_bdq_legacy,False
2307205,Jati,CE,2005,10,4.0,167.0,41.75,94.0,,,False,inpe_bdq_legacy,False
2307205,Jati,CE,2005,11,0.0,0.0,,,,,True,inpe_bdq_legacy,False
2307205,Jati,CE,2005,12,1.0,60.8,60.8,60.8,,,False,inpe_bdq_legacy,False
2307205,Jati,CE,2006,1,2.0,48.8,24.4,27.4,,,False,inpe_bdq_legacy,False
2307205,Jati,CE,2006,2,0.0,0.0,,,,,True,inpe_bdq_legacy,False
2307205,Jati,CE,2006,3,0.0,0.0,,,,,True,inpe_bdq_legacy,False
2307205,Jati,CE,2006,4,0.0,0.0,,,,,True,inpe_bdq_legacy,False
2307205,Jati,CE,2006,5,0.0,0.0,,,,,True,inpe_bdq_legacy,False
2307205,Jati,CE,2006,6,0.0,0.0,,,,,True,inpe_bdq_legacy,False
2307205,Jati,CE,2006,7,0.0,0.0,,,,,True,inpe_bdq_legacy,False
2307205,Jati,CE,2006,8,0.0,0.0,,,,,True,inpe_bdq_legacy,False
2307205,Jati,CE,2006,9,0.0,0.0,,,,,True,inpe_bdq_legacy,False
2307205,Jati,CE,2006,10,5.0,324.7,64.94,104.0,,,False,inpe_bdq_legacy,False
2307205,Jati,CE,2006,11,1.0,18.9,18.9,18.9,,,False,inpe_bdq_legacy,False
2307205,Jati,CE,2006,12,0.0,0.0,,,,,True,inpe_bdq_legacy,False
2307205,Jati,CE,2007,1,0.0,0.0,,,,,True,inpe_bdq_legacy,False
2307205,Jati,CE,2007,2,0.0,0.0,,,,,True,inpe_bdq_legacy,False
2307205,Jati,CE,2007,3,0.0,0.0,,,,,True,inpe_bdq_legacy,False
2307205,Jati,CE,2007,4,0.0,0.0,,,,,True,inpe_bdq_legacy,False
2307205,Jati,CE,2007,5,0.0,0.0,,,,,True,inpe_bdq_legacy,False
2307205,Jati,CE,2007,6,0.0,0.0,,,,,True,inpe_bdq_legacy,False
2307205,Jati,CE,2007,7,0.0,0.0,,,,,True,inpe_bdq_legacy,False
2307205,Jati,CE,2007,8,0.0,0.0,,,,,True,inpe_bdq_legacy,False
2307205,Jati,CE,2007,9,0.0,0.0,,,,,True,inpe_bdq_legacy,False
2307205,Jati,CE,2007,10,2.0,23.7,11.85,12.7,,,False,inpe_bdq_legacy,False
2307205,Jati,CE,2007,11,2.0,20.200000000000003,10.100000000000001,10.3,,,False,inpe_bdq_legacy,False
2307205,Jati,CE,2007,12,0.0,0.0,,,,,True,inpe_bdq_legacy,False
2307205,Jati,CE,2008,1,0.0,0.0,,,,,True,inpe_bdq_legacy,False
2307205,Jati,CE,2008,2,0.0,0.0,,,,,True,inpe_bdq_legacy,False
2307205,Jati,CE,2008,3,0.0,0.0,,,,,True,inpe_bdq_legacy,False
2307205,Jati,CE,2008,4,0.0,0.0,,,,,True,inpe_bdq_legacy,False
2307205,Jati,CE,2008,5,0.0,0.0,,,,,True,inpe_bdq_legacy,False
2307205,Jati,CE,2008,6,0.0,0.0,,,,,True,inpe_bdq_legacy,False
2307205,Jati,CE,2008,7,0.0,0.0,,,,,True,inpe_bdq_legacy,False
2307205,Jati,CE,2008,8,0.0,0.0,,,,,True,inpe_bdq_legacy,False
2307205,Jati,CE,2008,9,0.0,0.0,,,,,True,inpe_bdq_legacy,False
2307205,Jati,CE,2008,10,3.0,247.8,82.60000000000001,151.4,,,False,inpe_bdq_legacy,False
2307205,Jati,CE,2008,11,9.0,1671.3000000000002,185.70000000000002,851.7,,,False,inpe_bdq_legacy,False
2307205,Jati,CE,2008,12,2.0,45.9,22.95,23.2,,,False,inpe_bdq_legacy,False
2307205,Jati,CE,2009,1,0.0,0.0,,,,,True,inpe_bdq_legacy,False
2307205,Jati,CE,2009,2,1.0,12.9,12.9,12.9,,,False,inpe_bdq_legacy,False
2307205,Jati,CE,2009,3,0.0,0.0,,,,,True,inpe_bdq_legacy,False
2307205,Jati,CE,2009,4,0.0,0.0,,,,,True,inpe_bdq_legacy,False
2307205,Jati,CE,2009,5,0.0,0.0,,,,,True,inpe_bdq_legacy,False
2307205,Jati,CE,2009,6,0.0,0.0,,,,,True,inpe_bdq_legacy,False
2307205,Jati,CE,2009,7,0.0,0.0,,,,,True,inpe_bdq_legacy,False
2307205,Jati,CE,2009,8,0.0,0.0,,,,,True,inpe_bdq_legacy,False
2307205,Jati,CE,2009,9,0.0,0.0,,,,,True,inpe_bdq_legacy,False
2307205,Jati,CE,2009,10,3.0,94.6,31.53333333333333,50.7,,,False,inpe_bdq_legacy,False
2307205,Jati,CE,2009,11,1.0,49.4,49.4,49.4,,,False,inpe_bdq_legacy,False
2307205,Jati,CE,2009,12,0.0,0.0,,,,,True,inpe_bdq_legacy,False
2307205,Jati,CE,2010,1,1.0,17.6,17.6,17.6,,,False,inpe_bdq_legacy,False
2307205,Jati,CE,2010,2,1.0,21.0,21.0,21.0,,,False,inpe_bdq_legacy,False
2307205,Jati,CE,2010,3,0.0,0.0,,,,,True,inpe_bdq_legacy,False
2307205,Jati,CE,2010,4,0.0,0.0,,,,,True,inpe_bdq_legacy,False
2307205,Jati,CE,2010,5,0.0,0.0,,,,,True,inpe_bdq_legacy,False
2307205,Jati,CE,2010,6,0.0,0.0,,,,,True,inpe_bdq_legacy,False
2307205,Jati,CE,2010,7,0.0,0.0,,,,,True,inpe_bdq_legacy,False
2307205,Jati,CE,2010,8,0.0,0.0,,,,,True,inpe_bdq_legacy,False
2307205,Jati,CE,2010,9,0.0,0.0,,,,,True,inpe_bdq_legacy,False
2307205,Jati,CE,2010,10,1.0,35.3,35.3,35.3,,,False,inpe_bdq_legacy,False
2307205,Jati,CE,2010,11,7.0,693.9,99.12857142857142,482.4,,,False,inpe_bdq_legacy,False
2307205,Jati,CE,2010,12,2.0,121.8,60.9,61.9,,,False,inpe_bdq_legacy,False
2307205,Jati,CE,2011,1,0.0,0.0,,,,,True,inpe_bdq_legacy,False
2307205,Jati,CE,2011,2,0.0,0.0,,,,,True,inpe_bdq_legacy,False
2307205,Jati,CE,2011,3,0.0,0.0,,,,,True,inpe_bdq_legacy,False
2307205,Jati,CE,2011,4,0.0,0.0,,,,,True,inpe_bdq_legacy,False
2307205,Jati,CE,2011,5,0.0,0.0,,,,,True,inpe_bdq_legacy,False
2307205,Jati,CE,2011,6,0.0,0.0,,,,,True,inpe_bdq_legacy,False
2307205,Jati,CE,2011,7,0.0,0.0,,,,,True,inpe_bdq_legacy,False
2307205,Jati,CE,2011,8,0.0,0.0,,,,,True,inpe_bdq_legacy,False
2307205,Jati,CE,2011,9,0.0,0.0,,,,,True,inpe_bdq_legacy,False
2307205,Jati,CE,2011,10,1.0,18.8,18.8,18.8,,,False,inpe_bdq_legacy,False
2307205,Jati,CE,2011,11,7.0,450.09999999999997,64.3,142.2,,,False,inpe_bdq_legacy,False
2307205,Jati,CE,2011,12,3.0,168.5,56.166666666666664,71.9,,,False,inpe_bdq_legacy,False
2307205,Jati,CE,2012,1,0.0,0.0,,,,,True,inpe_bdq_legacy,False
2307205,Jati,CE,2012,2,0.0,0.0,,,,,True,inpe_bdq_legacy,False
2307205,Jati,CE,2012,3,0.0,0.0,,,,,True,inpe_bdq_legacy,False
2307205,Jati,CE,2012,4,0.0,0.0,,,,,True,inpe_bdq_legacy,False
2307205,Jati,CE,2012,5,0.0,0.0,,,,,True,inpe_bdq_legacy,False
2307205,Jati,CE,2012,6,0.0,0.0,,,,,True,inpe_bdq_legacy,False
2307205,Jati,CE,2012,7,0.0,0.0,,,,,True,inpe_bdq_legacy,False
2307205,Jati,CE,2012,8,0.0,0.0,,,,,True,inpe_bdq_legacy,False
2307205,Jati,CE,2012,9,0.0,0.0,,,,,True,inpe_bdq_legacy,False
2307205,Jati,CE,2012,10,3.0,169.6,56.53333333333333,110.5,,,False,inpe_bdq_legacy,False
2307205,Jati,CE,2012,11,1.0,67.0,67.0,67.0,,,False,inpe_bdq_legacy,False
2307205,Jati,CE,2012,12,0.0,0.0,,,,,True,inpe_bdq_legacy,False
2307205,Jati,CE,2013,1,0.0,0.0,,,,,True,inpe_bdq_legacy,False
2307205,Jati,CE,2013,2,0.0,0.0,,,,,True,inpe_bdq_legacy,False
2307205,Jati,CE,2013,3,0.0,0.0,,,,,True,inpe_bdq_legacy,False
2307205,Jati,CE,2013,4,0.0,0.0,,,,,True,inpe_bdq_legacy,False
2307205,Jati,CE,2013,5,0.0,0.0,,,,,True,inpe_bdq_legacy,False
2307205,Jati,CE,2013,6,0.0,0.0,,,,,True,inpe_bdq_legacy,False
2307205,Jati,CE,2013,7,0.0,0.0,,,,,True,inpe_bdq_legacy,False
2307205,Jati,CE,2013,8,0.0,0.0,,,,,True,inpe_bdq_legacy,False
2307205,Jati,CE,2013,9,4.0,208.7,52.175,93.0,,,False,inpe_bdq_legacy,False
2307205,Jati,CE,2013,10,0.0,0.0,,,,,True,inpe_bdq_legacy,False
2307205,Jati,CE,2013,11,0.0,0.0,,,,,True,inpe_bdq_legacy,False
2307205,Jati,CE,2013,12,0.0,0.0,,,,,True,inpe_bdq_legacy,False
2307205,Jati,CE,2014,1,0.0,0.0,,,,,True,inpe_bdq_legacy,False
2307205,Jati,CE,2014,2,0.0,0.0,,,,,True,inpe_bdq_legacy,False
2307205,Jati,CE,2014,3,0.0,0.0,,,,,True,inpe_bdq_legacy,False
2307205,Jati,CE,2014,4,0.0,0.0,,,,,True,inpe_bdq_legacy,False
2307205,Jati,CE,2014,5,0.0,0.0,,,,,True,inpe_bdq_legacy,False
2307205,Jati,CE,2014,6,0.0,0.0,,,,,True,inpe_bdq_legacy,False
2307205,Jati,CE,2014,7,0.0,0.0,,,,,True,inpe_bdq_legacy,False
2307205,Jati,CE,2014,8,0.0,0.0,,,,,True,inpe_bdq_legacy,False
2307205,Jati,CE,2014,9,0.0,0.0,,,,,True,inpe_bdq_legacy,False
2307205,Jati,CE,2014,10,0.0,0.0,,,,,True,inpe_bdq_legacy,False
2307205,Jati,CE,2014,11,0.0,0.0,,,,,True,inpe_bdq_legacy,False
2307205,Jati,CE,2014,12,1.0,37.2,37.2,37.2,1.0,6.0,False,inpe_bdq_legacy,False
2307205,Jati,CE,2015,1,0.0,0.0,,,,,True,inpe_bdq_legacy,False
2307205,Jati,CE,2015,2,0.0,0.0,,,,,True,inpe_bdq_legacy,False
2307205,Jati,CE,2015,3,0.0,0.0,,,,,True,inpe_bdq_legacy,False
2307205,Jati,CE,2015,4,0.0,0.0,,,,,True,inpe_bdq_legacy,False
2307205,Jati,CE,2015,5,0.0,0.0,,,,,True,inpe_bdq_legacy,False
2307205,Jati,CE,2015,6,0.0,0.0,,,,,True,inpe_bdq_legacy,False
2307205,Jati,CE,2015,7,0.0,0.0,,,,,True,inpe_bdq_legacy,False
2307205,Jati,CE,2015,8,0.0,0.0,,,,,True,inpe_bdq_legacy,False
2307205,Jati,CE,2015,9,1.0,31.7,31.7,31.7,1.0,36.0,False,inpe_bdq_legacy,False
2307205,Jati,CE,2015,10,1.0,55.6,55.6,55.6,1.0,57.0,False,inpe_bdq_legacy,False
2307205,Jati,CE,2015,11,1.0,324.6,324.6,324.6,1.0,29.0,False,inpe_bdq_legacy,False
2307205,Jati,CE,2015,12,0.0,0.0,,,,,True,inpe_bdq_legacy,False
2307205,Jati,CE,2016,1,0.0,0.0,,,,,True,inpe_bdq_legacy,False
2307205,Jati,CE,2016,2,1.0,13.9,13.9,13.9,0.9,0.0,False,inpe_bdq_legacy,False
2307205,Jati,CE,2016,3,0.0,0.0,,,,,True,inpe_bdq_legacy,False
2307205,Jati,CE,2016,4,0.0,0.0,,,,,True,inpe_bdq_legacy,False
2307205,Jati,CE,2016,5,0.0,0.0,,,,,True,inpe_bdq_legacy,False
2307205,Jati,CE,2016,6,0.0,0.0,,,,,True,inpe_bdq_legacy,False
2307205,Jati,CE,2016,7,0.0,0.0,,,,,True,inpe_bdq_legacy,False
2307205,Jati,CE,2016,8,0.0,0.0,,,,,True,inpe_bdq_legacy,False
2307205,Jati,CE,2016,9,0.0,0.0,,,,,True,inpe_bdq_legacy,False
2307205,Jati,CE,2016,10,6.0,313.0,52.166666666666664,89.0,1.0,21.0,False,inpe_bdq_legacy,False
2307205,Jati,CE,2016,11,0.0,0.0,,,,,True,inpe_bdq_legacy,False
2307205,Jati,CE,2016,12,1.0,16.2,16.2,16.2,0.5,4.0,False,inpe_bdq_legacy,False
2307205,Jati,CE,2017,1,0.0,0.0,,,,,True,inpe_bdq_legacy,False
2307205,Jati,CE,2017,2,0.0,0.0,,,,,True,inpe_bdq_legacy,False
2307205,Jati,CE,2017,3,0.0,0.0,,,,,True,inpe_bdq_legacy,False
2307205,Jati,CE,2017,4,0.0,0.0,,,,,True,inpe_bdq_legacy,False
2307205,Jati,CE,2017,5,0.0,0.0,,,,,True,inpe_bdq_legacy,False
2307205,Jati,CE,2017,6,0.0,0.0,,,,,True,inpe_bdq_legacy,False
2307205,Jati,CE,2017,7,0.0,0.0,,,,,True,inpe_bdq_legacy,False
2307205,Jati,CE,2017,8,0.0,0.0,,,,,True,inpe_bdq_legacy,False
2307205,Jati,CE,2017,9,0.0,0.0,,,,,True,inpe_bdq_legacy,False
2307205,Jati,CE,2017,10,1.0,6.8,6.8,6.8,1.0,0.0,False,inpe_bdq_legacy,False
2307205,Jati,CE,2017,11,2.0,25.0,12.5,16.1,1.0,0.0,False,inpe_bdq_legacy,False
2307205,Jati,CE,2017,12,0.0,0.0,,,,,True,inpe_bdq_legacy,False
2307205,Jati,CE,2018,1,2.0,71.8,35.9,43.1,0.4,0.0,False,inpe_bdq_legacy,False
2307205,Jati,CE,2018,2,0.0,0.0,,,,,True,inpe_bdq_legacy,False
2307205,Jati,CE,2018,3,0.0,0.0,,,,,True,inpe_bdq_legacy,False
2307205,Jati,CE,2018,4,0.0,0.0,,,,,True,inpe_bdq_legacy,False
2307205,Jati,CE,2018,5,0.0,0.0,,,,,True,inpe_bdq_legacy,False
2307205,Jati,CE,2018,6,0.0,0.0,,,,,True,inpe_bdq_legacy,False
2307205,Jati,CE,2018,7,0.0,0.0,,,,,True,inpe_bdq_legacy,False
2307205,Jati,CE,2018,8,0.0,0.0,,,,,True,inpe_bdq_legacy,False
2307205,Jati,CE,2018,9,2.0,90.9,45.45,54.0,-499.0,80.0,False,inpe_bdq_legacy,False
2307205,Jati,CE,2018,10,0.0,0.0,,,,,True,inpe_bdq_legacy,False
2307205,Jati,CE,2018,11,1.0,22.0,22.0,22.0,1.0,9.0,False,inpe_bdq_legacy,False
2307205,Jati,CE,2018,12,0.0,0.0,,,,,True,inpe_bdq_legacy,False
2307205,Jati,CE,2019,1,0.0,0.0,,,,,True,inpe_bdq_legacy,False
2307205,Jati,CE,2019,2,0.0,0.0,,,,,True,inpe_bdq_legacy,False
2307205,Jati,CE,2019,3,0.0,0.0,,,,,True,inpe_bdq_legacy,False
2307205,Jati,CE,2019,4,0.0,0.0,,,,,True,inpe_bdq_legacy,False
2307205,Jati,CE,2019,5,0.0,0.0,,,,,True,inpe_bdq_legacy,False
2307205,Jati,CE,2019,6,0.0,0.0,,,,,True,inpe_bdq_legacy,False
2307205,Jati,CE,2019,7,0.0,0.0,,,,,True,inpe_bdq_legacy,False
2307205,Jati,CE,2019,8,0.0,0.0,,,,,True,inpe_bdq_legacy,False
2307205,Jati,CE,2019,9,0.0,0.0,,,,,True,inpe_bdq_legacy,False
2307205,Jati,CE,2019,10,5.0,367.2,73.44,196.7,1.0,88.6,False,inpe_bdq_legacy,False
2307205,Jati,CE,2019,11,0.0,0.0,,,,,True,inpe_bdq_legacy,False
2307205,Jati,CE,2019,12,0.0,0.0,,,,,True,inpe_bdq_legacy,False
2307205,Jati,CE,2020,1,0.0,0.0,,,,,True,inpe_bdq_legacy,False
2307205,Jati,CE,2020,2,0.0,0.0,,,,,True,inpe_bdq_legacy,False
2307205,Jati,CE,2020,3,0.0,0.0,,,,,True,inpe_bdq_legacy,False
2307205,Jati,CE,2020,4,0.0,0.0,,,,,True,inpe_bdq_legacy,False
2307205,Jati,CE,2020,5,0.0,0.0,,,,,True,inpe_bdq_legacy,False
2307205,Jati,CE,2020,6,0.0,0.0,,,,,True,inpe_bdq_legacy,False
2307205,Jati,CE,2020,7,0.0,0.0,,,,,True,inpe_bdq_legacy,False
2307205,Jati,CE,2020,8,0.0,0.0,,,,,True,inpe_bdq_legacy,False
2307205,Jati,CE,2020,9,0.0,0.0,,,,,True,inpe_bdq_legacy,False
2307205,Jati,CE,2020,10,5.0,194.8,38.96,55.2,1.0,112.8,False,inpe_bdq_legacy,False
2307205,Jati,CE,2020,11,0.0,0.0,,,,,True,inpe_bdq_legacy,False
2307205,Jati,CE,2020,12,2.0,135.2,67.6,70.2,0.75,3.0,False,inpe_bdq_legacy,False
2307205,Jati,CE,2021,1,2.0,24.3,12.15,15.8,0.1,0.0,False,inpe_bdq_legacy,False
2307205,Jati,CE,2021,2,0.0,0.0,,,,,True,inpe_bdq_legacy,False
2307205,Jati,CE,2021,3,0.0,0.0,,,,,True,inpe_bdq_legacy,False
2307205,Jati,CE,2021,4,0.0,0.0,,,,,True,inpe_bdq_legacy,False
2307205,Jati,CE,2021,5,0.0,0.0,,,,,True,inpe_bdq_legacy,False
2307205,Jati,CE,2021,6,0.0,0.0,,,,,True,inpe_bdq_legacy,False
2307205,Jati,CE,2021,7,0.0,0.0,,,,,True,inpe_bdq_legacy,False
2307205,Jati,CE,2021,8,0.0,0.0,,,,,True,inpe_bdq_legacy,False
2307205,Jati,CE,2021,9,0.0,0.0,,,,,True,inpe_bdq_legacy,False
2307205,Jati,CE,2021,10,5.0,416.59999999999997,83.32,121.3,1.0,3.0,False,inpe_bdq_legacy,False
2307205,Jati,CE,2021,11,0.0,0.0,,,,,True,inpe_bdq_legacy,False
2307205,Jati,CE,2021,12,5.0,194.8,38.96,50.2,0.32,1.8,False,inpe_bdq_legacy,False
2307205,Jati,CE,2022,1,0.0,0.0,,,,,True,inpe_bdq_legacy,False
2307205,Jati,CE,2022,2,0.0,0.0,,,,,True,inpe_bdq_legacy,False
2307205,Jati,CE,2022,3,0.0,0.0,,,,,True,inpe_bdq_legacy,False
2307205,Jati,CE,2022,4,0.0,0.0,,,,,True,inpe_bdq_legacy,False
2307205,Jati,CE,2022,5,0.0,0.0,,,,,True,inpe_bdq_legacy,False
2307205,Jati,CE,2022,6,0.0,0.0,,,,,True,inpe_bdq_legacy,False
2307205,Jati,CE,2022,7,0.0,0.0,,,,,True,inpe_bdq_legacy,False
2307205,Jati,CE,2022,8,0.0,0.0,,,,,True,inpe_bdq_legacy,False
2307205,Jati,CE,2022,9,0.0,0.0,,,,,True,inpe_bdq_legacy,False
2307205,Jati,CE,2022,10,0.0,0.0,,,,,True,inpe_bdq_legacy,False
2307205,Jati,CE,2022,11,4.0,131.3,32.825,57.3,0.8049999999999999,4.25,False,inpe_bdq_legacy,False
2307205,Jati,CE,2022,12,1.0,103.5,103.5,103.5,0.27,12.0,False,inpe_bdq_legacy,False
2307205,Jati,CE,2023,1,0.0,0.0,,,,,True,inpe_bdq_legacy,False
2307205,Jati,CE,2023,2,0.0,0.0,,,,,True,inpe_bdq_legacy,False
2307205,Jati,CE,2023,3,0.0,0.0,,,,,True,inpe_bdq_legacy,False
2307205,Jati,CE,2023,4,0.0,0.0,,,,,True,inpe_bdq_legacy,False
2307205,Jati,CE,2023,5,0.0,0.0,,,,,True,inpe_bdq_legacy,False
2307205,Jati,CE,2023,6,0.0,0.0,,,,,True,inpe_bdq_legacy,False
2307205,Jati,CE,2023,7,0.0,0.0,,,,,True,inpe_bdq_legacy,False
2307205,Jati,CE,2023,8,0.0,0.0,,,,,True,inpe_bdq_legacy,False
2307205,Jati,CE,2023,9,1.0,28.2,28.2,28.2,1.0,63.0,False,inpe_bdq_legacy,False
2307205,Jati,CE,2023,10,2.0,35.9,17.95,21.4,1.0,24.5,False,inpe_bdq_legacy,False
2307205,Jati,CE,2023,11,2.0,107.4,53.7,83.8,1.0,9.0,False,inpe_bdq_legacy,False
2307205,Jati,CE,2023,12,2.0,57.2,28.6,29.3,0.415,0.5,False,inpe_bdq_legacy,False
2307205,Jati,CE,2024,1,0.0,0.0,,,,,True,inpe_bdq_legacy,False
2307205,Jati,CE,2024,2,0.0,0.0,,,,,True,inpe_bdq_legacy,False
2307205,Jati,CE,2024,3,0.0,0.0,,,,,True,inpe_bdq_legacy,False
2307205,Jati,CE,2024,4,0.0,0.0,,,,,True,inpe_bdq_legacy,False
2307205,Jati,CE,2024,5,0.0,0.0,,,,,True,inpe_bdq_legacy,False
2307205,Jati,CE,2024,6,0.0,0.0,,,,,True,inpe_bdq_legacy,False
2307205,Jati,CE,2024,7,0.0,0.0,,,,,True,inpe_bdq_legacy,False
2307205,Jati,CE,2024,8,,0.0,,,,,True,inpe_bdq_legacy,True
2307205,Jati,CE,2024,9,,0.0,,,,,True,inpe_bdq_legacy,True
2307205,Jati,CE,2024,10,,0.0,,,,,True,inpe_bdq_legacy,True
2307205,Jati,CE,2024,11,,0.0,,,,,True,inpe_bdq_legacy,True
2307205,Jati,CE,2024,12,,0.0,,,,,True,inpe_bdq_legacy,True
2307205,Jati,CE,2025,1,1.0,14.0,14.0,14.0,0.99,2.0,False,inpe_bdq_legacy,False
2307205,Jati,CE,2025,2,1.0,14.7,14.7,14.7,0.39,4.0,False,inpe_bdq_legacy,False
2307205,Jati,CE,2025,3,0.0,0.0,,,,,True,inpe_bdq_legacy,False
2307205,Jati,CE,2025,4,0.0,0.0,,,,,True,inpe_bdq_legacy,False
2307205,Jati,CE,2025,5,2.0,50.6,25.3,39.1,0.735,8.0,False,inpe_bdq_legacy,False
2307205,Jati,CE,2025,6,0.0,0.0,,,,,True,inpe_bdq_legacy,False
2307205,Jati,CE,2025,7,0.0,0.0,,,,,True,inpe_bdq_legacy,False
2307205,Jati,CE,2025,8,0.0,0.0,,,,,True,inpe_bdq_legacy,False
2307205,Jati,CE,2025,9,0.0,0.0,,,,,True,inpe_bdq_legacy,False
2307205,Jati,CE,2025,10,1.0,16.7,16.7,16.7,1.0,112.0,False,inpe_bdq_legacy,False
2307205,Jati,CE,2025,11,0.0,0.0,,,,,True,inpe_bdq_legacy,False
2307205,Jati,CE,2025,12,4.0,125.2,31.3,58.3,1.0,6.5,False,inpe_bdq_legacy,False
2307304,Juazeiro do Norte,CE,2002,8,2.0,26.099999999999998,13.049999999999999,16.4,,,False,inpe_bdq_legacy,False
2307304,Juazeiro do Norte,CE,2002,9,0.0,0.0,,,,,True,inpe_bdq_legacy,False
2307304,Juazeiro do Norte,CE,2002,10,10.0,193.2,19.32,51.2,,,False,inpe_bdq_legacy,False
2307304,Juazeiro do Norte,CE,2002,11,0.0,0.0,,,,,True,inpe_bdq_legacy,False
2307304,Juazeiro do Norte,CE,2002,12,0.0,0.0,,,,,True,inpe_bdq_legacy,False
2307304,Juazeiro do Norte,CE,2003,1,0.0,0.0,,,,,True,inpe_bdq_legacy,False
2307304,Juazeiro do Norte,CE,2003,2,0.0,0.0,,,,,True,inpe_bdq_legacy,False
2307304,Juazeiro do Norte,CE,2003,3,0.0,0.0,,,,,True,inpe_bdq_legacy,False
2307304,Juazeiro do Norte,CE,2003,4,0.0,0.0,,,,,True,inpe_bdq_legacy,False
2307304,Juazeiro do Norte,CE,2003,5,0.0,0.0,,,,,True,inpe_bdq_legacy,False
2307304,Juazeiro do Norte,CE,2003,6,0.0,0.0,,,,,True,inpe_bdq_legacy,False
2307304,Juazeiro do Norte,CE,2003,7,0.0,0.0,,,,,True,inpe_bdq_legacy,False
2307304,Juazeiro do Norte,CE,2003,8,0.0,0.0,,,,,True,inpe_bdq_legacy,False
2307304,Juazeiro do Norte,CE,2003,9,4.0,93.7,23.425,40.1,,,False,inpe_bdq_legacy,False
2307304,Juazeiro do Norte,CE,2003,10,3.0,50.2,16.733333333333334,30.0,,,False,inpe_bdq_legacy,False
2307304,Juazeiro do Norte,CE,2003,11,13.0,1184.0,91.07692307692308,227.4,,,False,inpe_bdq_legacy,False
2307304,Juazeiro do Norte,CE,2003,12,0.0,0.0,,,,,True,inpe_bdq_legacy,False
2307304,Juazeiro do Norte,CE,2004,1,0.0,0.0,,,,,True,inpe_bdq_legacy,False
2307304,Juazeiro do Norte,CE,2004,2,0.0,0.0,,,,,True,inpe_bdq_legacy,False
2307304,Juazeiro do Norte,CE,2004,3,0.0,0.0,,,,,True,inpe_bdq_legacy,False
2307304,Juazeiro do Norte,CE,2004,4,0.0,0.0,,,,,True,inpe_bdq_legacy,False
2307304,Juazeiro do Norte,CE,2004,5,0.0,0.0,,,,,True,inpe_bdq_legacy,False
2307304,Juazeiro do Norte,CE,2004,6,0.0,0.0,,,,,True,inpe_bdq_legacy,False
2307304,Juazeiro do Norte,CE,2004,7,0.0,0.0,,,,,True,inpe_bdq_legacy,False
2307304,Juazeiro do Norte,CE,2004,8,0.0,0.0,,,,,True,inpe_bdq_legacy,False
2307304,Juazeiro do Norte,CE,2004,9,0.0,0.0,,,,,True,inpe_bdq_legacy,False
2307304,Juazeiro do Norte,CE,2004,10,1.0,53.0,53.0,53.0,,,False,inpe_bdq_legacy,False
2307304,Juazeiro do Norte,CE,2004,11,7.0,242.3,34.614285714285714,71.2,,,False,inpe_bdq_legacy,False
2307304,Juazeiro do Norte,CE,2004,12,4.0,94.8,23.7,53.3,,,False,inpe_bdq_legacy,False
2307304,Juazeiro do Norte,CE,2005,1,2.0,41.8,20.9,22.7,,,False,inpe_bdq_legacy,False
2307304,Juazeiro do Norte,CE,2005,2,0.0,0.0,,,,,True,inpe_bdq_legacy,False
2307304,Juazeiro do Norte,CE,2005,3,0.0,0.0,,,,,True,inpe_bdq_legacy,False
2307304,Juazeiro do Norte,CE,2005,4,0.0,0.0,,,,,True,inpe_bdq_legacy,False
2307304,Juazeiro do Norte,CE,2005,5,0.0,0.0,,,,,True,inpe_bdq_legacy,False
2307304,Juazeiro do Norte,CE,2005,6,0.0,0.0,,,,,True,inpe_bdq_legacy,False
2307304,Juazeiro do Norte,CE,2005,7,0.0,0.0,,,,,True,inpe_bdq_legacy,False
2307304,Juazeiro do Norte,CE,2005,8,0.0,0.0,,,,,True,inpe_bdq_legacy,False
2307304,Juazeiro do Norte,CE,2005,9,3.0,53.1,17.7,29.7,,,False,inpe_bdq_legacy,False
2307304,Juazeiro do Norte,CE,2005,10,5.0,376.8,75.36,140.9,,,False,inpe_bdq_legacy,False
2307304,Juazeiro do Norte,CE,2005,11,6.0,325.0,54.166666666666664,163.9,,,False,inpe_bdq_legacy,False
2307304,Juazeiro do Norte,CE,2005,12,5.0,337.9,67.58,133.4,,,False,inpe_bdq_legacy,False
2307304,Juazeiro do Norte,CE,2006,1,0.0,0.0,,,,,True,inpe_bdq_legacy,False
2307304,Juazeiro do Norte,CE,2006,2,0.0,0.0,,,,,True,inpe_bdq_legacy,False
2307304,Juazeiro do Norte,CE,2006,3,1.0,11.0,11.0,11.0,,,False,inpe_bdq_legacy,False
2307304,Juazeiro do Norte,CE,2006,4,0.0,0.0,,,,,True,inpe_bdq_legacy,False
2307304,Juazeiro do Norte,CE,2006,5,0.0,0.0,,,,,True,inpe_bdq_legacy,False
2307304,Juazeiro do Norte,CE,2006,6,0.0,0.0,,,,,True,inpe_bdq_legacy,False
2307304,Juazeiro do Norte,CE,2006,7,0.0,0.0,,,,,True,inpe_bdq_legacy,False
2307304,Juazeiro do Norte,CE,2006,8,0.0,0.0,,,,,True,inpe_bdq_legacy,False
2307304,Juazeiro do Norte,CE,2006,9,0.0,0.0,,,,,True,inpe_bdq_legacy,False
2307304,Juazeiro do Norte,CE,2006,10,2.0,53.2,26.6,30.8,,,False,inpe_bdq_legacy,False
2307304,Juazeiro do Norte,CE,2006,11,5.0,283.1,56.620000000000005,139.5,,,False,inpe_bdq_legacy,False
2307304,Juazeiro do Norte,CE,2006,12,1.0,23.2,23.2,23.2,,,False,inpe_bdq_legacy,False
2307304,Juazeiro do Norte,CE,2007,1,0.0,0.0,,,,,True,inpe_bdq_legacy,False
2307304,Juazeiro do Norte,CE,2007,2,0.0,0.0,,,,,True,inpe_bdq_legacy,False
2307304,Juazeiro do Norte,CE,2007,3,0.0,0.0,,,,,True,inpe_bdq_legacy,False
2307304,Juazeiro do Norte,CE,2007,4,0.0,0.0,,,,,True,inpe_bdq_legacy,False
2307304,Juazeiro do Norte,CE,2007,5,0.0,0.0,,,,,True,inpe_bdq_legacy,False
2307304,Juazeiro do Norte,CE,2007,6,0.0,0.0,,,,,True,inpe_bdq_legacy,False
2307304,Juazeiro do Norte,CE,2007,7,3.0,63.800000000000004,21.26666666666667,27.6,,,False,inpe_bdq_legacy,False
2307304,Juazeiro do Norte,CE,2007,8,1.0,17.5,17.5,17.5,,,False,inpe_bdq_legacy,False
2307304,Juazeiro do Norte,CE,2007,9,2.0,42.7,21.35,23.2,,,False,inpe_bdq_legacy,False
2307304,Juazeiro do Norte,CE,2007,10,6.0,228.7,38.11666666666667,95.2,,,False,inpe_bdq_legacy,False
2307304,Juazeiro do Norte,CE,2007,11,4.0,84.7,21.175,31.2,,,False,inpe_bdq_legacy,False
2307304,Juazeiro do Norte,CE,2007,12,0.0,0.0,,,,,True,inpe_bdq_legacy,False
2307304,Juazeiro do Norte,CE,2008,1,0.0,0.0,,,,,True,inpe_bdq_legacy,False
2307304,Juazeiro do Norte,CE,2008,2,0.0,0.0,,,,,True,inpe_bdq_legacy,False
2307304,Juazeiro do Norte,CE,2008,3,0.0,0.0,,,,,True,inpe_bdq_legacy,False
2307304,Juazeiro do Norte,CE,2008,4,0.0,0.0,,,,,True,inpe_bdq_legacy,False
2307304,Juazeiro do Norte,CE,2008,5,0.0,0.0,,,,,True,inpe_bdq_legacy,False
2307304,Juazeiro do Norte,CE,2008,6,0.0,0.0,,,,,True,inpe_bdq_legacy,False
2307304,Juazeiro do Norte,CE,2008,7,0.0,0.0,,,,,True,inpe_bdq_legacy,False
2307304,Juazeiro do Norte,CE,2008,8,0.0,0.0,,,,,True,inpe_bdq_legacy,False
2307304,Juazeiro do Norte,CE,2008,9,1.0,10.6,10.6,10.6,,,False,inpe_bdq_legacy,False
2307304,Juazeiro do Norte,CE,2008,10,0.0,0.0,,,,,True,inpe_bdq_legacy,False
2307304,Juazeiro do Norte,CE,2008,11,13.0,1964.0,151.07692307692307,714.8,,,False,inpe_bdq_legacy,False
2307304,Juazeiro do Norte,CE,2008,12,2.0,68.0,34.0,54.5,,,False,inpe_bdq_legacy,False
2307304,Juazeiro do Norte,CE,2009,1,0.0,0.0,,,,,True,inpe_bdq_legacy,False
2307304,Juazeiro do Norte,CE,2009,2,0.0,0.0,,,,,True,inpe_bdq_legacy,False
2307304,Juazeiro do Norte,CE,2009,3,0.0,0.0,,,,,True,inpe_bdq_legacy,False
2307304,Juazeiro do Norte,CE,2009,4,0.0,0.0,,,,,True,inpe_bdq_legacy,False
2307304,Juazeiro do Norte,CE,2009,5,0.0,0.0,,,,,True,inpe_bdq_legacy,False
2307304,Juazeiro do Norte,CE,2009,6,0.0,0.0,,,,,True,inpe_bdq_legacy,False
2307304,Juazeiro do Norte,CE,2009,7,0.0,0.0,,,,,True,inpe_bdq_legacy,False
2307304,Juazeiro do Norte,CE,2009,8,0.0,0.0,,,,,True,inpe_bdq_legacy,False
2307304,Juazeiro do Norte,CE,2009,9,0.0,0.0,,,,,True,inpe_bdq_legacy,False
2307304,Juazeiro do Norte,CE,2009,10,0.0,0.0,,,,,True,inpe_bdq_legacy,False
2307304,Juazeiro do Norte,CE,2009,11,2.0,73.9,36.95,37.2,,,False,inpe_bdq_legacy,False
2307304,Juazeiro do Norte,CE,2009,12,0.0,0.0,,,,,True,inpe_bdq_legacy,False
2307304,Juazeiro do Norte,CE,2010,1,0.0,0.0,,,,,True,inpe_bdq_legacy,False
2307304,Juazeiro do Norte,CE,2010,2,0.0,0.0,,,,,True,inpe_bdq_legacy,False
2307304,Juazeiro do Norte,CE,2010,3,0.0,0.0,,,,,True,inpe_bdq_legacy,False
2307304,Juazeiro do Norte,CE,2010,4,0.0,0.0,,,,,True,inpe_bdq_legacy,False
2307304,Juazeiro do Norte,CE,2010,5,0.0,0.0,,,,,True,inpe_bdq_legacy,False
2307304,Juazeiro do Norte,CE,2010,6,0.0,0.0,,,,,True,inpe_bdq_legacy,False
2307304,Juazeiro do Norte,CE,2010,7,0.0,0.0,,,,,True,inpe_bdq_legacy,False
2307304,Juazeiro do Norte,CE,2010,8,,0.0,,,,,True,inpe_bdq_legacy,True
2307304,Juazeiro do Norte,CE,2010,9,,0.0,,,,,True,inpe_bdq_legacy,True
2307304,Juazeiro do Norte,CE,2010,10,,0.0,,,,,True,inpe_bdq_legacy,True
2307304,Juazeiro do Norte,CE,2010,11,,0.0,,,,,True,inpe_bdq_legacy,True
2307304,Juazeiro do Norte,CE,2010,12,,0.0,,,,,True,inpe_bdq_legacy,True
2307304,Juazeiro do Norte,CE,2011,1,0.0,0.0,,,,,True,inpe_bdq_legacy,False
2307304,Juazeiro do Norte,CE,2011,2,0.0,0.0,,,,,True,inpe_bdq_legacy,False
2307304,Juazeiro do Norte,CE,2011,3,0.0,0.0,,,,,True,inpe_bdq_legacy,False
2307304,Juazeiro do Norte,CE,2011,4,0.0,0.0,,,,,True,inpe_bdq_legacy,False
2307304,Juazeiro do Norte,CE,2011,5,0.0,0.0,,,,,True,inpe_bdq_legacy,False
2307304,Juazeiro do Norte,CE,2011,6,0.0,0.0,,,,,True,inpe_bdq_legacy,False
2307304,Juazeiro do Norte,CE,2011,7,0.0,0.0,,,,,True,inpe_bdq_legacy,False
2307304,Juazeiro do Norte,CE,2011,8,0.0,0.0,,,,,True,inpe_bdq_legacy,False
2307304,Juazeiro do Norte,CE,2011,9,1.0,20.2,20.2,20.2,,,False,inpe_bdq_legacy,False
2307304,Juazeiro do Norte,CE,2011,10,2.0,46.2,23.1,33.2,,,False,inpe_bdq_legacy,False
2307304,Juazeiro do Norte,CE,2011,11,0.0,0.0,,,,,True,inpe_bdq_legacy,False
2307304,Juazeiro do Norte,CE,2011,12,0.0,0.0,,,,,True,inpe_bdq_legacy,False
2307304,Juazeiro do Norte,CE,2012,1,0.0,0.0,,,,,True,inpe_bdq_legacy,False
2307304,Juazeiro do Norte,CE,2012,2,0.0,0.0,,,,,True,inpe_bdq_legacy,False
2307304,Juazeiro do Norte,CE,2012,3,1.0,7.8,7.8,7.8,,,False,inpe_bdq_legacy,False
2307304,Juazeiro do Norte,CE,2012,4,0.0,0.0,,,,,True,inpe_bdq_legacy,False
2307304,Juazeiro do Norte,CE,2012,5,0.0,0.0,,,,,True,inpe_bdq_legacy,False
2307304,Juazeiro do Norte,CE,2012,6,0.0,0.0,,,,,True,inpe_bdq_legacy,False
2307304,Juazeiro do Norte,CE,2012,7,1.0,6.5,6.5,6.5,,,False,inpe_bdq_legacy,False
2307304,Juazeiro do Norte,CE,2012,8,2.0,98.5,49.25,50.7,,,False,inpe_bdq_legacy,False
2307304,Juazeiro do Norte,CE,2012,9,0.0,0.0,,,,,True,inpe_bdq_legacy,False
2307304,Juazeiro do Norte,CE,2012,10,3.0,152.9,50.96666666666667,59.7,,,False,inpe_bdq_legacy,False
2307304,Juazeiro do Norte,CE,2012,11,0.0,0.0,,,,,True,inpe_bdq_legacy,False
2307304,Juazeiro do Norte,CE,2012,12,1.0,15.4,15.4,15.4,,,False,inpe_bdq_legacy,False
2307304,Juazeiro do Norte,CE,2013,1,0.0,0.0,,,,,True,inpe_bdq_legacy,False
2307304,Juazeiro do Norte,CE,2013,2,0.0,0.0,,,,,True,inpe_bdq_legacy,False
2307304,Juazeiro do Norte,CE,2013,3,0.0,0.0,,,,,True,inpe_bdq_legacy,False
2307304,Juazeiro do Norte,CE,2013,4,0.0,0.0,,,,,True,inpe_bdq_legacy,False
2307304,Juazeiro do Norte,CE,2013,5,0.0,0.0,,,,,True,inpe_bdq_legacy,False
2307304,Juazeiro do Norte,CE,2013,6,0.0,0.0,,,,,True,inpe_bdq_legacy,False
2307304,Juazeiro do Norte,CE,2013,7,0.0,0.0,,,,,True,inpe_bdq_legacy,False
2307304,Juazeiro do Norte,CE,2013,8,1.0,9.5,9.5,9.5,,,False,inpe_bdq_legacy,False
2307304,Juazeiro do Norte,CE,2013,9,0.0,0.0,,,,,True,inpe_bdq_legacy,False
2307304,Juazeiro do Norte,CE,2013,10,1.0,28.5,28.5,28.5,,,False,inpe_bdq_legacy,False
2307304,Juazeiro do Norte,CE,2013,11,1.0,38.5,38.5,38.5,,,False,inpe_bdq_legacy,False
2307304,Juazeiro do Norte,CE,2013,12,1.0,53.0,53.0,53.0,,,False,inpe_bdq_legacy,False
2307304,Juazeiro do Norte,CE,2014,1,0.0,0.0,,,,,True,inpe_bdq_legacy,False
2307304,Juazeiro do Norte,CE,2014,2,0.0,0.0,,,,,True,inpe_bdq_legacy,False
2307304,Juazeiro do Norte,CE,2014,3,0.0,0.0,,,,,True,inpe_bdq_legacy,False
2307304,Juazeiro do Norte,CE,2014,4,0.0,0.0,,,,,True,inpe_bdq_legacy,False
2307304,Juazeiro do Norte,CE,2014,5,0.0,0.0,,,,,True,inpe_bdq_legacy,False
2307304,Juazeiro do Norte,CE,2014,6,0.0,0.0,,,,,True,inpe_bdq_legacy,False
2307304,Juazeiro do Norte,CE,2014,7,0.0,0.0,,,,,True,inpe_bdq_legacy,False
2307304,Juazeiro do Norte,CE,2014,8,0.0,0.0,,,,,True,inpe_bdq_legacy,False
2307304,Juazeiro do Norte,CE,2014,9,0.0,0.0,,,,,True,inpe_bdq_legacy,False
2307304,Juazeiro do Norte,CE,2014,10,1.0,23.9,23.9,23.9,0.9,5.0,False,inpe_bdq_legacy,False
2307304,Juazeiro do Norte,CE,2014,11,0.0,0.0,,,,,True,inpe_bdq_legacy,False
2307304,Juazeiro do Norte,CE,2014,12,0.0,0.0,,,,,True,inpe_bdq_legacy,False
2307304,Juazeiro do Norte,CE,2015,1,0.0,0.0,,,,,True,inpe_bdq_legacy,False
2307304,Juazeiro do Norte,CE,2015,2,0.0,0.0,,,,,True,inpe_bdq_legacy,False
2307304,Juazeiro do Norte,CE,2015,3,0.0,0.0,,,,,True,inpe_bdq_legacy,False
2307304,Juazeiro do Norte,CE,2015,4,0.0,0.0,,,,,True,inpe_bdq_legacy,False
2307304,Juazeiro do Norte,CE,2015,5,0.0,0.0,,,,,True,inpe_bdq_legacy,False
2307304,Juazeiro do Norte,CE,2015,6,0.0,0.0,,,,,True,inpe_bdq_legacy,False
2307304,Juazeiro do Norte,CE,2015,7,0.0,0.0,,,,,True,inpe_bdq_legacy,False
2307304,Juazeiro do Norte,CE,2015,8,2.0,20.5,10.25,13.8,1.0,11.0,False,inpe_bdq_legacy,False
2307304,Juazeiro do Norte,CE,2015,9,0.0,0.0,,,,,True,inpe_bdq_legacy,False
2307304,Juazeiro do Norte,CE,2015,10,8.0,732.2,91.525,213.4,1.0,48.375,False,inpe_bdq_legacy,False
2307304,Juazeiro do Norte,CE,2015,11,0.0,0.0,,,,,True,inpe_bdq_legacy,False
2307304,Juazeiro do Norte,CE,2015,12,0.0,0.0,,,,,True,inpe_bdq_legacy,False
2307304,Juazeiro do Norte,CE,2016,1,0.0,0.0,,,,,True,inpe_bdq_legacy,False
2307304,Juazeiro do Norte,CE,2016,2,0.0,0.0,,,,,True,inpe_bdq_legacy,False
2307304,Juazeiro do Norte,CE,2016,3,0.0,0.0,,,,,True,inpe_bdq_legacy,False
2307304,Juazeiro do Norte,CE,2016,4,0.0,0.0,,,,,True,inpe_bdq_legacy,False
2307304,Juazeiro do Norte,CE,2016,5,0.0,0.0,,,,,True,inpe_bdq_legacy,False
2307304,Juazeiro do Norte,CE,2016,6,0.0,0.0,,,,,True,inpe_bdq_legacy,False
2307304,Juazeiro do Norte,CE,2016,7,0.0,0.0,,,,,True,inpe_bdq_legacy,False
2307304,Juazeiro do Norte,CE,2016,8,5.0,84.3,16.86,21.2,1.0,17.4,False,inpe_bdq_legacy,False
2307304,Juazeiro do Norte,CE,2016,9,2.0,41.400000000000006,20.700000000000003,25.6,1.0,53.0,False,inpe_bdq_legacy,False
2307304,Juazeiro do Norte,CE,2016,10,3.0,192.29999999999998,64.1,75.6,1.0,16.0,False,inpe_bdq_legacy,False
2307304,Juazeiro do Norte,CE,2016,11,1.0,35.3,35.3,35.3,1.0,3.0,False,inpe_bdq_legacy,False
2307304,Juazeiro do Norte,CE,2016,12,0.0,0.0,,,,,True,inpe_bdq_legacy,False
2307304,Juazeiro do Norte,CE,2017,1,0.0,0.0,,,,,True,inpe_bdq_legacy,False
2307304,Juazeiro do Norte,CE,2017,2,0.0,0.0,,,,,True,inpe_bdq_legacy,False
2307304,Juazeiro do Norte,CE,2017,3,0.0,0.0,,,,,True,inpe_bdq_legacy,False
2307304,Juazeiro do Norte,CE,2017,4,0.0,0.0,,,,,True,inpe_bdq_legacy,False
2307304,Juazeiro do Norte,CE,2017,5,0.0,0.0,,,,,True,inpe_bdq_legacy,False
2307304,Juazeiro do Norte,CE,2017,6,0.0,0.0,,,,,True,inpe_bdq_legacy,False
2307304,Juazeiro do Norte,CE,2017,7,0.0,0.0,,,,,True,inpe_bdq_legacy,False
2307304,Juazeiro do Norte,CE,2017,8,1.0,15.2,15.2,15.2,1.0,0.0,False,inpe_bdq_legacy,False
2307304,Juazeiro do Norte,CE,2017,9,0.0,0.0,,,,,True,inpe_bdq_legacy,False
2307304,Juazeiro do Norte,CE,2017,10,2.0,61.3,30.65,39.3,1.0,0.0,False,inpe_bdq_legacy,False
2307304,Juazeiro do Norte,CE,2017,11,3.0,86.30000000000001,28.76666666666667,38.2,1.0,0.0,False,inpe_bdq_legacy,False
2307304,Juazeiro do Norte,CE,2017,12,1.0,15.8,15.8,15.8,1.0,0.0,False,inpe_bdq_legacy,False
2307304,Juazeiro do Norte,CE,2018,1,1.0,10.5,10.5,10.5,0.1,0.0,False,inpe_bdq_legacy,False
2307304,Juazeiro do Norte,CE,2018,2,0.0,0.0,,,,,True,inpe_bdq_legacy,False
2307304,Juazeiro do Norte,CE,2018,3,0.0,0.0,,,,,True,inpe_bdq_legacy,False
2307304,Juazeiro do Norte,CE,2018,4,0.0,0.0,,,,,True,inpe_bdq_legacy,False
2307304,Juazeiro do Norte,CE,2018,5,0.0,0.0,,,,,True,inpe_bdq_legacy,False
2307304,Juazeiro do Norte,CE,2018,6,0.0,0.0,,,,,True,inpe_bdq_legacy,False
2307304,Juazeiro do Norte,CE,2018,7,0.0,0.0,,,,,True,inpe_bdq_legacy,False
2307304,Juazeiro do Norte,CE,2018,8,0.0,0.0,,,,,True,inpe_bdq_legacy,False
2307304,Juazeiro do Norte,CE,2018,9,1.0,20.2,20.2,20.2,1.0,97.0,False,inpe_bdq_legacy,False
2307304,Juazeiro do Norte,CE,2018,10,2.0,35.5,17.75,20.7,1.0,3.0,False,inpe_bdq_legacy,False
2307304,Juazeiro do Norte,CE,2018,11,0.0,0.0,,,,,True,inpe_bdq_legacy,False
2307304,Juazeiro do Norte,CE,2018,12,0.0,0.0,,,,,True,inpe_bdq_legacy,False
2307304,Juazeiro do Norte,CE,2019,1,0.0,0.0,,,,,True,inpe_bdq_legacy,False
2307304,Juazeiro do Norte,CE,2019,2,0.0,0.0,,,,,True,inpe_bdq_legacy,False
2307304,Juazeiro do Norte,CE,2019,3,0.0,0.0,,,,,True,inpe_bdq_legacy,False
2307304,Juazeiro do Norte,CE,2019,4,0.0,0.0,,,,,True,inpe_bdq_legacy,False
2307304,Juazeiro do Norte,CE,2019,5,0.0,0.0,,,,,True,inpe_bdq_legacy,False
2307304,Juazeiro do Norte,CE,2019,6,0.0,0.0,,,,,True,inpe_bdq_legacy,False
2307304,Juazeiro do Norte,CE,2019,7,1.0,16.9,16.9,16.9,-999.0,43.0,False,inpe_bdq_legacy,False
2307304,Juazeiro do Norte,CE,2019,8,0.0,0.0,,,,,True,inpe_bdq_legacy,False
2307304,Juazeiro do Norte,CE,2019,9,2.0,28.3,14.15,17.3,1.0,91.0,False,inpe_bdq_legacy,False
2307304,Juazeiro do Norte,CE,2019,10,7.0,134.5,19.214285714285715,28.1,1.0,44.714285714285715,False,inpe_bdq_legacy,False
2307304,Juazeiro do Norte,CE,2019,11,0.0,0.0,,,,,True,inpe_bdq_legacy,False
2307304,Juazeiro do Norte,CE,2019,12,0.0,0.0,,,,,True,inpe_bdq_legacy,False
2307304,Juazeiro do Norte,CE,2020,1,0.0,0.0,,,,,True,inpe_bdq_legacy,False
2307304,Juazeiro do Norte,CE,2020,2,0.0,0.0,,,,,True,inpe_bdq_legacy,False
2307304,Juazeiro do Norte,CE,2020,3,0.0,0.0,,,,,True,inpe_bdq_legacy,False
2307304,Juazeiro do Norte,CE,2020,4,0.0,0.0,,,,,True,inpe_bdq_legacy,False
2307304,Juazeiro do Norte,CE,2020,5,0.0,0.0,,,,,True,inpe_bdq_legacy,False
2307304,Juazeiro do Norte,CE,2020,6,0.0,0.0,,,,,True,inpe_bdq_legacy,False
2307304,Juazeiro do Norte,CE,2020,7,0.0,0.0,,,,,True,inpe_bdq_legacy,False
2307304,Juazeiro do Norte,CE,2020,8,0.0,0.0,,,,,True,inpe_bdq_legacy,False
2307304,Juazeiro do Norte,CE,2020,9,0.0,0.0,,,,,True,inpe_bdq_legacy,False
2307304,Juazeiro do Norte,CE,2020,10,1.0,42.6,42.6,42.6,1.0,8.0,False,inpe_bdq_legacy,False
2307304,Juazeiro do Norte,CE,2020,11,1.0,22.1,22.1,22.1,0.8,1.0,False,inpe_bdq_legacy,False
2307304,Juazeiro do Norte,CE,2020,12,4.0,86.7,21.675,30.2,1.0,4.5,False,inpe_bdq_legacy,False
2307304,Juazeiro do Norte,CE,2021,1,0.0,0.0,,,,,True,inpe_bdq_legacy,False
2307304,Juazeiro do Norte,CE,2021,2,0.0,0.0,,,,,True,inpe_bdq_legacy,False
2307304,Juazeiro do Norte,CE,2021,3,0.0,0.0,,,,,True,inpe_bdq_legacy,False
2307304,Juazeiro do Norte,CE,2021,4,0.0,0.0,,,,,True,inpe_bdq_legacy,False
2307304,Juazeiro do Norte,CE,2021,5,0.0,0.0,,,,,True,inpe_bdq_legacy,False
2307304,Juazeiro do Norte,CE,2021,6,0.0,0.0,,,,,True,inpe_bdq_legacy,False
2307304,Juazeiro do Norte,CE,2021,7,0.0,0.0,,,,,True,inpe_bdq_legacy,False
2307304,Juazeiro do Norte,CE,2021,8,1.0,10.4,10.4,10.4,-999.0,41.0,False,inpe_bdq_legacy,False
2307304,Juazeiro do Norte,CE,2021,9,3.0,59.3,19.766666666666666,30.2,1.0,9.666666666666666,False,inpe_bdq_legacy,False
2307304,Juazeiro do Norte,CE,2021,10,0.0,0.0,,,,,True,inpe_bdq_legacy,False
2307304,Juazeiro do Norte,CE,2021,11,0.0,0.0,,,,,True,inpe_bdq_legacy,False
2307304,Juazeiro do Norte,CE,2021,12,1.0,18.9,18.9,18.9,0.5,1.0,False,inpe_bdq_legacy,False
2307304,Juazeiro do Norte,CE,2022,1,0.0,0.0,,,,,True,inpe_bdq_legacy,False
2307304,Juazeiro do Norte,CE,2022,2,0.0,0.0,,,,,True,inpe_bdq_legacy,False
2307304,Juazeiro do Norte,CE,2022,3,0.0,0.0,,,,,True,inpe_bdq_legacy,False
2307304,Juazeiro do Norte,CE,2022,4,0.0,0.0,,,,,True,inpe_bdq_legacy,False
2307304,Juazeiro do Norte,CE,2022,5,1.0,7.7,7.7,7.7,-999.0,7.0,False,inpe_bdq_legacy,False
2307304,Juazeiro do Norte,CE,2022,6,0.0,0.0,,,,,True,inpe_bdq_legacy,False
2307304,Juazeiro do Norte,CE,2022,7,0.0,0.0,,,,,True,inpe_bdq_legacy,False
2307304,Juazeiro do Norte,CE,2022,8,0.0,0.0,,,,,True,inpe_bdq_legacy,False
2307304,Juazeiro do Norte,CE,2022,9,2.0,28.200000000000003,14.100000000000001,15.4,1.0,15.5,False,inpe_bdq_legacy,False
2307304,Juazeiro do Norte,CE,2022,10,2.0,178.2,89.1,118.3,1.0,27.5,False,inpe_bdq_legacy,False
2307304,Juazeiro do Norte,CE,2022,11,2.0,90.5,45.25,62.6,0.135,2.5,False,inpe_bdq_legacy,False
2307304,Juazeiro do Norte,CE,2022,12,0.0,0.0,,,,,True,inpe_bdq_legacy,False
2307304,Juazeiro do Norte,CE,2023,1,0.0,0.0,,,,,True,inpe_bdq_legacy,False
2307304,Juazeiro do Norte,CE,2023,2,1.0,13.2,13.2,13.2,-999.0,1.0,False,inpe_bdq_legacy,False
2307304,Juazeiro do Norte,CE,2023,3,0.0,0.0,,,,,True,inpe_bdq_legacy,False
2307304,Juazeiro do Norte,CE,2023,4,0.0,0.0,,,,,True,inpe_bdq_legacy,False
2307304,Juazeiro do Norte,CE,2023,5,0.0,0.0,,,,,True,inpe_bdq_legacy,False
2307304,Juazeiro do Norte,CE,2023,6,0.0,0.0,,,,,True,inpe_bdq_legacy,False
2307304,Juazeiro do Norte,CE,2023,7,0.0,0.0,,,,,True,inpe_bdq_legacy,False
2307304,Juazeiro do Norte,CE,2023,8,1.0,76.0,76.0,76.0,-999.0,60.0,False,inpe_bdq_legacy,False
2307304,Juazeiro do Norte,CE,2023,9,2.0,48.7,24.35,30.1,1.0,10.0,False,inpe_bdq_legacy,False
2307304,Juazeiro do Norte,CE,2023,10,5.0,90.9,18.18,40.9,1.0,28.6,False,inpe_bdq_legacy,False
2307304,Juazeiro do Norte,CE,2023,11,4.0,40.1,10.025,12.8,1.0,35.5,False,inpe_bdq_legacy,False
2307304,Juazeiro do Norte,CE,2023,12,1.0,10.3,10.3,10.3,0.21,0.0,False,inpe_bdq_legacy,False
2307304,Juazeiro do Norte,CE,2024,1,0.0,0.0,,,,,True,inpe_bdq_legacy,False
2307304,Juazeiro do Norte,CE,2024,2,0.0,0.0,,,,,True,inpe_bdq_legacy,False
2307304,Juazeiro do Norte,CE,2024,3,0.0,0.0,,,,,True,inpe_bdq_legacy,False
2307304,Juazeiro do Norte,CE,2024,4,0.0,0.0,,,,,True,inpe_bdq_legacy,False
2307304,Juazeiro do Norte,CE,2024,5,0.0,0.0,,,,,True,inpe_bdq_legacy,False
2307304,Juazeiro do Norte,CE,2024,6,0.0,0.0,,,,,True,inpe_bdq_legacy,False
2307304,Juazeiro do Norte,CE,2024,7,0.0,0.0,,,,,True,inpe_bdq_legacy,False
2307304,Juazeiro do Norte,CE,2024,8,,0.0,,,,,True,inpe_bdq_legacy,True
2307304,Juazeiro do Norte,CE,2024,9,,0.0,,,,,True,inpe_bdq_legacy,True
2307304,Juazeiro do Norte,CE,2024,10,,0.0,,,,,True,inpe_bdq_legacy,True
2307304,Juazeiro do Norte,CE,2024,11,,0.0,,,,,True,inpe_bdq_legacy,True
2307304,Juazeiro do Norte,CE,2024,12,,0.0,,,,,True,inpe_bdq_legacy,True
2307304,Juazeiro do Norte,CE,2025,1,0.0,0.0,,,,,True,inpe_bdq_legacy,False
2307304,Juazeiro do Norte,CE,2025,2,0.0,0.0,,,,,True,inpe_bdq_legacy,False
2307304,Juazeiro do Norte,CE,2025,3,0.0,0.0,,,,,True,inpe_bdq_legacy,False
2307304,Juazeiro do Norte,CE,2025,4,0.0,0.0,,,,,True,inpe_bdq_legacy,False
2307304,Juazeiro do Norte,CE,2025,5,0.0,0.0,,,,,True,inpe_bdq_legacy,False
2307304,Juazeiro do Norte,CE,2025,6,0.0,0.0,,,,,True,inpe_bdq_legacy,False
2307304,Juazeiro do Norte,CE,2025,7,0.0,0.0,,,,,True,inpe_bdq_legacy,False
2307304,Juazeiro do Norte,CE,2025,8,0.0,0.0,,,,,True,inpe_bdq_legacy,False
2307304,Juazeiro do Norte,CE,2025,9,1.0,21.3,21.3,21.3,1.0,42.0,False,inpe_bdq_legacy,False
2307304,Juazeiro do Norte,CE,2025,10,3.0,90.19999999999999,30.066666666666663,48.8,1.0,15.666666666666666,False,inpe_bdq_legacy,False
2307304,Juazeiro do Norte,CE,2025,11,1.0,6.5,6.5,6.5,1.0,11.0,False,inpe_bdq_legacy,False
2307304,Juazeiro do Norte,CE,2025,12,0.0,0.0,,,,,True,inpe_bdq_legacy,False
2307304,Juazeiro do Norte,CE,2026,1,0.0,0.0,,,,,True,inpe_bdq_legacy,False
2307304,Juazeiro do Norte,CE,2026,2,1.0,6.7,6.7,6.7,0.03,3.0,False,inpe_bdq_legacy,False
2307502,Lavras da Mangabeira,CE,2025,1,2.0,17.200000000000003,8.600000000000001,8.8,0.845,2.5,False,inpe_bdq_aqua_ref,False
2307502,Lavras da Mangabeira,CE,2025,2,0.0,0.0,,,,,True,inpe_bdq_aqua_ref,False
2307502,Lavras da Mangabeira,CE,2025,3,0.0,0.0,,,,,True,inpe_bdq_aqua_ref,False
2307502,Lavras da Mangabeira,CE,2025,4,0.0,0.0,,,,,True,inpe_bdq_aqua_ref,False
2307502,Lavras da Mangabeira,CE,2025,5,0.0,0.0,,,,,True,inpe_bdq_aqua_ref,False
2307502,Lavras da Mangabeira,CE,2025,6,0.0,0.0,,,,,True,inpe_bdq_aqua_ref,False
2307502,Lavras da Mangabeira,CE,2025,7,1.0,7.7,7.7,7.7,1.0,10.0,False,inpe_bdq_aqua_ref,False
2307502,Lavras da Mangabeira,CE,2025,8,1.0,9.2,9.2,9.2,1.0,3.0,False,inpe_bdq_aqua_ref,False
2307502,Lavras da Mangabeira,CE,2025,9,2.0,44.6,22.3,25.0,1.0,43.5,False,inpe_bdq_aqua_ref,False
2307502,Lavras da Mangabeira,CE,2025,10,11.0,753.2,68.47272727272728,238.5,1.0,40.18181818181818,False,inpe_bdq_aqua_ref,False
2308104,Mauriti,CE,2025,1,3.0,108.3,36.1,49.4,0.43,1.3333333333333333,False,inpe_bdq_aqua_ref,False
2308104,Mauriti,CE,2025,2,0.0,0.0,,,,,True,inpe_bdq_aqua_ref,False
2308104,Mauriti,CE,2025,3,0.0,0.0,,,,,True,inpe_bdq_aqua_ref,False
2308104,Mauriti,CE,2025,4,0.0,0.0,,,,,True,inpe_bdq_aqua_ref,False
2308104,Mauriti,CE,2025,5,0.0,0.0,,,,,True,inpe_bdq_aqua_ref,False
2308104,Mauriti,CE,2025,6,1.0,5.6,5.6,5.6,1.0,1.0,False,inpe_bdq_aqua_ref,False
2308104,Mauriti,CE,2025,7,0.0,0.0,,,,,True,inpe_bdq_aqua_ref,False
2308104,Mauriti,CE,2025,8,1.0,10.7,10.7,10.7,1.0,43.0,False,inpe_bdq_aqua_ref,False
2308104,Mauriti,CE,2025,9,0.0,0.0,,,,,True,inpe_bdq_aqua_ref,False
2308104,Mauriti,CE,2025,10,29.0,2084.9,71.89310344827587,327.3,1.0,11.96551724137931,False,inpe_bdq_aqua_ref,False
2308302,Milagres,CE,2025,1,1.0,27.6,27.6,27.6,0.02,2.0,False,inpe_bdq_aqua_ref,False
2308302,Milagres,CE,2025,2,2.0,180.2,90.1,112.7,0.59,5.0,False,inpe_bdq_aqua_ref,False
2308302,Milagres,CE,2025,3,0.0,0.0,,,,,True,inpe_bdq_aqua_ref,False
2308302,Milagres,CE,2025,4,0.0,0.0,,,,,True,inpe_bdq_aqua_ref,False
2308302,Milagres,CE,2025,5,0.0,0.0,,,,,True,inpe_bdq_aqua_ref,False
2308302,Milagres,CE,2025,6,0.0,0.0,,,,,True,inpe_bdq_aqua_ref,False
2308302,Milagres,CE,2025,7,0.0,0.0,,,,,True,inpe_bdq_aqua_ref,False
2308302,Milagres,CE,2025,8,0.0,0.0,,,,,True,inpe_bdq_aqua_ref,False
2308302,Milagres,CE,2025,9,6.0,946.9,157.81666666666666,422.7,1.0,77.5,False,inpe_bdq_aqua_ref,False
2308302,Milagres,CE,2025,10,7.0,218.8,31.25714285714286,61.4,-141.85714285714286,12.0,False,inpe_bdq_aqua_ref,False
2308401,Missão Velha,CE,2002,9,4.0,376.3,94.075,259.6,,,False,inpe_bdq_legacy,False
2308401,Missão Velha,CE,2002,10,21.0,2331.8,111.03809523809525,572.6,,,False,inpe_bdq_legacy,False
2308401,Missão Velha,CE,2002,11,35.0,1857.4,53.06857142857143,184.4,,,False,inpe_bdq_legacy,False
2308401,Missão Velha,CE,2002,12,13.0,686.4,52.8,277.7,,,False,inpe_bdq_legacy,False
2308401,Missão Velha,CE,2003,1,0.0,0.0,,,,,True,inpe_bdq_legacy,False
2308401,Missão Velha,CE,2003,2,0.0,0.0,,,,,True,inpe_bdq_legacy,False
2308401,Missão Velha,CE,2003,3,1.0,10.8,10.8,10.8,,,False,inpe_bdq_legacy,False
2308401,Missão Velha,CE,2003,4,0.0,0.0,,,,,True,inpe_bdq_legacy,False
2308401,Missão Velha,CE,2003,5,0.0,0.0,,,,,True,inpe_bdq_legacy,False
2308401,Missão Velha,CE,2003,6,0.0,0.0,,,,,True,inpe_bdq_legacy,False
2308401,Missão Velha,CE,2003,7,0.0,0.0,,,,,True,inpe_bdq_legacy,False
2308401,Missão Velha,CE,2003,8,0.0,0.0,,,,,True,inpe_bdq_legacy,False
2308401,Missão Velha,CE,2003,9,5.0,202.89999999999998,40.58,67.6,,,False,inpe_bdq_legacy,False
2308401,Missão Velha,CE,2003,10,14.0,453.6,32.4,123.6,,,False,inpe_bdq_legacy,False
2308401,Missão Velha,CE,2003,11,34.0,1801.8,52.99411764705882,317.8,,,False,inpe_bdq_legacy,False
2308401,Missão Velha,CE,2003,12,7.0,263.1,37.58571428571429,69.8,,,False,inpe_bdq_legacy,False
2308401,Missão Velha,CE,2004,1,0.0,0.0,,,,,True,inpe_bdq_legacy,False
2308401,Missão Velha,CE,2004,2,0.0,0.0,,,,,True,inpe_bdq_legacy,False
2308401,Missão Velha,CE,2004,3,0.0,0.0,,,,,True,inpe_bdq_legacy,False
2308401,Missão Velha,CE,2004,4,0.0,0.0,,,,,True,inpe_bdq_legacy,False
2308401,Missão Velha,CE,2004,5,0.0,0.0,,,,,True,inpe_bdq_legacy,False
2308401,Missão Velha,CE,2004,6,0.0,0.0,,,,,True,inpe_bdq_legacy,False
2308401,Missão Velha,CE,2004,7,0.0,0.0,,,,,True,inpe_bdq_legacy,False
2308401,Missão Velha,CE,2004,8,0.0,0.0,,,,,True,inpe_bdq_legacy,False
2308401,Missão Velha,CE,2004,9,1.0,7.7,7.7,7.7,,,False,inpe_bdq_legacy,False
2308401,Missão Velha,CE,2004,10,9.0,451.4,50.15555555555555,127.3,,,False,inpe_bdq_legacy,False
2308401,Missão Velha,CE,2004,11,16.0,854.0,53.375,106.6,,,False,inpe_bdq_legacy,False
2308401,Missão Velha,CE,2004,12,15.0,953.8,63.586666666666666,207.8,,,False,inpe_bdq_legacy,False
2308401,Missão Velha,CE,2005,1,5.0,129.3,25.860000000000003,60.9,,,False,inpe_bdq_legacy,False
2308401,Missão Velha,CE,2005,2,0.0,0.0,,,,,True,inpe_bdq_legacy,False
2308401,Missão Velha,CE,2005,3,0.0,0.0,,,,,True,inpe_bdq_legacy,False
2308401,Missão Velha,CE,2005,4,0.0,0.0,,,,,True,inpe_bdq_legacy,False
2308401,Missão Velha,CE,2005,5,0.0,0.0,,,,,True,inpe_bdq_legacy,False
2308401,Missão Velha,CE,2005,6,0.0,0.0,,,,,True,inpe_bdq_legacy,False
2308401,Missão Velha,CE,2005,7,0.0,0.0,,,,,True,inpe_bdq_legacy,False
2308401,Missão Velha,CE,2005,8,0.0,0.0,,,,,True,inpe_bdq_legacy,False
2308401,Missão Velha,CE,2005,9,4.0,507.2,126.8,246.9,,,False,inpe_bdq_legacy,False
2308401,Missão Velha,CE,2005,10,1.0,10.3,10.3,10.3,,,False,inpe_bdq_legacy,False
2308401,Missão Velha,CE,2005,11,4.0,94.80000000000001,23.700000000000003,34.7,,,False,inpe_bdq_legacy,False
2308401,Missão Velha,CE,2005,12,21.0,425.2,20.247619047619047,46.3,,,False,inpe_bdq_legacy,False
2308401,Missão Velha,CE,2006,1,2.0,28.700000000000003,14.350000000000001,18.1,,,False,inpe_bdq_legacy,False
2308401,Missão Velha,CE,2006,2,0.0,0.0,,,,,True,inpe_bdq_legacy,False
2308401,Missão Velha,CE,2006,3,0.0,0.0,,,,,True,inpe_bdq_legacy,False
2308401,Missão Velha,CE,2006,4,0.0,0.0,,,,,True,inpe_bdq_legacy,False
2308401,Missão Velha,CE,2006,5,0.0,0.0,,,,,True,inpe_bdq_legacy,False
2308401,Missão Velha,CE,2006,6,0.0,0.0,,,,,True,inpe_bdq_legacy,False
2308401,Missão Velha,CE,2006,7,0.0,0.0,,,,,True,inpe_bdq_legacy,False
2308401,Missão Velha,CE,2006,8,0.0,0.0,,,,,True,inpe_bdq_legacy,False
2308401,Missão Velha,CE,2006,9,1.0,32.0,32.0,32.0,,,False,inpe_bdq_legacy,False
2308401,Missão Velha,CE,2006,10,7.0,332.7,47.528571428571425,93.1,,,False,inpe_bdq_legacy,False
2308401,Missão Velha,CE,2006,11,15.0,405.4,27.026666666666664,39.9,,,False,inpe_bdq_legacy,False
2308401,Missão Velha,CE,2006,12,13.0,438.5,33.73076923076923,153.9,,,False,inpe_bdq_legacy,False
2308401,Missão Velha,CE,2007,1,2.0,61.8,30.9,33.4,,,False,inpe_bdq_legacy,False
2308401,Missão Velha,CE,2007,2,0.0,0.0,,,,,True,inpe_bdq_legacy,False
2308401,Missão Velha,CE,2007,3,0.0,0.0,,,,,True,inpe_bdq_legacy,False
2308401,Missão Velha,CE,2007,4,0.0,0.0,,,,,True,inpe_bdq_legacy,False
2308401,Missão Velha,CE,2007,5,0.0,0.0,,,,,True,inpe_bdq_legacy,False
2308401,Missão Velha,CE,2007,6,0.0,0.0,,,,,True,inpe_bdq_legacy,False
2308401,Missão Velha,CE,2007,7,0.0,0.0,,,,,True,inpe_bdq_legacy,False
2308401,Missão Velha,CE,2007,8,0.0,0.0,,,,,True,inpe_bdq_legacy,False
2308401,Missão Velha,CE,2007,9,4.0,171.0,42.75,59.4,,,False,inpe_bdq_legacy,False
2308401,Missão Velha,CE,2007,10,3.0,439.4,146.46666666666667,195.1,,,False,inpe_bdq_legacy,False
2308401,Missão Velha,CE,2007,11,9.0,255.0,28.333333333333332,78.2,,,False,inpe_bdq_legacy,False
2308401,Missão Velha,CE,2007,12,2.0,78.80000000000001,39.400000000000006,57.7,,,False,inpe_bdq_legacy,False
2308401,Missão Velha,CE,2008,1,3.0,64.4,21.46666666666667,40.4,,,False,inpe_bdq_legacy,False
2308401,Missão Velha,CE,2008,2,0.0,0.0,,,,,True,inpe_bdq_legacy,False
2308401,Missão Velha,CE,2008,3,0.0,0.0,,,,,True,inpe_bdq_legacy,False
2308401,Missão Velha,CE,2008,4,0.0,0.0,,,,,True,inpe_bdq_legacy,False
2308401,Missão Velha,CE,2008,5,0.0,0.0,,,,,True,inpe_bdq_legacy,False
2308401,Missão Velha,CE,2008,6,0.0,0.0,,,,,True,inpe_bdq_legacy,False
2308401,Missão Velha,CE,2008,7,0.0,0.0,,,,,True,inpe_bdq_legacy,False
2308401,Missão Velha,CE,2008,8,0.0,0.0,,,,,True,inpe_bdq_legacy,False
2308401,Missão Velha,CE,2008,9,0.0,0.0,,,,,True,inpe_bdq_legacy,False
2308401,Missão Velha,CE,2008,10,11.0,793.3,72.11818181818181,180.3,,,False,inpe_bdq_legacy,False
2308401,Missão Velha,CE,2008,11,25.0,1342.0,53.68,281.7,,,False,inpe_bdq_legacy,False
2308401,Missão Velha,CE,2008,12,10.0,188.3,18.830000000000002,44.8,,,False,inpe_bdq_legacy,False
2308401,Missão Velha,CE,2009,1,0.0,0.0,,,,,True,inpe_bdq_legacy,False
2308401,Missão Velha,CE,2009,2,0.0,0.0,,,,,True,inpe_bdq_legacy,False
2308401,Missão Velha,CE,2009,3,0.0,0.0,,,,,True,inpe_bdq_legacy,False
2308401,Missão Velha,CE,2009,4,0.0,0.0,,,,,True,inpe_bdq_legacy,False
2308401,Missão Velha,CE,2009,5,0.0,0.0,,,,,True,inpe_bdq_legacy,False
2308401,Missão Velha,CE,2009,6,0.0,0.0,,,,,True,inpe_bdq_legacy,False
2308401,Missão Velha,CE,2009,7,1.0,16.5,16.5,16.5,,,False,inpe_bdq_legacy,False
2308401,Missão Velha,CE,2009,8,0.0,0.0,,,,,True,inpe_bdq_legacy,False
2308401,Missão Velha,CE,2009,9,0.0,0.0,,,,,True,inpe_bdq_legacy,False
2308401,Missão Velha,CE,2009,10,1.0,20.1,20.1,20.1,,,False,inpe_bdq_legacy,False
2308401,Missão Velha,CE,2009,11,11.0,467.9,42.53636363636363,144.1,,,False,inpe_bdq_legacy,False
2308401,Missão Velha,CE,2009,12,12.0,310.7,25.891666666666666,92.5,,,False,inpe_bdq_legacy,False
2308401,Missão Velha,CE,2010,1,0.0,0.0,,,,,True,inpe_bdq_legacy,False
2308401,Missão Velha,CE,2010,2,0.0,0.0,,,,,True,inpe_bdq_legacy,False
2308401,Missão Velha,CE,2010,3,0.0,0.0,,,,,True,inpe_bdq_legacy,False
2308401,Missão Velha,CE,2010,4,1.0,7.3,7.3,7.3,,,False,inpe_bdq_legacy,False
2308401,Missão Velha,CE,2010,5,0.0,0.0,,,,,True,inpe_bdq_legacy,False
2308401,Missão Velha,CE,2010,6,1.0,10.2,10.2,10.2,,,False,inpe_bdq_legacy,False
2308401,Missão Velha,CE,2010,7,0.0,0.0,,,,,True,inpe_bdq_legacy,False
2308401,Missão Velha,CE,2010,8,2.0,31.299999999999997,15.649999999999999,15.7,,,False,inpe_bdq_legacy,False
2308401,Missão Velha,CE,2010,9,4.0,200.10000000000002,50.025000000000006,106.4,,,False,inpe_bdq_legacy,False
2308401,Missão Velha,CE,2010,10,5.0,411.29999999999995,82.25999999999999,198.6,,,False,inpe_bdq_legacy,False
2308401,Missão Velha,CE,2010,11,16.0,562.0,35.125,114.0,,,False,inpe_bdq_legacy,False
2308401,Missão Velha,CE,2010,12,3.0,112.2,37.4,58.6,,,False,inpe_bdq_legacy,False
2308401,Missão Velha,CE,2011,1,0.0,0.0,,,,,True,inpe_bdq_legacy,False
2308401,Missão Velha,CE,2011,2,0.0,0.0,,,,,True,inpe_bdq_legacy,False
2308401,Missão Velha,CE,2011,3,0.0,0.0,,,,,True,inpe_bdq_legacy,False
2308401,Missão Velha,CE,2011,4,0.0,0.0,,,,,True,inpe_bdq_legacy,False
2308401,Missão Velha,CE,2011,5,0.0,0.0,,,,,True,inpe_bdq_legacy,False
2308401,Missão Velha,CE,2011,6,0.0,0.0,,,,,True,inpe_bdq_legacy,False
2308401,Missão Velha,CE,2011,7,0.0,0.0,,,,,True,inpe_bdq_legacy,False
2308401,Missão Velha,CE,2011,8,0.0,0.0,,,,,True,inpe_bdq_legacy,False
2308401,Missão Velha,CE,2011,9,1.0,40.8,40.8,40.8,,,False,inpe_bdq_legacy,False
2308401,Missão Velha,CE,2011,10,4.0,73.7,18.425,25.9,,,False,inpe_bdq_legacy,False
2308401,Missão Velha,CE,2011,11,3.0,70.2,23.400000000000002,29.3,,,False,inpe_bdq_legacy,False
2308401,Missão Velha,CE,2011,12,0.0,0.0,,,,,True,inpe_bdq_legacy,False
2308401,Missão Velha,CE,2012,1,1.0,22.2,22.2,22.2,,,False,inpe_bdq_legacy,False
2308401,Missão Velha,CE,2012,2,0.0,0.0,,,,,True,inpe_bdq_legacy,False
2308401,Missão Velha,CE,2012,3,0.0,0.0,,,,,True,inpe_bdq_legacy,False
2308401,Missão Velha,CE,2012,4,0.0,0.0,,,,,True,inpe_bdq_legacy,False
2308401,Missão Velha,CE,2012,5,0.0,0.0,,,,,True,inpe_bdq_legacy,False
2308401,Missão Velha,CE,2012,6,1.0,10.8,10.8,10.8,,,False,inpe_bdq_legacy,False
2308401,Missão Velha,CE,2012,7,0.0,0.0,,,,,True,inpe_bdq_legacy,False
2308401,Missão Velha,CE,2012,8,0.0,0.0,,,,,True,inpe_bdq_legacy,False
2308401,Missão Velha,CE,2012,9,9.0,1004.8,111.64444444444445,432.4,,,False,inpe_bdq_legacy,False
2308401,Missão Velha,CE,2012,10,5.0,194.2,38.839999999999996,64.0,,,False,inpe_bdq_legacy,False
2308401,Missão Velha,CE,2012,11,4.0,327.1,81.775,104.2,,,False,inpe_bdq_legacy,False
2308401,Missão Velha,CE,2012,12,2.0,38.7,19.35,25.6,,,False,inpe_bdq_legacy,False
2308401,Missão Velha,CE,2013,1,0.0,0.0,,,,,True,inpe_bdq_legacy,False
2308401,Missão Velha,CE,2013,2,0.0,0.0,,,,,True,inpe_bdq_legacy,False
2308401,Missão Velha,CE,2013,3,0.0,0.0,,,,,True,inpe_bdq_legacy,False
2308401,Missão Velha,CE,2013,4,0.0,0.0,,,,,True,inpe_bdq_legacy,False
2308401,Missão Velha,CE,2013,5,0.0,0.0,,,,,True,inpe_bdq_legacy,False
2308401,Missão Velha,CE,2013,6,0.0,0.0,,,,,True,inpe_bdq_legacy,False
2308401,Missão Velha,CE,2013,7,0.0,0.0,,,,,True,inpe_bdq_legacy,False
2308401,Missão Velha,CE,2013,8,0.0,0.0,,,,,True,inpe_bdq_legacy,False
2308401,Missão Velha,CE,2013,9,6.0,271.6,45.26666666666667,91.4,,,False,inpe_bdq_legacy,False
2308401,Missão Velha,CE,2013,10,0.0,0.0,,,,,True,inpe_bdq_legacy,False
2308401,Missão Velha,CE,2013,11,5.0,349.5,69.9,179.1,,,False,inpe_bdq_legacy,False
2308401,Missão Velha,CE,2013,12,1.0,11.8,11.8,11.8,,,False,inpe_bdq_legacy,False
2308401,Missão Velha,CE,2014,1,1.0,10.1,10.1,10.1,0.4,14.0,False,inpe_bdq_legacy,False
2308401,Missão Velha,CE,2014,2,1.0,10.5,10.5,10.5,0.1,2.0,False,inpe_bdq_legacy,False
2308401,Missão Velha,CE,2014,3,0.0,0.0,,,,,True,inpe_bdq_legacy,False
2308401,Missão Velha,CE,2014,4,0.0,0.0,,,,,True,inpe_bdq_legacy,False
2308401,Missão Velha,CE,2014,5,0.0,0.0,,,,,True,inpe_bdq_legacy,False
2308401,Missão Velha,CE,2014,6,0.0,0.0,,,,,True,inpe_bdq_legacy,False
2308401,Missão Velha,CE,2014,7,0.0,0.0,,,,,True,inpe_bdq_legacy,False
2308401,Missão Velha,CE,2014,8,0.0,0.0,,,,,True,inpe_bdq_legacy,False
2308401,Missão Velha,CE,2014,9,6.0,430.2,71.7,119.9,-165.66666666666666,0.6666666666666666,False,inpe_bdq_legacy,False
2308401,Missão Velha,CE,2014,10,0.0,0.0,,,,,True,inpe_bdq_legacy,False
2308401,Missão Velha,CE,2014,11,2.0,33.7,16.85,19.7,0.75,11.5,False,inpe_bdq_legacy,False
2308401,Missão Velha,CE,2014,12,6.0,120.3,20.05,42.4,0.6166666666666667,7.833333333333333,False,inpe_bdq_legacy,False
2308401,Missão Velha,CE,2015,1,0.0,0.0,,,,,True,inpe_bdq_legacy,False
2308401,Missão Velha,CE,2015,2,1.0,15.6,15.6,15.6,0.8,1.0,False,inpe_bdq_legacy,False
2308401,Missão Velha,CE,2015,3,4.0,106.4,26.6,36.2,0.3,1.0,False,inpe_bdq_legacy,False
2308401,Missão Velha,CE,2015,4,0.0,0.0,,,,,True,inpe_bdq_legacy,False
2308401,Missão Velha,CE,2015,5,0.0,0.0,,,,,True,inpe_bdq_legacy,False
2308401,Missão Velha,CE,2015,6,0.0,0.0,,,,,True,inpe_bdq_legacy,False
2308401,Missão Velha,CE,2015,7,1.0,46.5,46.5,46.5,0.8,10.0,False,inpe_bdq_legacy,False
2308401,Missão Velha,CE,2015,8,0.0,0.0,,,,,True,inpe_bdq_legacy,False
2308401,Missão Velha,CE,2015,9,1.0,24.6,24.6,24.6,1.0,36.0,False,inpe_bdq_legacy,False
2308401,Missão Velha,CE,2015,10,2.0,57.0,28.5,30.0,1.0,20.0,False,inpe_bdq_legacy,False
2308401,Missão Velha,CE,2015,11,6.0,376.7,62.78333333333333,101.0,1.0,14.166666666666666,False,inpe_bdq_legacy,False
2308401,Missão Velha,CE,2015,12,5.0,187.5,37.5,70.7,1.0,30.4,False,inpe_bdq_legacy,False
2308401,Missão Velha,CE,2016,1,4.0,52.6,13.15,19.4,0.6499999999999999,2.0,False,inpe_bdq_legacy,False
2308401,Missão Velha,CE,2016,2,0.0,0.0,,,,,True,inpe_bdq_legacy,False
2308401,Missão Velha,CE,2016,3,0.0,0.0,,,,,True,inpe_bdq_legacy,False
2308401,Missão Velha,CE,2016,4,1.0,21.0,21.0,21.0,1.0,6.0,False,inpe_bdq_legacy,False
2308401,Missão Velha,CE,2016,5,0.0,0.0,,,,,True,inpe_bdq_legacy,False
2308401,Missão Velha,CE,2016,6,0.0,0.0,,,,,True,inpe_bdq_legacy,False
2308401,Missão Velha,CE,2016,7,0.0,0.0,,,,,True,inpe_bdq_legacy,False
2308401,Missão Velha,CE,2016,8,3.0,30.8,10.266666666666667,14.4,-332.3333333333333,18.0,False,inpe_bdq_legacy,False
2308401,Missão Velha,CE,2016,9,2.0,28.6,14.3,19.3,1.0,51.0,False,inpe_bdq_legacy,False
2308401,Missão Velha,CE,2016,10,15.0,1423.3,94.88666666666667,479.9,1.0,60.86666666666667,False,inpe_bdq_legacy,False
2308401,Missão Velha,CE,2016,11,10.0,488.8,48.88,227.5,1.0,19.7,False,inpe_bdq_legacy,False
2308401,Missão Velha,CE,2016,12,9.0,346.3,38.47777777777778,66.4,0.6000000000000001,2.2222222222222223,False,inpe_bdq_legacy,False
2308401,Missão Velha,CE,2017,1,0.0,0.0,,,,,True,inpe_bdq_legacy,False
2308401,Missão Velha,CE,2017,2,0.0,0.0,,,,,True,inpe_bdq_legacy,False
2308401,Missão Velha,CE,2017,3,0.0,0.0,,,,,True,inpe_bdq_legacy,False
2308401,Missão Velha,CE,2017,4,2.0,50.0,25.0,26.7,0.8,0.0,False,inpe_bdq_legacy,False
2308401,Missão Velha,CE,2017,5,0.0,0.0,,,,,True,inpe_bdq_legacy,False
2308401,Missão Velha,CE,2017,6,0.0,0.0,,,,,True,inpe_bdq_legacy,False
2308401,Missão Velha,CE,2017,7,0.0,0.0,,,,,True,inpe_bdq_legacy,False
2308401,Missão Velha,CE,2017,8,2.0,60.3,30.15,50.5,1.0,0.0,False,inpe_bdq_legacy,False
2308401,Missão Velha,CE,2017,9,0.0,0.0,,,,,True,inpe_bdq_legacy,False
2308401,Missão Velha,CE,2017,10,0.0,0.0,,,,,True,inpe_bdq_legacy,False
2308401,Missão Velha,CE,2017,11,9.0,201.4,22.37777777777778,57.2,1.0,0.0,False,inpe_bdq_legacy,False
2308401,Missão Velha,CE,2017,12,13.0,568.7,43.74615384615385,124.4,1.0,0.0,False,inpe_bdq_legacy,False
2308401,Missão Velha,CE,2018,1,1.0,13.6,13.6,13.6,0.0,0.0,False,inpe_bdq_legacy,False
2308401,Missão Velha,CE,2018,2,0.0,0.0,,,,,True,inpe_bdq_legacy,False
2308401,Missão Velha,CE,2018,3,0.0,0.0,,,,,True,inpe_bdq_legacy,False
2308401,Missão Velha,CE,2018,4,0.0,0.0,,,,,True,inpe_bdq_legacy,False
2308401,Missão Velha,CE,2018,5,0.0,0.0,,,,,True,inpe_bdq_legacy,False
2308401,Missão Velha,CE,2018,6,0.0,0.0,,,,,True,inpe_bdq_legacy,False
2308401,Missão Velha,CE,2018,7,0.0,0.0,,,,,True,inpe_bdq_legacy,False
2308401,Missão Velha,CE,2018,8,0.0,0.0,,,,,True,inpe_bdq_legacy,False
2308401,Missão Velha,CE,2018,9,2.0,201.9,100.95,118.5,1.0,85.0,False,inpe_bdq_legacy,False
2308401,Missão Velha,CE,2018,10,8.0,326.8,40.85,113.7,1.0,39.875,False,inpe_bdq_legacy,False
2308401,Missão Velha,CE,2018,11,4.0,205.70000000000002,51.425000000000004,115.5,1.0,14.0,False,inpe_bdq_legacy,False
2308401,Missão Velha,CE,2018,12,0.0,0.0,,,,,True,inpe_bdq_legacy,False
2308401,Missão Velha,CE,2019,1,0.0,0.0,,,,,True,inpe_bdq_legacy,False
2308401,Missão Velha,CE,2019,2,0.0,0.0,,,,,True,inpe_bdq_legacy,False
2308401,Missão Velha,CE,2019,3,1.0,12.7,12.7,12.7,0.1,0.0,False,inpe_bdq_legacy,False
2308401,Missão Velha,CE,2019,4,0.0,0.0,,,,,True,inpe_bdq_legacy,False
2308401,Missão Velha,CE,2019,5,0.0,0.0,,,,,True,inpe_bdq_legacy,False
2308401,Missão Velha,CE,2019,6,0.0,0.0,,,,,True,inpe_bdq_legacy,False
2308401,Missão Velha,CE,2019,7,0.0,0.0,,,,,True,inpe_bdq_legacy,False
2308401,Missão Velha,CE,2019,8,3.0,54.4,18.133333333333333,32.4,1.0,58.333333333333336,False,inpe_bdq_legacy,False
2308401,Missão Velha,CE,2019,9,8.0,177.9,22.2375,42.5,1.0,79.875,False,inpe_bdq_legacy,False
2308401,Missão Velha,CE,2019,10,6.0,269.8,44.96666666666667,100.2,1.0,29.333333333333332,False,inpe_bdq_legacy,False
2308401,Missão Velha,CE,2019,11,4.0,675.4,168.85,301.2,1.0,22.75,False,inpe_bdq_legacy,False
2308401,Missão Velha,CE,2019,12,10.0,373.7,37.37,106.4,0.8099999999999999,6.3,False,inpe_bdq_legacy,False
2308401,Missão Velha,CE,2020,1,0.0,0.0,,,,,True,inpe_bdq_legacy,False
2308401,Missão Velha,CE,2020,2,0.0,0.0,,,,,True,inpe_bdq_legacy,False
2308401,Missão Velha,CE,2020,3,0.0,0.0,,,,,True,inpe_bdq_legacy,False
2308401,Missão Velha,CE,2020,4,0.0,0.0,,,,,True,inpe_bdq_legacy,False
2308401,Missão Velha,CE,2020,5,0.0,0.0,,,,,True,inpe_bdq_legacy,False
2308401,Missão Velha,CE,2020,6,0.0,0.0,,,,,True,inpe_bdq_legacy,False
2308401,Missão Velha,CE,2020,7,0.0,0.0,,,,,True,inpe_bdq_legacy,False
2308401,Missão Velha,CE,2020,8,0.0,0.0,,,,,True,inpe_bdq_legacy,False
2308401,Missão Velha,CE,2020,9,5.0,168.8,33.760000000000005,73.3,0.9199999999999999,70.4,False,inpe_bdq_legacy,False
2308401,Missão Velha,CE,2020,10,6.0,577.7,96.28333333333335,190.8,1.0,19.5,False,inpe_bdq_legacy,False
2308401,Missão Velha,CE,2020,11,7.0,242.5,34.642857142857146,55.6,0.7571428571428571,1.8571428571428572,False,inpe_bdq_legacy,False
2308401,Missão Velha,CE,2020,12,3.0,123.9,41.300000000000004,52.5,0.8666666666666667,2.6666666666666665,False,inpe_bdq_legacy,False
2308401,Missão Velha,CE,2021,1,2.0,33.7,16.85,24.3,0.85,5.0,False,inpe_bdq_legacy,False
2308401,Missão Velha,CE,2021,2,0.0,0.0,,,,,True,inpe_bdq_legacy,False
2308401,Missão Velha,CE,2021,3,1.0,7.0,7.0,7.0,0.0,2.0,False,inpe_bdq_legacy,False
2308401,Missão Velha,CE,2021,4,0.0,0.0,,,,,True,inpe_bdq_legacy,False
2308401,Missão Velha,CE,2021,5,0.0,0.0,,,,,True,inpe_bdq_legacy,False
2308401,Missão Velha,CE,2021,6,0.0,0.0,,,,,True,inpe_bdq_legacy,False
2308401,Missão Velha,CE,2021,7,0.0,0.0,,,,,True,inpe_bdq_legacy,False
2308401,Missão Velha,CE,2021,8,1.0,9.1,9.1,9.1,1.0,41.0,False,inpe_bdq_legacy,False
2308401,Missão Velha,CE,2021,9,1.0,16.7,16.7,16.7,1.0,2.0,False,inpe_bdq_legacy,False
2308401,Missão Velha,CE,2021,10,4.0,246.0,61.5,94.9,1.0,5.0,False,inpe_bdq_legacy,False
2308401,Missão Velha,CE,2021,11,11.0,380.3,34.57272727272727,82.6,0.6181818181818182,2.1818181818181817,False,inpe_bdq_legacy,False
2308401,Missão Velha,CE,2021,12,4.0,125.89999999999999,31.474999999999998,80.5,0.2,1.25,False,inpe_bdq_legacy,False
2308401,Missão Velha,CE,2022,1,0.0,0.0,,,,,True,inpe_bdq_legacy,False
2308401,Missão Velha,CE,2022,2,0.0,0.0,,,,,True,inpe_bdq_legacy,False
2308401,Missão Velha,CE,2022,3,0.0,0.0,,,,,True,inpe_bdq_legacy,False
2308401,Missão Velha,CE,2022,4,0.0,0.0,,,,,True,inpe_bdq_legacy,False
2308401,Missão Velha,CE,2022,5,0.0,0.0,,,,,True,inpe_bdq_legacy,False
2308401,Missão Velha,CE,2022,6,0.0,0.0,,,,,True,inpe_bdq_legacy,False
2308401,Missão Velha,CE,2022,7,0.0,0.0,,,,,True,inpe_bdq_legacy,False
2308401,Missão Velha,CE,2022,8,3.0,40.6,13.533333333333333,15.6,1.0,47.333333333333336,False,inpe_bdq_legacy,False
2308401,Missão Velha,CE,2022,9,4.0,130.1,32.525,40.8,-249.0,6.5,False,inpe_bdq_legacy,False
2308401,Missão Velha,CE,2022,10,5.0,569.3000000000001,113.86000000000001,396.0,1.0,9.0,False,inpe_bdq_legacy,False
2308401,Missão Velha,CE,2022,11,15.0,246.0,16.4,35.3,0.21266666666666667,3.066666666666667,False,inpe_bdq_legacy,False
2308401,Missão Velha,CE,2022,12,3.0,163.79999999999998,54.599999999999994,90.1,0.4833333333333334,5.666666666666667,False,inpe_bdq_legacy,False
2308401,Missão Velha,CE,2023,1,1.0,11.5,11.5,11.5,0.02,2.0,False,inpe_bdq_legacy,False
2308401,Missão Velha,CE,2023,2,2.0,37.8,18.9,19.7,0.19,2.0,False,inpe_bdq_legacy,False
2308401,Missão Velha,CE,2023,3,0.0,0.0,,,,,True,inpe_bdq_legacy,False
2308401,Missão Velha,CE,2023,4,0.0,0.0,,,,,True,inpe_bdq_legacy,False
2308401,Missão Velha,CE,2023,5,1.0,14.1,14.1,14.1,0.41,8.0,False,inpe_bdq_legacy,False
2308401,Missão Velha,CE,2023,6,0.0,0.0,,,,,True,inpe_bdq_legacy,False
2308401,Missão Velha,CE,2023,7,1.0,25.9,25.9,25.9,1.0,39.0,False,inpe_bdq_legacy,False
2308401,Missão Velha,CE,2023,8,3.0,107.0,35.666666666666664,48.5,1.0,55.333333333333336,False,inpe_bdq_legacy,False
2308401,Missão Velha,CE,2023,9,3.0,44.900000000000006,14.966666666666669,20.3,0.81,15.333333333333334,False,inpe_bdq_legacy,False
2308401,Missão Velha,CE,2023,10,30.0,1564.8,52.16,327.3,1.0,33.833333333333336,False,inpe_bdq_legacy,False
2308401,Missão Velha,CE,2023,11,8.0,232.29999999999998,29.037499999999998,60.0,0.6975,13.875,False,inpe_bdq_legacy,False
2308401,Missão Velha,CE,2023,12,10.0,358.7,35.87,109.0,0.53,2.4,False,inpe_bdq_legacy,False
2308401,Missão Velha,CE,2024,1,5.0,113.2,22.64,32.5,0.622,4.6,False,inpe_bdq_legacy,False
2308401,Missão Velha,CE,2024,2,1.0,24.0,24.0,24.0,0.58,2.0,False,inpe_bdq_legacy,False
2308401,Missão Velha,CE,2024,3,0.0,0.0,,,,,True,inpe_bdq_legacy,False
2308401,Missão Velha,CE,2024,4,0.0,0.0,,,,,True,inpe_bdq_legacy,False
2308401,Missão Velha,CE,2024,5,3.0,24.799999999999997,8.266666666666666,11.1,0.17333333333333334,12.0,False,inpe_bdq_legacy,False
2308401,Missão Velha,CE,2024,6,1.0,5.5,5.5,5.5,0.94,14.0,False,inpe_bdq_legacy,False
2308401,Missão Velha,CE,2024,7,0.0,0.0,,,,,True,inpe_bdq_legacy,False
2308401,Missão Velha,CE,2024,8,6.0,264.7,44.11666666666667,95.1,1.0,44.0,False,inpe_bdq_legacy,False
2308401,Missão Velha,CE,2024,9,3.0,112.7,37.56666666666667,61.5,1.0,68.0,False,inpe_bdq_legacy,False
2308401,Missão Velha,CE,2024,10,12.0,681.4,56.78333333333333,180.2,0.9908333333333333,25.833333333333332,False,inpe_bdq_legacy,False
2308401,Missão Velha,CE,2024,11,19.0,922.7,48.56315789473685,144.3,0.996842105263158,6.2631578947368425,False,inpe_bdq_legacy,False
2308401,Missão Velha,CE,2024,12,10.0,273.0,27.3,65.5,0.664,2.0,False,inpe_bdq_legacy,False
2308401,Missão Velha,CE,2025,1,0.0,0.0,,,,,True,inpe_bdq_legacy,False
2308401,Missão Velha,CE,2025,2,0.0,0.0,,,,,True,inpe_bdq_legacy,False
2308401,Missão Velha,CE,2025,3,2.0,39.1,19.55,20.0,0.16,1.0,False,inpe_bdq_legacy,False
2308401,Missão Velha,CE,2025,4,0.0,0.0,,,,,True,inpe_bdq_legacy,False
2308401,Missão Velha,CE,2025,5,0.0,0.0,,,,,True,inpe_bdq_legacy,False
2308401,Missão Velha,CE,2025,6,0.0,0.0,,,,,True,inpe_bdq_legacy,False
2308401,Missão Velha,CE,2025,7,0.0,0.0,,,,,True,inpe_bdq_legacy,False
2308401,Missão Velha,CE,2025,8,0.0,0.0,,,,,True,inpe_bdq_legacy,False
2308401,Missão Velha,CE,2025,9,5.0,131.3,26.26,54.6,1.0,27.4,False,inpe_bdq_legacy,False
2308401,Missão Velha,CE,2025,10,9.0,272.1,30.233333333333334,92.5,1.0,14.333333333333334,False,inpe_bdq_legacy,False
2308401,Missão Velha,CE,2025,11,25.0,1108.7,44.348,240.4,0.912,11.12,False,inpe_bdq_legacy,False
2308401,Missão Velha,CE,2025,12,9.0,320.1,35.56666666666667,79.2,1.0,5.888888888888889,False,inpe_bdq_legacy,False
2308401,Missão Velha,CE,2026,1,1.0,11.3,11.3,11.3,1.0,8.0,False,inpe_bdq_legacy,False
2308708,Morada Nova,CE,2003,1,4.0,88.9,22.225,41.1,,,False,inpe_bdq_aqua_ref,False
2308708,Morada Nova,CE,2003,2,0.0,0.0,,,,,True,inpe_bdq_aqua_ref,False
2308708,Morada Nova,CE,2003,3,0.0,0.0,,,,,True,inpe_bdq_aqua_ref,False
2308708,Morada Nova,CE,2003,4,0.0,0.0,,,,,True,inpe_bdq_aqua_ref,False
2308708,Morada Nova,CE,2003,5,0.0,0.0,,,,,True,inpe_bdq_aqua_ref,False
2308708,Morada Nova,CE,2003,6,0.0,0.0,,,,,True,inpe_bdq_aqua_ref,False
2308708,Morada Nova,CE,2003,7,1.0,10.8,10.8,10.8,,,False,inpe_bdq_aqua_ref,False
2308708,Morada Nova,CE,2003,8,0.0,0.0,,,,,True,inpe_bdq_aqua_ref,False
2308708,Morada Nova,CE,2003,9,3.0,109.7,36.56666666666667,62.2,,,False,inpe_bdq_aqua_ref,False
2308708,Morada Nova,CE,2003,10,13.0,770.4,59.26153846153846,274.9,,,False,inpe_bdq_aqua_ref,False
2308708,Morada Nova,CE,2003,11,21.0,1231.6000000000001,58.64761904761905,245.0,,,False,inpe_bdq_aqua_ref,False
2308708,Morada Nova,CE,2003,12,8.0,309.7,38.7125,95.7,,,False,inpe_bdq_aqua_ref,False
2308708,Morada Nova,CE,2004,1,2.0,66.8,33.4,34.0,,,False,inpe_bdq_aqua_ref,False
2308708,Morada Nova,CE,2004,2,0.0,0.0,,,,,True,inpe_bdq_aqua_ref,False
2308708,Morada Nova,CE,2004,3,0.0,0.0,,,,,True,inpe_bdq_aqua_ref,False
2308708,Morada Nova,CE,2004,4,0.0,0.0,,,,,True,inpe_bdq_aqua_ref,False
2308708,Morada Nova,CE,2004,5,0.0,0.0,,,,,True,inpe_bdq_aqua_ref,False
2308708,Morada Nova,CE,2004,6,0.0,0.0,,,,,True,inpe_bdq_aqua_ref,False
2308708,Morada Nova,CE,2004,7,0.0,0.0,,,,,True,inpe_bdq_aqua_ref,False
2308708,Morada Nova,CE,2004,8,1.0,15.2,15.2,15.2,,,False,inpe_bdq_aqua_ref,False
2308708,Morada Nova,CE,2004,9,1.0,38.3,38.3,38.3,,,False,inpe_bdq_aqua_ref,False
2308708,Morada Nova,CE,2004,10,13.0,1346.8,103.6,267.9,,,False,inpe_bdq_aqua_ref,False
2308708,Morada Nova,CE,2004,11,7.0,256.1,36.58571428571429,73.8,,,False,inpe_bdq_aqua_ref,False
2308708,Morada Nova,CE,2004,12,17.0,631.1,37.12352941176471,81.6,,,False,inpe_bdq_aqua_ref,False
2308708,Morada Nova,CE,2005,1,2.0,38.3,19.15,19.4,,,False,inpe_bdq_aqua_ref,False
2308708,Morada Nova,CE,2005,2,0.0,0.0,,,,,True,inpe_bdq_aqua_ref,False
2308708,Morada Nova,CE,2005,3,0.0,0.0,,,,,True,inpe_bdq_aqua_ref,False
2308708,Morada Nova,CE,2005,4,0.0,0.0,,,,,True,inpe_bdq_aqua_ref,False
2308708,Morada Nova,CE,2005,5,0.0,0.0,,,,,True,inpe_bdq_aqua_ref,False
2308708,Morada Nova,CE,2005,6,0.0,0.0,,,,,True,inpe_bdq_aqua_ref,False
2308708,Morada Nova,CE,2005,7,0.0,0.0,,,,,True,inpe_bdq_aqua_ref,False
2308708,Morada Nova,CE,2005,8,0.0,0.0,,,,,True,inpe_bdq_aqua_ref,False
2308708,Morada Nova,CE,2005,9,1.0,8.2,8.2,8.2,,,False,inpe_bdq_aqua_ref,False
2308708,Morada Nova,CE,2005,10,7.0,161.4,23.057142857142857,65.3,,,False,inpe_bdq_aqua_ref,False
2308708,Morada Nova,CE,2005,11,13.0,834.2,64.16923076923078,150.6,,,False,inpe_bdq_aqua_ref,False
2308708,Morada Nova,CE,2005,12,11.0,611.4,55.58181818181818,127.7,,,False,inpe_bdq_aqua_ref,False
2308708,Morada Nova,CE,2006,1,0.0,0.0,,,,,True,inpe_bdq_aqua_ref,False
2308708,Morada Nova,CE,2006,2,1.0,32.9,32.9,32.9,,,False,inpe_bdq_aqua_ref,False
2308708,Morada Nova,CE,2006,3,1.0,30.3,30.3,30.3,,,False,inpe_bdq_aqua_ref,False
2308708,Morada Nova,CE,2006,4,0.0,0.0,,,,,True,inpe_bdq_aqua_ref,False
2308708,Morada Nova,CE,2006,5,0.0,0.0,,,,,True,inpe_bdq_aqua_ref,False
2308708,Morada Nova,CE,2006,6,0.0,0.0,,,,,True,inpe_bdq_aqua_ref,False
2308708,Morada Nova,CE,2006,7,0.0,0.0,,,,,True,inpe_bdq_aqua_ref,False
2308708,Morada Nova,CE,2006,8,2.0,42.599999999999994,21.299999999999997,34.3,,,False,inpe_bdq_aqua_ref,False
2308708,Morada Nova,CE,2006,9,5.0,100.3,20.06,29.2,,,False,inpe_bdq_aqua_ref,False
2308708,Morada Nova,CE,2006,10,7.0,242.5,34.642857142857146,67.4,,,False,inpe_bdq_aqua_ref,False
2308708,Morada Nova,CE,2006,11,3.0,336.3,112.10000000000001,288.7,,,False,inpe_bdq_aqua_ref,False
2308708,Morada Nova,CE,2006,12,5.0,148.9,29.78,92.0,,,False,inpe_bdq_aqua_ref,False
2308708,Morada Nova,CE,2007,1,4.0,64.7,16.175,20.1,,,False,inpe_bdq_aqua_ref,False
2308708,Morada Nova,CE,2007,2,0.0,0.0,,,,,True,inpe_bdq_aqua_ref,False
2308708,Morada Nova,CE,2007,3,0.0,0.0,,,,,True,inpe_bdq_aqua_ref,False
2308708,Morada Nova,CE,2007,4,0.0,0.0,,,,,True,inpe_bdq_aqua_ref,False
2308708,Morada Nova,CE,2007,5,0.0,0.0,,,,,True,inpe_bdq_aqua_ref,False
2308708,Morada Nova,CE,2007,6,0.0,0.0,,,,,True,inpe_bdq_aqua_ref,False
2308708,Morada Nova,CE,2007,7,0.0,0.0,,,,,True,inpe_bdq_aqua_ref,False
2308708,Morada Nova,CE,2007,8,3.0,258.29999999999995,86.09999999999998,128.2,,,False,inpe_bdq_aqua_ref,False
2308708,Morada Nova,CE,2007,9,0.0,0.0,,,,,True,inpe_bdq_aqua_ref,False
2308708,Morada Nova,CE,2007,10,6.0,327.5,54.583333333333336,99.2,,,False,inpe_bdq_aqua_ref,False
2308708,Morada Nova,CE,2007,11,8.0,505.4,63.175,107.7,,,False,inpe_bdq_aqua_ref,False
2308708,Morada Nova,CE,2007,12,9.0,520.4,57.82222222222222,116.6,,,False,inpe_bdq_aqua_ref,False
2308708,Morada Nova,CE,2008,1,1.0,24.9,24.9,24.9,,,False,inpe_bdq_aqua_ref,False
2308708,Morada Nova,CE,2008,2,1.0,22.9,22.9,22.9,,,False,inpe_bdq_aqua_ref,False
2308708,Morada Nova,CE,2008,3,0.0,0.0,,,,,True,inpe_bdq_aqua_ref,False
2308708,Morada Nova,CE,2008,4,0.0,0.0,,,,,True,inpe_bdq_aqua_ref,False
2308708,Morada Nova,CE,2008,5,0.0,0.0,,,,,True,inpe_bdq_aqua_ref,False
2308708,Morada Nova,CE,2008,6,2.0,28.1,14.05,14.2,,,False,inpe_bdq_aqua_ref,False
2308708,Morada Nova,CE,2008,7,0.0,0.0,,,,,True,inpe_bdq_aqua_ref,False
2308708,Morada Nova,CE,2008,8,0.0,0.0,,,,,True,inpe_bdq_aqua_ref,False
2308708,Morada Nova,CE,2008,9,0.0,0.0,,,,,True,inpe_bdq_aqua_ref,False
2308708,Morada Nova,CE,2008,10,1.0,14.0,14.0,14.0,,,False,inpe_bdq_aqua_ref,False
2308708,Morada Nova,CE,2008,11,2.0,25.7,12.85,21.5,,,False,inpe_bdq_aqua_ref,False
2308708,Morada Nova,CE,2008,12,11.0,426.09999999999997,38.736363636363635,100.1,,,False,inpe_bdq_aqua_ref,False
2308708,Morada Nova,CE,2009,1,3.0,63.0,21.0,34.4,,,False,inpe_bdq_aqua_ref,False
2308708,Morada Nova,CE,2009,2,0.0,0.0,,,,,True,inpe_bdq_aqua_ref,False
2308708,Morada Nova,CE,2009,3,0.0,0.0,,,,,True,inpe_bdq_aqua_ref,False
2308708,Morada Nova,CE,2009,4,0.0,0.0,,,,,True,inpe_bdq_aqua_ref,False
2308708,Morada Nova,CE,2009,5,0.0,0.0,,,,,True,inpe_bdq_aqua_ref,False
2308708,Morada Nova,CE,2009,6,0.0,0.0,,,,,True,inpe_bdq_aqua_ref,False
2308708,Morada Nova,CE,2009,7,0.0,0.0,,,,,True,inpe_bdq_aqua_ref,False
2308708,Morada Nova,CE,2009,8,0.0,0.0,,,,,True,inpe_bdq_aqua_ref,False
2308708,Morada Nova,CE,2009,9,1.0,33.4,33.4,33.4,,,False,inpe_bdq_aqua_ref,False
2308708,Morada Nova,CE,2009,10,10.0,522.5,52.25,90.9,,,False,inpe_bdq_aqua_ref,False
2308708,Morada Nova,CE,2009,11,19.0,1779.7,93.66842105263159,302.2,,,False,inpe_bdq_aqua_ref,False
2308708,Morada Nova,CE,2009,12,10.0,400.3,40.03,88.3,,,False,inpe_bdq_aqua_ref,False
2308708,Morada Nova,CE,2010,1,0.0,0.0,,,,,True,inpe_bdq_aqua_ref,False
2308708,Morada Nova,CE,2010,2,1.0,21.7,21.7,21.7,,,False,inpe_bdq_aqua_ref,False
2308708,Morada Nova,CE,2010,3,0.0,0.0,,,,,True,inpe_bdq_aqua_ref,False
2308708,Morada Nova,CE,2010,4,0.0,0.0,,,,,True,inpe_bdq_aqua_ref,False
2308708,Morada Nova,CE,2010,5,0.0,0.0,,,,,True,inpe_bdq_aqua_ref,False
2308708,Morada Nova,CE,2010,6,0.0,0.0,,,,,True,inpe_bdq_aqua_ref,False
2308708,Morada Nova,CE,2010,7,0.0,0.0,,,,,True,inpe_bdq_aqua_ref,False
2308708,Morada Nova,CE,2010,8,1.0,14.5,14.5,14.5,,,False,inpe_bdq_aqua_ref,False
2308708,Morada Nova,CE,2010,9,3.0,47.599999999999994,15.866666666666665,17.5,,,False,inpe_bdq_aqua_ref,False
2308708,Morada Nova,CE,2010,10,4.0,134.6,33.65,78.3,,,False,inpe_bdq_aqua_ref,False
2308708,Morada Nova,CE,2010,11,6.0,183.8,30.633333333333336,72.3,,,False,inpe_bdq_aqua_ref,False
2308708,Morada Nova,CE,2010,12,0.0,0.0,,,,,True,inpe_bdq_aqua_ref,False
2308708,Morada Nova,CE,2011,1,0.0,0.0,,,,,True,inpe_bdq_aqua_ref,False
2308708,Morada Nova,CE,2011,2,0.0,0.0,,,,,True,inpe_bdq_aqua_ref,False
2308708,Morada Nova,CE,2011,3,0.0,0.0,,,,,True,inpe_bdq_aqua_ref,False
2308708,Morada Nova,CE,2011,4,0.0,0.0,,,,,True,inpe_bdq_aqua_ref,False
2308708,Morada Nova,CE,2011,5,0.0,0.0,,,,,True,inpe_bdq_aqua_ref,False
2308708,Morada Nova,CE,2011,6,0.0,0.0,,,,,True,inpe_bdq_aqua_ref,False
2308708,Morada Nova,CE,2011,7,0.0,0.0,,,,,True,inpe_bdq_aqua_ref,False
2308708,Morada Nova,CE,2011,8,0.0,0.0,,,,,True,inpe_bdq_aqua_ref,False
2308708,Morada Nova,CE,2011,9,3.0,183.9,61.300000000000004,86.1,,,False,inpe_bdq_aqua_ref,False
2308708,Morada Nova,CE,2011,10,18.0,1805.5,100.30555555555556,467.2,,,False,inpe_bdq_aqua_ref,False
2308708,Morada Nova,CE,2011,11,7.0,167.4,23.914285714285715,40.5,,,False,inpe_bdq_aqua_ref,False
2308708,Morada Nova,CE,2011,12,3.0,131.79999999999998,43.93333333333333,68.6,,,False,inpe_bdq_aqua_ref,False
2308708,Morada Nova,CE,2012,1,1.0,60.1,60.1,60.1,,,False,inpe_bdq_aqua_ref,False
2308708,Morada Nova,CE,2012,2,2.0,21.7,10.85,11.2,,,False,inpe_bdq_aqua_ref,False
2308708,Morada Nova,CE,2012,3,1.0,10.1,10.1,10.1,,,False,inpe_bdq_aqua_ref,False
2308708,Morada Nova,CE,2012,4,0.0,0.0,,,,,True,inpe_bdq_aqua_ref,False
2308708,Morada Nova,CE,2012,5,1.0,16.2,16.2,16.2,,,False,inpe_bdq_aqua_ref,False
2308708,Morada Nova,CE,2012,6,0.0,0.0,,,,,True,inpe_bdq_aqua_ref,False
2308708,Morada Nova,CE,2012,7,0.0,0.0,,,,,True,inpe_bdq_aqua_ref,False
2308708,Morada Nova,CE,2012,8,1.0,13.3,13.3,13.3,,,False,inpe_bdq_aqua_ref,False
2308708,Morada Nova,CE,2012,9,0.0,0.0,,,,,True,inpe_bdq_aqua_ref,False
2308708,Morada Nova,CE,2012,10,0.0,0.0,,,,,True,inpe_bdq_aqua_ref,False
2308708,Morada Nova,CE,2012,11,0.0,0.0,,,,,True,inpe_bdq_aqua_ref,False
2308708,Morada Nova,CE,2012,12,2.0,67.7,33.85,41.4,,,False,inpe_bdq_aqua_ref,False
2308708,Morada Nova,CE,2013,1,0.0,0.0,,,,,True,inpe_bdq_aqua_ref,False
2308708,Morada Nova,CE,2013,2,0.0,0.0,,,,,True,inpe_bdq_aqua_ref,False
2308708,Morada Nova,CE,2013,3,0.0,0.0,,,,,True,inpe_bdq_aqua_ref,False
2308708,Morada Nova,CE,2013,4,0.0,0.0,,,,,True,inpe_bdq_aqua_ref,False
2308708,Morada Nova,CE,2013,5,0.0,0.0,,,,,True,inpe_bdq_aqua_ref,False
2308708,Morada Nova,CE,2013,6,0.0,0.0,,,,,True,inpe_bdq_aqua_ref,False
2308708,Morada Nova,CE,2013,7,0.0,0.0,,,,,True,inpe_bdq_aqua_ref,False
2308708,Morada Nova,CE,2013,8,0.0,0.0,,,,,True,inpe_bdq_aqua_ref,False
2308708,Morada Nova,CE,2013,9,0.0,0.0,,,,,True,inpe_bdq_aqua_ref,False
2308708,Morada Nova,CE,2013,10,3.0,101.80000000000001,33.93333333333334,44.2,,,False,inpe_bdq_aqua_ref,False
2308708,Morada Nova,CE,2013,11,0.0,0.0,,,,,True,inpe_bdq_aqua_ref,False
2308708,Morada Nova,CE,2013,12,4.0,231.39999999999998,57.849999999999994,108.0,,,False,inpe_bdq_aqua_ref,False
2308708,Morada Nova,CE,2014,1,0.0,0.0,,,,,True,inpe_bdq_aqua_ref,False
2308708,Morada Nova,CE,2014,2,0.0,0.0,,,,,True,inpe_bdq_aqua_ref,False
2308708,Morada Nova,CE,2014,3,0.0,0.0,,,,,True,inpe_bdq_aqua_ref,False
2308708,Morada Nova,CE,2014,4,0.0,0.0,,,,,True,inpe_bdq_aqua_ref,False
2308708,Morada Nova,CE,2014,5,0.0,0.0,,,,,True,inpe_bdq_aqua_ref,False
2308708,Morada Nova,CE,2014,6,0.0,0.0,,,,,True,inpe_bdq_aqua_ref,False
2308708,Morada Nova,CE,2014,7,0.0,0.0,,,,,True,inpe_bdq_aqua_ref,False
2308708,Morada Nova,CE,2014,8,6.0,313.2,52.199999999999996,100.7,1.0,31.833333333333332,False,inpe_bdq_aqua_ref,False
2308708,Morada Nova,CE,2014,9,1.0,18.1,18.1,18.1,1.0,29.0,False,inpe_bdq_aqua_ref,False
2308708,Morada Nova,CE,2014,10,1.0,12.9,12.9,12.9,1.0,2.0,False,inpe_bdq_aqua_ref,False
2308708,Morada Nova,CE,2014,11,2.0,82.4,41.2,51.2,1.0,9.0,False,inpe_bdq_aqua_ref,False
2308708,Morada Nova,CE,2014,12,1.0,33.8,33.8,33.8,1.0,27.0,False,inpe_bdq_aqua_ref,False
2308708,Morada Nova,CE,2015,1,4.0,86.0,21.5,34.1,1.0,6.75,False,inpe_bdq_aqua_ref,False
2308708,Morada Nova,CE,2015,2,0.0,0.0,,,,,True,inpe_bdq_aqua_ref,False
2308708,Morada Nova,CE,2015,3,0.0,0.0,,,,,True,inpe_bdq_aqua_ref,False
2308708,Morada Nova,CE,2015,4,0.0,0.0,,,,,True,inpe_bdq_aqua_ref,False
2308708,Morada Nova,CE,2015,5,1.0,9.4,9.4,9.4,1.0,5.0,False,inpe_bdq_aqua_ref,False
2308708,Morada Nova,CE,2015,6,0.0,0.0,,,,,True,inpe_bdq_aqua_ref,False
2308708,Morada Nova,CE,2015,7,0.0,0.0,,,,,True,inpe_bdq_aqua_ref,False
2308708,Morada Nova,CE,2015,8,2.0,16.8,8.4,9.5,1.0,17.0,False,inpe_bdq_aqua_ref,False
2308708,Morada Nova,CE,2015,9,2.0,62.300000000000004,31.150000000000002,41.2,1.0,33.0,False,inpe_bdq_aqua_ref,False
2308708,Morada Nova,CE,2015,10,2.0,94.2,47.1,81.9,1.0,55.0,False,inpe_bdq_aqua_ref,False
2308708,Morada Nova,CE,2015,11,1.0,40.1,40.1,40.1,1.0,77.0,False,inpe_bdq_aqua_ref,False
2308708,Morada Nova,CE,2015,12,3.0,70.2,23.400000000000002,31.3,0.9,63.0,False,inpe_bdq_aqua_ref,False
2308708,Morada Nova,CE,2016,1,0.0,0.0,,,,,True,inpe_bdq_aqua_ref,False
2308708,Morada Nova,CE,2016,2,1.0,11.5,11.5,11.5,1.0,2.0,False,inpe_bdq_aqua_ref,False
2308708,Morada Nova,CE,2016,3,0.0,0.0,,,,,True,inpe_bdq_aqua_ref,False
2308708,Morada Nova,CE,2016,4,1.0,8.5,8.5,8.5,1.0,2.0,False,inpe_bdq_aqua_ref,False
2308708,Morada Nova,CE,2016,5,0.0,0.0,,,,,True,inpe_bdq_aqua_ref,False
2308708,Morada Nova,CE,2016,6,0.0,0.0,,,,,True,inpe_bdq_aqua_ref,False
2308708,Morada Nova,CE,2016,7,0.0,0.0,,,,,True,inpe_bdq_aqua_ref,False
2308708,Morada Nova,CE,2016,8,0.0,0.0,,,,,True,inpe_bdq_aqua_ref,False
2308708,Morada Nova,CE,2016,9,2.0,42.5,21.25,25.9,1.0,46.5,False,inpe_bdq_aqua_ref,False
2308708,Morada Nova,CE,2016,10,1.0,24.8,24.8,24.8,1.0,40.0,False,inpe_bdq_aqua_ref,False
2308708,Morada Nova,CE,2016,11,6.0,684.0,114.0,308.1,1.0,82.66666666666667,False,inpe_bdq_aqua_ref,False
2308708,Morada Nova,CE,2016,12,0.0,0.0,,,,,True,inpe_bdq_aqua_ref,False
2308708,Morada Nova,CE,2017,1,1.0,47.6,47.6,47.6,1.0,0.0,False,inpe_bdq_aqua_ref,False
2308708,Morada Nova,CE,2017,2,2.0,95.0,47.5,48.4,1.0,0.0,False,inpe_bdq_aqua_ref,False
2308708,Morada Nova,CE,2017,3,0.0,0.0,,,,,True,inpe_bdq_aqua_ref,False
2308708,Morada Nova,CE,2017,4,0.0,0.0,,,,,True,inpe_bdq_aqua_ref,False
2308708,Morada Nova,CE,2017,5,0.0,0.0,,,,,True,inpe_bdq_aqua_ref,False
2308708,Morada Nova,CE,2017,6,0.0,0.0,,,,,True,inpe_bdq_aqua_ref,False
2308708,Morada Nova,CE,2017,7,0.0,0.0,,,,,True,inpe_bdq_aqua_ref,False
2308708,Morada Nova,CE,2017,8,1.0,10.3,10.3,10.3,1.0,0.0,False,inpe_bdq_aqua_ref,False
2308708,Morada Nova,CE,2017,9,0.0,0.0,,,,,True,inpe_bdq_aqua_ref,False
2308708,Morada Nova,CE,2017,10,1.0,30.4,30.4,30.4,1.0,0.0,False,inpe_bdq_aqua_ref,False
2308708,Morada Nova,CE,2017,11,0.0,0.0,,,,,True,inpe_bdq_aqua_ref,False
2308708,Morada Nova,CE,2017,12,4.0,218.3,54.575,63.4,1.0,0.0,False,inpe_bdq_aqua_ref,False
2308708,Morada Nova,CE,2018,1,2.0,79.1,39.55,61.0,1.0,0.0,False,inpe_bdq_aqua_ref,False
2308708,Morada Nova,CE,2018,2,0.0,0.0,,,,,True,inpe_bdq_aqua_ref,False
2308708,Morada Nova,CE,2018,3,0.0,0.0,,,,,True,inpe_bdq_aqua_ref,False
2308708,Morada Nova,CE,2018,4,0.0,0.0,,,,,True,inpe_bdq_aqua_ref,False
2308708,Morada Nova,CE,2018,5,0.0,0.0,,,,,True,inpe_bdq_aqua_ref,False
2308708,Morada Nova,CE,2018,6,0.0,0.0,,,,,True,inpe_bdq_aqua_ref,False
2308708,Morada Nova,CE,2018,7,0.0,0.0,,,,,True,inpe_bdq_aqua_ref,False
2308708,Morada Nova,CE,2018,8,5.0,97.3,19.46,30.1,1.0,50.2,False,inpe_bdq_aqua_ref,False
2308708,Morada Nova,CE,2018,9,0.0,0.0,,,,,True,inpe_bdq_aqua_ref,False
2308708,Morada Nova,CE,2018,10,1.0,13.2,13.2,13.2,1.0,102.0,False,inpe_bdq_aqua_ref,False
2308708,Morada Nova,CE,2018,11,0.0,0.0,,,,,True,inpe_bdq_aqua_ref,False
2308708,Morada Nova,CE,2018,12,2.0,42.7,21.35,29.4,0.95,2.0,False,inpe_bdq_aqua_ref,False
2308708,Morada Nova,CE,2019,1,4.0,55.900000000000006,13.975000000000001,17.3,0.825,6.0,False,inpe_bdq_aqua_ref,False
2308708,Morada Nova,CE,2019,2,0.0,0.0,,,,,True,inpe_bdq_aqua_ref,False
2308708,Morada Nova,CE,2019,3,0.0,0.0,,,,,True,inpe_bdq_aqua_ref,False
2308708,Morada Nova,CE,2019,4,0.0,0.0,,,,,True,inpe_bdq_aqua_ref,False
2308708,Morada Nova,CE,2019,5,2.0,42.7,21.35,26.7,0.6,2.5,False,inpe_bdq_aqua_ref,False
2308708,Morada Nova,CE,2019,6,1.0,38.1,38.1,38.1,0.9,9.0,False,inpe_bdq_aqua_ref,False
2308708,Morada Nova,CE,2019,7,0.0,0.0,,,,,True,inpe_bdq_aqua_ref,False
2308708,Morada Nova,CE,2019,8,1.0,28.3,28.3,28.3,1.0,54.0,False,inpe_bdq_aqua_ref,False
2308708,Morada Nova,CE,2019,9,2.0,54.7,27.35,43.6,1.0,4.0,False,inpe_bdq_aqua_ref,False
2308708,Morada Nova,CE,2019,10,0.0,0.0,,,,,True,inpe_bdq_aqua_ref,False
2308708,Morada Nova,CE,2019,11,6.0,181.2,30.2,65.6,1.0,118.16666666666667,False,inpe_bdq_aqua_ref,False
2308708,Morada Nova,CE,2019,12,5.0,174.3,34.86,68.6,1.0,63.6,False,inpe_bdq_aqua_ref,False
2308708,Morada Nova,CE,2020,1,1.0,14.7,14.7,14.7,0.3,3.0,False,inpe_bdq_aqua_ref,False
2308708,Morada Nova,CE,2020,2,0.0,0.0,,,,,True,inpe_bdq_aqua_ref,False
2308708,Morada Nova,CE,2020,3,0.0,0.0,,,,,True,inpe_bdq_aqua_ref,False
2308708,Morada Nova,CE,2020,4,0.0,0.0,,,,,True,inpe_bdq_aqua_ref,False
2308708,Morada Nova,CE,2020,5,0.0,0.0,,,,,True,inpe_bdq_aqua_ref,False
2308708,Morada Nova,CE,2020,6,0.0,0.0,,,,,True,inpe_bdq_aqua_ref,False
2308708,Morada Nova,CE,2020,7,0.0,0.0,,,,,True,inpe_bdq_aqua_ref,False
2308708,Morada Nova,CE,2020,8,0.0,0.0,,,,,True,inpe_bdq_aqua_ref,False
2308708,Morada Nova,CE,2020,9,6.0,183.7,30.616666666666664,50.8,1.0,54.166666666666664,False,inpe_bdq_aqua_ref,False
2308708,Morada Nova,CE,2020,10,3.0,200.10000000000002,66.7,118.7,1.0,80.66666666666667,False,inpe_bdq_aqua_ref,False
2308708,Morada Nova,CE,2020,11,0.0,0.0,,,,,True,inpe_bdq_aqua_ref,False
2308708,Morada Nova,CE,2020,12,3.0,121.5,40.5,43.8,1.0,2.0,False,inpe_bdq_aqua_ref,False
2308708,Morada Nova,CE,2021,1,7.0,324.4,46.34285714285714,108.7,1.0,14.714285714285714,False,inpe_bdq_aqua_ref,False
2308708,Morada Nova,CE,2021,2,3.0,36.9,12.299999999999999,13.3,0.9666666666666667,1.3333333333333333,False,inpe_bdq_aqua_ref,False
2308708,Morada Nova,CE,2021,3,0.0,0.0,,,,,True,inpe_bdq_aqua_ref,False
2308708,Morada Nova,CE,2021,4,0.0,0.0,,,,,True,inpe_bdq_aqua_ref,False
2308708,Morada Nova,CE,2021,5,0.0,0.0,,,,,True,inpe_bdq_aqua_ref,False
2308708,Morada Nova,CE,2021,6,0.0,0.0,,,,,True,inpe_bdq_aqua_ref,False
2308708,Morada Nova,CE,2021,7,0.0,0.0,,,,,True,inpe_bdq_aqua_ref,False
2308708,Morada Nova,CE,2021,8,0.0,0.0,,,,,True,inpe_bdq_aqua_ref,False
2308708,Morada Nova,CE,2021,9,0.0,0.0,,,,,True,inpe_bdq_aqua_ref,False
2308708,Morada Nova,CE,2021,10,0.0,0.0,,,,,True,inpe_bdq_aqua_ref,False
2308708,Morada Nova,CE,2021,11,6.0,283.5,47.25,82.1,1.0,22.333333333333332,False,inpe_bdq_aqua_ref,False
2308708,Morada Nova,CE,2021,12,0.0,0.0,,,,,True,inpe_bdq_aqua_ref,False
2308708,Morada Nova,CE,2022,1,0.0,0.0,,,,,True,inpe_bdq_aqua_ref,False
2308708,Morada Nova,CE,2022,2,0.0,0.0,,,,,True,inpe_bdq_aqua_ref,False
2308708,Morada Nova,CE,2022,3,0.0,0.0,,,,,True,inpe_bdq_aqua_ref,False
2308708,Morada Nova,CE,2022,4,0.0,0.0,,,,,True,inpe_bdq_aqua_ref,False
2308708,Morada Nova,CE,2022,5,0.0,0.0,,,,,True,inpe_bdq_aqua_ref,False
2308708,Morada Nova,CE,2022,6,0.0,0.0,,,,,True,inpe_bdq_aqua_ref,False
2308708,Morada Nova,CE,2022,7,0.0,0.0,,,,,True,inpe_bdq_aqua_ref,False
2308708,Morada Nova,CE,2022,8,4.0,224.6,56.15,92.7,1.0,4.5,False,inpe_bdq_aqua_ref,False
2308708,Morada Nova,CE,2022,9,4.0,66.9,16.725,25.0,1.0,22.75,False,inpe_bdq_aqua_ref,False
2308708,Morada Nova,CE,2022,10,3.0,91.60000000000001,30.533333333333335,57.2,1.0,18.0,False,inpe_bdq_aqua_ref,False
2308708,Morada Nova,CE,2022,11,4.0,59.9,14.975,22.3,1.0,12.0,False,inpe_bdq_aqua_ref,False
2308708,Morada Nova,CE,2022,12,0.0,0.0,,,,,True,inpe_bdq_aqua_ref,False
2308708,Morada Nova,CE,2023,1,0.0,0.0,,,,,True,inpe_bdq_aqua_ref,False
2308708,Morada Nova,CE,2023,2,2.0,34.7,17.35,20.9,0.45999999999999996,1.0,False,inpe_bdq_aqua_ref,False
2308708,Morada Nova,CE,2023,3,1.0,7.2,7.2,7.2,0.0,2.0,False,inpe_bdq_aqua_ref,False
2308708,Morada Nova,CE,2023,4,0.0,0.0,,,,,True,inpe_bdq_aqua_ref,False
2308708,Morada Nova,CE,2023,5,0.0,0.0,,,,,True,inpe_bdq_aqua_ref,False
2308708,Morada Nova,CE,2023,6,0.0,0.0,,,,,True,inpe_bdq_aqua_ref,False
2308708,Morada Nova,CE,2023,7,2.0,85.4,42.7,70.9,1.0,19.5,False,inpe_bdq_aqua_ref,False
2308708,Morada Nova,CE,2023,8,1.0,19.0,19.0,19.0,1.0,34.0,False,inpe_bdq_aqua_ref,False
2308708,Morada Nova,CE,2023,9,0.0,0.0,,,,,True,inpe_bdq_aqua_ref,False
2308708,Morada Nova,CE,2023,10,2.0,105.3,52.65,52.9,1.0,94.0,False,inpe_bdq_aqua_ref,False
2308708,Morada Nova,CE,2023,11,8.0,193.4,24.175,43.4,1.0,31.75,False,inpe_bdq_aqua_ref,False
2308708,Morada Nova,CE,2023,12,4.0,123.30000000000001,30.825000000000003,59.6,1.0,10.75,False,inpe_bdq_aqua_ref,False
2308708,Morada Nova,CE,2024,1,4.0,133.8,33.45,60.7,0.6025,3.0,False,inpe_bdq_aqua_ref,False
2308708,Morada Nova,CE,2024,2,2.0,28.200000000000003,14.100000000000001,15.9,1.0,5.0,False,inpe_bdq_aqua_ref,False
2308708,Morada Nova,CE,2024,3,0.0,0.0,,,,,True,inpe_bdq_aqua_ref,False
2308708,Morada Nova,CE,2024,4,0.0,0.0,,,,,True,inpe_bdq_aqua_ref,False
2308708,Morada Nova,CE,2024,5,0.0,0.0,,,,,True,inpe_bdq_aqua_ref,False
2308708,Morada Nova,CE,2024,6,1.0,17.1,17.1,17.1,0.67,13.0,False,inpe_bdq_aqua_ref,False
2308708,Morada Nova,CE,2024,7,1.0,12.7,12.7,12.7,1.0,13.0,False,inpe_bdq_aqua_ref,False
2308708,Morada Nova,CE,2024,8,3.0,32.5,10.833333333333334,12.4,1.0,51.0,False,inpe_bdq_aqua_ref,False
2308708,Morada Nova,CE,2024,9,6.0,112.9,18.816666666666666,46.0,1.0,46.833333333333336,False,inpe_bdq_aqua_ref,False
2308708,Morada Nova,CE,2024,10,1.0,39.4,39.4,39.4,1.0,57.0,False,inpe_bdq_aqua_ref,False
2308708,Morada Nova,CE,2024,11,9.0,260.3,28.922222222222224,93.6,1.0,73.11111111111111,False,inpe_bdq_aqua_ref,False
2308708,Morada Nova,CE,2024,12,5.0,97.8,19.56,34.1,1.0,12.4,False,inpe_bdq_aqua_ref,False
2308708,Morada Nova,CE,2025,1,0.0,0.0,,,,,True,inpe_bdq_aqua_ref,False
2308708,Morada Nova,CE,2025,2,1.0,36.2,36.2,36.2,0.9,6.0,False,inpe_bdq_aqua_ref,False
2308708,Morada Nova,CE,2025,3,1.0,16.8,16.8,16.8,0.01,3.0,False,inpe_bdq_aqua_ref,False
2308708,Morada Nova,CE,2025,4,0.0,0.0,,,,,True,inpe_bdq_aqua_ref,False
2308708,Morada Nova,CE,2025,5,0.0,0.0,,,,,True,inpe_bdq_aqua_ref,False
2308708,Morada Nova,CE,2025,6,1.0,6.4,6.4,6.4,1.0,13.0,False,inpe_bdq_aqua_ref,False
2308708,Morada Nova,CE,2025,7,1.0,11.5,11.5,11.5,1.0,12.0,False,inpe_bdq_aqua_ref,False
2308708,Morada Nova,CE,2025,8,1.0,28.4,28.4,28.4,1.0,5.0,False,inpe_bdq_aqua_ref,False
2308708,Morada Nova,CE,2025,9,1.0,7.0,7.0,7.0,1.0,15.0,False,inpe_bdq_aqua_ref,False
2309201,Nova Olinda,CE,2002,10,8.0,849.5,106.1875,330.0,,,False,inpe_bdq_legacy,False
2309201,Nova Olinda,CE,2002,11,2.0,31.799999999999997,15.899999999999999,19.7,,,False,inpe_bdq_legacy,False
2309201,Nova Olinda,CE,2002,12,2.0,98.6,49.3,76.6,,,False,inpe_bdq_legacy,False
2309201,Nova Olinda,CE,2003,1,0.0,0.0,,,,,True,inpe_bdq_legacy,False
2309201,Nova Olinda,CE,2003,2,0.0,0.0,,,,,True,inpe_bdq_legacy,False
2309201,Nova Olinda,CE,2003,3,0.0,0.0,,,,,True,inpe_bdq_legacy,False
2309201,Nova Olinda,CE,2003,4,0.0,0.0,,,,,True,inpe_bdq_legacy,False
2309201,Nova Olinda,CE,2003,5,0.0,0.0,,,,,True,inpe_bdq_legacy,False
2309201,Nova Olinda,CE,2003,6,0.0,0.0,,,,,True,inpe_bdq_legacy,False
2309201,Nova Olinda,CE,2003,7,0.0,0.0,,,,,True,inpe_bdq_legacy,False
2309201,Nova Olinda,CE,2003,8,0.0,0.0,,,,,True,inpe_bdq_legacy,False
2309201,Nova Olinda,CE,2003,9,2.0,22.9,11.45,12.2,,,False,inpe_bdq_legacy,False
2309201,Nova Olinda,CE,2003,10,1.0,20.4,20.4,20.4,,,False,inpe_bdq_legacy,False
2309201,Nova Olinda,CE,2003,11,16.0,1506.0,94.125,309.0,,,False,inpe_bdq_legacy,False
2309201,Nova Olinda,CE,2003,12,2.0,48.199999999999996,24.099999999999998,32.8,,,False,inpe_bdq_legacy,False
2309201,Nova Olinda,CE,2004,1,0.0,0.0,,,,,True,inpe_bdq_legacy,False
2309201,Nova Olinda,CE,2004,2,0.0,0.0,,,,,True,inpe_bdq_legacy,False
2309201,Nova Olinda,CE,2004,3,0.0,0.0,,,,,True,inpe_bdq_legacy,False
2309201,Nova Olinda,CE,2004,4,0.0,0.0,,,,,True,inpe_bdq_legacy,False
2309201,Nova Olinda,CE,2004,5,0.0,0.0,,,,,True,inpe_bdq_legacy,False
2309201,Nova Olinda,CE,2004,6,0.0,0.0,,,,,True,inpe_bdq_legacy,False
2309201,Nova Olinda,CE,2004,7,0.0,0.0,,,,,True,inpe_bdq_legacy,False
2309201,Nova Olinda,CE,2004,8,0.0,0.0,,,,,True,inpe_bdq_legacy,False
2309201,Nova Olinda,CE,2004,9,0.0,0.0,,,,,True,inpe_bdq_legacy,False
2309201,Nova Olinda,CE,2004,10,1.0,15.9,15.9,15.9,,,False,inpe_bdq_legacy,False
2309201,Nova Olinda,CE,2004,11,1.0,54.5,54.5,54.5,,,False,inpe_bdq_legacy,False
2309201,Nova Olinda,CE,2004,12,6.0,129.1,21.516666666666666,29.9,,,False,inpe_bdq_legacy,False
2309201,Nova Olinda,CE,2005,1,2.0,35.9,17.95,22.7,,,False,inpe_bdq_legacy,False
2309201,Nova Olinda,CE,2005,2,0.0,0.0,,,,,True,inpe_bdq_legacy,False
2309201,Nova Olinda,CE,2005,3,0.0,0.0,,,,,True,inpe_bdq_legacy,False
2309201,Nova Olinda,CE,2005,4,0.0,0.0,,,,,True,inpe_bdq_legacy,False
2309201,Nova Olinda,CE,2005,5,0.0,0.0,,,,,True,inpe_bdq_legacy,False
2309201,Nova Olinda,CE,2005,6,0.0,0.0,,,,,True,inpe_bdq_legacy,False
2309201,Nova Olinda,CE,2005,7,0.0,0.0,,,,,True,inpe_bdq_legacy,False
2309201,Nova Olinda,CE,2005,8,0.0,0.0,,,,,True,inpe_bdq_legacy,False
2309201,Nova Olinda,CE,2005,9,1.0,116.1,116.1,116.1,,,False,inpe_bdq_legacy,False
2309201,Nova Olinda,CE,2005,10,0.0,0.0,,,,,True,inpe_bdq_legacy,False
2309201,Nova Olinda,CE,2005,11,8.0,243.3,30.4125,47.9,,,False,inpe_bdq_legacy,False
2309201,Nova Olinda,CE,2005,12,4.0,120.1,30.025,68.5,,,False,inpe_bdq_legacy,False
2309201,Nova Olinda,CE,2006,1,1.0,22.4,22.4,22.4,,,False,inpe_bdq_legacy,False
2309201,Nova Olinda,CE,2006,2,0.0,0.0,,,,,True,inpe_bdq_legacy,False
2309201,Nova Olinda,CE,2006,3,0.0,0.0,,,,,True,inpe_bdq_legacy,False
2309201,Nova Olinda,CE,2006,4,0.0,0.0,,,,,True,inpe_bdq_legacy,False
2309201,Nova Olinda,CE,2006,5,0.0,0.0,,,,,True,inpe_bdq_legacy,False
2309201,Nova Olinda,CE,2006,6,0.0,0.0,,,,,True,inpe_bdq_legacy,False
2309201,Nova Olinda,CE,2006,7,0.0,0.0,,,,,True,inpe_bdq_legacy,False
2309201,Nova Olinda,CE,2006,8,0.0,0.0,,,,,True,inpe_bdq_legacy,False
2309201,Nova Olinda,CE,2006,9,0.0,0.0,,,,,True,inpe_bdq_legacy,False
2309201,Nova Olinda,CE,2006,10,1.0,40.2,40.2,40.2,,,False,inpe_bdq_legacy,False
2309201,Nova Olinda,CE,2006,11,7.0,466.9,66.7,160.1,,,False,inpe_bdq_legacy,False
2309201,Nova Olinda,CE,2006,12,7.0,335.1,47.871428571428574,129.3,,,False,inpe_bdq_legacy,False
2309201,Nova Olinda,CE,2007,1,1.0,14.5,14.5,14.5,,,False,inpe_bdq_legacy,False
2309201,Nova Olinda,CE,2007,2,0.0,0.0,,,,,True,inpe_bdq_legacy,False
2309201,Nova Olinda,CE,2007,3,0.0,0.0,,,,,True,inpe_bdq_legacy,False
2309201,Nova Olinda,CE,2007,4,0.0,0.0,,,,,True,inpe_bdq_legacy,False
2309201,Nova Olinda,CE,2007,5,0.0,0.0,,,,,True,inpe_bdq_legacy,False
2309201,Nova Olinda,CE,2007,6,0.0,0.0,,,,,True,inpe_bdq_legacy,False
2309201,Nova Olinda,CE,2007,7,0.0,0.0,,,,,True,inpe_bdq_legacy,False
2309201,Nova Olinda,CE,2007,8,1.0,7.9,7.9,7.9,,,False,inpe_bdq_legacy,False
2309201,Nova Olinda,CE,2007,9,0.0,0.0,,,,,True,inpe_bdq_legacy,False
2309201,Nova Olinda,CE,2007,10,0.0,0.0,,,,,True,inpe_bdq_legacy,False
2309201,Nova Olinda,CE,2007,11,1.0,25.1,25.1,25.1,,,False,inpe_bdq_legacy,False
2309201,Nova Olinda,CE,2007,12,2.0,105.6,52.8,74.7,,,False,inpe_bdq_legacy,False
2309201,Nova Olinda,CE,2008,1,0.0,0.0,,,,,True,inpe_bdq_legacy,False
2309201,Nova Olinda,CE,2008,2,0.0,0.0,,,,,True,inpe_bdq_legacy,False
2309201,Nova Olinda,CE,2008,3,0.0,0.0,,,,,True,inpe_bdq_legacy,False
2309201,Nova Olinda,CE,2008,4,0.0,0.0,,,,,True,inpe_bdq_legacy,False
2309201,Nova Olinda,CE,2008,5,0.0,0.0,,,,,True,inpe_bdq_legacy,False
2309201,Nova Olinda,CE,2008,6,0.0,0.0,,,,,True,inpe_bdq_legacy,False
2309201,Nova Olinda,CE,2008,7,0.0,0.0,,,,,True,inpe_bdq_legacy,False
2309201,Nova Olinda,CE,2008,8,0.0,0.0,,,,,True,inpe_bdq_legacy,False
2309201,Nova Olinda,CE,2008,9,1.0,76.9,76.9,76.9,,,False,inpe_bdq_legacy,False
2309201,Nova Olinda,CE,2008,10,0.0,0.0,,,,,True,inpe_bdq_legacy,False
2309201,Nova Olinda,CE,2008,11,3.0,159.89999999999998,53.29999999999999,119.1,,,False,inpe_bdq_legacy,False
2309201,Nova Olinda,CE,2008,12,6.0,205.3,34.21666666666667,105.7,,,False,inpe_bdq_legacy,False
2309201,Nova Olinda,CE,2009,1,0.0,0.0,,,,,True,inpe_bdq_legacy,False
2309201,Nova Olinda,CE,2009,2,0.0,0.0,,,,,True,inpe_bdq_legacy,False
2309201,Nova Olinda,CE,2009,3,0.0,0.0,,,,,True,inpe_bdq_legacy,False
2309201,Nova Olinda,CE,2009,4,0.0,0.0,,,,,True,inpe_bdq_legacy,False
2309201,Nova Olinda,CE,2009,5,0.0,0.0,,,,,True,inpe_bdq_legacy,False
2309201,Nova Olinda,CE,2009,6,0.0,0.0,,,,,True,inpe_bdq_legacy,False
2309201,Nova Olinda,CE,2009,7,0.0,0.0,,,,,True,inpe_bdq_legacy,False
2309201,Nova Olinda,CE,2009,8,0.0,0.0,,,,,True,inpe_bdq_legacy,False
2309201,Nova Olinda,CE,2009,9,0.0,0.0,,,,,True,inpe_bdq_legacy,False
2309201,Nova Olinda,CE,2009,10,2.0,27.9,13.95,15.6,,,False,inpe_bdq_legacy,False
2309201,Nova Olinda,CE,2009,11,2.0,145.0,72.5,101.9,,,False,inpe_bdq_legacy,False
2309201,Nova Olinda,CE,2009,12,7.0,296.7,42.385714285714286,133.2,,,False,inpe_bdq_legacy,False
2309201,Nova Olinda,CE,2010,1,0.0,0.0,,,,,True,inpe_bdq_legacy,False
2309201,Nova Olinda,CE,2010,2,0.0,0.0,,,,,True,inpe_bdq_legacy,False
2309201,Nova Olinda,CE,2010,3,0.0,0.0,,,,,True,inpe_bdq_legacy,False
2309201,Nova Olinda,CE,2010,4,0.0,0.0,,,,,True,inpe_bdq_legacy,False
2309201,Nova Olinda,CE,2010,5,0.0,0.0,,,,,True,inpe_bdq_legacy,False
2309201,Nova Olinda,CE,2010,6,0.0,0.0,,,,,True,inpe_bdq_legacy,False
2309201,Nova Olinda,CE,2010,7,2.0,26.3,13.15,13.4,,,False,inpe_bdq_legacy,False
2309201,Nova Olinda,CE,2010,8,0.0,0.0,,,,,True,inpe_bdq_legacy,False
2309201,Nova Olinda,CE,2010,9,0.0,0.0,,,,,True,inpe_bdq_legacy,False
2309201,Nova Olinda,CE,2010,10,0.0,0.0,,,,,True,inpe_bdq_legacy,False
2309201,Nova Olinda,CE,2010,11,9.0,372.8,41.422222222222224,114.5,,,False,inpe_bdq_legacy,False
2309201,Nova Olinda,CE,2010,12,2.0,141.8,70.9,87.9,,,False,inpe_bdq_legacy,False
2309201,Nova Olinda,CE,2011,1,0.0,0.0,,,,,True,inpe_bdq_legacy,False
2309201,Nova Olinda,CE,2011,2,0.0,0.0,,,,,True,inpe_bdq_legacy,False
2309201,Nova Olinda,CE,2011,3,0.0,0.0,,,,,True,inpe_bdq_legacy,False
2309201,Nova Olinda,CE,2011,4,0.0,0.0,,,,,True,inpe_bdq_legacy,False
2309201,Nova Olinda,CE,2011,5,0.0,0.0,,,,,True,inpe_bdq_legacy,False
2309201,Nova Olinda,CE,2011,6,0.0,0.0,,,,,True,inpe_bdq_legacy,False
2309201,Nova Olinda,CE,2011,7,0.0,0.0,,,,,True,inpe_bdq_legacy,False
2309201,Nova Olinda,CE,2011,8,0.0,0.0,,,,,True,inpe_bdq_legacy,False
2309201,Nova Olinda,CE,2011,9,1.0,6.4,6.4,6.4,,,False,inpe_bdq_legacy,False
2309201,Nova Olinda,CE,2011,10,2.0,19.6,9.8,11.3,,,False,inpe_bdq_legacy,False
2309201,Nova Olinda,CE,2011,11,2.0,145.9,72.95,119.4,,,False,inpe_bdq_legacy,False
2309201,Nova Olinda,CE,2011,12,2.0,44.0,22.0,25.7,,,False,inpe_bdq_legacy,False
2309201,Nova Olinda,CE,2012,1,0.0,0.0,,,,,True,inpe_bdq_legacy,False
2309201,Nova Olinda,CE,2012,2,0.0,0.0,,,,,True,inpe_bdq_legacy,False
2309201,Nova Olinda,CE,2012,3,0.0,0.0,,,,,True,inpe_bdq_legacy,False
2309201,Nova Olinda,CE,2012,4,0.0,0.0,,,,,True,inpe_bdq_legacy,False
2309201,Nova Olinda,CE,2012,5,3.0,123.4,41.13333333333333,57.4,,,False,inpe_bdq_legacy,False
2309201,Nova Olinda,CE,2012,6,0.0,0.0,,,,,True,inpe_bdq_legacy,False
2309201,Nova Olinda,CE,2012,7,3.0,74.0,24.666666666666668,29.2,,,False,inpe_bdq_legacy,False
2309201,Nova Olinda,CE,2012,8,2.0,58.1,29.05,44.5,,,False,inpe_bdq_legacy,False
2309201,Nova Olinda,CE,2012,9,7.0,235.60000000000002,33.65714285714286,77.2,,,False,inpe_bdq_legacy,False
2309201,Nova Olinda,CE,2012,10,4.0,268.1,67.025,126.8,,,False,inpe_bdq_legacy,False
2309201,Nova Olinda,CE,2012,11,1.0,78.2,78.2,78.2,,,False,inpe_bdq_legacy,False
2309201,Nova Olinda,CE,2012,12,2.0,284.2,142.1,144.5,,,False,inpe_bdq_legacy,False
2309201,Nova Olinda,CE,2013,1,0.0,0.0,,,,,True,inpe_bdq_legacy,False
2309201,Nova Olinda,CE,2013,2,0.0,0.0,,,,,True,inpe_bdq_legacy,False
2309201,Nova Olinda,CE,2013,3,0.0,0.0,,,,,True,inpe_bdq_legacy,False
2309201,Nova Olinda,CE,2013,4,0.0,0.0,,,,,True,inpe_bdq_legacy,False
2309201,Nova Olinda,CE,2013,5,0.0,0.0,,,,,True,inpe_bdq_legacy,False
2309201,Nova Olinda,CE,2013,6,0.0,0.0,,,,,True,inpe_bdq_legacy,False
2309201,Nova Olinda,CE,2013,7,0.0,0.0,,,,,True,inpe_bdq_legacy,False
2309201,Nova Olinda,CE,2013,8,0.0,0.0,,,,,True,inpe_bdq_legacy,False
2309201,Nova Olinda,CE,2013,9,0.0,0.0,,,,,True,inpe_bdq_legacy,False
2309201,Nova Olinda,CE,2013,10,0.0,0.0,,,,,True,inpe_bdq_legacy,False
2309201,Nova Olinda,CE,2013,11,4.0,393.79999999999995,98.44999999999999,191.7,,,False,inpe_bdq_legacy,False
2309201,Nova Olinda,CE,2013,12,1.0,10.8,10.8,10.8,,,False,inpe_bdq_legacy,False
2309201,Nova Olinda,CE,2014,1,0.0,0.0,,,,,True,inpe_bdq_legacy,False
2309201,Nova Olinda,CE,2014,2,0.0,0.0,,,,,True,inpe_bdq_legacy,False
2309201,Nova Olinda,CE,2014,3,0.0,0.0,,,,,True,inpe_bdq_legacy,False
2309201,Nova Olinda,CE,2014,4,0.0,0.0,,,,,True,inpe_bdq_legacy,False
2309201,Nova Olinda,CE,2014,5,0.0,0.0,,,,,True,inpe_bdq_legacy,False
2309201,Nova Olinda,CE,2014,6,0.0,0.0,,,,,True,inpe_bdq_legacy,False
2309201,Nova Olinda,CE,2014,7,0.0,0.0,,,,,True,inpe_bdq_legacy,False
2309201,Nova Olinda,CE,2014,8,0.0,0.0,,,,,True,inpe_bdq_legacy,False
2309201,Nova Olinda,CE,2014,9,0.0,0.0,,,,,True,inpe_bdq_legacy,False
2309201,Nova Olinda,CE,2014,10,1.0,13.2,13.2,13.2,1.0,8.0,False,inpe_bdq_legacy,False
2309201,Nova Olinda,CE,2014,11,0.0,0.0,,,,,True,inpe_bdq_legacy,False
2309201,Nova Olinda,CE,2014,12,2.0,38.1,19.05,19.5,0.5,1.5,False,inpe_bdq_legacy,False
2309201,Nova Olinda,CE,2015,1,0.0,0.0,,,,,True,inpe_bdq_legacy,False
2309201,Nova Olinda,CE,2015,2,0.0,0.0,,,,,True,inpe_bdq_legacy,False
2309201,Nova Olinda,CE,2015,3,0.0,0.0,,,,,True,inpe_bdq_legacy,False
2309201,Nova Olinda,CE,2015,4,0.0,0.0,,,,,True,inpe_bdq_legacy,False
2309201,Nova Olinda,CE,2015,5,0.0,0.0,,,,,True,inpe_bdq_legacy,False
2309201,Nova Olinda,CE,2015,6,0.0,0.0,,,,,True,inpe_bdq_legacy,False
2309201,Nova Olinda,CE,2015,7,0.0,0.0,,,,,True,inpe_bdq_legacy,False
2309201,Nova Olinda,CE,2015,8,0.0,0.0,,,,,True,inpe_bdq_legacy,False
2309201,Nova Olinda,CE,2015,9,2.0,146.4,73.2,78.4,1.0,21.0,False,inpe_bdq_legacy,False
2309201,Nova Olinda,CE,2015,10,1.0,16.3,16.3,16.3,1.0,62.0,False,inpe_bdq_legacy,False
2309201,Nova Olinda,CE,2015,11,7.0,565.3,80.75714285714285,159.6,1.0,52.714285714285715,False,inpe_bdq_legacy,False
2309201,Nova Olinda,CE,2015,12,1.0,31.1,31.1,31.1,1.0,24.0,False,inpe_bdq_legacy,False
2309201,Nova Olinda,CE,2016,1,0.0,0.0,,,,,True,inpe_bdq_legacy,False
2309201,Nova Olinda,CE,2016,2,0.0,0.0,,,,,True,inpe_bdq_legacy,False
2309201,Nova Olinda,CE,2016,3,0.0,0.0,,,,,True,inpe_bdq_legacy,False
2309201,Nova Olinda,CE,2016,4,0.0,0.0,,,,,True,inpe_bdq_legacy,False
2309201,Nova Olinda,CE,2016,5,0.0,0.0,,,,,True,inpe_bdq_legacy,False
2309201,Nova Olinda,CE,2016,6,0.0,0.0,,,,,True,inpe_bdq_legacy,False
2309201,Nova Olinda,CE,2016,7,2.0,52.1,26.05,38.5,1.0,7.5,False,inpe_bdq_legacy,False
2309201,Nova Olinda,CE,2016,8,0.0,0.0,,,,,True,inpe_bdq_legacy,False
2309201,Nova Olinda,CE,2016,9,0.0,0.0,,,,,True,inpe_bdq_legacy,False
2309201,Nova Olinda,CE,2016,10,2.0,110.1,55.05,74.7,1.0,29.5,False,inpe_bdq_legacy,False
2309201,Nova Olinda,CE,2016,11,0.0,0.0,,,,,True,inpe_bdq_legacy,False
2309201,Nova Olinda,CE,2016,12,2.0,76.4,38.2,60.2,1.0,17.0,False,inpe_bdq_legacy,False
2309201,Nova Olinda,CE,2017,1,0.0,0.0,,,,,True,inpe_bdq_legacy,False
2309201,Nova Olinda,CE,2017,2,0.0,0.0,,,,,True,inpe_bdq_legacy,False
2309201,Nova Olinda,CE,2017,3,0.0,0.0,,,,,True,inpe_bdq_legacy,False
2309201,Nova Olinda,CE,2017,4,0.0,0.0,,,,,True,inpe_bdq_legacy,False
2309201,Nova Olinda,CE,2017,5,0.0,0.0,,,,,True,inpe_bdq_legacy,False
2309201,Nova Olinda,CE,2017,6,0.0,0.0,,,,,True,inpe_bdq_legacy,False
2309201,Nova Olinda,CE,2017,7,0.0,0.0,,,,,True,inpe_bdq_legacy,False
2309201,Nova Olinda,CE,2017,8,0.0,0.0,,,,,True,inpe_bdq_legacy,False
2309201,Nova Olinda,CE,2017,9,0.0,0.0,,,,,True,inpe_bdq_legacy,False
2309201,Nova Olinda,CE,2017,10,0.0,0.0,,,,,True,inpe_bdq_legacy,False
2309201,Nova Olinda,CE,2017,11,4.0,49.2,12.3,15.9,1.0,0.0,False,inpe_bdq_legacy,False
2309201,Nova Olinda,CE,2017,12,6.0,702.6,117.10000000000001,193.6,1.0,0.0,False,inpe_bdq_legacy,False
2309201,Nova Olinda,CE,2018,1,0.0,0.0,,,,,True,inpe_bdq_legacy,False
2309201,Nova Olinda,CE,2018,2,0.0,0.0,,,,,True,inpe_bdq_legacy,False
2309201,Nova Olinda,CE,2018,3,0.0,0.0,,,,,True,inpe_bdq_legacy,False
2309201,Nova Olinda,CE,2018,4,0.0,0.0,,,,,True,inpe_bdq_legacy,False
2309201,Nova Olinda,CE,2018,5,0.0,0.0,,,,,True,inpe_bdq_legacy,False
2309201,Nova Olinda,CE,2018,6,0.0,0.0,,,,,True,inpe_bdq_legacy,False
2309201,Nova Olinda,CE,2018,7,0.0,0.0,,,,,True,inpe_bdq_legacy,False
2309201,Nova Olinda,CE,2018,8,1.0,13.7,13.7,13.7,1.0,67.0,False,inpe_bdq_legacy,False
2309201,Nova Olinda,CE,2018,9,0.0,0.0,,,,,True,inpe_bdq_legacy,False
2309201,Nova Olinda,CE,2018,10,0.0,0.0,,,,,True,inpe_bdq_legacy,False
2309201,Nova Olinda,CE,2018,11,1.0,139.7,139.7,139.7,1.0,33.0,False,inpe_bdq_legacy,False
2309201,Nova Olinda,CE,2018,12,0.0,0.0,,,,,True,inpe_bdq_legacy,False
2309201,Nova Olinda,CE,2019,1,0.0,0.0,,,,,True,inpe_bdq_legacy,False
2309201,Nova Olinda,CE,2019,2,0.0,0.0,,,,,True,inpe_bdq_legacy,False
2309201,Nova Olinda,CE,2019,3,0.0,0.0,,,,,True,inpe_bdq_legacy,False
2309201,Nova Olinda,CE,2019,4,0.0,0.0,,,,,True,inpe_bdq_legacy,False
2309201,Nova Olinda,CE,2019,5,0.0,0.0,,,,,True,inpe_bdq_legacy,False
2309201,Nova Olinda,CE,2019,6,0.0,0.0,,,,,True,inpe_bdq_legacy,False
2309201,Nova Olinda,CE,2019,7,0.0,0.0,,,,,True,inpe_bdq_legacy,False
2309201,Nova Olinda,CE,2019,8,0.0,0.0,,,,,True,inpe_bdq_legacy,False
2309201,Nova Olinda,CE,2019,9,0.0,0.0,,,,,True,inpe_bdq_legacy,False
2309201,Nova Olinda,CE,2019,10,1.0,116.7,116.7,116.7,1.0,108.0,False,inpe_bdq_legacy,False
2309201,Nova Olinda,CE,2019,11,3.0,123.5,41.166666666666664,53.1,1.0,105.33333333333333,False,inpe_bdq_legacy,False
2309201,Nova Olinda,CE,2019,12,1.0,30.5,30.5,30.5,0.9,5.0,False,inpe_bdq_legacy,False
2309201,Nova Olinda,CE,2020,1,0.0,0.0,,,,,True,inpe_bdq_legacy,False
2309201,Nova Olinda,CE,2020,2,0.0,0.0,,,,,True,inpe_bdq_legacy,False
2309201,Nova Olinda,CE,2020,3,0.0,0.0,,,,,True,inpe_bdq_legacy,False
2309201,Nova Olinda,CE,2020,4,0.0,0.0,,,,,True,inpe_bdq_legacy,False
2309201,Nova Olinda,CE,2020,5,0.0,0.0,,,,,True,inpe_bdq_legacy,False
2309201,Nova Olinda,CE,2020,6,0.0,0.0,,,,,True,inpe_bdq_legacy,False
2309201,Nova Olinda,CE,2020,7,1.0,6.7,6.7,6.7,1.0,34.0,False,inpe_bdq_legacy,False
2309201,Nova Olinda,CE,2020,8,0.0,0.0,,,,,True,inpe_bdq_legacy,False
2309201,Nova Olinda,CE,2020,9,1.0,18.2,18.2,18.2,1.0,89.0,False,inpe_bdq_legacy,False
2309201,Nova Olinda,CE,2020,10,0.0,0.0,,,,,True,inpe_bdq_legacy,False
2309201,Nova Olinda,CE,2020,11,9.0,244.2,27.133333333333333,64.9,0.8999999999999999,8.777777777777779,False,inpe_bdq_legacy,False
2309201,Nova Olinda,CE,2020,12,3.0,272.4,90.8,137.0,1.0,1.6666666666666667,False,inpe_bdq_legacy,False
2309201,Nova Olinda,CE,2021,1,1.0,14.4,14.4,14.4,0.8,10.0,False,inpe_bdq_legacy,False
2309201,Nova Olinda,CE,2021,2,0.0,0.0,,,,,True,inpe_bdq_legacy,False
2309201,Nova Olinda,CE,2021,3,0.0,0.0,,,,,True,inpe_bdq_legacy,False
2309201,Nova Olinda,CE,2021,4,0.0,0.0,,,,,True,inpe_bdq_legacy,False
2309201,Nova Olinda,CE,2021,5,0.0,0.0,,,,,True,inpe_bdq_legacy,False
2309201,Nova Olinda,CE,2021,6,0.0,0.0,,,,,True,inpe_bdq_legacy,False
2309201,Nova Olinda,CE,2021,7,0.0,0.0,,,,,True,inpe_bdq_legacy,False
2309201,Nova Olinda,CE,2021,8,0.0,0.0,,,,,True,inpe_bdq_legacy,False
2309201,Nova Olinda,CE,2021,9,2.0,37.7,18.85,19.0,1.0,63.0,False,inpe_bdq_legacy,False
2309201,Nova Olinda,CE,2021,10,0.0,0.0,,,,,True,inpe_bdq_legacy,False
2309201,Nova Olinda,CE,2021,11,5.0,238.0,47.6,101.1,0.96,4.4,False,inpe_bdq_legacy,False
2309201,Nova Olinda,CE,2021,12,0.0,0.0,,,,,True,inpe_bdq_legacy,False
2309201,Nova Olinda,CE,2022,1,0.0,0.0,,,,,True,inpe_bdq_legacy,False
2309201,Nova Olinda,CE,2022,2,0.0,0.0,,,,,True,inpe_bdq_legacy,False
2309201,Nova Olinda,CE,2022,3,0.0,0.0,,,,,True,inpe_bdq_legacy,False
2309201,Nova Olinda,CE,2022,4,0.0,0.0,,,,,True,inpe_bdq_legacy,False
2309201,Nova Olinda,CE,2022,5,0.0,0.0,,,,,True,inpe_bdq_legacy,False
2309201,Nova Olinda,CE,2022,6,0.0,0.0,,,,,True,inpe_bdq_legacy,False
2309201,Nova Olinda,CE,2022,7,0.0,0.0,,,,,True,inpe_bdq_legacy,False
2309201,Nova Olinda,CE,2022,8,0.0,0.0,,,,,True,inpe_bdq_legacy,False
2309201,Nova Olinda,CE,2022,9,0.0,0.0,,,,,True,inpe_bdq_legacy,False
2309201,Nova Olinda,CE,2022,10,4.0,91.4,22.85,31.6,1.0,68.75,False,inpe_bdq_legacy,False
2309201,Nova Olinda,CE,2022,11,1.0,70.1,70.1,70.1,0.13,3.0,False,inpe_bdq_legacy,False
2309201,Nova Olinda,CE,2022,12,0.0,0.0,,,,,True,inpe_bdq_legacy,False
2309201,Nova Olinda,CE,2023,1,0.0,0.0,,,,,True,inpe_bdq_legacy,False
2309201,Nova Olinda,CE,2023,2,0.0,0.0,,,,,True,inpe_bdq_legacy,False
2309201,Nova Olinda,CE,2023,3,0.0,0.0,,,,,True,inpe_bdq_legacy,False
2309201,Nova Olinda,CE,2023,4,0.0,0.0,,,,,True,inpe_bdq_legacy,False
2309201,Nova Olinda,CE,2023,5,0.0,0.0,,,,,True,inpe_bdq_legacy,False
2309201,Nova Olinda,CE,2023,6,0.0,0.0,,,,,True,inpe_bdq_legacy,False
2309201,Nova Olinda,CE,2023,7,0.0,0.0,,,,,True,inpe_bdq_legacy,False
2309201,Nova Olinda,CE,2023,8,0.0,0.0,,,,,True,inpe_bdq_legacy,False
2309201,Nova Olinda,CE,2023,9,0.0,0.0,,,,,True,inpe_bdq_legacy,False
2309201,Nova Olinda,CE,2023,10,0.0,0.0,,,,,True,inpe_bdq_legacy,False
2309201,Nova Olinda,CE,2023,11,4.0,119.80000000000001,29.950000000000003,43.2,0.7325,7.25,False,inpe_bdq_legacy,False
2309201,Nova Olinda,CE,2023,12,3.0,78.6,26.2,56.0,0.8666666666666667,13.333333333333334,False,inpe_bdq_legacy,False
2309201,Nova Olinda,CE,2024,1,0.0,0.0,,,,,True,inpe_bdq_legacy,False
2309201,Nova Olinda,CE,2024,2,0.0,0.0,,,,,True,inpe_bdq_legacy,False
2309201,Nova Olinda,CE,2024,3,0.0,0.0,,,,,True,inpe_bdq_legacy,False
2309201,Nova Olinda,CE,2024,4,0.0,0.0,,,,,True,inpe_bdq_legacy,False
2309201,Nova Olinda,CE,2024,5,0.0,0.0,,,,,True,inpe_bdq_legacy,False
2309201,Nova Olinda,CE,2024,6,0.0,0.0,,,,,True,inpe_bdq_legacy,False
2309201,Nova Olinda,CE,2024,7,0.0,0.0,,,,,True,inpe_bdq_legacy,False
2309201,Nova Olinda,CE,2024,8,,0.0,,,,,True,inpe_bdq_legacy,True
2309201,Nova Olinda,CE,2024,9,,0.0,,,,,True,inpe_bdq_legacy,True
2309201,Nova Olinda,CE,2024,10,,0.0,,,,,True,inpe_bdq_legacy,True
2309201,Nova Olinda,CE,2024,11,,0.0,,,,,True,inpe_bdq_legacy,True
2309201,Nova Olinda,CE,2024,12,,0.0,,,,,True,inpe_bdq_legacy,True
2309201,Nova Olinda,CE,2025,1,0.0,0.0,,,,,True,inpe_bdq_legacy,False
2309201,Nova Olinda,CE,2025,2,0.0,0.0,,,,,True,inpe_bdq_legacy,False
2309201,Nova Olinda,CE,2025,3,0.0,0.0,,,,,True,inpe_bdq_legacy,False
2309201,Nova Olinda,CE,2025,4,0.0,0.0,,,,,True,inpe_bdq_legacy,False
2309201,Nova Olinda,CE,2025,5,0.0,0.0,,,,,True,inpe_bdq_legacy,False
2309201,Nova Olinda,CE,2025,6,0.0,0.0,,,,,True,inpe_bdq_legacy,False
2309201,Nova Olinda,CE,2025,7,0.0,0.0,,,,,True,inpe_bdq_legacy,False
2309201,Nova Olinda,CE,2025,8,1.0,29.6,29.6,29.6,1.0,14.0,False,inpe_bdq_legacy,False
2309201,Nova Olinda,CE,2025,9,0.0,0.0,,,,,True,inpe_bdq_legacy,False
2309201,Nova Olinda,CE,2025,10,3.0,202.79999999999998,67.6,125.6,0.9733333333333333,10.0,False,inpe_bdq_legacy,False
2309201,Nova Olinda,CE,2025,11,14.0,990.5,70.75,283.5,0.9985714285714286,7.357142857142857,False,inpe_bdq_legacy,False
2309201,Nova Olinda,CE,2025,12,1.0,23.6,23.6,23.6,0.89,6.0,False,inpe_bdq_legacy,False
2310605,Penaforte,CE,2002,11,1.0,860.6,860.6,860.6,,,False,inpe_bdq_legacy,False
2310605,Penaforte,CE,2002,12,0.0,0.0,,,,,True,inpe_bdq_legacy,False
2310605,Penaforte,CE,2003,1,0.0,0.0,,,,,True,inpe_bdq_legacy,False
2310605,Penaforte,CE,2003,2,0.0,0.0,,,,,True,inpe_bdq_legacy,False
2310605,Penaforte,CE,2003,3,0.0,0.0,,,,,True,inpe_bdq_legacy,False
2310605,Penaforte,CE,2003,4,0.0,0.0,,,,,True,inpe_bdq_legacy,False
2310605,Penaforte,CE,2003,5,0.0,0.0,,,,,True,inpe_bdq_legacy,False
2310605,Penaforte,CE,2003,6,0.0,0.0,,,,,True,inpe_bdq_legacy,False
2310605,Penaforte,CE,2003,7,0.0,0.0,,,,,True,inpe_bdq_legacy,False
2310605,Penaforte,CE,2003,8,0.0,0.0,,,,,True,inpe_bdq_legacy,False
2310605,Penaforte,CE,2003,9,0.0,0.0,,,,,True,inpe_bdq_legacy,False
2310605,Penaforte,CE,2003,10,0.0,0.0,,,,,True,inpe_bdq_legacy,False
2310605,Penaforte,CE,2003,11,2.0,225.3,112.65,137.6,,,False,inpe_bdq_legacy,False
2310605,Penaforte,CE,2003,12,1.0,15.7,15.7,15.7,,,False,inpe_bdq_legacy,False
2310605,Penaforte,CE,2004,1,0.0,0.0,,,,,True,inpe_bdq_legacy,False
2310605,Penaforte,CE,2004,2,0.0,0.0,,,,,True,inpe_bdq_legacy,False
2310605,Penaforte,CE,2004,3,0.0,0.0,,,,,True,inpe_bdq_legacy,False
2310605,Penaforte,CE,2004,4,0.0,0.0,,,,,True,inpe_bdq_legacy,False
2310605,Penaforte,CE,2004,5,0.0,0.0,,,,,True,inpe_bdq_legacy,False
2310605,Penaforte,CE,2004,6,0.0,0.0,,,,,True,inpe_bdq_legacy,False
2310605,Penaforte,CE,2004,7,0.0,0.0,,,,,True,inpe_bdq_legacy,False
2310605,Penaforte,CE,2004,8,0.0,0.0,,,,,True,inpe_bdq_legacy,False
2310605,Penaforte,CE,2004,9,0.0,0.0,,,,,True,inpe_bdq_legacy,False
2310605,Penaforte,CE,2004,10,2.0,222.10000000000002,111.05000000000001,153.3,,,False,inpe_bdq_legacy,False
2310605,Penaforte,CE,2004,11,0.0,0.0,,,,,True,inpe_bdq_legacy,False
2310605,Penaforte,CE,2004,12,0.0,0.0,,,,,True,inpe_bdq_legacy,False
2310605,Penaforte,CE,2005,1,0.0,0.0,,,,,True,inpe_bdq_legacy,False
2310605,Penaforte,CE,2005,2,0.0,0.0,,,,,True,inpe_bdq_legacy,False
2310605,Penaforte,CE,2005,3,0.0,0.0,,,,,True,inpe_bdq_legacy,False
2310605,Penaforte,CE,2005,4,0.0,0.0,,,,,True,inpe_bdq_legacy,False
2310605,Penaforte,CE,2005,5,0.0,0.0,,,,,True,inpe_bdq_legacy,False
2310605,Penaforte,CE,2005,6,0.0,0.0,,,,,True,inpe_bdq_legacy,False
2310605,Penaforte,CE,2005,7,0.0,0.0,,,,,True,inpe_bdq_legacy,False
2310605,Penaforte,CE,2005,8,0.0,0.0,,,,,True,inpe_bdq_legacy,False
2310605,Penaforte,CE,2005,9,0.0,0.0,,,,,True,inpe_bdq_legacy,False
2310605,Penaforte,CE,2005,10,0.0,0.0,,,,,True,inpe_bdq_legacy,False
2310605,Penaforte,CE,2005,11,0.0,0.0,,,,,True,inpe_bdq_legacy,False
2310605,Penaforte,CE,2005,12,0.0,0.0,,,,,True,inpe_bdq_legacy,False
2310605,Penaforte,CE,2006,1,0.0,0.0,,,,,True,inpe_bdq_legacy,False
2310605,Penaforte,CE,2006,2,0.0,0.0,,,,,True,inpe_bdq_legacy,False
2310605,Penaforte,CE,2006,3,0.0,0.0,,,,,True,inpe_bdq_legacy,False
2310605,Penaforte,CE,2006,4,0.0,0.0,,,,,True,inpe_bdq_legacy,False
2310605,Penaforte,CE,2006,5,0.0,0.0,,,,,True,inpe_bdq_legacy,False
2310605,Penaforte,CE,2006,6,0.0,0.0,,,,,True,inpe_bdq_legacy,False
2310605,Penaforte,CE,2006,7,0.0,0.0,,,,,True,inpe_bdq_legacy,False
2310605,Penaforte,CE,2006,8,0.0,0.0,,,,,True,inpe_bdq_legacy,False
2310605,Penaforte,CE,2006,9,0.0,0.0,,,,,True,inpe_bdq_legacy,False
2310605,Penaforte,CE,2006,10,0.0,0.0,,,,,True,inpe_bdq_legacy,False
2310605,Penaforte,CE,2006,11,0.0,0.0,,,,,True,inpe_bdq_legacy,False
2310605,Penaforte,CE,2006,12,0.0,0.0,,,,,True,inpe_bdq_legacy,False
2310605,Penaforte,CE,2007,1,0.0,0.0,,,,,True,inpe_bdq_legacy,False
2310605,Penaforte,CE,2007,2,0.0,0.0,,,,,True,inpe_bdq_legacy,False
2310605,Penaforte,CE,2007,3,0.0,0.0,,,,,True,inpe_bdq_legacy,False
2310605,Penaforte,CE,2007,4,0.0,0.0,,,,,True,inpe_bdq_legacy,False
2310605,Penaforte,CE,2007,5,0.0,0.0,,,,,True,inpe_bdq_legacy,False
2310605,Penaforte,CE,2007,6,0.0,0.0,,,,,True,inpe_bdq_legacy,False
2310605,Penaforte,CE,2007,7,0.0,0.0,,,,,True,inpe_bdq_legacy,False
2310605,Penaforte,CE,2007,8,0.0,0.0,,,,,True,inpe_bdq_legacy,False
2310605,Penaforte,CE,2007,9,0.0,0.0,,,,,True,inpe_bdq_legacy,False
2310605,Penaforte,CE,2007,10,0.0,0.0,,,,,True,inpe_bdq_legacy,False
2310605,Penaforte,CE,2007,11,0.0,0.0,,,,,True,inpe_bdq_legacy,False
2310605,Penaforte,CE,2007,12,0.0,0.0,,,,,True,inpe_bdq_legacy,False
2310605,Penaforte,CE,2008,1,0.0,0.0,,,,,True,inpe_bdq_legacy,False
2310605,Penaforte,CE,2008,2,0.0,0.0,,,,,True,inpe_bdq_legacy,False
2310605,Penaforte,CE,2008,3,0.0,0.0,,,,,True,inpe_bdq_legacy,False
2310605,Penaforte,CE,2008,4,0.0,0.0,,,,,True,inpe_bdq_legacy,False
2310605,Penaforte,CE,2008,5,0.0,0.0,,,,,True,inpe_bdq_legacy,False
2310605,Penaforte,CE,2008,6,0.0,0.0,,,,,True,inpe_bdq_legacy,False
2310605,Penaforte,CE,2008,7,0.0,0.0,,,,,True,inpe_bdq_legacy,False
2310605,Penaforte,CE,2008,8,0.0,0.0,,,,,True,inpe_bdq_legacy,False
2310605,Penaforte,CE,2008,9,0.0,0.0,,,,,True,inpe_bdq_legacy,False
2310605,Penaforte,CE,2008,10,0.0,0.0,,,,,True,inpe_bdq_legacy,False
2310605,Penaforte,CE,2008,11,0.0,0.0,,,,,True,inpe_bdq_legacy,False
2310605,Penaforte,CE,2008,12,2.0,58.2,29.1,32.1,,,False,inpe_bdq_legacy,False
2310605,Penaforte,CE,2009,1,0.0,0.0,,,,,True,inpe_bdq_legacy,False
2310605,Penaforte,CE,2009,2,0.0,0.0,,,,,True,inpe_bdq_legacy,False
2310605,Penaforte,CE,2009,3,0.0,0.0,,,,,True,inpe_bdq_legacy,False
2310605,Penaforte,CE,2009,4,0.0,0.0,,,,,True,inpe_bdq_legacy,False
2310605,Penaforte,CE,2009,5,0.0,0.0,,,,,True,inpe_bdq_legacy,False
2310605,Penaforte,CE,2009,6,0.0,0.0,,,,,True,inpe_bdq_legacy,False
2310605,Penaforte,CE,2009,7,0.0,0.0,,,,,True,inpe_bdq_legacy,False
2310605,Penaforte,CE,2009,8,0.0,0.0,,,,,True,inpe_bdq_legacy,False
2310605,Penaforte,CE,2009,9,0.0,0.0,,,,,True,inpe_bdq_legacy,False
2310605,Penaforte,CE,2009,10,1.0,14.8,14.8,14.8,,,False,inpe_bdq_legacy,False
2310605,Penaforte,CE,2009,11,0.0,0.0,,,,,True,inpe_bdq_legacy,False
2310605,Penaforte,CE,2009,12,1.0,112.3,112.3,112.3,,,False,inpe_bdq_legacy,False
2310605,Penaforte,CE,2010,1,0.0,0.0,,,,,True,inpe_bdq_legacy,False
2310605,Penaforte,CE,2010,2,1.0,21.2,21.2,21.2,,,False,inpe_bdq_legacy,False
2310605,Penaforte,CE,2010,3,0.0,0.0,,,,,True,inpe_bdq_legacy,False
2310605,Penaforte,CE,2010,4,0.0,0.0,,,,,True,inpe_bdq_legacy,False
2310605,Penaforte,CE,2010,5,0.0,0.0,,,,,True,inpe_bdq_legacy,False
2310605,Penaforte,CE,2010,6,0.0,0.0,,,,,True,inpe_bdq_legacy,False
2310605,Penaforte,CE,2010,7,0.0,0.0,,,,,True,inpe_bdq_legacy,False
2310605,Penaforte,CE,2010,8,0.0,0.0,,,,,True,inpe_bdq_legacy,False
2310605,Penaforte,CE,2010,9,0.0,0.0,,,,,True,inpe_bdq_legacy,False
2310605,Penaforte,CE,2010,10,0.0,0.0,,,,,True,inpe_bdq_legacy,False
2310605,Penaforte,CE,2010,11,3.0,72.8,24.266666666666666,41.8,,,False,inpe_bdq_legacy,False
2310605,Penaforte,CE,2010,12,0.0,0.0,,,,,True,inpe_bdq_legacy,False
2310605,Penaforte,CE,2011,1,0.0,0.0,,,,,True,inpe_bdq_legacy,False
2310605,Penaforte,CE,2011,2,0.0,0.0,,,,,True,inpe_bdq_legacy,False
2310605,Penaforte,CE,2011,3,0.0,0.0,,,,,True,inpe_bdq_legacy,False
2310605,Penaforte,CE,2011,4,0.0,0.0,,,,,True,inpe_bdq_legacy,False
2310605,Penaforte,CE,2011,5,0.0,0.0,,,,,True,inpe_bdq_legacy,False
2310605,Penaforte,CE,2011,6,0.0,0.0,,,,,True,inpe_bdq_legacy,False
2310605,Penaforte,CE,2011,7,0.0,0.0,,,,,True,inpe_bdq_legacy,False
2310605,Penaforte,CE,2011,8,0.0,0.0,,,,,True,inpe_bdq_legacy,False
2310605,Penaforte,CE,2011,9,0.0,0.0,,,,,True,inpe_bdq_legacy,False
2310605,Penaforte,CE,2011,10,0.0,0.0,,,,,True,inpe_bdq_legacy,False
2310605,Penaforte,CE,2011,11,0.0,0.0,,,,,True,inpe_bdq_legacy,False
2310605,Penaforte,CE,2011,12,1.0,55.6,55.6,55.6,,,False,inpe_bdq_legacy,False
2310605,Penaforte,CE,2012,1,1.0,15.3,15.3,15.3,,,False,inpe_bdq_legacy,False
2310605,Penaforte,CE,2012,2,1.0,21.0,21.0,21.0,,,False,inpe_bdq_legacy,False
2310605,Penaforte,CE,2012,3,0.0,0.0,,,,,True,inpe_bdq_legacy,False
2310605,Penaforte,CE,2012,4,0.0,0.0,,,,,True,inpe_bdq_legacy,False
2310605,Penaforte,CE,2012,5,0.0,0.0,,,,,True,inpe_bdq_legacy,False
2310605,Penaforte,CE,2012,6,0.0,0.0,,,,,True,inpe_bdq_legacy,False
2310605,Penaforte,CE,2012,7,0.0,0.0,,,,,True,inpe_bdq_legacy,False
2310605,Penaforte,CE,2012,8,0.0,0.0,,,,,True,inpe_bdq_legacy,False
2310605,Penaforte,CE,2012,9,0.0,0.0,,,,,True,inpe_bdq_legacy,False
2310605,Penaforte,CE,2012,10,0.0,0.0,,,,,True,inpe_bdq_legacy,False
2310605,Penaforte,CE,2012,11,0.0,0.0,,,,,True,inpe_bdq_legacy,False
2310605,Penaforte,CE,2012,12,0.0,0.0,,,,,True,inpe_bdq_legacy,False
2310605,Penaforte,CE,2013,1,0.0,0.0,,,,,True,inpe_bdq_legacy,False
2310605,Penaforte,CE,2013,2,0.0,0.0,,,,,True,inpe_bdq_legacy,False
2310605,Penaforte,CE,2013,3,0.0,0.0,,,,,True,inpe_bdq_legacy,False
2310605,Penaforte,CE,2013,4,0.0,0.0,,,,,True,inpe_bdq_legacy,False
2310605,Penaforte,CE,2013,5,0.0,0.0,,,,,True,inpe_bdq_legacy,False
2310605,Penaforte,CE,2013,6,0.0,0.0,,,,,True,inpe_bdq_legacy,False
2310605,Penaforte,CE,2013,7,0.0,0.0,,,,,True,inpe_bdq_legacy,False
2310605,Penaforte,CE,2013,8,0.0,0.0,,,,,True,inpe_bdq_legacy,False
2310605,Penaforte,CE,2013,9,0.0,0.0,,,,,True,inpe_bdq_legacy,False
2310605,Penaforte,CE,2013,10,0.0,0.0,,,,,True,inpe_bdq_legacy,False
2310605,Penaforte,CE,2013,11,0.0,0.0,,,,,True,inpe_bdq_legacy,False
2310605,Penaforte,CE,2013,12,0.0,0.0,,,,,True,inpe_bdq_legacy,False
2310605,Penaforte,CE,2014,1,0.0,0.0,,,,,True,inpe_bdq_legacy,False
2310605,Penaforte,CE,2014,2,0.0,0.0,,,,,True,inpe_bdq_legacy,False
2310605,Penaforte,CE,2014,3,0.0,0.0,,,,,True,inpe_bdq_legacy,False
2310605,Penaforte,CE,2014,4,0.0,0.0,,,,,True,inpe_bdq_legacy,False
2310605,Penaforte,CE,2014,5,0.0,0.0,,,,,True,inpe_bdq_legacy,False
2310605,Penaforte,CE,2014,6,0.0,0.0,,,,,True,inpe_bdq_legacy,False
2310605,Penaforte,CE,2014,7,0.0,0.0,,,,,True,inpe_bdq_legacy,False
2310605,Penaforte,CE,2014,8,0.0,0.0,,,,,True,inpe_bdq_legacy,False
2310605,Penaforte,CE,2014,9,0.0,0.0,,,,,True,inpe_bdq_legacy,False
2310605,Penaforte,CE,2014,10,0.0,0.0,,,,,True,inpe_bdq_legacy,False
2310605,Penaforte,CE,2014,11,0.0,0.0,,,,,True,inpe_bdq_legacy,False
2310605,Penaforte,CE,2014,12,0.0,0.0,,,,,True,inpe_bdq_legacy,False
2310605,Penaforte,CE,2015,1,0.0,0.0,,,,,True,inpe_bdq_legacy,False
2310605,Penaforte,CE,2015,2,0.0,0.0,,,,,True,inpe_bdq_legacy,False
2310605,Penaforte,CE,2015,3,0.0,0.0,,,,,True,inpe_bdq_legacy,False
2310605,Penaforte,CE,2015,4,0.0,0.0,,,,,True,inpe_bdq_legacy,False
2310605,Penaforte,CE,2015,5,0.0,0.0,,,,,True,inpe_bdq_legacy,False
2310605,Penaforte,CE,2015,6,0.0,0.0,,,,,True,inpe_bdq_legacy,False
2310605,Penaforte,CE,2015,7,0.0,0.0,,,,,True,inpe_bdq_legacy,False
2310605,Penaforte,CE,2015,8,0.0,0.0,,,,,True,inpe_bdq_legacy,False
2310605,Penaforte,CE,2015,9,0.0,0.0,,,,,True,inpe_bdq_legacy,False
2310605,Penaforte,CE,2015,10,0.0,0.0,,,,,True,inpe_bdq_legacy,False
2310605,Penaforte,CE,2015,11,0.0,0.0,,,,,True,inpe_bdq_legacy,False
2310605,Penaforte,CE,2015,12,1.0,43.5,43.5,43.5,1.0,11.0,False,inpe_bdq_legacy,False
2310605,Penaforte,CE,2016,1,0.0,0.0,,,,,True,inpe_bdq_legacy,False
2310605,Penaforte,CE,2016,2,0.0,0.0,,,,,True,inpe_bdq_legacy,False
2310605,Penaforte,CE,2016,3,0.0,0.0,,,,,True,inpe_bdq_legacy,False
2310605,Penaforte,CE,2016,4,0.0,0.0,,,,,True,inpe_bdq_legacy,False
2310605,Penaforte,CE,2016,5,0.0,0.0,,,,,True,inpe_bdq_legacy,False
2310605,Penaforte,CE,2016,6,0.0,0.0,,,,,True,inpe_bdq_legacy,False
2310605,Penaforte,CE,2016,7,0.0,0.0,,,,,True,inpe_bdq_legacy,False
2310605,Penaforte,CE,2016,8,0.0,0.0,,,,,True,inpe_bdq_legacy,False
2310605,Penaforte,CE,2016,9,0.0,0.0,,,,,True,inpe_bdq_legacy,False
2310605,Penaforte,CE,2016,10,0.0,0.0,,,,,True,inpe_bdq_legacy,False
2310605,Penaforte,CE,2016,11,0.0,0.0,,,,,True,inpe_bdq_legacy,False
2310605,Penaforte,CE,2016,12,0.0,0.0,,,,,True,inpe_bdq_legacy,False
2310605,Penaforte,CE,2017,1,0.0,0.0,,,,,True,inpe_bdq_legacy,False
2310605,Penaforte,CE,2017,2,0.0,0.0,,,,,True,inpe_bdq_legacy,False
2310605,Penaforte,CE,2017,3,0.0,0.0,,,,,True,inpe_bdq_legacy,False
2310605,Penaforte,CE,2017,4,0.0,0.0,,,,,True,inpe_bdq_legacy,False
2310605,Penaforte,CE,2017,5,0.0,0.0,,,,,True,inpe_bdq_legacy,False
2310605,Penaforte,CE,2017,6,0.0,0.0,,,,,True,inpe_bdq_legacy,False
2310605,Penaforte,CE,2017,7,0.0,0.0,,,,,True,inpe_bdq_legacy,False
2310605,Penaforte,CE,2017,8,0.0,0.0,,,,,True,inpe_bdq_legacy,False
2310605,Penaforte,CE,2017,9,0.0,0.0,,,,,True,inpe_bdq_legacy,False
2310605,Penaforte,CE,2017,10,0.0,0.0,,,,,True,inpe_bdq_legacy,False
2310605,Penaforte,CE,2017,11,0.0,0.0,,,,,True,inpe_bdq_legacy,False
2310605,Penaforte,CE,2017,12,0.0,0.0,,,,,True,inpe_bdq_legacy,False
2310605,Penaforte,CE,2018,1,0.0,0.0,,,,,True,inpe_bdq_legacy,False
2310605,Penaforte,CE,2018,2,0.0,0.0,,,,,True,inpe_bdq_legacy,False
2310605,Penaforte,CE,2018,3,0.0,0.0,,,,,True,inpe_bdq_legacy,False
2310605,Penaforte,CE,2018,4,0.0,0.0,,,,,True,inpe_bdq_legacy,False
2310605,Penaforte,CE,2018,5,0.0,0.0,,,,,True,inpe_bdq_legacy,False
2310605,Penaforte,CE,2018,6,0.0,0.0,,,,,True,inpe_bdq_legacy,False
2310605,Penaforte,CE,2018,7,0.0,0.0,,,,,True,inpe_bdq_legacy,False
2310605,Penaforte,CE,2018,8,0.0,0.0,,,,,True,inpe_bdq_legacy,False
2310605,Penaforte,CE,2018,9,0.0,0.0,,,,,True,inpe_bdq_legacy,False
2310605,Penaforte,CE,2018,10,0.0,0.0,,,,,True,inpe_bdq_legacy,False
2310605,Penaforte,CE,2018,11,0.0,0.0,,,,,True,inpe_bdq_legacy,False
2310605,Penaforte,CE,2018,12,0.0,0.0,,,,,True,inpe_bdq_legacy,False
2310605,Penaforte,CE,2019,1,0.0,0.0,,,,,True,inpe_bdq_legacy,False
2310605,Penaforte,CE,2019,2,0.0,0.0,,,,,True,inpe_bdq_legacy,False
2310605,Penaforte,CE,2019,3,0.0,0.0,,,,,True,inpe_bdq_legacy,False
2310605,Penaforte,CE,2019,4,0.0,0.0,,,,,True,inpe_bdq_legacy,False
2310605,Penaforte,CE,2019,5,0.0,0.0,,,,,True,inpe_bdq_legacy,False
2310605,Penaforte,CE,2019,6,0.0,0.0,,,,,True,inpe_bdq_legacy,False
2310605,Penaforte,CE,2019,7,0.0,0.0,,,,,True,inpe_bdq_legacy,False
2310605,Penaforte,CE,2019,8,0.0,0.0,,,,,True,inpe_bdq_legacy,False
2310605,Penaforte,CE,2019,9,0.0,0.0,,,,,True,inpe_bdq_legacy,False
2310605,Penaforte,CE,2019,10,0.0,0.0,,,,,True,inpe_bdq_legacy,False
2310605,Penaforte,CE,2019,11,0.0,0.0,,,,,True,inpe_bdq_legacy,False
2310605,Penaforte,CE,2019,12,0.0,0.0,,,,,True,inpe_bdq_legacy,False
2310605,Penaforte,CE,2020,1,0.0,0.0,,,,,True,inpe_bdq_legacy,False
2310605,Penaforte,CE,2020,2,0.0,0.0,,,,,True,inpe_bdq_legacy,False
2310605,Penaforte,CE,2020,3,0.0,0.0,,,,,True,inpe_bdq_legacy,False
2310605,Penaforte,CE,2020,4,0.0,0.0,,,,,True,inpe_bdq_legacy,False
2310605,Penaforte,CE,2020,5,0.0,0.0,,,,,True,inpe_bdq_legacy,False
2310605,Penaforte,CE,2020,6,0.0,0.0,,,,,True,inpe_bdq_legacy,False
2310605,Penaforte,CE,2020,7,0.0,0.0,,,,,True,inpe_bdq_legacy,False
2310605,Penaforte,CE,2020,8,0.0,0.0,,,,,True,inpe_bdq_legacy,False
2310605,Penaforte,CE,2020,9,0.0,0.0,,,,,True,inpe_bdq_legacy,False
2310605,Penaforte,CE,2020,10,0.0,0.0,,,,,True,inpe_bdq_legacy,False
2310605,Penaforte,CE,2020,11,0.0,0.0,,,,,True,inpe_bdq_legacy,False
2310605,Penaforte,CE,2020,12,1.0,105.8,105.8,105.8,1.0,4.0,False,inpe_bdq_legacy,False
2310605,Penaforte,CE,2021,1,0.0,0.0,,,,,True,inpe_bdq_legacy,False
2310605,Penaforte,CE,2021,2,0.0,0.0,,,,,True,inpe_bdq_legacy,False
2310605,Penaforte,CE,2021,3,0.0,0.0,,,,,True,inpe_bdq_legacy,False
2310605,Penaforte,CE,2021,4,0.0,0.0,,,,,True,inpe_bdq_legacy,False
2310605,Penaforte,CE,2021,5,0.0,0.0,,,,,True,inpe_bdq_legacy,False
2310605,Penaforte,CE,2021,6,0.0,0.0,,,,,True,inpe_bdq_legacy,False
2310605,Penaforte,CE,2021,7,0.0,0.0,,,,,True,inpe_bdq_legacy,False
2310605,Penaforte,CE,2021,8,,0.0,,,,,True,inpe_bdq_legacy,True
2310605,Penaforte,CE,2021,9,,0.0,,,,,True,inpe_bdq_legacy,True
2310605,Penaforte,CE,2021,10,,0.0,,,,,True,inpe_bdq_legacy,True
2310605,Penaforte,CE,2021,11,,0.0,,,,,True,inpe_bdq_legacy,True
2310605,Penaforte,CE,2021,12,,0.0,,,,,True,inpe_bdq_legacy,True
2310605,Penaforte,CE,2022,1,0.0,0.0,,,,,True,inpe_bdq_legacy,False
2310605,Penaforte,CE,2022,2,0.0,0.0,,,,,True,inpe_bdq_legacy,False
2310605,Penaforte,CE,2022,3,0.0,0.0,,,,,True,inpe_bdq_legacy,False
2310605,Penaforte,CE,2022,4,0.0,0.0,,,,,True,inpe_bdq_legacy,False
2310605,Penaforte,CE,2022,5,0.0,0.0,,,,,True,inpe_bdq_legacy,False
2310605,Penaforte,CE,2022,6,0.0,0.0,,,,,True,inpe_bdq_legacy,False
2310605,Penaforte,CE,2022,7,0.0,0.0,,,,,True,inpe_bdq_legacy,False
2310605,Penaforte,CE,2022,8,0.0,0.0,,,,,True,inpe_bdq_legacy,False
2310605,Penaforte,CE,2022,9,0.0,0.0,,,,,True,inpe_bdq_legacy,False
2310605,Penaforte,CE,2022,10,1.0,85.8,85.8,85.8,1.0,4.0,False,inpe_bdq_legacy,False
2310605,Penaforte,CE,2022,11,0.0,0.0,,,,,True,inpe_bdq_legacy,False
2310605,Penaforte,CE,2022,12,2.0,30.0,15.0,21.2,0.34,7.0,False,inpe_bdq_legacy,False
2310605,Penaforte,CE,2023,1,0.0,0.0,,,,,True,inpe_bdq_legacy,False
2310605,Penaforte,CE,2023,2,0.0,0.0,,,,,True,inpe_bdq_legacy,False
2310605,Penaforte,CE,2023,3,0.0,0.0,,,,,True,inpe_bdq_legacy,False
2310605,Penaforte,CE,2023,4,0.0,0.0,,,,,True,inpe_bdq_legacy,False
2310605,Penaforte,CE,2023,5,0.0,0.0,,,,,True,inpe_bdq_legacy,False
2310605,Penaforte,CE,2023,6,0.0,0.0,,,,,True,inpe_bdq_legacy,False
2310605,Penaforte,CE,2023,7,1.0,7.8,7.8,7.8,1.0,25.0,False,inpe_bdq_legacy,False
2310605,Penaforte,CE,2023,8,0.0,0.0,,,,,True,inpe_bdq_legacy,False
2310605,Penaforte,CE,2023,9,0.0,0.0,,,,,True,inpe_bdq_legacy,False
2310605,Penaforte,CE,2023,10,0.0,0.0,,,,,True,inpe_bdq_legacy,False
2310605,Penaforte,CE,2023,11,0.0,0.0,,,,,True,inpe_bdq_legacy,False
2310605,Penaforte,CE,2023,12,1.0,132.3,132.3,132.3,0.02,9.0,False,inpe_bdq_legacy,False
2310605,Penaforte,CE,2024,1,1.0,16.2,16.2,16.2,1.0,6.0,False,inpe_bdq_legacy,False
2310605,Penaforte,CE,2024,2,0.0,0.0,,,,,True,inpe_bdq_legacy,False
2310605,Penaforte,CE,2024,3,0.0,0.0,,,,,True,inpe_bdq_legacy,False
2310605,Penaforte,CE,2024,4,0.0,0.0,,,,,True,inpe_bdq_legacy,False
2310605,Penaforte,CE,2024,5,0.0,0.0,,,,,True,inpe_bdq_legacy,False
2310605,Penaforte,CE,2024,6,0.0,0.0,,,,,True,inpe_bdq_legacy,False
2310605,Penaforte,CE,2024,7,0.0,0.0,,,,,True,inpe_bdq_legacy,False
2310605,Penaforte,CE,2024,8,0.0,0.0,,,,,True,inpe_bdq_legacy,False
2310605,Penaforte,CE,2024,9,0.0,0.0,,,,,True,inpe_bdq_legacy,False
2310605,Penaforte,CE,2024,10,2.0,19.1,9.55,10.1,1.0,9.0,False,inpe_bdq_legacy,False
2310605,Penaforte,CE,2024,11,2.0,90.4,45.2,51.3,0.845,0.0,False,inpe_bdq_legacy,False
2310605,Penaforte,CE,2024,12,0.0,0.0,,,,,True,inpe_bdq_legacy,False
2310605,Penaforte,CE,2025,1,0.0,0.0,,,,,True,inpe_bdq_legacy,False
2310605,Penaforte,CE,2025,2,0.0,0.0,,,,,True,inpe_bdq_legacy,False
2310605,Penaforte,CE,2025,3,0.0,0.0,,,,,True,inpe_bdq_legacy,False
2310605,Penaforte,CE,2025,4,1.0,8.7,8.7,8.7,0.29,0.0,False,inpe_bdq_legacy,False
2310605,Penaforte,CE,2025,5,0.0,0.0,,,,,True,inpe_bdq_legacy,False
2310605,Penaforte,CE,2025,6,0.0,0.0,,,,,True,inpe_bdq_legacy,False
2310605,Penaforte,CE,2025,7,0.0,0.0,,,,,True,inpe_bdq_legacy,False
2310605,Penaforte,CE,2025,8,0.0,0.0,,,,,True,inpe_bdq_legacy,False
2310605,Penaforte,CE,2025,9,0.0,0.0,,,,,True,inpe_bdq_legacy,False
2310605,Penaforte,CE,2025,10,0.0,0.0,,,,,True,inpe_bdq_legacy,False
2310605,Penaforte,CE,2025,11,0.0,0.0,,,,,True,inpe_bdq_legacy,False
2310605,Penaforte,CE,2025,12,1.0,14.0,14.0,14.0,1.0,9.0,False,inpe_bdq_legacy,False
2310605,Penaforte,CE,2026,1,0.0,0.0,,,,,True,inpe_bdq_legacy,False
2310605,Penaforte,CE,2026,2,0.0,0.0,,,,,True,inpe_bdq_legacy,False
2310605,Penaforte,CE,2026,3,0.0,0.0,,,,,True,inpe_bdq_legacy,False
2310605,Penaforte,CE,2026,4,1.0,6.8,6.8,6.8,0.08,2.0,False,inpe_bdq_legacy,False
2311108,Porteiras,CE,2002,10,2.0,866.5,433.25,618.9,,,False,inpe_bdq_legacy,False
2311108,Porteiras,CE,2002,11,1.0,30.4,30.4,30.4,,,False,inpe_bdq_legacy,False
2311108,Porteiras,CE,2002,12,1.0,25.1,25.1,25.1,,,False,inpe_bdq_legacy,False
2311108,Porteiras,CE,2003,1,0.0,0.0,,,,,True,inpe_bdq_legacy,False
2311108,Porteiras,CE,2003,2,0.0,0.0,,,,,True,inpe_bdq_legacy,False
2311108,Porteiras,CE,2003,3,0.0,0.0,,,,,True,inpe_bdq_legacy,False
2311108,Porteiras,CE,2003,4,0.0,0.0,,,,,True,inpe_bdq_legacy,False
2311108,Porteiras,CE,2003,5,0.0,0.0,,,,,True,inpe_bdq_legacy,False
2311108,Porteiras,CE,2003,6,0.0,0.0,,,,,True,inpe_bdq_legacy,False
2311108,Porteiras,CE,2003,7,0.0,0.0,,,,,True,inpe_bdq_legacy,False
2311108,Porteiras,CE,2003,8,0.0,0.0,,,,,True,inpe_bdq_legacy,False
2311108,Porteiras,CE,2003,9,3.0,30.5,10.166666666666666,13.5,,,False,inpe_bdq_legacy,False
2311108,Porteiras,CE,2003,10,6.0,245.5,40.916666666666664,115.3,,,False,inpe_bdq_legacy,False
2311108,Porteiras,CE,2003,11,4.0,95.4,23.85,30.7,,,False,inpe_bdq_legacy,False
2311108,Porteiras,CE,2003,12,1.0,20.8,20.8,20.8,,,False,inpe_bdq_legacy,False
2311108,Porteiras,CE,2004,1,0.0,0.0,,,,,True,inpe_bdq_legacy,False
2311108,Porteiras,CE,2004,2,0.0,0.0,,,,,True,inpe_bdq_legacy,False
2311108,Porteiras,CE,2004,3,0.0,0.0,,,,,True,inpe_bdq_legacy,False
2311108,Porteiras,CE,2004,4,0.0,0.0,,,,,True,inpe_bdq_legacy,False
2311108,Porteiras,CE,2004,5,0.0,0.0,,,,,True,inpe_bdq_legacy,False
2311108,Porteiras,CE,2004,6,0.0,0.0,,,,,True,inpe_bdq_legacy,False
2311108,Porteiras,CE,2004,7,0.0,0.0,,,,,True,inpe_bdq_legacy,False
2311108,Porteiras,CE,2004,8,0.0,0.0,,,,,True,inpe_bdq_legacy,False
2311108,Porteiras,CE,2004,9,3.0,454.6,151.53333333333333,216.2,,,False,inpe_bdq_legacy,False
2311108,Porteiras,CE,2004,10,1.0,40.4,40.4,40.4,,,False,inpe_bdq_legacy,False
2311108,Porteiras,CE,2004,11,0.0,0.0,,,,,True,inpe_bdq_legacy,False
2311108,Porteiras,CE,2004,12,7.0,208.7,29.814285714285713,45.1,,,False,inpe_bdq_legacy,False
2311108,Porteiras,CE,2005,1,0.0,0.0,,,,,True,inpe_bdq_legacy,False
2311108,Porteiras,CE,2005,2,0.0,0.0,,,,,True,inpe_bdq_legacy,False
2311108,Porteiras,CE,2005,3,0.0,0.0,,,,,True,inpe_bdq_legacy,False
2311108,Porteiras,CE,2005,4,0.0,0.0,,,,,True,inpe_bdq_legacy,False
2311108,Porteiras,CE,2005,5,0.0,0.0,,,,,True,inpe_bdq_legacy,False
2311108,Porteiras,CE,2005,6,1.0,6.6,6.6,6.6,,,False,inpe_bdq_legacy,False
2311108,Porteiras,CE,2005,7,1.0,10.5,10.5,10.5,,,False,inpe_bdq_legacy,False
2311108,Porteiras,CE,2005,8,0.0,0.0,,,,,True,inpe_bdq_legacy,False
2311108,Porteiras,CE,2005,9,0.0,0.0,,,,,True,inpe_bdq_legacy,False
2311108,Porteiras,CE,2005,10,1.0,36.9,36.9,36.9,,,False,inpe_bdq_legacy,False
2311108,Porteiras,CE,2005,11,3.0,288.2,96.06666666666666,216.1,,,False,inpe_bdq_legacy,False
2311108,Porteiras,CE,2005,12,7.0,333.29999999999995,47.61428571428571,107.3,,,False,inpe_bdq_legacy,False
2311108,Porteiras,CE,2006,1,0.0,0.0,,,,,True,inpe_bdq_legacy,False
2311108,Porteiras,CE,2006,2,0.0,0.0,,,,,True,inpe_bdq_legacy,False
2311108,Porteiras,CE,2006,3,0.0,0.0,,,,,True,inpe_bdq_legacy,False
2311108,Porteiras,CE,2006,4,0.0,0.0,,,,,True,inpe_bdq_legacy,False
2311108,Porteiras,CE,2006,5,0.0,0.0,,,,,True,inpe_bdq_legacy,False
2311108,Porteiras,CE,2006,6,0.0,0.0,,,,,True,inpe_bdq_legacy,False
2311108,Porteiras,CE,2006,7,0.0,0.0,,,,,True,inpe_bdq_legacy,False
2311108,Porteiras,CE,2006,8,0.0,0.0,,,,,True,inpe_bdq_legacy,False
2311108,Porteiras,CE,2006,9,0.0,0.0,,,,,True,inpe_bdq_legacy,False
2311108,Porteiras,CE,2006,10,1.0,17.7,17.7,17.7,,,False,inpe_bdq_legacy,False
2311108,Porteiras,CE,2006,11,7.0,321.0,45.857142857142854,84.2,,,False,inpe_bdq_legacy,False
2311108,Porteiras,CE,2006,12,4.0,120.6,30.15,65.6,,,False,inpe_bdq_legacy,False
2311108,Porteiras,CE,2007,1,1.0,9.1,9.1,9.1,,,False,inpe_bdq_legacy,False
2311108,Porteiras,CE,2007,2,0.0,0.0,,,,,True,inpe_bdq_legacy,False
2311108,Porteiras,CE,2007,3,0.0,0.0,,,,,True,inpe_bdq_legacy,False
2311108,Porteiras,CE,2007,4,0.0,0.0,,,,,True,inpe_bdq_legacy,False
2311108,Porteiras,CE,2007,5,0.0,0.0,,,,,True,inpe_bdq_legacy,False
2311108,Porteiras,CE,2007,6,0.0,0.0,,,,,True,inpe_bdq_legacy,False
2311108,Porteiras,CE,2007,7,0.0,0.0,,,,,True,inpe_bdq_legacy,False
2311108,Porteiras,CE,2007,8,0.0,0.0,,,,,True,inpe_bdq_legacy,False
2311108,Porteiras,CE,2007,9,0.0,0.0,,,,,True,inpe_bdq_legacy,False
2311108,Porteiras,CE,2007,10,0.0,0.0,,,,,True,inpe_bdq_legacy,False
2311108,Porteiras,CE,2007,11,7.0,961.4000000000001,137.34285714285716,625.1,,,False,inpe_bdq_legacy,False
2311108,Porteiras,CE,2007,12,0.0,0.0,,,,,True,inpe_bdq_legacy,False
2311108,Porteiras,CE,2008,1,0.0,0.0,,,,,True,inpe_bdq_legacy,False
2311108,Porteiras,CE,2008,2,1.0,9.0,9.0,9.0,,,False,inpe_bdq_legacy,False
2311108,Porteiras,CE,2008,3,0.0,0.0,,,,,True,inpe_bdq_legacy,False
2311108,Porteiras,CE,2008,4,0.0,0.0,,,,,True,inpe_bdq_legacy,False
2311108,Porteiras,CE,2008,5,0.0,0.0,,,,,True,inpe_bdq_legacy,False
2311108,Porteiras,CE,2008,6,0.0,0.0,,,,,True,inpe_bdq_legacy,False
2311108,Porteiras,CE,2008,7,0.0,0.0,,,,,True,inpe_bdq_legacy,False
2311108,Porteiras,CE,2008,8,0.0,0.0,,,,,True,inpe_bdq_legacy,False
2311108,Porteiras,CE,2008,9,0.0,0.0,,,,,True,inpe_bdq_legacy,False
2311108,Porteiras,CE,2008,10,1.0,20.6,20.6,20.6,,,False,inpe_bdq_legacy,False
2311108,Porteiras,CE,2008,11,0.0,0.0,,,,,True,inpe_bdq_legacy,False
2311108,Porteiras,CE,2008,12,6.0,182.9,30.483333333333334,87.0,,,False,inpe_bdq_legacy,False
2311108,Porteiras,CE,2009,1,1.0,19.0,19.0,19.0,,,False,inpe_bdq_legacy,False
2311108,Porteiras,CE,2009,2,0.0,0.0,,,,,True,inpe_bdq_legacy,False
2311108,Porteiras,CE,2009,3,0.0,0.0,,,,,True,inpe_bdq_legacy,False
2311108,Porteiras,CE,2009,4,0.0,0.0,,,,,True,inpe_bdq_legacy,False
2311108,Porteiras,CE,2009,5,0.0,0.0,,,,,True,inpe_bdq_legacy,False
2311108,Porteiras,CE,2009,6,0.0,0.0,,,,,True,inpe_bdq_legacy,False
2311108,Porteiras,CE,2009,7,0.0,0.0,,,,,True,inpe_bdq_legacy,False
2311108,Porteiras,CE,2009,8,0.0,0.0,,,,,True,inpe_bdq_legacy,False
2311108,Porteiras,CE,2009,9,1.0,18.9,18.9,18.9,,,False,inpe_bdq_legacy,False
2311108,Porteiras,CE,2009,10,2.0,116.89999999999999,58.449999999999996,65.1,,,False,inpe_bdq_legacy,False
2311108,Porteiras,CE,2009,11,2.0,30.7,15.35,16.0,,,False,inpe_bdq_legacy,False
2311108,Porteiras,CE,2009,12,0.0,0.0,,,,,True,inpe_bdq_legacy,False
2311108,Porteiras,CE,2010,1,0.0,0.0,,,,,True,inpe_bdq_legacy,False
2311108,Porteiras,CE,2010,2,1.0,23.1,23.1,23.1,,,False,inpe_bdq_legacy,False
2311108,Porteiras,CE,2010,3,0.0,0.0,,,,,True,inpe_bdq_legacy,False
2311108,Porteiras,CE,2010,4,0.0,0.0,,,,,True,inpe_bdq_legacy,False
2311108,Porteiras,CE,2010,5,1.0,25.6,25.6,25.6,,,False,inpe_bdq_legacy,False
2311108,Porteiras,CE,2010,6,0.0,0.0,,,,,True,inpe_bdq_legacy,False
2311108,Porteiras,CE,2010,7,0.0,0.0,,,,,True,inpe_bdq_legacy,False
2311108,Porteiras,CE,2010,8,0.0,0.0,,,,,True,inpe_bdq_legacy,False
2311108,Porteiras,CE,2010,9,0.0,0.0,,,,,True,inpe_bdq_legacy,False
2311108,Porteiras,CE,2010,10,0.0,0.0,,,,,True,inpe_bdq_legacy,False
2311108,Porteiras,CE,2010,11,2.0,35.6,17.8,18.1,,,False,inpe_bdq_legacy,False
2311108,Porteiras,CE,2010,12,0.0,0.0,,,,,True,inpe_bdq_legacy,False
2311108,Porteiras,CE,2011,1,0.0,0.0,,,,,True,inpe_bdq_legacy,False
2311108,Porteiras,CE,2011,2,0.0,0.0,,,,,True,inpe_bdq_legacy,False
2311108,Porteiras,CE,2011,3,0.0,0.0,,,,,True,inpe_bdq_legacy,False
2311108,Porteiras,CE,2011,4,0.0,0.0,,,,,True,inpe_bdq_legacy,False
2311108,Porteiras,CE,2011,5,0.0,0.0,,,,,True,inpe_bdq_legacy,False
2311108,Porteiras,CE,2011,6,0.0,0.0,,,,,True,inpe_bdq_legacy,False
2311108,Porteiras,CE,2011,7,0.0,0.0,,,,,True,inpe_bdq_legacy,False
2311108,Porteiras,CE,2011,8,0.0,0.0,,,,,True,inpe_bdq_legacy,False
2311108,Porteiras,CE,2011,9,1.0,8.5,8.5,8.5,,,False,inpe_bdq_legacy,False
2311108,Porteiras,CE,2011,10,0.0,0.0,,,,,True,inpe_bdq_legacy,False
2311108,Porteiras,CE,2011,11,0.0,0.0,,,,,True,inpe_bdq_legacy,False
2311108,Porteiras,CE,2011,12,0.0,0.0,,,,,True,inpe_bdq_legacy,False
2311108,Porteiras,CE,2012,1,0.0,0.0,,,,,True,inpe_bdq_legacy,False
2311108,Porteiras,CE,2012,2,0.0,0.0,,,,,True,inpe_bdq_legacy,False
2311108,Porteiras,CE,2012,3,0.0,0.0,,,,,True,inpe_bdq_legacy,False
2311108,Porteiras,CE,2012,4,0.0,0.0,,,,,True,inpe_bdq_legacy,False
2311108,Porteiras,CE,2012,5,0.0,0.0,,,,,True,inpe_bdq_legacy,False
2311108,Porteiras,CE,2012,6,0.0,0.0,,,,,True,inpe_bdq_legacy,False
2311108,Porteiras,CE,2012,7,2.0,38.900000000000006,19.450000000000003,19.8,,,False,inpe_bdq_legacy,False
2311108,Porteiras,CE,2012,8,0.0,0.0,,,,,True,inpe_bdq_legacy,False
2311108,Porteiras,CE,2012,9,4.0,116.30000000000001,29.075000000000003,62.2,,,False,inpe_bdq_legacy,False
2311108,Porteiras,CE,2012,10,1.0,23.5,23.5,23.5,,,False,inpe_bdq_legacy,False
2311108,Porteiras,CE,2012,11,0.0,0.0,,,,,True,inpe_bdq_legacy,False
2311108,Porteiras,CE,2012,12,0.0,0.0,,,,,True,inpe_bdq_legacy,False
2311108,Porteiras,CE,2013,1,0.0,0.0,,,,,True,inpe_bdq_legacy,False
2311108,Porteiras,CE,2013,2,0.0,0.0,,,,,True,inpe_bdq_legacy,False
2311108,Porteiras,CE,2013,3,0.0,0.0,,,,,True,inpe_bdq_legacy,False
2311108,Porteiras,CE,2013,4,0.0,0.0,,,,,True,inpe_bdq_legacy,False
2311108,Porteiras,CE,2013,5,0.0,0.0,,,,,True,inpe_bdq_legacy,False
2311108,Porteiras,CE,2013,6,0.0,0.0,,,,,True,inpe_bdq_legacy,False
2311108,Porteiras,CE,2013,7,0.0,0.0,,,,,True,inpe_bdq_legacy,False
2311108,Porteiras,CE,2013,8,0.0,0.0,,,,,True,inpe_bdq_legacy,False
2311108,Porteiras,CE,2013,9,5.0,229.39999999999998,45.879999999999995,96.1,,,False,inpe_bdq_legacy,False
2311108,Porteiras,CE,2013,10,0.0,0.0,,,,,True,inpe_bdq_legacy,False
2311108,Porteiras,CE,2013,11,0.0,0.0,,,,,True,inpe_bdq_legacy,False
2311108,Porteiras,CE,2013,12,0.0,0.0,,,,,True,inpe_bdq_legacy,False
2311108,Porteiras,CE,2014,1,0.0,0.0,,,,,True,inpe_bdq_legacy,False
2311108,Porteiras,CE,2014,2,0.0,0.0,,,,,True,inpe_bdq_legacy,False
2311108,Porteiras,CE,2014,3,0.0,0.0,,,,,True,inpe_bdq_legacy,False
2311108,Porteiras,CE,2014,4,0.0,0.0,,,,,True,inpe_bdq_legacy,False
2311108,Porteiras,CE,2014,5,0.0,0.0,,,,,True,inpe_bdq_legacy,False
2311108,Porteiras,CE,2014,6,0.0,0.0,,,,,True,inpe_bdq_legacy,False
2311108,Porteiras,CE,2014,7,0.0,0.0,,,,,True,inpe_bdq_legacy,False
2311108,Porteiras,CE,2014,8,0.0,0.0,,,,,True,inpe_bdq_legacy,False
2311108,Porteiras,CE,2014,9,0.0,0.0,,,,,True,inpe_bdq_legacy,False
2311108,Porteiras,CE,2014,10,0.0,0.0,,,,,True,inpe_bdq_legacy,False
2311108,Porteiras,CE,2014,11,0.0,0.0,,,,,True,inpe_bdq_legacy,False
2311108,Porteiras,CE,2014,12,1.0,18.6,18.6,18.6,0.8,2.0,False,inpe_bdq_legacy,False
2311108,Porteiras,CE,2015,1,1.0,9.3,9.3,9.3,1.0,5.0,False,inpe_bdq_legacy,False
2311108,Porteiras,CE,2015,2,0.0,0.0,,,,,True,inpe_bdq_legacy,False
2311108,Porteiras,CE,2015,3,0.0,0.0,,,,,True,inpe_bdq_legacy,False
2311108,Porteiras,CE,2015,4,0.0,0.0,,,,,True,inpe_bdq_legacy,False
2311108,Porteiras,CE,2015,5,0.0,0.0,,,,,True,inpe_bdq_legacy,False
2311108,Porteiras,CE,2015,6,0.0,0.0,,,,,True,inpe_bdq_legacy,False
2311108,Porteiras,CE,2015,7,0.0,0.0,,,,,True,inpe_bdq_legacy,False
2311108,Porteiras,CE,2015,8,,0.0,,,,,True,inpe_bdq_legacy,True
2311108,Porteiras,CE,2015,9,,0.0,,,,,True,inpe_bdq_legacy,True
2311108,Porteiras,CE,2015,10,,0.0,,,,,True,inpe_bdq_legacy,True
2311108,Porteiras,CE,2015,11,,0.0,,,,,True,inpe_bdq_legacy,True
2311108,Porteiras,CE,2015,12,,0.0,,,,,True,inpe_bdq_legacy,True
2311108,Porteiras,CE,2016,1,0.0,0.0,,,,,True,inpe_bdq_legacy,False
2311108,Porteiras,CE,2016,2,0.0,0.0,,,,,True,inpe_bdq_legacy,False
2311108,Porteiras,CE,2016,3,0.0,0.0,,,,,True,inpe_bdq_legacy,False
2311108,Porteiras,CE,2016,4,0.0,0.0,,,,,True,inpe_bdq_legacy,False
2311108,Porteiras,CE,2016,5,0.0,0.0,,,,,True,inpe_bdq_legacy,False
2311108,Porteiras,CE,2016,6,0.0,0.0,,,,,True,inpe_bdq_legacy,False
2311108,Porteiras,CE,2016,7,0.0,0.0,,,,,True,inpe_bdq_legacy,False
2311108,Porteiras,CE,2016,8,0.0,0.0,,,,,True,inpe_bdq_legacy,False
2311108,Porteiras,CE,2016,9,1.0,18.4,18.4,18.4,1.0,44.0,False,inpe_bdq_legacy,False
2311108,Porteiras,CE,2016,10,0.0,0.0,,,,,True,inpe_bdq_legacy,False
2311108,Porteiras,CE,2016,11,1.0,12.9,12.9,12.9,1.0,3.0,False,inpe_bdq_legacy,False
2311108,Porteiras,CE,2016,12,1.0,17.7,17.7,17.7,1.0,4.0,False,inpe_bdq_legacy,False
2311108,Porteiras,CE,2017,1,0.0,0.0,,,,,True,inpe_bdq_legacy,False
2311108,Porteiras,CE,2017,2,0.0,0.0,,,,,True,inpe_bdq_legacy,False
2311108,Porteiras,CE,2017,3,0.0,0.0,,,,,True,inpe_bdq_legacy,False
2311108,Porteiras,CE,2017,4,0.0,0.0,,,,,True,inpe_bdq_legacy,False
2311108,Porteiras,CE,2017,5,0.0,0.0,,,,,True,inpe_bdq_legacy,False
2311108,Porteiras,CE,2017,6,0.0,0.0,,,,,True,inpe_bdq_legacy,False
2311108,Porteiras,CE,2017,7,0.0,0.0,,,,,True,inpe_bdq_legacy,False
2311108,Porteiras,CE,2017,8,0.0,0.0,,,,,True,inpe_bdq_legacy,False
2311108,Porteiras,CE,2017,9,0.0,0.0,,,,,True,inpe_bdq_legacy,False
2311108,Porteiras,CE,2017,10,0.0,0.0,,,,,True,inpe_bdq_legacy,False
2311108,Porteiras,CE,2017,11,1.0,36.6,36.6,36.6,1.0,0.0,False,inpe_bdq_legacy,False
2311108,Porteiras,CE,2017,12,0.0,0.0,,,,,True,inpe_bdq_legacy,False
2311108,Porteiras,CE,2018,1,1.0,12.3,12.3,12.3,0.2,0.0,False,inpe_bdq_legacy,False
2311108,Porteiras,CE,2018,2,0.0,0.0,,,,,True,inpe_bdq_legacy,False
2311108,Porteiras,CE,2018,3,0.0,0.0,,,,,True,inpe_bdq_legacy,False
2311108,Porteiras,CE,2018,4,0.0,0.0,,,,,True,inpe_bdq_legacy,False
2311108,Porteiras,CE,2018,5,0.0,0.0,,,,,True,inpe_bdq_legacy,False
2311108,Porteiras,CE,2018,6,0.0,0.0,,,,,True,inpe_bdq_legacy,False
2311108,Porteiras,CE,2018,7,0.0,0.0,,,,,True,inpe_bdq_legacy,False
2311108,Porteiras,CE,2018,8,0.0,0.0,,,,,True,inpe_bdq_legacy,False
2311108,Porteiras,CE,2018,9,1.0,21.9,21.9,21.9,1.0,104.0,False,inpe_bdq_legacy,False
2311108,Porteiras,CE,2018,10,0.0,0.0,,,,,True,inpe_bdq_legacy,False
2311108,Porteiras,CE,2018,11,1.0,27.0,27.0,27.0,1.0,17.0,False,inpe_bdq_legacy,False
2311108,Porteiras,CE,2018,12,0.0,0.0,,,,,True,inpe_bdq_legacy,False
2311108,Porteiras,CE,2019,1,0.0,0.0,,,,,True,inpe_bdq_legacy,False
2311108,Porteiras,CE,2019,2,0.0,0.0,,,,,True,inpe_bdq_legacy,False
2311108,Porteiras,CE,2019,3,0.0,0.0,,,,,True,inpe_bdq_legacy,False
2311108,Porteiras,CE,2019,4,0.0,0.0,,,,,True,inpe_bdq_legacy,False
2311108,Porteiras,CE,2019,5,0.0,0.0,,,,,True,inpe_bdq_legacy,False
2311108,Porteiras,CE,2019,6,0.0,0.0,,,,,True,inpe_bdq_legacy,False
2311108,Porteiras,CE,2019,7,0.0,0.0,,,,,True,inpe_bdq_legacy,False
2311108,Porteiras,CE,2019,8,0.0,0.0,,,,,True,inpe_bdq_legacy,False
2311108,Porteiras,CE,2019,9,0.0,0.0,,,,,True,inpe_bdq_legacy,False
2311108,Porteiras,CE,2019,10,1.0,96.3,96.3,96.3,1.0,31.0,False,inpe_bdq_legacy,False
2311108,Porteiras,CE,2019,11,0.0,0.0,,,,,True,inpe_bdq_legacy,False
2311108,Porteiras,CE,2019,12,8.0,551.9,68.9875,130.3,0.95,2.875,False,inpe_bdq_legacy,False
2311108,Porteiras,CE,2020,1,0.0,0.0,,,,,True,inpe_bdq_legacy,False
2311108,Porteiras,CE,2020,2,0.0,0.0,,,,,True,inpe_bdq_legacy,False
2311108,Porteiras,CE,2020,3,0.0,0.0,,,,,True,inpe_bdq_legacy,False
2311108,Porteiras,CE,2020,4,0.0,0.0,,,,,True,inpe_bdq_legacy,False
2311108,Porteiras,CE,2020,5,0.0,0.0,,,,,True,inpe_bdq_legacy,False
2311108,Porteiras,CE,2020,6,0.0,0.0,,,,,True,inpe_bdq_legacy,False
2311108,Porteiras,CE,2020,7,0.0,0.0,,,,,True,inpe_bdq_legacy,False
2311108,Porteiras,CE,2020,8,1.0,7.0,7.0,7.0,1.0,34.0,False,inpe_bdq_legacy,False
2311108,Porteiras,CE,2020,9,0.0,0.0,,,,,True,inpe_bdq_legacy,False
2311108,Porteiras,CE,2020,10,0.0,0.0,,,,,True,inpe_bdq_legacy,False
2311108,Porteiras,CE,2020,11,0.0,0.0,,,,,True,inpe_bdq_legacy,False
2311108,Porteiras,CE,2020,12,0.0,0.0,,,,,True,inpe_bdq_legacy,False
2311108,Porteiras,CE,2021,1,0.0,0.0,,,,,True,inpe_bdq_legacy,False
2311108,Porteiras,CE,2021,2,0.0,0.0,,,,,True,inpe_bdq_legacy,False
2311108,Porteiras,CE,2021,3,0.0,0.0,,,,,True,inpe_bdq_legacy,False
2311108,Porteiras,CE,2021,4,0.0,0.0,,,,,True,inpe_bdq_legacy,False
2311108,Porteiras,CE,2021,5,0.0,0.0,,,,,True,inpe_bdq_legacy,False
2311108,Porteiras,CE,2021,6,0.0,0.0,,,,,True,inpe_bdq_legacy,False
2311108,Porteiras,CE,2021,7,0.0,0.0,,,,,True,inpe_bdq_legacy,False
2311108,Porteiras,CE,2021,8,0.0,0.0,,,,,True,inpe_bdq_legacy,False
2311108,Porteiras,CE,2021,9,0.0,0.0,,,,,True,inpe_bdq_legacy,False
2311108,Porteiras,CE,2021,10,1.0,77.3,77.3,77.3,1.0,5.0,False,inpe_bdq_legacy,False
2311108,Porteiras,CE,2021,11,10.0,464.29999999999995,46.42999999999999,110.8,0.85,3.9,False,inpe_bdq_legacy,False
2311108,Porteiras,CE,2021,12,0.0,0.0,,,,,True,inpe_bdq_legacy,False
2311108,Porteiras,CE,2022,1,0.0,0.0,,,,,True,inpe_bdq_legacy,False
2311108,Porteiras,CE,2022,2,0.0,0.0,,,,,True,inpe_bdq_legacy,False
2311108,Porteiras,CE,2022,3,0.0,0.0,,,,,True,inpe_bdq_legacy,False
2311108,Porteiras,CE,2022,4,0.0,0.0,,,,,True,inpe_bdq_legacy,False
2311108,Porteiras,CE,2022,5,0.0,0.0,,,,,True,inpe_bdq_legacy,False
2311108,Porteiras,CE,2022,6,0.0,0.0,,,,,True,inpe_bdq_legacy,False
2311108,Porteiras,CE,2022,7,0.0,0.0,,,,,True,inpe_bdq_legacy,False
2311108,Porteiras,CE,2022,8,2.0,20.700000000000003,10.350000000000001,10.9,1.0,39.0,False,inpe_bdq_legacy,False
2311108,Porteiras,CE,2022,9,1.0,28.1,28.1,28.1,1.0,19.0,False,inpe_bdq_legacy,False
2311108,Porteiras,CE,2022,10,1.0,28.5,28.5,28.5,1.0,6.0,False,inpe_bdq_legacy,False
2311108,Porteiras,CE,2022,11,2.0,69.7,34.85,49.0,0.88,6.0,False,inpe_bdq_legacy,False
2311108,Porteiras,CE,2022,12,0.0,0.0,,,,,True,inpe_bdq_legacy,False
2311108,Porteiras,CE,2023,1,0.0,0.0,,,,,True,inpe_bdq_legacy,False
2311108,Porteiras,CE,2023,2,0.0,0.0,,,,,True,inpe_bdq_legacy,False
2311108,Porteiras,CE,2023,3,0.0,0.0,,,,,True,inpe_bdq_legacy,False
2311108,Porteiras,CE,2023,4,0.0,0.0,,,,,True,inpe_bdq_legacy,False
2311108,Porteiras,CE,2023,5,0.0,0.0,,,,,True,inpe_bdq_legacy,False
2311108,Porteiras,CE,2023,6,0.0,0.0,,,,,True,inpe_bdq_legacy,False
2311108,Porteiras,CE,2023,7,0.0,0.0,,,,,True,inpe_bdq_legacy,False
2311108,Porteiras,CE,2023,8,0.0,0.0,,,,,True,inpe_bdq_legacy,False
2311108,Porteiras,CE,2023,9,0.0,0.0,,,,,True,inpe_bdq_legacy,False
2311108,Porteiras,CE,2023,10,0.0,0.0,,,,,True,inpe_bdq_legacy,False
2311108,Porteiras,CE,2023,11,2.0,30.200000000000003,15.100000000000001,15.8,0.5,50.0,False,inpe_bdq_legacy,False
2311108,Porteiras,CE,2023,12,1.0,16.1,16.1,16.1,1.0,8.0,False,inpe_bdq_legacy,False
2311108,Porteiras,CE,2024,1,0.0,0.0,,,,,True,inpe_bdq_legacy,False
2311108,Porteiras,CE,2024,2,0.0,0.0,,,,,True,inpe_bdq_legacy,False
2311108,Porteiras,CE,2024,3,0.0,0.0,,,,,True,inpe_bdq_legacy,False
2311108,Porteiras,CE,2024,4,0.0,0.0,,,,,True,inpe_bdq_legacy,False
2311108,Porteiras,CE,2024,5,0.0,0.0,,,,,True,inpe_bdq_legacy,False
2311108,Porteiras,CE,2024,6,0.0,0.0,,,,,True,inpe_bdq_legacy,False
2311108,Porteiras,CE,2024,7,0.0,0.0,,,,,True,inpe_bdq_legacy,False
2311108,Porteiras,CE,2024,8,,0.0,,,,,True,inpe_bdq_legacy,True
2311108,Porteiras,CE,2024,9,,0.0,,,,,True,inpe_bdq_legacy,True
2311108,Porteiras,CE,2024,10,,0.0,,,,,True,inpe_bdq_legacy,True
2311108,Porteiras,CE,2024,11,,0.0,,,,,True,inpe_bdq_legacy,True
2311108,Porteiras,CE,2024,12,,0.0,,,,,True,inpe_bdq_legacy,True
2311108,Porteiras,CE,2025,1,0.0,0.0,,,,,True,inpe_bdq_legacy,False
2311108,Porteiras,CE,2025,2,1.0,11.9,11.9,11.9,0.73,5.0,False,inpe_bdq_legacy,False
2311108,Porteiras,CE,2025,3,2.0,28.5,14.25,15.2,0.045000000000000005,2.0,False,inpe_bdq_legacy,False
2311108,Porteiras,CE,2025,4,0.0,0.0,,,,,True,inpe_bdq_legacy,False
2311108,Porteiras,CE,2025,5,0.0,0.0,,,,,True,inpe_bdq_legacy,False
2311108,Porteiras,CE,2025,6,0.0,0.0,,,,,True,inpe_bdq_legacy,False
2311108,Porteiras,CE,2025,7,1.0,28.5,28.5,28.5,1.0,25.0,False,inpe_bdq_legacy,False
2311108,Porteiras,CE,2025,8,1.0,10.9,10.9,10.9,1.0,54.0,False,inpe_bdq_legacy,False
2311108,Porteiras,CE,2025,9,0.0,0.0,,,,,True,inpe_bdq_legacy,False
2311108,Porteiras,CE,2025,10,0.0,0.0,,,,,True,inpe_bdq_legacy,False
2311108,Porteiras,CE,2025,11,4.0,107.5,26.875,45.3,1.0,13.5,False,inpe_bdq_legacy,False
2311108,Porteiras,CE,2025,12,3.0,57.5,19.166666666666668,24.1,1.0,3.3333333333333335,False,inpe_bdq_legacy,False
2311207,Potengi,CE,2002,9,1.0,10.1,10.1,10.1,,,False,inpe_bdq_legacy,False
2311207,Potengi,CE,2002,10,0.0,0.0,,,,,True,inpe_bdq_legacy,False
2311207,Potengi,CE,2002,11,3.0,90.60000000000001,30.200000000000003,64.3,,,False,inpe_bdq_legacy,False
2311207,Potengi,CE,2002,12,2.0,23.299999999999997,11.649999999999999,13.1,,,False,inpe_bdq_legacy,False
2311207,Potengi,CE,2003,1,0.0,0.0,,,,,True,inpe_bdq_legacy,False
2311207,Potengi,CE,2003,2,0.0,0.0,,,,,True,inpe_bdq_legacy,False
2311207,Potengi,CE,2003,3,0.0,0.0,,,,,True,inpe_bdq_legacy,False
2311207,Potengi,CE,2003,4,0.0,0.0,,,,,True,inpe_bdq_legacy,False
2311207,Potengi,CE,2003,5,0.0,0.0,,,,,True,inpe_bdq_legacy,False
2311207,Potengi,CE,2003,6,0.0,0.0,,,,,True,inpe_bdq_legacy,False
2311207,Potengi,CE,2003,7,0.0,0.0,,,,,True,inpe_bdq_legacy,False
2311207,Potengi,CE,2003,8,0.0,0.0,,,,,True,inpe_bdq_legacy,False
2311207,Potengi,CE,2003,9,1.0,32.7,32.7,32.7,,,False,inpe_bdq_legacy,False
2311207,Potengi,CE,2003,10,0.0,0.0,,,,,True,inpe_bdq_legacy,False
2311207,Potengi,CE,2003,11,13.0,796.6,61.276923076923076,126.7,,,False,inpe_bdq_legacy,False
2311207,Potengi,CE,2003,12,0.0,0.0,,,,,True,inpe_bdq_legacy,False
2311207,Potengi,CE,2004,1,0.0,0.0,,,,,True,inpe_bdq_legacy,False
2311207,Potengi,CE,2004,2,0.0,0.0,,,,,True,inpe_bdq_legacy,False
2311207,Potengi,CE,2004,3,0.0,0.0,,,,,True,inpe_bdq_legacy,False
2311207,Potengi,CE,2004,4,0.0,0.0,,,,,True,inpe_bdq_legacy,False
2311207,Potengi,CE,2004,5,0.0,0.0,,,,,True,inpe_bdq_legacy,False
2311207,Potengi,CE,2004,6,0.0,0.0,,,,,True,inpe_bdq_legacy,False
2311207,Potengi,CE,2004,7,0.0,0.0,,,,,True,inpe_bdq_legacy,False
2311207,Potengi,CE,2004,8,0.0,0.0,,,,,True,inpe_bdq_legacy,False
2311207,Potengi,CE,2004,9,0.0,0.0,,,,,True,inpe_bdq_legacy,False
2311207,Potengi,CE,2004,10,5.0,519.6,103.92,132.4,,,False,inpe_bdq_legacy,False
2311207,Potengi,CE,2004,11,5.0,201.89999999999998,40.379999999999995,71.1,,,False,inpe_bdq_legacy,False
2311207,Potengi,CE,2004,12,1.0,21.0,21.0,21.0,,,False,inpe_bdq_legacy,False
2311207,Potengi,CE,2005,1,1.0,6.0,6.0,6.0,,,False,inpe_bdq_legacy,False
2311207,Potengi,CE,2005,2,0.0,0.0,,,,,True,inpe_bdq_legacy,False
2311207,Potengi,CE,2005,3,0.0,0.0,,,,,True,inpe_bdq_legacy,False
2311207,Potengi,CE,2005,4,0.0,0.0,,,,,True,inpe_bdq_legacy,False
2311207,Potengi,CE,2005,5,0.0,0.0,,,,,True,inpe_bdq_legacy,False
2311207,Potengi,CE,2005,6,0.0,0.0,,,,,True,inpe_bdq_legacy,False
2311207,Potengi,CE,2005,7,0.0,0.0,,,,,True,inpe_bdq_legacy,False
2311207,Potengi,CE,2005,8,0.0,0.0,,,,,True,inpe_bdq_legacy,False
2311207,Potengi,CE,2005,9,4.0,135.7,33.925,46.4,,,False,inpe_bdq_legacy,False
2311207,Potengi,CE,2005,10,1.0,67.8,67.8,67.8,,,False,inpe_bdq_legacy,False
2311207,Potengi,CE,2005,11,3.0,51.400000000000006,17.133333333333336,23.8,,,False,inpe_bdq_legacy,False
2311207,Potengi,CE,2005,12,4.0,107.60000000000001,26.900000000000002,61.2,,,False,inpe_bdq_legacy,False
2311207,Potengi,CE,2006,1,0.0,0.0,,,,,True,inpe_bdq_legacy,False
2311207,Potengi,CE,2006,2,0.0,0.0,,,,,True,inpe_bdq_legacy,False
2311207,Potengi,CE,2006,3,0.0,0.0,,,,,True,inpe_bdq_legacy,False
2311207,Potengi,CE,2006,4,0.0,0.0,,,,,True,inpe_bdq_legacy,False
2311207,Potengi,CE,2006,5,0.0,0.0,,,,,True,inpe_bdq_legacy,False
2311207,Potengi,CE,2006,6,0.0,0.0,,,,,True,inpe_bdq_legacy,False
2311207,Potengi,CE,2006,7,0.0,0.0,,,,,True,inpe_bdq_legacy,False
2311207,Potengi,CE,2006,8,0.0,0.0,,,,,True,inpe_bdq_legacy,False
2311207,Potengi,CE,2006,9,0.0,0.0,,,,,True,inpe_bdq_legacy,False
2311207,Potengi,CE,2006,10,3.0,227.9,75.96666666666667,173.0,,,False,inpe_bdq_legacy,False
2311207,Potengi,CE,2006,11,5.0,124.80000000000001,24.96,37.1,,,False,inpe_bdq_legacy,False
2311207,Potengi,CE,2006,12,0.0,0.0,,,,,True,inpe_bdq_legacy,False
2311207,Potengi,CE,2007,1,7.0,267.8,38.25714285714286,68.1,,,False,inpe_bdq_legacy,False
2311207,Potengi,CE,2007,2,0.0,0.0,,,,,True,inpe_bdq_legacy,False
2311207,Potengi,CE,2007,3,0.0,0.0,,,,,True,inpe_bdq_legacy,False
2311207,Potengi,CE,2007,4,0.0,0.0,,,,,True,inpe_bdq_legacy,False
2311207,Potengi,CE,2007,5,0.0,0.0,,,,,True,inpe_bdq_legacy,False
2311207,Potengi,CE,2007,6,0.0,0.0,,,,,True,inpe_bdq_legacy,False
2311207,Potengi,CE,2007,7,0.0,0.0,,,,,True,inpe_bdq_legacy,False
2311207,Potengi,CE,2007,8,0.0,0.0,,,,,True,inpe_bdq_legacy,False
2311207,Potengi,CE,2007,9,0.0,0.0,,,,,True,inpe_bdq_legacy,False
2311207,Potengi,CE,2007,10,4.0,714.1,178.525,313.3,,,False,inpe_bdq_legacy,False
2311207,Potengi,CE,2007,11,8.0,711.5,88.9375,314.5,,,False,inpe_bdq_legacy,False
2311207,Potengi,CE,2007,12,2.0,28.5,14.25,14.4,,,False,inpe_bdq_legacy,False
2311207,Potengi,CE,2008,1,1.0,50.7,50.7,50.7,,,False,inpe_bdq_legacy,False
2311207,Potengi,CE,2008,2,2.0,39.6,19.8,24.0,,,False,inpe_bdq_legacy,False
2311207,Potengi,CE,2008,3,0.0,0.0,,,,,True,inpe_bdq_legacy,False
2311207,Potengi,CE,2008,4,0.0,0.0,,,,,True,inpe_bdq_legacy,False
2311207,Potengi,CE,2008,5,0.0,0.0,,,,,True,inpe_bdq_legacy,False
2311207,Potengi,CE,2008,6,0.0,0.0,,,,,True,inpe_bdq_legacy,False
2311207,Potengi,CE,2008,7,0.0,0.0,,,,,True,inpe_bdq_legacy,False
2311207,Potengi,CE,2008,8,0.0,0.0,,,,,True,inpe_bdq_legacy,False
2311207,Potengi,CE,2008,9,0.0,0.0,,,,,True,inpe_bdq_legacy,False
2311207,Potengi,CE,2008,10,0.0,0.0,,,,,True,inpe_bdq_legacy,False
2311207,Potengi,CE,2008,11,1.0,9.5,9.5,9.5,,,False,inpe_bdq_legacy,False
2311207,Potengi,CE,2008,12,4.0,83.7,20.925,30.3,,,False,inpe_bdq_legacy,False
2311207,Potengi,CE,2009,1,1.0,8.2,8.2,8.2,,,False,inpe_bdq_legacy,False
2311207,Potengi,CE,2009,2,0.0,0.0,,,,,True,inpe_bdq_legacy,False
2311207,Potengi,CE,2009,3,0.0,0.0,,,,,True,inpe_bdq_legacy,False
2311207,Potengi,CE,2009,4,0.0,0.0,,,,,True,inpe_bdq_legacy,False
2311207,Potengi,CE,2009,5,0.0,0.0,,,,,True,inpe_bdq_legacy,False
2311207,Potengi,CE,2009,6,0.0,0.0,,,,,True,inpe_bdq_legacy,False
2311207,Potengi,CE,2009,7,0.0,0.0,,,,,True,inpe_bdq_legacy,False
2311207,Potengi,CE,2009,8,0.0,0.0,,,,,True,inpe_bdq_legacy,False
2311207,Potengi,CE,2009,9,0.0,0.0,,,,,True,inpe_bdq_legacy,False
2311207,Potengi,CE,2009,10,1.0,103.0,103.0,103.0,,,False,inpe_bdq_legacy,False
2311207,Potengi,CE,2009,11,1.0,15.2,15.2,15.2,,,False,inpe_bdq_legacy,False
2311207,Potengi,CE,2009,12,3.0,193.20000000000002,64.4,116.4,,,False,inpe_bdq_legacy,False
2311207,Potengi,CE,2010,1,0.0,0.0,,,,,True,inpe_bdq_legacy,False
2311207,Potengi,CE,2010,2,3.0,172.8,57.6,70.1,,,False,inpe_bdq_legacy,False
2311207,Potengi,CE,2010,3,0.0,0.0,,,,,True,inpe_bdq_legacy,False
2311207,Potengi,CE,2010,4,0.0,0.0,,,,,True,inpe_bdq_legacy,False
2311207,Potengi,CE,2010,5,0.0,0.0,,,,,True,inpe_bdq_legacy,False
2311207,Potengi,CE,2010,6,0.0,0.0,,,,,True,inpe_bdq_legacy,False
2311207,Potengi,CE,2010,7,2.0,73.5,36.75,41.2,,,False,inpe_bdq_legacy,False
2311207,Potengi,CE,2010,8,0.0,0.0,,,,,True,inpe_bdq_legacy,False
2311207,Potengi,CE,2010,9,0.0,0.0,,,,,True,inpe_bdq_legacy,False
2311207,Potengi,CE,2010,10,1.0,30.9,30.9,30.9,,,False,inpe_bdq_legacy,False
2311207,Potengi,CE,2010,11,3.0,111.9,37.300000000000004,87.0,,,False,inpe_bdq_legacy,False
2311207,Potengi,CE,2010,12,1.0,10.5,10.5,10.5,,,False,inpe_bdq_legacy,False
2311207,Potengi,CE,2011,1,0.0,0.0,,,,,True,inpe_bdq_legacy,False
2311207,Potengi,CE,2011,2,0.0,0.0,,,,,True,inpe_bdq_legacy,False
2311207,Potengi,CE,2011,3,0.0,0.0,,,,,True,inpe_bdq_legacy,False
2311207,Potengi,CE,2011,4,0.0,0.0,,,,,True,inpe_bdq_legacy,False
2311207,Potengi,CE,2011,5,0.0,0.0,,,,,True,inpe_bdq_legacy,False
2311207,Potengi,CE,2011,6,0.0,0.0,,,,,True,inpe_bdq_legacy,False
2311207,Potengi,CE,2011,7,0.0,0.0,,,,,True,inpe_bdq_legacy,False
2311207,Potengi,CE,2011,8,0.0,0.0,,,,,True,inpe_bdq_legacy,False
2311207,Potengi,CE,2011,9,0.0,0.0,,,,,True,inpe_bdq_legacy,False
2311207,Potengi,CE,2011,10,0.0,0.0,,,,,True,inpe_bdq_legacy,False
2311207,Potengi,CE,2011,11,5.0,132.9,26.580000000000002,62.9,,,False,inpe_bdq_legacy,False
2311207,Potengi,CE,2011,12,3.0,95.3,31.766666666666666,40.1,,,False,inpe_bdq_legacy,False
2311207,Potengi,CE,2012,1,0.0,0.0,,,,,True,inpe_bdq_legacy,False
2311207,Potengi,CE,2012,2,0.0,0.0,,,,,True,inpe_bdq_legacy,False
2311207,Potengi,CE,2012,3,0.0,0.0,,,,,True,inpe_bdq_legacy,False
2311207,Potengi,CE,2012,4,0.0,0.0,,,,,True,inpe_bdq_legacy,False
2311207,Potengi,CE,2012,5,0.0,0.0,,,,,True,inpe_bdq_legacy,False
2311207,Potengi,CE,2012,6,0.0,0.0,,,,,True,inpe_bdq_legacy,False
2311207,Potengi,CE,2012,7,0.0,0.0,,,,,True,inpe_bdq_legacy,False
2311207,Potengi,CE,2012,8,0.0,0.0,,,,,True,inpe_bdq_legacy,False
2311207,Potengi,CE,2012,9,3.0,138.3,46.1,79.3,,,False,inpe_bdq_legacy,False
2311207,Potengi,CE,2012,10,0.0,0.0,,,,,True,inpe_bdq_legacy,False
2311207,Potengi,CE,2012,11,0.0,0.0,,,,,True,inpe_bdq_legacy,False
2311207,Potengi,CE,2012,12,0.0,0.0,,,,,True,inpe_bdq_legacy,False
2311207,Potengi,CE,2013,1,0.0,0.0,,,,,True,inpe_bdq_legacy,False
2311207,Potengi,CE,2013,2,0.0,0.0,,,,,True,inpe_bdq_legacy,False
2311207,Potengi,CE,2013,3,0.0,0.0,,,,,True,inpe_bdq_legacy,False
2311207,Potengi,CE,2013,4,0.0,0.0,,,,,True,inpe_bdq_legacy,False
2311207,Potengi,CE,2013,5,1.0,14.8,14.8,14.8,,,False,inpe_bdq_legacy,False
2311207,Potengi,CE,2013,6,0.0,0.0,,,,,True,inpe_bdq_legacy,False
2311207,Potengi,CE,2013,7,0.0,0.0,,,,,True,inpe_bdq_legacy,False
2311207,Potengi,CE,2013,8,0.0,0.0,,,,,True,inpe_bdq_legacy,False
2311207,Potengi,CE,2013,9,1.0,9.3,9.3,9.3,,,False,inpe_bdq_legacy,False
2311207,Potengi,CE,2013,10,0.0,0.0,,,,,True,inpe_bdq_legacy,False
2311207,Potengi,CE,2013,11,1.0,22.1,22.1,22.1,,,False,inpe_bdq_legacy,False
2311207,Potengi,CE,2013,12,3.0,31.2,10.4,13.5,,,False,inpe_bdq_legacy,False
2311207,Potengi,CE,2014,1,0.0,0.0,,,,,True,inpe_bdq_legacy,False
2311207,Potengi,CE,2014,2,0.0,0.0,,,,,True,inpe_bdq_legacy,False
2311207,Potengi,CE,2014,3,0.0,0.0,,,,,True,inpe_bdq_legacy,False
2311207,Potengi,CE,2014,4,0.0,0.0,,,,,True,inpe_bdq_legacy,False
2311207,Potengi,CE,2014,5,0.0,0.0,,,,,True,inpe_bdq_legacy,False
2311207,Potengi,CE,2014,6,0.0,0.0,,,,,True,inpe_bdq_legacy,False
2311207,Potengi,CE,2014,7,0.0,0.0,,,,,True,inpe_bdq_legacy,False
2311207,Potengi,CE,2014,8,0.0,0.0,,,,,True,inpe_bdq_legacy,False
2311207,Potengi,CE,2014,9,3.0,138.7,46.23333333333333,96.2,1.0,5.0,False,inpe_bdq_legacy,False
2311207,Potengi,CE,2014,10,0.0,0.0,,,,,True,inpe_bdq_legacy,False
2311207,Potengi,CE,2014,11,1.0,16.5,16.5,16.5,0.7,9.0,False,inpe_bdq_legacy,False
2311207,Potengi,CE,2014,12,1.0,7.0,7.0,7.0,0.6,11.0,False,inpe_bdq_legacy,False
2311207,Potengi,CE,2015,1,1.0,18.8,18.8,18.8,1.0,6.0,False,inpe_bdq_legacy,False
2311207,Potengi,CE,2015,2,0.0,0.0,,,,,True,inpe_bdq_legacy,False
2311207,Potengi,CE,2015,3,0.0,0.0,,,,,True,inpe_bdq_legacy,False
2311207,Potengi,CE,2015,4,0.0,0.0,,,,,True,inpe_bdq_legacy,False
2311207,Potengi,CE,2015,5,0.0,0.0,,,,,True,inpe_bdq_legacy,False
2311207,Potengi,CE,2015,6,0.0,0.0,,,,,True,inpe_bdq_legacy,False
2311207,Potengi,CE,2015,7,0.0,0.0,,,,,True,inpe_bdq_legacy,False
2311207,Potengi,CE,2015,8,0.0,0.0,,,,,True,inpe_bdq_legacy,False
2311207,Potengi,CE,2015,9,4.0,77.8,19.45,32.9,1.0,21.25,False,inpe_bdq_legacy,False
2311207,Potengi,CE,2015,10,1.0,115.6,115.6,115.6,1.0,9.0,False,inpe_bdq_legacy,False
2311207,Potengi,CE,2015,11,0.0,0.0,,,,,True,inpe_bdq_legacy,False
2311207,Potengi,CE,2015,12,0.0,0.0,,,,,True,inpe_bdq_legacy,False
2311207,Potengi,CE,2016,1,1.0,28.8,28.8,28.8,1.0,3.0,False,inpe_bdq_legacy,False
2311207,Potengi,CE,2016,2,0.0,0.0,,,,,True,inpe_bdq_legacy,False
2311207,Potengi,CE,2016,3,0.0,0.0,,,,,True,inpe_bdq_legacy,False
2311207,Potengi,CE,2016,4,0.0,0.0,,,,,True,inpe_bdq_legacy,False
2311207,Potengi,CE,2016,5,0.0,0.0,,,,,True,inpe_bdq_legacy,False
2311207,Potengi,CE,2016,6,0.0,0.0,,,,,True,inpe_bdq_legacy,False
2311207,Potengi,CE,2016,7,0.0,0.0,,,,,True,inpe_bdq_legacy,False
2311207,Potengi,CE,2016,8,0.0,0.0,,,,,True,inpe_bdq_legacy,False
2311207,Potengi,CE,2016,9,3.0,69.1,23.03333333333333,29.0,1.0,45.333333333333336,False,inpe_bdq_legacy,False
2311207,Potengi,CE,2016,10,3.0,248.9,82.96666666666667,121.4,1.0,57.666666666666664,False,inpe_bdq_legacy,False
2311207,Potengi,CE,2016,11,0.0,0.0,,,,,True,inpe_bdq_legacy,False
2311207,Potengi,CE,2016,12,0.0,0.0,,,,,True,inpe_bdq_legacy,False
2311207,Potengi,CE,2017,1,2.0,24.4,12.2,12.9,0.5,0.0,False,inpe_bdq_legacy,False
2311207,Potengi,CE,2017,2,1.0,9.6,9.6,9.6,0.7,0.0,False,inpe_bdq_legacy,False
2311207,Potengi,CE,2017,3,0.0,0.0,,,,,True,inpe_bdq_legacy,False
2311207,Potengi,CE,2017,4,0.0,0.0,,,,,True,inpe_bdq_legacy,False
2311207,Potengi,CE,2017,5,0.0,0.0,,,,,True,inpe_bdq_legacy,False
2311207,Potengi,CE,2017,6,0.0,0.0,,,,,True,inpe_bdq_legacy,False
2311207,Potengi,CE,2017,7,0.0,0.0,,,,,True,inpe_bdq_legacy,False
2311207,Potengi,CE,2017,8,0.0,0.0,,,,,True,inpe_bdq_legacy,False
2311207,Potengi,CE,2017,9,0.0,0.0,,,,,True,inpe_bdq_legacy,False
2311207,Potengi,CE,2017,10,4.0,328.1,82.025,116.1,1.0,0.0,False,inpe_bdq_legacy,False
2311207,Potengi,CE,2017,11,1.0,25.2,25.2,25.2,1.0,0.0,False,inpe_bdq_legacy,False
2311207,Potengi,CE,2017,12,2.0,35.0,17.5,19.4,1.0,0.0,False,inpe_bdq_legacy,False
2311207,Potengi,CE,2018,1,0.0,0.0,,,,,True,inpe_bdq_legacy,False
2311207,Potengi,CE,2018,2,0.0,0.0,,,,,True,inpe_bdq_legacy,False
2311207,Potengi,CE,2018,3,0.0,0.0,,,,,True,inpe_bdq_legacy,False
2311207,Potengi,CE,2018,4,0.0,0.0,,,,,True,inpe_bdq_legacy,False
2311207,Potengi,CE,2018,5,0.0,0.0,,,,,True,inpe_bdq_legacy,False
2311207,Potengi,CE,2018,6,0.0,0.0,,,,,True,inpe_bdq_legacy,False
2311207,Potengi,CE,2018,7,0.0,0.0,,,,,True,inpe_bdq_legacy,False
2311207,Potengi,CE,2018,8,0.0,0.0,,,,,True,inpe_bdq_legacy,False
2311207,Potengi,CE,2018,9,0.0,0.0,,,,,True,inpe_bdq_legacy,False
2311207,Potengi,CE,2018,10,4.0,701.3000000000001,175.32500000000002,537.7,1.0,5.0,False,inpe_bdq_legacy,False
2311207,Potengi,CE,2018,11,0.0,0.0,,,,,True,inpe_bdq_legacy,False
2311207,Potengi,CE,2018,12,1.0,22.6,22.6,22.6,0.5,0.0,False,inpe_bdq_legacy,False
2311207,Potengi,CE,2019,1,0.0,0.0,,,,,True,inpe_bdq_legacy,False
2311207,Potengi,CE,2019,2,0.0,0.0,,,,,True,inpe_bdq_legacy,False
2311207,Potengi,CE,2019,3,0.0,0.0,,,,,True,inpe_bdq_legacy,False
2311207,Potengi,CE,2019,4,0.0,0.0,,,,,True,inpe_bdq_legacy,False
2311207,Potengi,CE,2019,5,0.0,0.0,,,,,True,inpe_bdq_legacy,False
2311207,Potengi,CE,2019,6,0.0,0.0,,,,,True,inpe_bdq_legacy,False
2311207,Potengi,CE,2019,7,0.0,0.0,,,,,True,inpe_bdq_legacy,False
2311207,Potengi,CE,2019,8,0.0,0.0,,,,,True,inpe_bdq_legacy,False
2311207,Potengi,CE,2019,9,0.0,0.0,,,,,True,inpe_bdq_legacy,False
2311207,Potengi,CE,2019,10,8.0,361.2,45.15,144.7,1.0,65.5,False,inpe_bdq_legacy,False
2311207,Potengi,CE,2019,11,1.0,16.2,16.2,16.2,1.0,13.0,False,inpe_bdq_legacy,False
2311207,Potengi,CE,2019,12,0.0,0.0,,,,,True,inpe_bdq_legacy,False
2311207,Potengi,CE,2020,1,0.0,0.0,,,,,True,inpe_bdq_legacy,False
2311207,Potengi,CE,2020,2,0.0,0.0,,,,,True,inpe_bdq_legacy,False
2311207,Potengi,CE,2020,3,0.0,0.0,,,,,True,inpe_bdq_legacy,False
2311207,Potengi,CE,2020,4,0.0,0.0,,,,,True,inpe_bdq_legacy,False
2311207,Potengi,CE,2020,5,0.0,0.0,,,,,True,inpe_bdq_legacy,False
2311207,Potengi,CE,2020,6,0.0,0.0,,,,,True,inpe_bdq_legacy,False
2311207,Potengi,CE,2020,7,0.0,0.0,,,,,True,inpe_bdq_legacy,False
2311207,Potengi,CE,2020,8,0.0,0.0,,,,,True,inpe_bdq_legacy,False
2311207,Potengi,CE,2020,9,3.0,270.2,90.06666666666666,117.1,1.0,116.33333333333333,False,inpe_bdq_legacy,False
2311207,Potengi,CE,2020,10,0.0,0.0,,,,,True,inpe_bdq_legacy,False
2311207,Potengi,CE,2020,11,0.0,0.0,,,,,True,inpe_bdq_legacy,False
2311207,Potengi,CE,2020,12,0.0,0.0,,,,,True,inpe_bdq_legacy,False
2311207,Potengi,CE,2021,1,0.0,0.0,,,,,True,inpe_bdq_legacy,False
2311207,Potengi,CE,2021,2,0.0,0.0,,,,,True,inpe_bdq_legacy,False
2311207,Potengi,CE,2021,3,0.0,0.0,,,,,True,inpe_bdq_legacy,False
2311207,Potengi,CE,2021,4,0.0,0.0,,,,,True,inpe_bdq_legacy,False
2311207,Potengi,CE,2021,5,0.0,0.0,,,,,True,inpe_bdq_legacy,False
2311207,Potengi,CE,2021,6,0.0,0.0,,,,,True,inpe_bdq_legacy,False
2311207,Potengi,CE,2021,7,0.0,0.0,,,,,True,inpe_bdq_legacy,False
2311207,Potengi,CE,2021,8,0.0,0.0,,,,,True,inpe_bdq_legacy,False
2311207,Potengi,CE,2021,9,1.0,80.8,80.8,80.8,1.0,90.0,False,inpe_bdq_legacy,False
2311207,Potengi,CE,2021,10,0.0,0.0,,,,,True,inpe_bdq_legacy,False
2311207,Potengi,CE,2021,11,3.0,911.0,303.6666666666667,565.0,1.0,4.333333333333333,False,inpe_bdq_legacy,False
2311207,Potengi,CE,2021,12,0.0,0.0,,,,,True,inpe_bdq_legacy,False
2311207,Potengi,CE,2022,1,0.0,0.0,,,,,True,inpe_bdq_legacy,False
2311207,Potengi,CE,2022,2,0.0,0.0,,,,,True,inpe_bdq_legacy,False
2311207,Potengi,CE,2022,3,0.0,0.0,,,,,True,inpe_bdq_legacy,False
2311207,Potengi,CE,2022,4,0.0,0.0,,,,,True,inpe_bdq_legacy,False
2311207,Potengi,CE,2022,5,0.0,0.0,,,,,True,inpe_bdq_legacy,False
2311207,Potengi,CE,2022,6,0.0,0.0,,,,,True,inpe_bdq_legacy,False
2311207,Potengi,CE,2022,7,0.0,0.0,,,,,True,inpe_bdq_legacy,False
2311207,Potengi,CE,2022,8,0.0,0.0,,,,,True,inpe_bdq_legacy,False
2311207,Potengi,CE,2022,9,4.0,229.6,57.4,107.2,1.0,74.5,False,inpe_bdq_legacy,False
2311207,Potengi,CE,2022,10,4.0,119.0,29.75,52.2,1.0,23.25,False,inpe_bdq_legacy,False
2311207,Potengi,CE,2022,11,5.0,81.9,16.380000000000003,31.7,0.442,2.8,False,inpe_bdq_legacy,False
2311207,Potengi,CE,2022,12,1.0,13.5,13.5,13.5,0.46,7.0,False,inpe_bdq_legacy,False
2311207,Potengi,CE,2023,1,0.0,0.0,,,,,True,inpe_bdq_legacy,False
2311207,Potengi,CE,2023,2,0.0,0.0,,,,,True,inpe_bdq_legacy,False
2311207,Potengi,CE,2023,3,0.0,0.0,,,,,True,inpe_bdq_legacy,False
2311207,Potengi,CE,2023,4,0.0,0.0,,,,,True,inpe_bdq_legacy,False
2311207,Potengi,CE,2023,5,0.0,0.0,,,,,True,inpe_bdq_legacy,False
2311207,Potengi,CE,2023,6,0.0,0.0,,,,,True,inpe_bdq_legacy,False
2311207,Potengi,CE,2023,7,1.0,16.2,16.2,16.2,1.0,63.0,False,inpe_bdq_legacy,False
2311207,Potengi,CE,2023,8,0.0,0.0,,,,,True,inpe_bdq_legacy,False
2311207,Potengi,CE,2023,9,7.0,2328.4,332.62857142857143,886.9,1.0,23.428571428571427,False,inpe_bdq_legacy,False
2311207,Potengi,CE,2023,10,0.0,0.0,,,,,True,inpe_bdq_legacy,False
2311207,Potengi,CE,2023,11,0.0,0.0,,,,,True,inpe_bdq_legacy,False
2311207,Potengi,CE,2023,12,0.0,0.0,,,,,True,inpe_bdq_legacy,False
2311207,Potengi,CE,2024,1,0.0,0.0,,,,,True,inpe_bdq_legacy,False
2311207,Potengi,CE,2024,2,0.0,0.0,,,,,True,inpe_bdq_legacy,False
2311207,Potengi,CE,2024,3,0.0,0.0,,,,,True,inpe_bdq_legacy,False
2311207,Potengi,CE,2024,4,0.0,0.0,,,,,True,inpe_bdq_legacy,False
2311207,Potengi,CE,2024,5,0.0,0.0,,,,,True,inpe_bdq_legacy,False
2311207,Potengi,CE,2024,6,0.0,0.0,,,,,True,inpe_bdq_legacy,False
2311207,Potengi,CE,2024,7,0.0,0.0,,,,,True,inpe_bdq_legacy,False
2311207,Potengi,CE,2024,8,,0.0,,,,,True,inpe_bdq_legacy,True
2311207,Potengi,CE,2024,9,,0.0,,,,,True,inpe_bdq_legacy,True
2311207,Potengi,CE,2024,10,,0.0,,,,,True,inpe_bdq_legacy,True
2311207,Potengi,CE,2024,11,,0.0,,,,,True,inpe_bdq_legacy,True
2311207,Potengi,CE,2024,12,,0.0,,,,,True,inpe_bdq_legacy,True
2311207,Potengi,CE,2025,1,0.0,0.0,,,,,True,inpe_bdq_legacy,False
2311207,Potengi,CE,2025,2,0.0,0.0,,,,,True,inpe_bdq_legacy,False
2311207,Potengi,CE,2025,3,0.0,0.0,,,,,True,inpe_bdq_legacy,False
2311207,Potengi,CE,2025,4,0.0,0.0,,,,,True,inpe_bdq_legacy,False
2311207,Potengi,CE,2025,5,0.0,0.0,,,,,True,inpe_bdq_legacy,False
2311207,Potengi,CE,2025,6,0.0,0.0,,,,,True,inpe_bdq_legacy,False
2311207,Potengi,CE,2025,7,0.0,0.0,,,,,True,inpe_bdq_legacy,False
2311207,Potengi,CE,2025,8,0.0,0.0,,,,,True,inpe_bdq_legacy,False
2311207,Potengi,CE,2025,9,0.0,0.0,,,,,True,inpe_bdq_legacy,False
2311207,Potengi,CE,2025,10,14.0,1258.4,89.88571428571429,340.0,1.0,8.285714285714286,False,inpe_bdq_legacy,False
2311207,Potengi,CE,2025,11,13.0,259.4,19.95384615384615,30.3,1.0,11.23076923076923,False,inpe_bdq_legacy,False
2311207,Potengi,CE,2025,12,1.0,54.0,54.0,54.0,1.0,7.0,False,inpe_bdq_legacy,False
2311306,Quixadá,CE,2003,1,2.0,69.0,34.5,35.1,,,False,inpe_bdq_aqua_ref,False
2311306,Quixadá,CE,2003,2,0.0,0.0,,,,,True,inpe_bdq_aqua_ref,False
2311306,Quixadá,CE,2003,3,0.0,0.0,,,,,True,inpe_bdq_aqua_ref,False
2311306,Quixadá,CE,2003,4,0.0,0.0,,,,,True,inpe_bdq_aqua_ref,False
2311306,Quixadá,CE,2003,5,0.0,0.0,,,,,True,inpe_bdq_aqua_ref,False
2311306,Quixadá,CE,2003,6,0.0,0.0,,,,,True,inpe_bdq_aqua_ref,False
2311306,Quixadá,CE,2003,7,3.0,56.0,18.666666666666668,22.8,,,False,inpe_bdq_aqua_ref,False
2311306,Quixadá,CE,2003,8,2.0,29.5,14.75,14.8,,,False,inpe_bdq_aqua_ref,False
2311306,Quixadá,CE,2003,9,6.0,154.6,25.766666666666666,31.8,,,False,inpe_bdq_aqua_ref,False
2311306,Quixadá,CE,2003,10,47.0,2946.6,62.693617021276594,298.0,,,False,inpe_bdq_aqua_ref,False
2311306,Quixadá,CE,2003,11,56.0,2786.2,49.753571428571426,532.3,,,False,inpe_bdq_aqua_ref,False
2311306,Quixadá,CE,2003,12,50.0,2873.2,57.464,465.2,,,False,inpe_bdq_aqua_ref,False
2311306,Quixadá,CE,2004,1,0.0,0.0,,,,,True,inpe_bdq_aqua_ref,False
2311306,Quixadá,CE,2004,2,0.0,0.0,,,,,True,inpe_bdq_aqua_ref,False
2311306,Quixadá,CE,2004,3,0.0,0.0,,,,,True,inpe_bdq_aqua_ref,False
2311306,Quixadá,CE,2004,4,0.0,0.0,,,,,True,inpe_bdq_aqua_ref,False
2311306,Quixadá,CE,2004,5,0.0,0.0,,,,,True,inpe_bdq_aqua_ref,False
2311306,Quixadá,CE,2004,6,0.0,0.0,,,,,True,inpe_bdq_aqua_ref,False
2311306,Quixadá,CE,2004,7,0.0,0.0,,,,,True,inpe_bdq_aqua_ref,False
2311306,Quixadá,CE,2004,8,2.0,42.8,21.4,23.9,,,False,inpe_bdq_aqua_ref,False
2311306,Quixadá,CE,2004,9,0.0,0.0,,,,,True,inpe_bdq_aqua_ref,False
2311306,Quixadá,CE,2004,10,27.0,1233.5,45.68518518518518,91.8,,,False,inpe_bdq_aqua_ref,False
2311306,Quixadá,CE,2004,11,54.0,3524.3,65.26481481481481,456.5,,,False,inpe_bdq_aqua_ref,False
2311306,Quixadá,CE,2004,12,45.0,2305.5,51.233333333333334,165.4,,,False,inpe_bdq_aqua_ref,False
2311306,Quixadá,CE,2005,1,1.0,76.7,76.7,76.7,,,False,inpe_bdq_aqua_ref,False
2311306,Quixadá,CE,2005,2,1.0,17.6,17.6,17.6,,,False,inpe_bdq_aqua_ref,False
2311306,Quixadá,CE,2005,3,0.0,0.0,,,,,True,inpe_bdq_aqua_ref,False
2311306,Quixadá,CE,2005,4,0.0,0.0,,,,,True,inpe_bdq_aqua_ref,False
2311306,Quixadá,CE,2005,5,0.0,0.0,,,,,True,inpe_bdq_aqua_ref,False
2311306,Quixadá,CE,2005,6,0.0,0.0,,,,,True,inpe_bdq_aqua_ref,False
2311306,Quixadá,CE,2005,7,1.0,12.7,12.7,12.7,,,False,inpe_bdq_aqua_ref,False
2311306,Quixadá,CE,2005,8,0.0,0.0,,,,,True,inpe_bdq_aqua_ref,False
2311306,Quixadá,CE,2005,9,1.0,75.2,75.2,75.2,,,False,inpe_bdq_aqua_ref,False
2311306,Quixadá,CE,2005,10,28.0,1113.4,39.76428571428572,140.8,,,False,inpe_bdq_aqua_ref,False
2311306,Quixadá,CE,2005,11,38.0,2301.7,60.571052631578944,246.3,,,False,inpe_bdq_aqua_ref,False
2311306,Quixadá,CE,2005,12,22.0,827.9,37.63181818181818,98.4,,,False,inpe_bdq_aqua_ref,False
2311306,Quixadá,CE,2006,1,3.0,82.9,27.633333333333336,39.7,,,False,inpe_bdq_aqua_ref,False
2311306,Quixadá,CE,2006,2,0.0,0.0,,,,,True,inpe_bdq_aqua_ref,False
2311306,Quixadá,CE,2006,3,0.0,0.0,,,,,True,inpe_bdq_aqua_ref,False
2311306,Quixadá,CE,2006,4,0.0,0.0,,,,,True,inpe_bdq_aqua_ref,False
2311306,Quixadá,CE,2006,5,0.0,0.0,,,,,True,inpe_bdq_aqua_ref,False
2311306,Quixadá,CE,2006,6,0.0,0.0,,,,,True,inpe_bdq_aqua_ref,False
2311306,Quixadá,CE,2006,7,0.0,0.0,,,,,True,inpe_bdq_aqua_ref,False
2311306,Quixadá,CE,2006,8,0.0,0.0,,,,,True,inpe_bdq_aqua_ref,False
2311306,Quixadá,CE,2006,9,4.0,135.0,33.75,67.5,,,False,inpe_bdq_aqua_ref,False
2311306,Quixadá,CE,2006,10,42.0,2574.6,61.3,156.8,,,False,inpe_bdq_aqua_ref,False
2311306,Quixadá,CE,2006,11,44.0,2591.2000000000003,58.8909090909091,225.3,,,False,inpe_bdq_aqua_ref,False
2311306,Quixadá,CE,2006,12,29.0,1254.9,43.27241379310345,145.1,,,False,inpe_bdq_aqua_ref,False
2311306,Quixadá,CE,2007,1,6.0,169.2,28.2,52.4,,,False,inpe_bdq_aqua_ref,False
2311306,Quixadá,CE,2007,2,0.0,0.0,,,,,True,inpe_bdq_aqua_ref,False
2311306,Quixadá,CE,2007,3,0.0,0.0,,,,,True,inpe_bdq_aqua_ref,False
2311306,Quixadá,CE,2007,4,0.0,0.0,,,,,True,inpe_bdq_aqua_ref,False
2311306,Quixadá,CE,2007,5,0.0,0.0,,,,,True,inpe_bdq_aqua_ref,False
2311306,Quixadá,CE,2007,6,0.0,0.0,,,,,True,inpe_bdq_aqua_ref,False
2311306,Quixadá,CE,2007,7,0.0,0.0,,,,,True,inpe_bdq_aqua_ref,False
2311306,Quixadá,CE,2007,8,0.0,0.0,,,,,True,inpe_bdq_aqua_ref,False
2311306,Quixadá,CE,2007,9,5.0,416.0,83.2,208.5,,,False,inpe_bdq_aqua_ref,False
2311306,Quixadá,CE,2007,10,42.0,1762.1,41.9547619047619,227.2,,,False,inpe_bdq_aqua_ref,False
2311306,Quixadá,CE,2007,11,56.0,2955.1,52.769642857142856,292.7,,,False,inpe_bdq_aqua_ref,False
2311306,Quixadá,CE,2007,12,7.0,420.8,60.114285714285714,112.1,,,False,inpe_bdq_aqua_ref,False
2311306,Quixadá,CE,2008,1,1.0,42.3,42.3,42.3,,,False,inpe_bdq_aqua_ref,False
2311306,Quixadá,CE,2008,2,0.0,0.0,,,,,True,inpe_bdq_aqua_ref,False
2311306,Quixadá,CE,2008,3,0.0,0.0,,,,,True,inpe_bdq_aqua_ref,False
2311306,Quixadá,CE,2008,4,0.0,0.0,,,,,True,inpe_bdq_aqua_ref,False
2311306,Quixadá,CE,2008,5,0.0,0.0,,,,,True,inpe_bdq_aqua_ref,False
2311306,Quixadá,CE,2008,6,0.0,0.0,,,,,True,inpe_bdq_aqua_ref,False
2311306,Quixadá,CE,2008,7,0.0,0.0,,,,,True,inpe_bdq_aqua_ref,False
2311306,Quixadá,CE,2008,8,2.0,70.4,35.2,35.5,,,False,inpe_bdq_aqua_ref,False
2311306,Quixadá,CE,2008,9,9.0,347.6,38.62222222222223,62.6,,,False,inpe_bdq_aqua_ref,False
2311306,Quixadá,CE,2008,10,26.0,1682.8,64.72307692307692,389.5,,,False,inpe_bdq_aqua_ref,False
2311306,Quixadá,CE,2008,11,61.0,3201.4,52.48196721311476,260.2,,,False,inpe_bdq_aqua_ref,False
2311306,Quixadá,CE,2008,12,30.0,1666.3,55.54333333333333,240.8,,,False,inpe_bdq_aqua_ref,False
2311306,Quixadá,CE,2009,1,5.0,242.5,48.5,130.0,,,False,inpe_bdq_aqua_ref,False
2311306,Quixadá,CE,2009,2,0.0,0.0,,,,,True,inpe_bdq_aqua_ref,False
2311306,Quixadá,CE,2009,3,0.0,0.0,,,,,True,inpe_bdq_aqua_ref,False
2311306,Quixadá,CE,2009,4,0.0,0.0,,,,,True,inpe_bdq_aqua_ref,False
2311306,Quixadá,CE,2009,5,1.0,7.6,7.6,7.6,,,False,inpe_bdq_aqua_ref,False
2311306,Quixadá,CE,2009,6,0.0,0.0,,,,,True,inpe_bdq_aqua_ref,False
2311306,Quixadá,CE,2009,7,0.0,0.0,,,,,True,inpe_bdq_aqua_ref,False
2311306,Quixadá,CE,2009,8,0.0,0.0,,,,,True,inpe_bdq_aqua_ref,False
2311306,Quixadá,CE,2009,9,0.0,0.0,,,,,True,inpe_bdq_aqua_ref,False
2311306,Quixadá,CE,2009,10,19.0,829.8,43.67368421052631,163.0,,,False,inpe_bdq_aqua_ref,False
2311306,Quixadá,CE,2009,11,35.0,2041.1000000000001,58.31714285714286,187.6,,,False,inpe_bdq_aqua_ref,False
2311306,Quixadá,CE,2009,12,17.0,494.0,29.058823529411764,77.7,,,False,inpe_bdq_aqua_ref,False
2311306,Quixadá,CE,2010,1,4.0,149.1,37.275,60.7,,,False,inpe_bdq_aqua_ref,False
2311306,Quixadá,CE,2010,2,0.0,0.0,,,,,True,inpe_bdq_aqua_ref,False
2311306,Quixadá,CE,2010,3,0.0,0.0,,,,,True,inpe_bdq_aqua_ref,False
2311306,Quixadá,CE,2010,4,0.0,0.0,,,,,True,inpe_bdq_aqua_ref,False
2311306,Quixadá,CE,2010,5,0.0,0.0,,,,,True,inpe_bdq_aqua_ref,False
2311306,Quixadá,CE,2010,6,1.0,50.8,50.8,50.8,,,False,inpe_bdq_aqua_ref,False
2311306,Quixadá,CE,2010,7,0.0,0.0,,,,,True,inpe_bdq_aqua_ref,False
2311306,Quixadá,CE,2010,8,0.0,0.0,,,,,True,inpe_bdq_aqua_ref,False
2311306,Quixadá,CE,2010,9,5.0,96.60000000000001,19.32,29.3,,,False,inpe_bdq_aqua_ref,False
2311306,Quixadá,CE,2010,10,15.0,623.0,41.53333333333333,175.1,,,False,inpe_bdq_aqua_ref,False
2311306,Quixadá,CE,2010,11,15.0,812.7,54.18,172.3,,,False,inpe_bdq_aqua_ref,False
2311306,Quixadá,CE,2010,12,8.0,252.8,31.6,69.6,,,False,inpe_bdq_aqua_ref,False
2311306,Quixadá,CE,2011,1,0.0,0.0,,,,,True,inpe_bdq_aqua_ref,False
2311306,Quixadá,CE,2011,2,0.0,0.0,,,,,True,inpe_bdq_aqua_ref,False
2311306,Quixadá,CE,2011,3,0.0,0.0,,,,,True,inpe_bdq_aqua_ref,False
2311306,Quixadá,CE,2011,4,0.0,0.0,,,,,True,inpe_bdq_aqua_ref,False
2311306,Quixadá,CE,2011,5,0.0,0.0,,,,,True,inpe_bdq_aqua_ref,False
2311306,Quixadá,CE,2011,6,0.0,0.0,,,,,True,inpe_bdq_aqua_ref,False
2311306,Quixadá,CE,2011,7,0.0,0.0,,,,,True,inpe_bdq_aqua_ref,False
2311306,Quixadá,CE,2011,8,0.0,0.0,,,,,True,inpe_bdq_aqua_ref,False
2311306,Quixadá,CE,2011,9,4.0,154.0,38.5,51.5,,,False,inpe_bdq_aqua_ref,False
2311306,Quixadá,CE,2011,10,25.0,3572.2999999999997,142.892,836.1,,,False,inpe_bdq_aqua_ref,False
2311306,Quixadá,CE,2011,11,10.0,457.6,45.760000000000005,115.7,,,False,inpe_bdq_aqua_ref,False
2311306,Quixadá,CE,2011,12,5.0,231.10000000000002,46.220000000000006,76.9,,,False,inpe_bdq_aqua_ref,False
2311306,Quixadá,CE,2012,1,4.0,150.70000000000002,37.675000000000004,86.2,,,False,inpe_bdq_aqua_ref,False
2311306,Quixadá,CE,2012,2,0.0,0.0,,,,,True,inpe_bdq_aqua_ref,False
2311306,Quixadá,CE,2012,3,2.0,62.1,31.05,36.7,,,False,inpe_bdq_aqua_ref,False
2311306,Quixadá,CE,2012,4,2.0,32.5,16.25,17.6,,,False,inpe_bdq_aqua_ref,False
2311306,Quixadá,CE,2012,5,2.0,32.2,16.1,20.0,,,False,inpe_bdq_aqua_ref,False
2311306,Quixadá,CE,2012,6,0.0,0.0,,,,,True,inpe_bdq_aqua_ref,False
2311306,Quixadá,CE,2012,7,2.0,37.8,18.9,21.7,,,False,inpe_bdq_aqua_ref,False
2311306,Quixadá,CE,2012,8,0.0,0.0,,,,,True,inpe_bdq_aqua_ref,False
2311306,Quixadá,CE,2012,9,3.0,34.2,11.4,14.8,,,False,inpe_bdq_aqua_ref,False
2311306,Quixadá,CE,2012,10,3.0,51.0,17.0,20.2,,,False,inpe_bdq_aqua_ref,False
2311306,Quixadá,CE,2012,11,3.0,98.4,32.800000000000004,58.9,,,False,inpe_bdq_aqua_ref,False
2311306,Quixadá,CE,2012,12,0.0,0.0,,,,,True,inpe_bdq_aqua_ref,False
2311306,Quixadá,CE,2013,1,1.0,9.1,9.1,9.1,,,False,inpe_bdq_aqua_ref,False
2311306,Quixadá,CE,2013,2,1.0,31.7,31.7,31.7,,,False,inpe_bdq_aqua_ref,False
2311306,Quixadá,CE,2013,3,0.0,0.0,,,,,True,inpe_bdq_aqua_ref,False
2311306,Quixadá,CE,2013,4,0.0,0.0,,,,,True,inpe_bdq_aqua_ref,False
2311306,Quixadá,CE,2013,5,0.0,0.0,,,,,True,inpe_bdq_aqua_ref,False
2311306,Quixadá,CE,2013,6,0.0,0.0,,,,,True,inpe_bdq_aqua_ref,False
2311306,Quixadá,CE,2013,7,0.0,0.0,,,,,True,inpe_bdq_aqua_ref,False
2311306,Quixadá,CE,2013,8,0.0,0.0,,,,,True,inpe_bdq_aqua_ref,False
2311306,Quixadá,CE,2013,9,1.0,17.3,17.3,17.3,,,False,inpe_bdq_aqua_ref,False
2311306,Quixadá,CE,2013,10,2.0,65.3,32.65,53.6,,,False,inpe_bdq_aqua_ref,False
2311306,Quixadá,CE,2013,11,8.0,229.9,28.7375,51.4,,,False,inpe_bdq_aqua_ref,False
2311306,Quixadá,CE,2013,12,2.0,165.8,82.9,149.9,,,False,inpe_bdq_aqua_ref,False
2311306,Quixadá,CE,2014,1,1.0,19.5,19.5,19.5,1.0,4.0,False,inpe_bdq_aqua_ref,False
2311306,Quixadá,CE,2014,2,1.0,9.8,9.8,9.8,1.0,3.0,False,inpe_bdq_aqua_ref,False
2311306,Quixadá,CE,2014,3,0.0,0.0,,,,,True,inpe_bdq_aqua_ref,False
2311306,Quixadá,CE,2014,4,0.0,0.0,,,,,True,inpe_bdq_aqua_ref,False
2311306,Quixadá,CE,2014,5,0.0,0.0,,,,,True,inpe_bdq_aqua_ref,False
2311306,Quixadá,CE,2014,6,0.0,0.0,,,,,True,inpe_bdq_aqua_ref,False
2311306,Quixadá,CE,2014,7,0.0,0.0,,,,,True,inpe_bdq_aqua_ref,False
2311306,Quixadá,CE,2014,8,2.0,108.6,54.3,56.7,1.0,26.0,False,inpe_bdq_aqua_ref,False
2311306,Quixadá,CE,2014,9,11.0,537.1,48.82727272727273,77.4,1.0,47.09090909090909,False,inpe_bdq_aqua_ref,False
2311306,Quixadá,CE,2014,10,13.0,484.8,37.292307692307695,83.2,1.0,56.92307692307692,False,inpe_bdq_aqua_ref,False
2311306,Quixadá,CE,2014,11,8.0,228.0,28.5,81.0,1.0,6.75,False,inpe_bdq_aqua_ref,False
2311306,Quixadá,CE,2014,12,3.0,204.0,68.0,98.1,1.0,24.0,False,inpe_bdq_aqua_ref,False
2311306,Quixadá,CE,2015,1,4.0,147.5,36.875,56.7,1.0,11.0,False,inpe_bdq_aqua_ref,False
2311306,Quixadá,CE,2015,2,0.0,0.0,,,,,True,inpe_bdq_aqua_ref,False
2311306,Quixadá,CE,2015,3,0.0,0.0,,,,,True,inpe_bdq_aqua_ref,False
2311306,Quixadá,CE,2015,4,0.0,0.0,,,,,True,inpe_bdq_aqua_ref,False
2311306,Quixadá,CE,2015,5,0.0,0.0,,,,,True,inpe_bdq_aqua_ref,False
2311306,Quixadá,CE,2015,6,0.0,0.0,,,,,True,inpe_bdq_aqua_ref,False
2311306,Quixadá,CE,2015,7,1.0,22.8,22.8,22.8,1.0,19.0,False,inpe_bdq_aqua_ref,False
2311306,Quixadá,CE,2015,8,2.0,22.9,11.45,12.7,1.0,5.0,False,inpe_bdq_aqua_ref,False
2311306,Quixadá,CE,2015,9,2.0,27.1,13.55,14.4,1.0,29.5,False,inpe_bdq_aqua_ref,False
2311306,Quixadá,CE,2015,10,10.0,582.5,58.25,173.7,1.0,57.4,False,inpe_bdq_aqua_ref,False
2311306,Quixadá,CE,2015,11,22.0,888.2,40.372727272727275,276.9,1.0,84.31818181818181,False,inpe_bdq_aqua_ref,False
2311306,Quixadá,CE,2015,12,7.0,344.8,49.25714285714286,107.4,1.0,106.57142857142857,False,inpe_bdq_aqua_ref,False
2311306,Quixadá,CE,2016,1,0.0,0.0,,,,,True,inpe_bdq_aqua_ref,False
2311306,Quixadá,CE,2016,2,0.0,0.0,,,,,True,inpe_bdq_aqua_ref,False
2311306,Quixadá,CE,2016,3,0.0,0.0,,,,,True,inpe_bdq_aqua_ref,False
2311306,Quixadá,CE,2016,4,0.0,0.0,,,,,True,inpe_bdq_aqua_ref,False
2311306,Quixadá,CE,2016,5,0.0,0.0,,,,,True,inpe_bdq_aqua_ref,False
2311306,Quixadá,CE,2016,6,0.0,0.0,,,,,True,inpe_bdq_aqua_ref,False
2311306,Quixadá,CE,2016,7,2.0,45.400000000000006,22.700000000000003,24.8,1.0,26.0,False,inpe_bdq_aqua_ref,False
2311306,Quixadá,CE,2016,8,2.0,68.1,34.05,34.9,1.0,27.0,False,inpe_bdq_aqua_ref,False
2311306,Quixadá,CE,2016,9,1.0,16.8,16.8,16.8,1.0,44.0,False,inpe_bdq_aqua_ref,False
2311306,Quixadá,CE,2016,10,7.0,334.7,47.81428571428571,83.3,1.0,86.14285714285714,False,inpe_bdq_aqua_ref,False
2311306,Quixadá,CE,2016,11,8.0,345.5,43.1875,90.4,1.0,85.625,False,inpe_bdq_aqua_ref,False
2311306,Quixadá,CE,2016,12,2.0,128.5,64.25,64.8,1.0,83.0,False,inpe_bdq_aqua_ref,False
2311306,Quixadá,CE,2017,1,0.0,0.0,,,,,True,inpe_bdq_aqua_ref,False
2311306,Quixadá,CE,2017,2,1.0,20.4,20.4,20.4,1.0,0.0,False,inpe_bdq_aqua_ref,False
2311306,Quixadá,CE,2017,3,0.0,0.0,,,,,True,inpe_bdq_aqua_ref,False
2311306,Quixadá,CE,2017,4,0.0,0.0,,,,,True,inpe_bdq_aqua_ref,False
2311306,Quixadá,CE,2017,5,0.0,0.0,,,,,True,inpe_bdq_aqua_ref,False
2311306,Quixadá,CE,2017,6,0.0,0.0,,,,,True,inpe_bdq_aqua_ref,False
2311306,Quixadá,CE,2017,7,1.0,13.0,13.0,13.0,1.0,0.0,False,inpe_bdq_aqua_ref,False
2311306,Quixadá,CE,2017,8,0.0,0.0,,,,,True,inpe_bdq_aqua_ref,False
2311306,Quixadá,CE,2017,9,3.0,172.60000000000002,57.53333333333334,81.9,1.0,0.0,False,inpe_bdq_aqua_ref,False
2311306,Quixadá,CE,2017,10,20.0,1653.8,82.69,708.9,1.0,0.0,False,inpe_bdq_aqua_ref,False
2311306,Quixadá,CE,2017,11,10.0,1205.0,120.5,632.8,1.0,0.0,False,inpe_bdq_aqua_ref,False
2311306,Quixadá,CE,2017,12,16.0,1171.0,73.1875,203.5,1.0,0.0,False,inpe_bdq_aqua_ref,False
2311306,Quixadá,CE,2018,1,1.0,17.1,17.1,17.1,1.0,0.0,False,inpe_bdq_aqua_ref,False
2311306,Quixadá,CE,2018,2,0.0,0.0,,,,,True,inpe_bdq_aqua_ref,False
2311306,Quixadá,CE,2018,3,0.0,0.0,,,,,True,inpe_bdq_aqua_ref,False
2311306,Quixadá,CE,2018,4,0.0,0.0,,,,,True,inpe_bdq_aqua_ref,False
2311306,Quixadá,CE,2018,5,0.0,0.0,,,,,True,inpe_bdq_aqua_ref,False
2311306,Quixadá,CE,2018,6,0.0,0.0,,,,,True,inpe_bdq_aqua_ref,False
2311306,Quixadá,CE,2018,7,0.0,0.0,,,,,True,inpe_bdq_aqua_ref,False
2311306,Quixadá,CE,2018,8,5.0,124.1,24.82,53.6,1.0,42.0,False,inpe_bdq_aqua_ref,False
2311306,Quixadá,CE,2018,9,1.0,22.6,22.6,22.6,1.0,4.0,False,inpe_bdq_aqua_ref,False
2311306,Quixadá,CE,2018,10,13.0,716.0,55.07692307692308,105.5,1.0,39.84615384615385,False,inpe_bdq_aqua_ref,False
2311306,Quixadá,CE,2018,11,13.0,492.0,37.84615384615385,84.1,1.0,36.46153846153846,False,inpe_bdq_aqua_ref,False
2311306,Quixadá,CE,2018,12,4.0,85.1,21.275,35.9,1.0,2.0,False,inpe_bdq_aqua_ref,False
2311306,Quixadá,CE,2019,1,3.0,87.1,29.03333333333333,40.8,0.3666666666666667,0.6666666666666666,False,inpe_bdq_aqua_ref,False
2311306,Quixadá,CE,2019,2,0.0,0.0,,,,,True,inpe_bdq_aqua_ref,False
2311306,Quixadá,CE,2019,3,0.0,0.0,,,,,True,inpe_bdq_aqua_ref,False
2311306,Quixadá,CE,2019,4,0.0,0.0,,,,,True,inpe_bdq_aqua_ref,False
2311306,Quixadá,CE,2019,5,0.0,0.0,,,,,True,inpe_bdq_aqua_ref,False
2311306,Quixadá,CE,2019,6,0.0,0.0,,,,,True,inpe_bdq_aqua_ref,False
2311306,Quixadá,CE,2019,7,0.0,0.0,,,,,True,inpe_bdq_aqua_ref,False
2311306,Quixadá,CE,2019,8,0.0,0.0,,,,,True,inpe_bdq_aqua_ref,False
2311306,Quixadá,CE,2019,9,6.0,251.3,41.88333333333333,92.8,1.0,97.16666666666667,False,inpe_bdq_aqua_ref,False
2311306,Quixadá,CE,2019,10,10.0,452.5,45.25,94.0,1.0,51.8,False,inpe_bdq_aqua_ref,False
2311306,Quixadá,CE,2019,11,27.0,1757.7,65.10000000000001,220.3,1.0,35.25925925925926,False,inpe_bdq_aqua_ref,False
2311306,Quixadá,CE,2019,12,13.0,846.1,65.08461538461539,190.1,1.0,47.61538461538461,False,inpe_bdq_aqua_ref,False
2311306,Quixadá,CE,2020,1,1.0,33.5,33.5,33.5,1.0,8.0,False,inpe_bdq_aqua_ref,False
2311306,Quixadá,CE,2020,2,0.0,0.0,,,,,True,inpe_bdq_aqua_ref,False
2311306,Quixadá,CE,2020,3,0.0,0.0,,,,,True,inpe_bdq_aqua_ref,False
2311306,Quixadá,CE,2020,4,0.0,0.0,,,,,True,inpe_bdq_aqua_ref,False
2311306,Quixadá,CE,2020,5,0.0,0.0,,,,,True,inpe_bdq_aqua_ref,False
2311306,Quixadá,CE,2020,6,0.0,0.0,,,,,True,inpe_bdq_aqua_ref,False
2311306,Quixadá,CE,2020,7,1.0,17.2,17.2,17.2,1.0,11.0,False,inpe_bdq_aqua_ref,False
2311306,Quixadá,CE,2020,8,0.0,0.0,,,,,True,inpe_bdq_aqua_ref,False
2311306,Quixadá,CE,2020,9,2.0,61.1,30.55,36.2,1.0,57.0,False,inpe_bdq_aqua_ref,False
2311306,Quixadá,CE,2020,10,18.0,1088.7,60.483333333333334,178.3,1.0,99.66666666666667,False,inpe_bdq_aqua_ref,False
2311306,Quixadá,CE,2020,11,7.0,205.79999999999998,29.4,45.3,1.0,15.428571428571429,False,inpe_bdq_aqua_ref,False
2311306,Quixadá,CE,2020,12,15.0,1327.4,88.49333333333334,281.8,1.0,4.0,False,inpe_bdq_aqua_ref,False
2311306,Quixadá,CE,2021,1,3.0,120.7,40.233333333333334,47.6,1.0,12.333333333333334,False,inpe_bdq_aqua_ref,False
2311306,Quixadá,CE,2021,2,0.0,0.0,,,,,True,inpe_bdq_aqua_ref,False
2311306,Quixadá,CE,2021,3,0.0,0.0,,,,,True,inpe_bdq_aqua_ref,False
2311306,Quixadá,CE,2021,4,0.0,0.0,,,,,True,inpe_bdq_aqua_ref,False
2311306,Quixadá,CE,2021,5,0.0,0.0,,,,,True,inpe_bdq_aqua_ref,False
2311306,Quixadá,CE,2021,6,1.0,11.9,11.9,11.9,1.0,19.0,False,inpe_bdq_aqua_ref,False
2311306,Quixadá,CE,2021,7,0.0,0.0,,,,,True,inpe_bdq_aqua_ref,False
2311306,Quixadá,CE,2021,8,4.0,50.2,12.55,14.5,1.0,32.75,False,inpe_bdq_aqua_ref,False
2311306,Quixadá,CE,2021,9,6.0,408.7,68.11666666666666,297.0,1.0,40.333333333333336,False,inpe_bdq_aqua_ref,False
2311306,Quixadá,CE,2021,10,5.0,78.9,15.780000000000001,27.2,1.0,12.2,False,inpe_bdq_aqua_ref,False
2311306,Quixadá,CE,2021,11,19.0,1711.4,90.07368421052632,387.4,1.0,13.263157894736842,False,inpe_bdq_aqua_ref,False
2311306,Quixadá,CE,2021,12,13.0,1383.8,106.44615384615385,340.1,1.0,23.23076923076923,False,inpe_bdq_aqua_ref,False
2311306,Quixadá,CE,2022,1,0.0,0.0,,,,,True,inpe_bdq_aqua_ref,False
2311306,Quixadá,CE,2022,2,0.0,0.0,,,,,True,inpe_bdq_aqua_ref,False
2311306,Quixadá,CE,2022,3,0.0,0.0,,,,,True,inpe_bdq_aqua_ref,False
2311306,Quixadá,CE,2022,4,0.0,0.0,,,,,True,inpe_bdq_aqua_ref,False
2311306,Quixadá,CE,2022,5,0.0,0.0,,,,,True,inpe_bdq_aqua_ref,False
2311306,Quixadá,CE,2022,6,0.0,0.0,,,,,True,inpe_bdq_aqua_ref,False
2311306,Quixadá,CE,2022,7,0.0,0.0,,,,,True,inpe_bdq_aqua_ref,False
2311306,Quixadá,CE,2022,8,1.0,21.3,21.3,21.3,1.0,5.0,False,inpe_bdq_aqua_ref,False
2311306,Quixadá,CE,2022,9,3.0,75.8,25.266666666666666,28.7,1.0,17.0,False,inpe_bdq_aqua_ref,False
2311306,Quixadá,CE,2022,10,11.0,673.4,61.21818181818182,200.4,1.0,17.363636363636363,False,inpe_bdq_aqua_ref,False
2311306,Quixadá,CE,2022,11,7.0,162.6,23.228571428571428,46.3,0.8085714285714286,6.285714285714286,False,inpe_bdq_aqua_ref,False
2311306,Quixadá,CE,2022,12,9.0,276.9,30.766666666666666,71.0,0.9033333333333332,10.555555555555555,False,inpe_bdq_aqua_ref,False
2311306,Quixadá,CE,2023,1,2.0,38.3,19.15,21.2,1.0,0.0,False,inpe_bdq_aqua_ref,False
2311306,Quixadá,CE,2023,2,0.0,0.0,,,,,True,inpe_bdq_aqua_ref,False
2311306,Quixadá,CE,2023,3,0.0,0.0,,,,,True,inpe_bdq_aqua_ref,False
2311306,Quixadá,CE,2023,4,0.0,0.0,,,,,True,inpe_bdq_aqua_ref,False
2311306,Quixadá,CE,2023,5,0.0,0.0,,,,,True,inpe_bdq_aqua_ref,False
2311306,Quixadá,CE,2023,6,0.0,0.0,,,,,True,inpe_bdq_aqua_ref,False
2311306,Quixadá,CE,2023,7,0.0,0.0,,,,,True,inpe_bdq_aqua_ref,False
2311306,Quixadá,CE,2023,8,2.0,14.8,7.4,7.9,1.0,43.5,False,inpe_bdq_aqua_ref,False
2311306,Quixadá,CE,2023,9,2.0,74.2,37.1,54.4,1.0,58.0,False,inpe_bdq_aqua_ref,False
2311306,Quixadá,CE,2023,10,12.0,432.3,36.025,110.7,1.0,23.25,False,inpe_bdq_aqua_ref,False
2311306,Quixadá,CE,2023,11,10.0,457.8,45.78,131.8,1.0,25.2,False,inpe_bdq_aqua_ref,False
2311306,Quixadá,CE,2023,12,8.0,258.8,32.35,75.2,0.93125,8.25,False,inpe_bdq_aqua_ref,False
2311306,Quixadá,CE,2024,1,0.0,0.0,,,,,True,inpe_bdq_aqua_ref,False
2311306,Quixadá,CE,2024,2,1.0,11.0,11.0,11.0,0.25,2.0,False,inpe_bdq_aqua_ref,False
2311306,Quixadá,CE,2024,3,0.0,0.0,,,,,True,inpe_bdq_aqua_ref,False
2311306,Quixadá,CE,2024,4,1.0,10.4,10.4,10.4,-999.0,0.0,False,inpe_bdq_aqua_ref,False
2311306,Quixadá,CE,2024,5,0.0,0.0,,,,,True,inpe_bdq_aqua_ref,False
2311306,Quixadá,CE,2024,6,0.0,0.0,,,,,True,inpe_bdq_aqua_ref,False
2311306,Quixadá,CE,2024,7,0.0,0.0,,,,,True,inpe_bdq_aqua_ref,False
2311306,Quixadá,CE,2024,8,5.0,113.5,22.7,35.6,1.0,43.4,False,inpe_bdq_aqua_ref,False
2311306,Quixadá,CE,2024,9,2.0,28.599999999999998,14.299999999999999,17.9,1.0,61.0,False,inpe_bdq_aqua_ref,False
2311306,Quixadá,CE,2024,10,9.0,563.0,62.55555555555556,196.8,1.0,93.11111111111111,False,inpe_bdq_aqua_ref,False
2311306,Quixadá,CE,2024,11,24.0,685.8000000000001,28.575000000000003,86.4,-40.666666666666664,108.91666666666667,False,inpe_bdq_aqua_ref,False
2311306,Quixadá,CE,2024,12,10.0,412.6,41.260000000000005,85.2,0.7929999999999999,5.9,False,inpe_bdq_aqua_ref,False
2311306,Quixadá,CE,2025,1,5.0,111.3,22.259999999999998,51.9,0.616,6.6,False,inpe_bdq_aqua_ref,False
2311306,Quixadá,CE,2025,2,2.0,22.9,11.45,12.3,0.45,4.5,False,inpe_bdq_aqua_ref,False
2311306,Quixadá,CE,2025,3,0.0,0.0,,,,,True,inpe_bdq_aqua_ref,False
2311306,Quixadá,CE,2025,4,0.0,0.0,,,,,True,inpe_bdq_aqua_ref,False
2311306,Quixadá,CE,2025,5,0.0,0.0,,,,,True,inpe_bdq_aqua_ref,False
2311306,Quixadá,CE,2025,6,1.0,23.0,23.0,23.0,1.0,19.0,False,inpe_bdq_aqua_ref,False
2311306,Quixadá,CE,2025,7,0.0,0.0,,,,,True,inpe_bdq_aqua_ref,False
2311306,Quixadá,CE,2025,8,1.0,39.1,39.1,39.1,1.0,15.0,False,inpe_bdq_aqua_ref,False
2311306,Quixadá,CE,2025,9,5.0,205.3,41.06,81.1,1.0,37.4,False,inpe_bdq_aqua_ref,False
2311405,Quixeramobim,CE,2003,1,9.0,592.9000000000001,65.8777777777778,347.1,,,False,inpe_bdq_aqua_ref,False
2311405,Quixeramobim,CE,2003,2,0.0,0.0,,,,,True,inpe_bdq_aqua_ref,False
2311405,Quixeramobim,CE,2003,3,0.0,0.0,,,,,True,inpe_bdq_aqua_ref,False
2311405,Quixeramobim,CE,2003,4,0.0,0.0,,,,,True,inpe_bdq_aqua_ref,False
2311405,Quixeramobim,CE,2003,5,0.0,0.0,,,,,True,inpe_bdq_aqua_ref,False
2311405,Quixeramobim,CE,2003,6,0.0,0.0,,,,,True,inpe_bdq_aqua_ref,False
2311405,Quixeramobim,CE,2003,7,0.0,0.0,,,,,True,inpe_bdq_aqua_ref,False
2311405,Quixeramobim,CE,2003,8,5.0,122.1,24.419999999999998,58.2,,,False,inpe_bdq_aqua_ref,False
2311405,Quixeramobim,CE,2003,9,10.0,456.70000000000005,45.67,112.4,,,False,inpe_bdq_aqua_ref,False
2311405,Quixeramobim,CE,2003,10,100.0,7853.3,78.533,585.9,,,False,inpe_bdq_aqua_ref,False
2311405,Quixeramobim,CE,2003,11,100.0,8324.5,83.245,882.2,,,False,inpe_bdq_aqua_ref,False
2311405,Quixeramobim,CE,2003,12,72.0,5110.9,70.98472222222222,365.7,,,False,inpe_bdq_aqua_ref,False
2311405,Quixeramobim,CE,2004,1,6.0,454.1,75.68333333333334,157.4,,,False,inpe_bdq_aqua_ref,False
2311405,Quixeramobim,CE,2004,2,0.0,0.0,,,,,True,inpe_bdq_aqua_ref,False
2311405,Quixeramobim,CE,2004,3,0.0,0.0,,,,,True,inpe_bdq_aqua_ref,False
2311405,Quixeramobim,CE,2004,4,0.0,0.0,,,,,True,inpe_bdq_aqua_ref,False
2311405,Quixeramobim,CE,2004,5,0.0,0.0,,,,,True,inpe_bdq_aqua_ref,False
2311405,Quixeramobim,CE,2004,6,0.0,0.0,,,,,True,inpe_bdq_aqua_ref,False
2311405,Quixeramobim,CE,2004,7,0.0,0.0,,,,,True,inpe_bdq_aqua_ref,False
2311405,Quixeramobim,CE,2004,8,1.0,44.9,44.9,44.9,,,False,inpe_bdq_aqua_ref,False
2311405,Quixeramobim,CE,2004,9,2.0,257.3,128.65,210.9,,,False,inpe_bdq_aqua_ref,False
2311405,Quixeramobim,CE,2004,10,80.0,6351.7,79.39625,410.8,,,False,inpe_bdq_aqua_ref,False
2311405,Quixeramobim,CE,2004,11,100.0,5299.6,52.996,271.0,,,False,inpe_bdq_aqua_ref,False
2311405,Quixeramobim,CE,2004,12,100.0,5233.1,52.331,395.6,,,False,inpe_bdq_aqua_ref,False
2311405,Quixeramobim,CE,2005,1,16.0,725.7,45.35625,102.9,,,False,inpe_bdq_aqua_ref,False
2311405,Quixeramobim,CE,2005,2,3.0,183.5,61.166666666666664,89.5,,,False,inpe_bdq_aqua_ref,False
2311405,Quixeramobim,CE,2005,3,0.0,0.0,,,,,True,inpe_bdq_aqua_ref,False
2311405,Quixeramobim,CE,2005,4,1.0,11.5,11.5,11.5,,,False,inpe_bdq_aqua_ref,False
2311405,Quixeramobim,CE,2005,5,0.0,0.0,,,,,True,inpe_bdq_aqua_ref,False
2311405,Quixeramobim,CE,2005,6,0.0,0.0,,,,,True,inpe_bdq_aqua_ref,False
2311405,Quixeramobim,CE,2005,7,0.0,0.0,,,,,True,inpe_bdq_aqua_ref,False
2311405,Quixeramobim,CE,2005,8,1.0,9.4,9.4,9.4,,,False,inpe_bdq_aqua_ref,False
2311405,Quixeramobim,CE,2005,9,1.0,24.8,24.8,24.8,,,False,inpe_bdq_aqua_ref,False
2311405,Quixeramobim,CE,2005,10,49.0,4672.6,95.35918367346939,502.4,,,False,inpe_bdq_aqua_ref,False
2311405,Quixeramobim,CE,2005,11,92.0,6016.0,65.3913043478261,267.5,,,False,inpe_bdq_aqua_ref,False
2311405,Quixeramobim,CE,2005,12,38.0,1215.6,31.989473684210523,96.6,,,False,inpe_bdq_aqua_ref,False
2311405,Quixeramobim,CE,2006,1,7.0,240.0,34.285714285714285,85.1,,,False,inpe_bdq_aqua_ref,False
2311405,Quixeramobim,CE,2006,2,0.0,0.0,,,,,True,inpe_bdq_aqua_ref,False
2311405,Quixeramobim,CE,2006,3,1.0,23.6,23.6,23.6,,,False,inpe_bdq_aqua_ref,False
2311405,Quixeramobim,CE,2006,4,0.0,0.0,,,,,True,inpe_bdq_aqua_ref,False
2311405,Quixeramobim,CE,2006,5,0.0,0.0,,,,,True,inpe_bdq_aqua_ref,False
2311405,Quixeramobim,CE,2006,6,0.0,0.0,,,,,True,inpe_bdq_aqua_ref,False
2311405,Quixeramobim,CE,2006,7,0.0,0.0,,,,,True,inpe_bdq_aqua_ref,False
2311405,Quixeramobim,CE,2006,8,0.0,0.0,,,,,True,inpe_bdq_aqua_ref,False
2311405,Quixeramobim,CE,2006,9,2.0,31.299999999999997,15.649999999999999,19.4,,,False,inpe_bdq_aqua_ref,False
2311405,Quixeramobim,CE,2006,10,83.0,6202.7,74.73132530120482,397.4,,,False,inpe_bdq_aqua_ref,False
2311405,Quixeramobim,CE,2006,11,94.0,6608.5,70.30319148936171,984.1,,,False,inpe_bdq_aqua_ref,False
2311405,Quixeramobim,CE,2006,12,37.0,1806.1000000000001,48.81351351351352,199.4,,,False,inpe_bdq_aqua_ref,False
2311405,Quixeramobim,CE,2007,1,6.0,175.5,29.25,52.2,,,False,inpe_bdq_aqua_ref,False
2311405,Quixeramobim,CE,2007,2,0.0,0.0,,,,,True,inpe_bdq_aqua_ref,False
2311405,Quixeramobim,CE,2007,3,0.0,0.0,,,,,True,inpe_bdq_aqua_ref,False
2311405,Quixeramobim,CE,2007,4,0.0,0.0,,,,,True,inpe_bdq_aqua_ref,False
2311405,Quixeramobim,CE,2007,5,0.0,0.0,,,,,True,inpe_bdq_aqua_ref,False
2311405,Quixeramobim,CE,2007,6,1.0,7.2,7.2,7.2,,,False,inpe_bdq_aqua_ref,False
2311405,Quixeramobim,CE,2007,7,0.0,0.0,,,,,True,inpe_bdq_aqua_ref,False
2311405,Quixeramobim,CE,2007,8,0.0,0.0,,,,,True,inpe_bdq_aqua_ref,False
2311405,Quixeramobim,CE,2007,9,3.0,55.3,18.433333333333334,24.4,,,False,inpe_bdq_aqua_ref,False
2311405,Quixeramobim,CE,2007,10,100.0,7404.2,74.042,664.4,,,False,inpe_bdq_aqua_ref,False
2311405,Quixeramobim,CE,2007,11,96.0,7295.8,75.99791666666667,338.9,,,False,inpe_bdq_aqua_ref,False
2311405,Quixeramobim,CE,2007,12,46.0,2214.2,48.13478260869565,193.8,,,False,inpe_bdq_aqua_ref,False
2311405,Quixeramobim,CE,2008,1,7.0,200.2,28.599999999999998,55.0,,,False,inpe_bdq_aqua_ref,False
2311405,Quixeramobim,CE,2008,2,2.0,23.0,11.5,11.6,,,False,inpe_bdq_aqua_ref,False
2311405,Quixeramobim,CE,2008,3,0.0,0.0,,,,,True,inpe_bdq_aqua_ref,False
2311405,Quixeramobim,CE,2008,4,0.0,0.0,,,,,True,inpe_bdq_aqua_ref,False
2311405,Quixeramobim,CE,2008,5,0.0,0.0,,,,,True,inpe_bdq_aqua_ref,False
2311405,Quixeramobim,CE,2008,6,0.0,0.0,,,,,True,inpe_bdq_aqua_ref,False
2311405,Quixeramobim,CE,2008,7,2.0,37.1,18.55,29.3,,,False,inpe_bdq_aqua_ref,False
2311405,Quixeramobim,CE,2008,8,2.0,45.8,22.9,28.1,,,False,inpe_bdq_aqua_ref,False
2311405,Quixeramobim,CE,2008,9,3.0,59.5,19.833333333333332,25.9,,,False,inpe_bdq_aqua_ref,False
2311405,Quixeramobim,CE,2008,10,74.0,6372.1,86.10945945945946,590.1,,,False,inpe_bdq_aqua_ref,False
2311405,Quixeramobim,CE,2008,11,100.0,7307.2,73.072,445.7,,,False,inpe_bdq_aqua_ref,False
2311405,Quixeramobim,CE,2008,12,89.0,9247.199999999999,103.90112359550561,2057.4,,,False,inpe_bdq_aqua_ref,False
2311405,Quixeramobim,CE,2009,1,14.0,621.8,44.41428571428571,113.1,,,False,inpe_bdq_aqua_ref,False
2311405,Quixeramobim,CE,2009,2,3.0,46.4,15.466666666666667,20.1,,,False,inpe_bdq_aqua_ref,False
2311405,Quixeramobim,CE,2009,3,0.0,0.0,,,,,True,inpe_bdq_aqua_ref,False
2311405,Quixeramobim,CE,2009,4,0.0,0.0,,,,,True,inpe_bdq_aqua_ref,False
2311405,Quixeramobim,CE,2009,5,0.0,0.0,,,,,True,inpe_bdq_aqua_ref,False
2311405,Quixeramobim,CE,2009,6,0.0,0.0,,,,,True,inpe_bdq_aqua_ref,False
2311405,Quixeramobim,CE,2009,7,0.0,0.0,,,,,True,inpe_bdq_aqua_ref,False
2311405,Quixeramobim,CE,2009,8,0.0,0.0,,,,,True,inpe_bdq_aqua_ref,False
2311405,Quixeramobim,CE,2009,9,1.0,6.9,6.9,6.9,,,False,inpe_bdq_aqua_ref,False
2311405,Quixeramobim,CE,2009,10,14.0,701.8,50.128571428571426,169.7,,,False,inpe_bdq_aqua_ref,False
2311405,Quixeramobim,CE,2009,11,85.0,6151.5,72.37058823529412,560.0,,,False,inpe_bdq_aqua_ref,False
2311405,Quixeramobim,CE,2009,12,71.0,4103.9,57.80140845070422,426.3,,,False,inpe_bdq_aqua_ref,False
2311405,Quixeramobim,CE,2010,1,15.0,709.1,47.27333333333333,134.1,,,False,inpe_bdq_aqua_ref,False
2311405,Quixeramobim,CE,2010,2,1.0,10.3,10.3,10.3,,,False,inpe_bdq_aqua_ref,False
2311405,Quixeramobim,CE,2010,3,1.0,237.8,237.8,237.8,,,False,inpe_bdq_aqua_ref,False
2311405,Quixeramobim,CE,2010,4,0.0,0.0,,,,,True,inpe_bdq_aqua_ref,False
2311405,Quixeramobim,CE,2010,5,0.0,0.0,,,,,True,inpe_bdq_aqua_ref,False
2311405,Quixeramobim,CE,2010,6,0.0,0.0,,,,,True,inpe_bdq_aqua_ref,False
2311405,Quixeramobim,CE,2010,7,0.0,0.0,,,,,True,inpe_bdq_aqua_ref,False
2311405,Quixeramobim,CE,2010,8,4.0,63.599999999999994,15.899999999999999,20.4,,,False,inpe_bdq_aqua_ref,False
2311405,Quixeramobim,CE,2010,9,5.0,85.4,17.080000000000002,22.5,,,False,inpe_bdq_aqua_ref,False
2311405,Quixeramobim,CE,2010,10,28.0,2322.3,82.93928571428572,309.2,,,False,inpe_bdq_aqua_ref,False
2311405,Quixeramobim,CE,2010,11,62.0,3611.6,58.251612903225805,542.9,,,False,inpe_bdq_aqua_ref,False
2311405,Quixeramobim,CE,2010,12,16.0,421.7,26.35625,59.9,,,False,inpe_bdq_aqua_ref,False
2311405,Quixeramobim,CE,2011,1,4.0,102.8,25.7,41.3,,,False,inpe_bdq_aqua_ref,False
2311405,Quixeramobim,CE,2011,2,0.0,0.0,,,,,True,inpe_bdq_aqua_ref,False
2311405,Quixeramobim,CE,2011,3,0.0,0.0,,,,,True,inpe_bdq_aqua_ref,False
2311405,Quixeramobim,CE,2011,4,0.0,0.0,,,,,True,inpe_bdq_aqua_ref,False
2311405,Quixeramobim,CE,2011,5,0.0,0.0,,,,,True,inpe_bdq_aqua_ref,False
2311405,Quixeramobim,CE,2011,6,0.0,0.0,,,,,True,inpe_bdq_aqua_ref,False
2311405,Quixeramobim,CE,2011,7,0.0,0.0,,,,,True,inpe_bdq_aqua_ref,False
2311405,Quixeramobim,CE,2011,8,0.0,0.0,,,,,True,inpe_bdq_aqua_ref,False
2311405,Quixeramobim,CE,2011,9,2.0,235.8,117.9,161.6,,,False,inpe_bdq_aqua_ref,False
2311405,Quixeramobim,CE,2011,10,20.0,1482.5,74.125,387.8,,,False,inpe_bdq_aqua_ref,False
2311405,Quixeramobim,CE,2011,11,55.0,3947.1,71.76545454545455,353.1,,,False,inpe_bdq_aqua_ref,False
2311405,Quixeramobim,CE,2011,12,45.0,3060.9,68.02,464.8,,,False,inpe_bdq_aqua_ref,False
2311405,Quixeramobim,CE,2012,1,6.0,135.1,22.516666666666666,34.4,,,False,inpe_bdq_aqua_ref,False
2311405,Quixeramobim,CE,2012,2,0.0,0.0,,,,,True,inpe_bdq_aqua_ref,False
2311405,Quixeramobim,CE,2012,3,0.0,0.0,,,,,True,inpe_bdq_aqua_ref,False
2311405,Quixeramobim,CE,2012,4,0.0,0.0,,,,,True,inpe_bdq_aqua_ref,False
2311405,Quixeramobim,CE,2012,5,0.0,0.0,,,,,True,inpe_bdq_aqua_ref,False
2311405,Quixeramobim,CE,2012,6,2.0,31.2,15.6,20.5,,,False,inpe_bdq_aqua_ref,False
2311405,Quixeramobim,CE,2012,7,1.0,33.8,33.8,33.8,,,False,inpe_bdq_aqua_ref,False
2311405,Quixeramobim,CE,2012,8,2.0,21.0,10.5,13.6,,,False,inpe_bdq_aqua_ref,False
2311405,Quixeramobim,CE,2012,9,5.0,145.0,29.0,72.5,,,False,inpe_bdq_aqua_ref,False
2311405,Quixeramobim,CE,2012,10,29.0,1386.8,47.820689655172416,254.0,,,False,inpe_bdq_aqua_ref,False
2311405,Quixeramobim,CE,2012,11,12.0,333.7,27.808333333333334,90.5,,,False,inpe_bdq_aqua_ref,False
2311405,Quixeramobim,CE,2012,12,6.0,272.5,45.416666666666664,124.2,,,False,inpe_bdq_aqua_ref,False
2311405,Quixeramobim,CE,2013,1,0.0,0.0,,,,,True,inpe_bdq_aqua_ref,False
2311405,Quixeramobim,CE,2013,2,0.0,0.0,,,,,True,inpe_bdq_aqua_ref,False
2311405,Quixeramobim,CE,2013,3,1.0,17.5,17.5,17.5,,,False,inpe_bdq_aqua_ref,False
2311405,Quixeramobim,CE,2013,4,0.0,0.0,,,,,True,inpe_bdq_aqua_ref,False
2311405,Quixeramobim,CE,2013,5,0.0,0.0,,,,,True,inpe_bdq_aqua_ref,False
2311405,Quixeramobim,CE,2013,6,0.0,0.0,,,,,True,inpe_bdq_aqua_ref,False
2311405,Quixeramobim,CE,2013,7,0.0,0.0,,,,,True,inpe_bdq_aqua_ref,False
2311405,Quixeramobim,CE,2013,8,0.0,0.0,,,,,True,inpe_bdq_aqua_ref,False
2311405,Quixeramobim,CE,2013,9,0.0,0.0,,,,,True,inpe_bdq_aqua_ref,False
2311405,Quixeramobim,CE,2013,10,15.0,776.2,51.74666666666667,198.9,,,False,inpe_bdq_aqua_ref,False
2311405,Quixeramobim,CE,2013,11,22.0,1220.1000000000001,55.45909090909092,137.4,,,False,inpe_bdq_aqua_ref,False
2311405,Quixeramobim,CE,2013,12,21.0,1111.6,52.93333333333333,309.2,,,False,inpe_bdq_aqua_ref,False
2311405,Quixeramobim,CE,2014,1,8.0,417.70000000000005,52.212500000000006,209.8,1.0,7.5,False,inpe_bdq_aqua_ref,False
2311405,Quixeramobim,CE,2014,2,2.0,27.0,13.5,16.4,1.0,2.0,False,inpe_bdq_aqua_ref,False
2311405,Quixeramobim,CE,2014,3,0.0,0.0,,,,,True,inpe_bdq_aqua_ref,False
2311405,Quixeramobim,CE,2014,4,0.0,0.0,,,,,True,inpe_bdq_aqua_ref,False
2311405,Quixeramobim,CE,2014,5,0.0,0.0,,,,,True,inpe_bdq_aqua_ref,False
2311405,Quixeramobim,CE,2014,6,0.0,0.0,,,,,True,inpe_bdq_aqua_ref,False
2311405,Quixeramobim,CE,2014,7,2.0,138.4,69.2,121.6,1.0,2.0,False,inpe_bdq_aqua_ref,False
2311405,Quixeramobim,CE,2014,8,4.0,56.4,14.1,18.7,1.0,9.25,False,inpe_bdq_aqua_ref,False
2311405,Quixeramobim,CE,2014,9,0.0,0.0,,,,,True,inpe_bdq_aqua_ref,False
2311405,Quixeramobim,CE,2014,10,17.0,1268.4,74.61176470588236,453.2,1.0,19.11764705882353,False,inpe_bdq_aqua_ref,False
2311405,Quixeramobim,CE,2014,11,17.0,711.2,41.83529411764706,133.5,1.0,5.470588235294118,False,inpe_bdq_aqua_ref,False
2311405,Quixeramobim,CE,2014,12,5.0,221.4,44.28,71.5,1.0,14.8,False,inpe_bdq_aqua_ref,False
2311405,Quixeramobim,CE,2015,1,5.0,186.20000000000002,37.24,75.0,1.0,7.8,False,inpe_bdq_aqua_ref,False
2311405,Quixeramobim,CE,2015,2,1.0,49.7,49.7,49.7,1.0,5.0,False,inpe_bdq_aqua_ref,False
2311405,Quixeramobim,CE,2015,3,0.0,0.0,,,,,True,inpe_bdq_aqua_ref,False
2311405,Quixeramobim,CE,2015,4,0.0,0.0,,,,,True,inpe_bdq_aqua_ref,False
2311405,Quixeramobim,CE,2015,5,0.0,0.0,,,,,True,inpe_bdq_aqua_ref,False
2311405,Quixeramobim,CE,2015,6,0.0,0.0,,,,,True,inpe_bdq_aqua_ref,False
2311405,Quixeramobim,CE,2015,7,1.0,46.1,46.1,46.1,1.0,9.0,False,inpe_bdq_aqua_ref,False
2311405,Quixeramobim,CE,2015,8,0.0,0.0,,,,,True,inpe_bdq_aqua_ref,False
2311405,Quixeramobim,CE,2015,9,2.0,66.3,33.15,57.6,1.0,21.5,False,inpe_bdq_aqua_ref,False
2311405,Quixeramobim,CE,2015,10,8.0,205.70000000000002,25.712500000000002,61.5,1.0,58.25,False,inpe_bdq_aqua_ref,False
2311405,Quixeramobim,CE,2015,11,30.0,2573.6,85.78666666666666,612.2,1.0,84.83333333333333,False,inpe_bdq_aqua_ref,False
2311405,Quixeramobim,CE,2015,12,6.0,146.2,24.366666666666664,49.0,1.0,74.33333333333333,False,inpe_bdq_aqua_ref,False
2311405,Quixeramobim,CE,2016,1,0.0,0.0,,,,,True,inpe_bdq_aqua_ref,False
2311405,Quixeramobim,CE,2016,2,0.0,0.0,,,,,True,inpe_bdq_aqua_ref,False
2311405,Quixeramobim,CE,2016,3,0.0,0.0,,,,,True,inpe_bdq_aqua_ref,False
2311405,Quixeramobim,CE,2016,4,0.0,0.0,,,,,True,inpe_bdq_aqua_ref,False
2311405,Quixeramobim,CE,2016,5,0.0,0.0,,,,,True,inpe_bdq_aqua_ref,False
2311405,Quixeramobim,CE,2016,6,0.0,0.0,,,,,True,inpe_bdq_aqua_ref,False
2311405,Quixeramobim,CE,2016,7,0.0,0.0,,,,,True,inpe_bdq_aqua_ref,False
2311405,Quixeramobim,CE,2016,8,0.0,0.0,,,,,True,inpe_bdq_aqua_ref,False
2311405,Quixeramobim,CE,2016,9,12.0,510.90000000000003,42.575,119.4,-82.33333333333333,47.666666666666664,False,inpe_bdq_aqua_ref,False
2311405,Quixeramobim,CE,2016,10,33.0,3088.0,93.57575757575758,354.3,1.0,80.93939393939394,False,inpe_bdq_aqua_ref,False
2311405,Quixeramobim,CE,2016,11,18.0,1090.3,60.57222222222222,219.4,1.0,62.77777777777778,False,inpe_bdq_aqua_ref,False
2311405,Quixeramobim,CE,2016,12,8.0,285.40000000000003,35.675000000000004,86.9,1.0,36.875,False,inpe_bdq_aqua_ref,False
2311405,Quixeramobim,CE,2017,1,1.0,49.8,49.8,49.8,1.0,0.0,False,inpe_bdq_aqua_ref,False
2311405,Quixeramobim,CE,2017,2,3.0,166.2,55.4,74.2,1.0,0.0,False,inpe_bdq_aqua_ref,False
2311405,Quixeramobim,CE,2017,3,0.0,0.0,,,,,True,inpe_bdq_aqua_ref,False
2311405,Quixeramobim,CE,2017,4,0.0,0.0,,,,,True,inpe_bdq_aqua_ref,False
2311405,Quixeramobim,CE,2017,5,0.0,0.0,,,,,True,inpe_bdq_aqua_ref,False
2311405,Quixeramobim,CE,2017,6,0.0,0.0,,,,,True,inpe_bdq_aqua_ref,False
2311405,Quixeramobim,CE,2017,7,0.0,0.0,,,,,True,inpe_bdq_aqua_ref,False
2311405,Quixeramobim,CE,2017,8,0.0,0.0,,,,,True,inpe_bdq_aqua_ref,False
2311405,Quixeramobim,CE,2017,9,4.0,274.2,68.55,110.6,1.0,0.0,False,inpe_bdq_aqua_ref,False
2311405,Quixeramobim,CE,2017,10,15.0,758.6,50.57333333333334,157.5,1.0,0.0,False,inpe_bdq_aqua_ref,False
2311405,Quixeramobim,CE,2017,11,29.0,2530.6,87.26206896551724,364.8,-33.48275862068966,0.0,False,inpe_bdq_aqua_ref,False
2311405,Quixeramobim,CE,2017,12,7.0,285.0,40.714285714285715,68.7,1.0,0.0,False,inpe_bdq_aqua_ref,False
2311405,Quixeramobim,CE,2018,1,3.0,94.7,31.566666666666666,58.7,1.0,0.0,False,inpe_bdq_aqua_ref,False
2311405,Quixeramobim,CE,2018,2,0.0,0.0,,,,,True,inpe_bdq_aqua_ref,False
2311405,Quixeramobim,CE,2018,3,2.0,143.6,71.8,72.3,1.0,0.0,False,inpe_bdq_aqua_ref,False
2311405,Quixeramobim,CE,2018,4,0.0,0.0,,,,,True,inpe_bdq_aqua_ref,False
2311405,Quixeramobim,CE,2018,5,0.0,0.0,,,,,True,inpe_bdq_aqua_ref,False
2311405,Quixeramobim,CE,2018,6,0.0,0.0,,,,,True,inpe_bdq_aqua_ref,False
2311405,Quixeramobim,CE,2018,7,0.0,0.0,,,,,True,inpe_bdq_aqua_ref,False
2311405,Quixeramobim,CE,2018,8,4.0,46.8,11.7,14.8,1.0,25.75,False,inpe_bdq_aqua_ref,False
2311405,Quixeramobim,CE,2018,9,5.0,298.7,59.739999999999995,137.4,1.0,63.6,False,inpe_bdq_aqua_ref,False
2311405,Quixeramobim,CE,2018,10,5.0,449.09999999999997,89.82,291.4,1.0,74.2,False,inpe_bdq_aqua_ref,False
2311405,Quixeramobim,CE,2018,11,14.0,624.1,44.57857142857143,182.2,1.0,76.64285714285714,False,inpe_bdq_aqua_ref,False
2311405,Quixeramobim,CE,2018,12,10.0,372.79999999999995,37.279999999999994,97.1,0.75,1.9,False,inpe_bdq_aqua_ref,False
2311405,Quixeramobim,CE,2019,1,2.0,47.3,23.65,30.3,1.0,8.0,False,inpe_bdq_aqua_ref,False
2311405,Quixeramobim,CE,2019,2,0.0,0.0,,,,,True,inpe_bdq_aqua_ref,False
2311405,Quixeramobim,CE,2019,3,0.0,0.0,,,,,True,inpe_bdq_aqua_ref,False
2311405,Quixeramobim,CE,2019,4,0.0,0.0,,,,,True,inpe_bdq_aqua_ref,False
2311405,Quixeramobim,CE,2019,5,0.0,0.0,,,,,True,inpe_bdq_aqua_ref,False
2311405,Quixeramobim,CE,2019,6,0.0,0.0,,,,,True,inpe_bdq_aqua_ref,False
2311405,Quixeramobim,CE,2019,7,0.0,0.0,,,,,True,inpe_bdq_aqua_ref,False
2311405,Quixeramobim,CE,2019,8,0.0,0.0,,,,,True,inpe_bdq_aqua_ref,False
2311405,Quixeramobim,CE,2019,9,5.0,995.5,199.1,380.7,1.0,96.0,False,inpe_bdq_aqua_ref,False
2311405,Quixeramobim,CE,2019,10,31.0,2189.5,70.62903225806451,308.9,1.0,84.93548387096774,False,inpe_bdq_aqua_ref,False
2311405,Quixeramobim,CE,2019,11,24.0,1858.5,77.4375,420.7,1.0,65.16666666666667,False,inpe_bdq_aqua_ref,False
2311405,Quixeramobim,CE,2019,12,13.0,686.5,52.80769230769231,159.1,1.0,21.153846153846153,False,inpe_bdq_aqua_ref,False
2311405,Quixeramobim,CE,2020,1,4.0,96.19999999999999,24.049999999999997,43.1,0.85,3.5,False,inpe_bdq_aqua_ref,False
2311405,Quixeramobim,CE,2020,2,1.0,36.1,36.1,36.1,0.4,0.0,False,inpe_bdq_aqua_ref,False
2311405,Quixeramobim,CE,2020,3,0.0,0.0,,,,,True,inpe_bdq_aqua_ref,False
2311405,Quixeramobim,CE,2020,4,0.0,0.0,,,,,True,inpe_bdq_aqua_ref,False
2311405,Quixeramobim,CE,2020,5,0.0,0.0,,,,,True,inpe_bdq_aqua_ref,False
2311405,Quixeramobim,CE,2020,6,0.0,0.0,,,,,True,inpe_bdq_aqua_ref,False
2311405,Quixeramobim,CE,2020,7,0.0,0.0,,,,,True,inpe_bdq_aqua_ref,False
2311405,Quixeramobim,CE,2020,8,3.0,113.7,37.9,81.5,1.0,30.0,False,inpe_bdq_aqua_ref,False
2311405,Quixeramobim,CE,2020,9,2.0,31.5,15.75,19.5,1.0,67.0,False,inpe_bdq_aqua_ref,False
2311405,Quixeramobim,CE,2020,10,19.0,814.3,42.857894736842105,182.9,-51.63157894736842,80.26315789473684,False,inpe_bdq_aqua_ref,False
2311405,Quixeramobim,CE,2020,11,28.0,1271.7,45.417857142857144,144.9,1.0,4.535714285714286,False,inpe_bdq_aqua_ref,False
2311405,Quixeramobim,CE,2020,12,26.0,1688.3999999999999,64.93846153846154,152.7,1.0,5.653846153846154,False,inpe_bdq_aqua_ref,False
2311405,Quixeramobim,CE,2021,1,3.0,163.2,54.4,69.9,1.0,17.0,False,inpe_bdq_aqua_ref,False
2311405,Quixeramobim,CE,2021,2,5.0,100.7,20.14,27.0,0.9199999999999999,2.2,False,inpe_bdq_aqua_ref,False
2311405,Quixeramobim,CE,2021,3,0.0,0.0,,,,,True,inpe_bdq_aqua_ref,False
2311405,Quixeramobim,CE,2021,4,0.0,0.0,,,,,True,inpe_bdq_aqua_ref,False
2311405,Quixeramobim,CE,2021,5,0.0,0.0,,,,,True,inpe_bdq_aqua_ref,False
2311405,Quixeramobim,CE,2021,6,1.0,12.6,12.6,12.6,1.0,37.0,False,inpe_bdq_aqua_ref,False
2311405,Quixeramobim,CE,2021,7,0.0,0.0,,,,,True,inpe_bdq_aqua_ref,False
2311405,Quixeramobim,CE,2021,8,0.0,0.0,,,,,True,inpe_bdq_aqua_ref,False
2311405,Quixeramobim,CE,2021,9,2.0,99.2,49.6,63.2,1.0,55.5,False,inpe_bdq_aqua_ref,False
2311405,Quixeramobim,CE,2021,10,8.0,1177.8999999999999,147.23749999999998,523.3,1.0,17.5,False,inpe_bdq_aqua_ref,False
2311405,Quixeramobim,CE,2021,11,35.0,3641.1000000000004,104.03142857142858,870.2,1.0,12.142857142857142,False,inpe_bdq_aqua_ref,False
2311405,Quixeramobim,CE,2021,12,21.0,773.9,36.852380952380955,137.9,-46.61904761904762,30.523809523809526,False,inpe_bdq_aqua_ref,False
2311405,Quixeramobim,CE,2022,1,1.0,12.6,12.6,12.6,0.2,0.0,False,inpe_bdq_aqua_ref,False
2311405,Quixeramobim,CE,2022,2,0.0,0.0,,,,,True,inpe_bdq_aqua_ref,False
2311405,Quixeramobim,CE,2022,3,2.0,146.0,73.0,82.9,0.4,4.0,False,inpe_bdq_aqua_ref,False
2311405,Quixeramobim,CE,2022,4,0.0,0.0,,,,,True,inpe_bdq_aqua_ref,False
2311405,Quixeramobim,CE,2022,5,0.0,0.0,,,,,True,inpe_bdq_aqua_ref,False
2311405,Quixeramobim,CE,2022,6,0.0,0.0,,,,,True,inpe_bdq_aqua_ref,False
2311405,Quixeramobim,CE,2022,7,0.0,0.0,,,,,True,inpe_bdq_aqua_ref,False
2311405,Quixeramobim,CE,2022,8,0.0,0.0,,,,,True,inpe_bdq_aqua_ref,False
2311405,Quixeramobim,CE,2022,9,2.0,89.6,44.8,45.7,1.0,44.0,False,inpe_bdq_aqua_ref,False
2311405,Quixeramobim,CE,2022,10,18.0,3349.1,186.0611111111111,1089.1,1.0,31.5,False,inpe_bdq_aqua_ref,False
2311405,Quixeramobim,CE,2022,11,26.0,847.3,32.58846153846154,92.1,0.9288461538461538,8.115384615384615,False,inpe_bdq_aqua_ref,False
2311405,Quixeramobim,CE,2022,12,23.0,699.3,30.404347826086955,100.5,0.9730434782608696,12.478260869565217,False,inpe_bdq_aqua_ref,False
2311405,Quixeramobim,CE,2023,1,2.0,311.6,155.8,248.0,1.0,10.0,False,inpe_bdq_aqua_ref,False
2311405,Quixeramobim,CE,2023,2,0.0,0.0,,,,,True,inpe_bdq_aqua_ref,False
2311405,Quixeramobim,CE,2023,3,0.0,0.0,,,,,True,inpe_bdq_aqua_ref,False
2311405,Quixeramobim,CE,2023,4,0.0,0.0,,,,,True,inpe_bdq_aqua_ref,False
2311405,Quixeramobim,CE,2023,5,0.0,0.0,,,,,True,inpe_bdq_aqua_ref,False
2311405,Quixeramobim,CE,2023,6,0.0,0.0,,,,,True,inpe_bdq_aqua_ref,False
2311405,Quixeramobim,CE,2023,7,0.0,0.0,,,,,True,inpe_bdq_aqua_ref,False
2311405,Quixeramobim,CE,2023,8,0.0,0.0,,,,,True,inpe_bdq_aqua_ref,False
2311405,Quixeramobim,CE,2023,9,5.0,188.3,37.660000000000004,61.4,1.0,74.4,False,inpe_bdq_aqua_ref,False
2311405,Quixeramobim,CE,2023,10,47.0,3950.7,84.05744680851063,491.3,0.9940425531914894,49.53191489361702,False,inpe_bdq_aqua_ref,False
2311405,Quixeramobim,CE,2023,11,33.0,2091.1,63.36666666666667,452.8,1.0,28.818181818181817,False,inpe_bdq_aqua_ref,False
2311405,Quixeramobim,CE,2023,12,23.0,1153.4,50.14782608695653,245.8,0.961304347826087,23.73913043478261,False,inpe_bdq_aqua_ref,False
2311405,Quixeramobim,CE,2024,1,10.0,712.6,71.26,311.7,0.585,2.5,False,inpe_bdq_aqua_ref,False
2311405,Quixeramobim,CE,2024,2,0.0,0.0,,,,,True,inpe_bdq_aqua_ref,False
2311405,Quixeramobim,CE,2024,3,0.0,0.0,,,,,True,inpe_bdq_aqua_ref,False
2311405,Quixeramobim,CE,2024,4,0.0,0.0,,,,,True,inpe_bdq_aqua_ref,False
2311405,Quixeramobim,CE,2024,5,2.0,32.6,16.3,23.8,0.505,7.0,False,inpe_bdq_aqua_ref,False
2311405,Quixeramobim,CE,2024,6,0.0,0.0,,,,,True,inpe_bdq_aqua_ref,False
2311405,Quixeramobim,CE,2024,7,0.0,0.0,,,,,True,inpe_bdq_aqua_ref,False
2311405,Quixeramobim,CE,2024,8,1.0,10.7,10.7,10.7,1.0,48.0,False,inpe_bdq_aqua_ref,False
2311405,Quixeramobim,CE,2024,9,6.0,279.7,46.61666666666667,77.6,1.0,70.16666666666667,False,inpe_bdq_aqua_ref,False
2311405,Quixeramobim,CE,2024,10,23.0,949.6,41.28695652173913,188.2,1.0,107.04347826086956,False,inpe_bdq_aqua_ref,False
2311405,Quixeramobim,CE,2024,11,74.0,3693.3,49.90945945945946,396.7,1.0,119.0945945945946,False,inpe_bdq_aqua_ref,False
2311405,Quixeramobim,CE,2024,12,35.0,1437.6,41.074285714285715,159.1,1.0,9.685714285714285,False,inpe_bdq_aqua_ref,False
2311405,Quixeramobim,CE,2025,1,4.0,78.2,19.55,34.7,0.6275,14.25,False,inpe_bdq_aqua_ref,False
2311405,Quixeramobim,CE,2025,2,0.0,0.0,,,,,True,inpe_bdq_aqua_ref,False
2311405,Quixeramobim,CE,2025,3,0.0,0.0,,,,,True,inpe_bdq_aqua_ref,False
2311405,Quixeramobim,CE,2025,4,1.0,7.8,7.8,7.8,0.65,6.0,False,inpe_bdq_aqua_ref,False
2311405,Quixeramobim,CE,2025,5,5.0,126.89999999999999,25.38,40.8,0.546,5.6,False,inpe_bdq_aqua_ref,False
2311405,Quixeramobim,CE,2025,6,0.0,0.0,,,,,True,inpe_bdq_aqua_ref,False
2311405,Quixeramobim,CE,2025,7,3.0,25.2,8.4,9.1,1.0,11.0,False,inpe_bdq_aqua_ref,False
2311405,Quixeramobim,CE,2025,8,1.0,17.3,17.3,17.3,1.0,5.0,False,inpe_bdq_aqua_ref,False
2311405,Quixeramobim,CE,2025,9,1.0,7.7,7.7,7.7,1.0,28.0,False,inpe_bdq_aqua_ref,False
2311959,Salitre,CE,2002,8,4.0,160.5,40.125,55.3,,,False,inpe_bdq_legacy,False
2311959,Salitre,CE,2002,9,8.0,328.0,41.0,105.3,,,False,inpe_bdq_legacy,False
2311959,Salitre,CE,2002,10,30.0,1341.6,44.72,434.2,,,False,inpe_bdq_legacy,False
2311959,Salitre,CE,2002,11,4.0,160.7,40.175,71.9,,,False,inpe_bdq_legacy,False
2311959,Salitre,CE,2002,12,3.0,60.0,20.0,26.2,,,False,inpe_bdq_legacy,False
2311959,Salitre,CE,2003,1,0.0,0.0,,,,,True,inpe_bdq_legacy,False
2311959,Salitre,CE,2003,2,0.0,0.0,,,,,True,inpe_bdq_legacy,False
2311959,Salitre,CE,2003,3,0.0,0.0,,,,,True,inpe_bdq_legacy,False
2311959,Salitre,CE,2003,4,0.0,0.0,,,,,True,inpe_bdq_legacy,False
2311959,Salitre,CE,2003,5,0.0,0.0,,,,,True,inpe_bdq_legacy,False
2311959,Salitre,CE,2003,6,0.0,0.0,,,,,True,inpe_bdq_legacy,False
2311959,Salitre,CE,2003,7,0.0,0.0,,,,,True,inpe_bdq_legacy,False
2311959,Salitre,CE,2003,8,2.0,138.9,69.45,116.8,,,False,inpe_bdq_legacy,False
2311959,Salitre,CE,2003,9,3.0,85.5,28.5,29.3,,,False,inpe_bdq_legacy,False
2311959,Salitre,CE,2003,10,7.0,276.5,39.5,69.4,,,False,inpe_bdq_legacy,False
2311959,Salitre,CE,2003,11,14.0,751.8,53.699999999999996,121.5,,,False,inpe_bdq_legacy,False
2311959,Salitre,CE,2003,12,0.0,0.0,,,,,True,inpe_bdq_legacy,False
2311959,Salitre,CE,2004,1,0.0,0.0,,,,,True,inpe_bdq_legacy,False
2311959,Salitre,CE,2004,2,0.0,0.0,,,,,True,inpe_bdq_legacy,False
2311959,Salitre,CE,2004,3,0.0,0.0,,,,,True,inpe_bdq_legacy,False
2311959,Salitre,CE,2004,4,0.0,0.0,,,,,True,inpe_bdq_legacy,False
2311959,Salitre,CE,2004,5,0.0,0.0,,,,,True,inpe_bdq_legacy,False
2311959,Salitre,CE,2004,6,0.0,0.0,,,,,True,inpe_bdq_legacy,False
2311959,Salitre,CE,2004,7,0.0,0.0,,,,,True,inpe_bdq_legacy,False
2311959,Salitre,CE,2004,8,0.0,0.0,,,,,True,inpe_bdq_legacy,False
2311959,Salitre,CE,2004,9,1.0,47.1,47.1,47.1,,,False,inpe_bdq_legacy,False
2311959,Salitre,CE,2004,10,2.0,46.8,23.4,24.6,,,False,inpe_bdq_legacy,False
2311959,Salitre,CE,2004,11,15.0,908.9,60.593333333333334,117.0,,,False,inpe_bdq_legacy,False
2311959,Salitre,CE,2004,12,5.0,102.1,20.419999999999998,35.8,,,False,inpe_bdq_legacy,False
2311959,Salitre,CE,2005,1,1.0,24.2,24.2,24.2,,,False,inpe_bdq_legacy,False
2311959,Salitre,CE,2005,2,0.0,0.0,,,,,True,inpe_bdq_legacy,False
2311959,Salitre,CE,2005,3,0.0,0.0,,,,,True,inpe_bdq_legacy,False
2311959,Salitre,CE,2005,4,0.0,0.0,,,,,True,inpe_bdq_legacy,False
2311959,Salitre,CE,2005,5,0.0,0.0,,,,,True,inpe_bdq_legacy,False
2311959,Salitre,CE,2005,6,0.0,0.0,,,,,True,inpe_bdq_legacy,False
2311959,Salitre,CE,2005,7,0.0,0.0,,,,,True,inpe_bdq_legacy,False
2311959,Salitre,CE,2005,8,1.0,41.0,41.0,41.0,,,False,inpe_bdq_legacy,False
2311959,Salitre,CE,2005,9,4.0,336.5,84.125,146.1,,,False,inpe_bdq_legacy,False
2311959,Salitre,CE,2005,10,4.0,122.3,30.575,53.3,,,False,inpe_bdq_legacy,False
2311959,Salitre,CE,2005,11,10.0,578.7,57.870000000000005,122.3,,,False,inpe_bdq_legacy,False
2311959,Salitre,CE,2005,12,9.0,465.29999999999995,51.699999999999996,111.5,,,False,inpe_bdq_legacy,False
2311959,Salitre,CE,2006,1,0.0,0.0,,,,,True,inpe_bdq_legacy,False
2311959,Salitre,CE,2006,2,0.0,0.0,,,,,True,inpe_bdq_legacy,False
2311959,Salitre,CE,2006,3,0.0,0.0,,,,,True,inpe_bdq_legacy,False
2311959,Salitre,CE,2006,4,0.0,0.0,,,,,True,inpe_bdq_legacy,False
2311959,Salitre,CE,2006,5,0.0,0.0,,,,,True,inpe_bdq_legacy,False
2311959,Salitre,CE,2006,6,0.0,0.0,,,,,True,inpe_bdq_legacy,False
2311959,Salitre,CE,2006,7,0.0,0.0,,,,,True,inpe_bdq_legacy,False
2311959,Salitre,CE,2006,8,0.0,0.0,,,,,True,inpe_bdq_legacy,False
2311959,Salitre,CE,2006,9,2.0,66.8,33.4,52.8,,,False,inpe_bdq_legacy,False
2311959,Salitre,CE,2006,10,5.0,188.0,37.6,49.2,,,False,inpe_bdq_legacy,False
2311959,Salitre,CE,2006,11,15.0,1183.1,78.87333333333332,214.8,,,False,inpe_bdq_legacy,False
2311959,Salitre,CE,2006,12,7.0,198.0,28.285714285714285,40.7,,,False,inpe_bdq_legacy,False
2311959,Salitre,CE,2007,1,2.0,23.6,11.8,15.4,,,False,inpe_bdq_legacy,False
2311959,Salitre,CE,2007,2,0.0,0.0,,,,,True,inpe_bdq_legacy,False
2311959,Salitre,CE,2007,3,0.0,0.0,,,,,True,inpe_bdq_legacy,False
2311959,Salitre,CE,2007,4,0.0,0.0,,,,,True,inpe_bdq_legacy,False
2311959,Salitre,CE,2007,5,0.0,0.0,,,,,True,inpe_bdq_legacy,False
2311959,Salitre,CE,2007,6,0.0,0.0,,,,,True,inpe_bdq_legacy,False
2311959,Salitre,CE,2007,7,0.0,0.0,,,,,True,inpe_bdq_legacy,False
2311959,Salitre,CE,2007,8,0.0,0.0,,,,,True,inpe_bdq_legacy,False
2311959,Salitre,CE,2007,9,0.0,0.0,,,,,True,inpe_bdq_legacy,False
2311959,Salitre,CE,2007,10,1.0,27.4,27.4,27.4,,,False,inpe_bdq_legacy,False
2311959,Salitre,CE,2007,11,17.0,845.9,49.758823529411764,184.9,,,False,inpe_bdq_legacy,False
2311959,Salitre,CE,2007,12,6.0,128.9,21.483333333333334,47.9,,,False,inpe_bdq_legacy,False
2311959,Salitre,CE,2008,1,2.0,73.0,36.5,45.9,,,False,inpe_bdq_legacy,False
2311959,Salitre,CE,2008,2,0.0,0.0,,,,,True,inpe_bdq_legacy,False
2311959,Salitre,CE,2008,3,0.0,0.0,,,,,True,inpe_bdq_legacy,False
2311959,Salitre,CE,2008,4,0.0,0.0,,,,,True,inpe_bdq_legacy,False
2311959,Salitre,CE,2008,5,0.0,0.0,,,,,True,inpe_bdq_legacy,False
2311959,Salitre,CE,2008,6,0.0,0.0,,,,,True,inpe_bdq_legacy,False
2311959,Salitre,CE,2008,7,0.0,0.0,,,,,True,inpe_bdq_legacy,False
2311959,Salitre,CE,2008,8,0.0,0.0,,,,,True,inpe_bdq_legacy,False
2311959,Salitre,CE,2008,9,0.0,0.0,,,,,True,inpe_bdq_legacy,False
2311959,Salitre,CE,2008,10,1.0,12.5,12.5,12.5,,,False,inpe_bdq_legacy,False
2311959,Salitre,CE,2008,11,13.0,501.3,38.56153846153846,85.9,,,False,inpe_bdq_legacy,False
2311959,Salitre,CE,2008,12,10.0,420.7,42.07,113.4,,,False,inpe_bdq_legacy,False
2311959,Salitre,CE,2009,1,1.0,37.1,37.1,37.1,,,False,inpe_bdq_legacy,False
2311959,Salitre,CE,2009,2,0.0,0.0,,,,,True,inpe_bdq_legacy,False
2311959,Salitre,CE,2009,3,0.0,0.0,,,,,True,inpe_bdq_legacy,False
2311959,Salitre,CE,2009,4,0.0,0.0,,,,,True,inpe_bdq_legacy,False
2311959,Salitre,CE,2009,5,0.0,0.0,,,,,True,inpe_bdq_legacy,False
2311959,Salitre,CE,2009,6,0.0,0.0,,,,,True,inpe_bdq_legacy,False
2311959,Salitre,CE,2009,7,0.0,0.0,,,,,True,inpe_bdq_legacy,False
2311959,Salitre,CE,2009,8,0.0,0.0,,,,,True,inpe_bdq_legacy,False
2311959,Salitre,CE,2009,9,2.0,42.8,21.4,28.1,,,False,inpe_bdq_legacy,False
2311959,Salitre,CE,2009,10,5.0,238.3,47.660000000000004,117.9,,,False,inpe_bdq_legacy,False
2311959,Salitre,CE,2009,11,7.0,469.5,67.07142857142857,242.8,,,False,inpe_bdq_legacy,False
2311959,Salitre,CE,2009,12,4.0,78.1,19.525,26.8,,,False,inpe_bdq_legacy,False
2311959,Salitre,CE,2010,1,1.0,9.3,9.3,9.3,,,False,inpe_bdq_legacy,False
2311959,Salitre,CE,2010,2,1.0,13.6,13.6,13.6,,,False,inpe_bdq_legacy,False
2311959,Salitre,CE,2010,3,1.0,10.8,10.8,10.8,,,False,inpe_bdq_legacy,False
2311959,Salitre,CE,2010,4,0.0,0.0,,,,,True,inpe_bdq_legacy,False
2311959,Salitre,CE,2010,5,0.0,0.0,,,,,True,inpe_bdq_legacy,False
2311959,Salitre,CE,2010,6,0.0,0.0,,,,,True,inpe_bdq_legacy,False
2311959,Salitre,CE,2010,7,0.0,0.0,,,,,True,inpe_bdq_legacy,False
2311959,Salitre,CE,2010,8,0.0,0.0,,,,,True,inpe_bdq_legacy,False
2311959,Salitre,CE,2010,9,1.0,59.0,59.0,59.0,,,False,inpe_bdq_legacy,False
2311959,Salitre,CE,2010,10,10.0,400.8,40.08,90.7,,,False,inpe_bdq_legacy,False
2311959,Salitre,CE,2010,11,22.0,528.4,24.018181818181816,87.5,,,False,inpe_bdq_legacy,False
2311959,Salitre,CE,2010,12,1.0,11.7,11.7,11.7,,,False,inpe_bdq_legacy,False
2311959,Salitre,CE,2011,1,2.0,72.6,36.3,36.8,,,False,inpe_bdq_legacy,False
2311959,Salitre,CE,2011,2,0.0,0.0,,,,,True,inpe_bdq_legacy,False
2311959,Salitre,CE,2011,3,0.0,0.0,,,,,True,inpe_bdq_legacy,False
2311959,Salitre,CE,2011,4,0.0,0.0,,,,,True,inpe_bdq_legacy,False
2311959,Salitre,CE,2011,5,0.0,0.0,,,,,True,inpe_bdq_legacy,False
2311959,Salitre,CE,2011,6,0.0,0.0,,,,,True,inpe_bdq_legacy,False
2311959,Salitre,CE,2011,7,0.0,0.0,,,,,True,inpe_bdq_legacy,False
2311959,Salitre,CE,2011,8,0.0,0.0,,,,,True,inpe_bdq_legacy,False
2311959,Salitre,CE,2011,9,0.0,0.0,,,,,True,inpe_bdq_legacy,False
2311959,Salitre,CE,2011,10,8.0,333.3,41.6625,93.7,,,False,inpe_bdq_legacy,False
2311959,Salitre,CE,2011,11,14.0,594.3,42.449999999999996,108.7,,,False,inpe_bdq_legacy,False
2311959,Salitre,CE,2011,12,8.0,428.2,53.525,124.2,,,False,inpe_bdq_legacy,False
2311959,Salitre,CE,2012,1,0.0,0.0,,,,,True,inpe_bdq_legacy,False
2311959,Salitre,CE,2012,2,0.0,0.0,,,,,True,inpe_bdq_legacy,False
2311959,Salitre,CE,2012,3,0.0,0.0,,,,,True,inpe_bdq_legacy,False
2311959,Salitre,CE,2012,4,0.0,0.0,,,,,True,inpe_bdq_legacy,False
2311959,Salitre,CE,2012,5,0.0,0.0,,,,,True,inpe_bdq_legacy,False
2311959,Salitre,CE,2012,6,0.0,0.0,,,,,True,inpe_bdq_legacy,False
2311959,Salitre,CE,2012,7,0.0,0.0,,,,,True,inpe_bdq_legacy,False
2311959,Salitre,CE,2012,8,0.0,0.0,,,,,True,inpe_bdq_legacy,False
2311959,Salitre,CE,2012,9,6.0,2054.0,342.3333333333333,1408.1,,,False,inpe_bdq_legacy,False
2311959,Salitre,CE,2012,10,0.0,0.0,,,,,True,inpe_bdq_legacy,False
2311959,Salitre,CE,2012,11,2.0,43.1,21.55,29.0,,,False,inpe_bdq_legacy,False
2311959,Salitre,CE,2012,12,3.0,91.5,30.5,35.9,,,False,inpe_bdq_legacy,False
2311959,Salitre,CE,2013,1,0.0,0.0,,,,,True,inpe_bdq_legacy,False
2311959,Salitre,CE,2013,2,0.0,0.0,,,,,True,inpe_bdq_legacy,False
2311959,Salitre,CE,2013,3,0.0,0.0,,,,,True,inpe_bdq_legacy,False
2311959,Salitre,CE,2013,4,0.0,0.0,,,,,True,inpe_bdq_legacy,False
2311959,Salitre,CE,2013,5,0.0,0.0,,,,,True,inpe_bdq_legacy,False
2311959,Salitre,CE,2013,6,0.0,0.0,,,,,True,inpe_bdq_legacy,False
2311959,Salitre,CE,2013,7,0.0,0.0,,,,,True,inpe_bdq_legacy,False
2311959,Salitre,CE,2013,8,0.0,0.0,,,,,True,inpe_bdq_legacy,False
2311959,Salitre,CE,2013,9,4.0,98.8,24.7,34.9,,,False,inpe_bdq_legacy,False
2311959,Salitre,CE,2013,10,8.0,994.9000000000001,124.36250000000001,290.8,,,False,inpe_bdq_legacy,False
2311959,Salitre,CE,2013,11,9.0,939.5,104.38888888888889,241.8,,,False,inpe_bdq_legacy,False
2311959,Salitre,CE,2013,12,2.0,28.0,14.0,14.6,,,False,inpe_bdq_legacy,False
2311959,Salitre,CE,2014,1,0.0,0.0,,,,,True,inpe_bdq_legacy,False
2311959,Salitre,CE,2014,2,0.0,0.0,,,,,True,inpe_bdq_legacy,False
2311959,Salitre,CE,2014,3,0.0,0.0,,,,,True,inpe_bdq_legacy,False
2311959,Salitre,CE,2014,4,1.0,8.0,8.0,8.0,0.9,1.0,False,inpe_bdq_legacy,False
2311959,Salitre,CE,2014,5,0.0,0.0,,,,,True,inpe_bdq_legacy,False
2311959,Salitre,CE,2014,6,1.0,13.8,13.8,13.8,1.0,19.0,False,inpe_bdq_legacy,False
2311959,Salitre,CE,2014,7,0.0,0.0,,,,,True,inpe_bdq_legacy,False
2311959,Salitre,CE,2014,8,0.0,0.0,,,,,True,inpe_bdq_legacy,False
2311959,Salitre,CE,2014,9,0.0,0.0,,,,,True,inpe_bdq_legacy,False
2311959,Salitre,CE,2014,10,4.0,337.9,84.475,116.5,1.0,9.75,False,inpe_bdq_legacy,False
2311959,Salitre,CE,2014,11,2.0,58.6,29.3,46.1,0.35,7.0,False,inpe_bdq_legacy,False
2311959,Salitre,CE,2014,12,0.0,0.0,,,,,True,inpe_bdq_legacy,False
2311959,Salitre,CE,2015,1,1.0,18.6,18.6,18.6,1.0,11.0,False,inpe_bdq_legacy,False
2311959,Salitre,CE,2015,2,0.0,0.0,,,,,True,inpe_bdq_legacy,False
2311959,Salitre,CE,2015,3,0.0,0.0,,,,,True,inpe_bdq_legacy,False
2311959,Salitre,CE,2015,4,0.0,0.0,,,,,True,inpe_bdq_legacy,False
2311959,Salitre,CE,2015,5,0.0,0.0,,,,,True,inpe_bdq_legacy,False
2311959,Salitre,CE,2015,6,0.0,0.0,,,,,True,inpe_bdq_legacy,False
2311959,Salitre,CE,2015,7,0.0,0.0,,,,,True,inpe_bdq_legacy,False
2311959,Salitre,CE,2015,8,0.0,0.0,,,,,True,inpe_bdq_legacy,False
2311959,Salitre,CE,2015,9,0.0,0.0,,,,,True,inpe_bdq_legacy,False
2311959,Salitre,CE,2015,10,1.0,28.8,28.8,28.8,1.0,15.0,False,inpe_bdq_legacy,False
2311959,Salitre,CE,2015,11,2.0,200.0,100.0,124.9,1.0,4.0,False,inpe_bdq_legacy,False
2311959,Salitre,CE,2015,12,8.0,345.0,43.125,123.1,1.0,12.125,False,inpe_bdq_legacy,False
2311959,Salitre,CE,2016,1,0.0,0.0,,,,,True,inpe_bdq_legacy,False
2311959,Salitre,CE,2016,2,0.0,0.0,,,,,True,inpe_bdq_legacy,False
2311959,Salitre,CE,2016,3,0.0,0.0,,,,,True,inpe_bdq_legacy,False
2311959,Salitre,CE,2016,4,0.0,0.0,,,,,True,inpe_bdq_legacy,False
2311959,Salitre,CE,2016,5,1.0,24.4,24.4,24.4,1.0,13.0,False,inpe_bdq_legacy,False
2311959,Salitre,CE,2016,6,0.0,0.0,,,,,True,inpe_bdq_legacy,False
2311959,Salitre,CE,2016,7,0.0,0.0,,,,,True,inpe_bdq_legacy,False
2311959,Salitre,CE,2016,8,0.0,0.0,,,,,True,inpe_bdq_legacy,False
2311959,Salitre,CE,2016,9,1.0,42.7,42.7,42.7,1.0,81.0,False,inpe_bdq_legacy,False
2311959,Salitre,CE,2016,10,5.0,272.0,54.4,88.1,1.0,64.2,False,inpe_bdq_legacy,False
2311959,Salitre,CE,2016,11,0.0,0.0,,,,,True,inpe_bdq_legacy,False
2311959,Salitre,CE,2016,12,0.0,0.0,,,,,True,inpe_bdq_legacy,False
2311959,Salitre,CE,2017,1,0.0,0.0,,,,,True,inpe_bdq_legacy,False
2311959,Salitre,CE,2017,2,0.0,0.0,,,,,True,inpe_bdq_legacy,False
2311959,Salitre,CE,2017,3,0.0,0.0,,,,,True,inpe_bdq_legacy,False
2311959,Salitre,CE,2017,4,0.0,0.0,,,,,True,inpe_bdq_legacy,False
2311959,Salitre,CE,2017,5,0.0,0.0,,,,,True,inpe_bdq_legacy,False
2311959,Salitre,CE,2017,6,1.0,9.0,9.0,9.0,1.0,0.0,False,inpe_bdq_legacy,False
2311959,Salitre,CE,2017,7,0.0,0.0,,,,,True,inpe_bdq_legacy,False
2311959,Salitre,CE,2017,8,2.0,198.6,99.3,192.7,1.0,0.0,False,inpe_bdq_legacy,False
2311959,Salitre,CE,2017,9,1.0,33.8,33.8,33.8,1.0,0.0,False,inpe_bdq_legacy,False
2311959,Salitre,CE,2017,10,4.0,189.9,47.475,80.6,1.0,0.0,False,inpe_bdq_legacy,False
2311959,Salitre,CE,2017,11,8.0,327.5,40.9375,86.9,1.0,0.0,False,inpe_bdq_legacy,False
2311959,Salitre,CE,2017,12,0.0,0.0,,,,,True,inpe_bdq_legacy,False
2311959,Salitre,CE,2018,1,0.0,0.0,,,,,True,inpe_bdq_legacy,False
2311959,Salitre,CE,2018,2,0.0,0.0,,,,,True,inpe_bdq_legacy,False
2311959,Salitre,CE,2018,3,0.0,0.0,,,,,True,inpe_bdq_legacy,False
2311959,Salitre,CE,2018,4,0.0,0.0,,,,,True,inpe_bdq_legacy,False
2311959,Salitre,CE,2018,5,0.0,0.0,,,,,True,inpe_bdq_legacy,False
2311959,Salitre,CE,2018,6,0.0,0.0,,,,,True,inpe_bdq_legacy,False
2311959,Salitre,CE,2018,7,0.0,0.0,,,,,True,inpe_bdq_legacy,False
2311959,Salitre,CE,2018,8,0.0,0.0,,,,,True,inpe_bdq_legacy,False
2311959,Salitre,CE,2018,9,0.0,0.0,,,,,True,inpe_bdq_legacy,False
2311959,Salitre,CE,2018,10,4.0,197.6,49.4,67.6,1.0,10.0,False,inpe_bdq_legacy,False
2311959,Salitre,CE,2018,11,1.0,50.1,50.1,50.1,1.0,4.0,False,inpe_bdq_legacy,False
2311959,Salitre,CE,2018,12,0.0,0.0,,,,,True,inpe_bdq_legacy,False
2311959,Salitre,CE,2019,1,0.0,0.0,,,,,True,inpe_bdq_legacy,False
2311959,Salitre,CE,2019,2,0.0,0.0,,,,,True,inpe_bdq_legacy,False
2311959,Salitre,CE,2019,3,0.0,0.0,,,,,True,inpe_bdq_legacy,False
2311959,Salitre,CE,2019,4,0.0,0.0,,,,,True,inpe_bdq_legacy,False
2311959,Salitre,CE,2019,5,0.0,0.0,,,,,True,inpe_bdq_legacy,False
2311959,Salitre,CE,2019,6,0.0,0.0,,,,,True,inpe_bdq_legacy,False
2311959,Salitre,CE,2019,7,0.0,0.0,,,,,True,inpe_bdq_legacy,False
2311959,Salitre,CE,2019,8,0.0,0.0,,,,,True,inpe_bdq_legacy,False
2311959,Salitre,CE,2019,9,0.0,0.0,,,,,True,inpe_bdq_legacy,False
2311959,Salitre,CE,2019,10,1.0,25.2,25.2,25.2,1.0,25.0,False,inpe_bdq_legacy,False
2311959,Salitre,CE,2019,11,4.0,103.0,25.75,46.9,1.0,3.25,False,inpe_bdq_legacy,False
2311959,Salitre,CE,2019,12,0.0,0.0,,,,,True,inpe_bdq_legacy,False
2311959,Salitre,CE,2020,1,0.0,0.0,,,,,True,inpe_bdq_legacy,False
2311959,Salitre,CE,2020,2,0.0,0.0,,,,,True,inpe_bdq_legacy,False
2311959,Salitre,CE,2020,3,0.0,0.0,,,,,True,inpe_bdq_legacy,False
2311959,Salitre,CE,2020,4,0.0,0.0,,,,,True,inpe_bdq_legacy,False
2311959,Salitre,CE,2020,5,0.0,0.0,,,,,True,inpe_bdq_legacy,False
2311959,Salitre,CE,2020,6,0.0,0.0,,,,,True,inpe_bdq_legacy,False
2311959,Salitre,CE,2020,7,1.0,7.0,7.0,7.0,1.0,26.0,False,inpe_bdq_legacy,False
2311959,Salitre,CE,2020,8,1.0,0.0,,,1.0,62.0,False,inpe_bdq_legacy,False
2311959,Salitre,CE,2020,9,6.0,333.1,55.51666666666667,91.0,1.0,109.5,False,inpe_bdq_legacy,False
2311959,Salitre,CE,2020,10,0.0,0.0,,,,,True,inpe_bdq_legacy,False
2311959,Salitre,CE,2020,11,6.0,243.7,40.61666666666667,91.8,0.88,4.333333333333333,False,inpe_bdq_legacy,False
2311959,Salitre,CE,2020,12,1.0,19.7,19.7,19.7,1.0,5.0,False,inpe_bdq_legacy,False
2311959,Salitre,CE,2021,1,0.0,0.0,,,,,True,inpe_bdq_legacy,False
2311959,Salitre,CE,2021,2,0.0,0.0,,,,,True,inpe_bdq_legacy,False
2311959,Salitre,CE,2021,3,0.0,0.0,,,,,True,inpe_bdq_legacy,False
2311959,Salitre,CE,2021,4,0.0,0.0,,,,,True,inpe_bdq_legacy,False
2311959,Salitre,CE,2021,5,0.0,0.0,,,,,True,inpe_bdq_legacy,False
2311959,Salitre,CE,2021,6,0.0,0.0,,,,,True,inpe_bdq_legacy,False
2311959,Salitre,CE,2021,7,0.0,0.0,,,,,True,inpe_bdq_legacy,False
2311959,Salitre,CE,2021,8,1.0,62.8,62.8,62.8,1.0,60.0,False,inpe_bdq_legacy,False
2311959,Salitre,CE,2021,9,0.0,0.0,,,,,True,inpe_bdq_legacy,False
2311959,Salitre,CE,2021,10,6.0,341.2,56.86666666666667,90.0,1.0,15.666666666666666,False,inpe_bdq_legacy,False
2311959,Salitre,CE,2021,11,4.0,208.1,52.025,64.8,0.9,2.0,False,inpe_bdq_legacy,False
2311959,Salitre,CE,2021,12,2.0,37.7,18.85,27.0,0.75,4.0,False,inpe_bdq_legacy,False
2311959,Salitre,CE,2022,1,0.0,0.0,,,,,True,inpe_bdq_legacy,False
2311959,Salitre,CE,2022,2,0.0,0.0,,,,,True,inpe_bdq_legacy,False
2311959,Salitre,CE,2022,3,0.0,0.0,,,,,True,inpe_bdq_legacy,False
2311959,Salitre,CE,2022,4,0.0,0.0,,,,,True,inpe_bdq_legacy,False
2311959,Salitre,CE,2022,5,0.0,0.0,,,,,True,inpe_bdq_legacy,False
2311959,Salitre,CE,2022,6,0.0,0.0,,,,,True,inpe_bdq_legacy,False
2311959,Salitre,CE,2022,7,3.0,42.2,14.066666666666668,20.7,1.0,12.0,False,inpe_bdq_legacy,False
2311959,Salitre,CE,2022,8,0.0,0.0,,,,,True,inpe_bdq_legacy,False
2311959,Salitre,CE,2022,9,2.0,71.1,35.55,48.7,1.0,3.5,False,inpe_bdq_legacy,False
2311959,Salitre,CE,2022,10,16.0,1028.5,64.28125,322.7,1.0,17.375,False,inpe_bdq_legacy,False
2311959,Salitre,CE,2022,11,10.0,295.59999999999997,29.559999999999995,67.0,0.44399999999999995,2.0,False,inpe_bdq_legacy,False
2311959,Salitre,CE,2022,12,4.0,104.3,26.075,56.0,0.605,7.0,False,inpe_bdq_legacy,False
2311959,Salitre,CE,2023,1,0.0,0.0,,,,,True,inpe_bdq_legacy,False
2311959,Salitre,CE,2023,2,0.0,0.0,,,,,True,inpe_bdq_legacy,False
2311959,Salitre,CE,2023,3,0.0,0.0,,,,,True,inpe_bdq_legacy,False
2311959,Salitre,CE,2023,4,0.0,0.0,,,,,True,inpe_bdq_legacy,False
2311959,Salitre,CE,2023,5,0.0,0.0,,,,,True,inpe_bdq_legacy,False
2311959,Salitre,CE,2023,6,0.0,0.0,,,,,True,inpe_bdq_legacy,False
2311959,Salitre,CE,2023,7,4.0,105.89999999999999,26.474999999999998,59.8,1.0,53.5,False,inpe_bdq_legacy,False
2311959,Salitre,CE,2023,8,6.0,146.6,24.433333333333334,40.2,1.0,73.83333333333333,False,inpe_bdq_legacy,False
2311959,Salitre,CE,2023,9,12.0,845.3,70.44166666666666,245.1,1.0,90.08333333333333,False,inpe_bdq_legacy,False
2311959,Salitre,CE,2023,10,15.0,1462.0,97.46666666666667,315.7,1.0,92.86666666666666,False,inpe_bdq_legacy,False
2311959,Salitre,CE,2023,11,9.0,687.3000000000001,76.36666666666667,151.3,1.0,4.555555555555555,False,inpe_bdq_legacy,False
2311959,Salitre,CE,2023,12,4.0,96.3,24.075,47.5,0.895,11.25,False,inpe_bdq_legacy,False
2311959,Salitre,CE,2024,1,0.0,0.0,,,,,True,inpe_bdq_legacy,False
2311959,Salitre,CE,2024,2,0.0,0.0,,,,,True,inpe_bdq_legacy,False
2311959,Salitre,CE,2024,3,0.0,0.0,,,,,True,inpe_bdq_legacy,False
2311959,Salitre,CE,2024,4,0.0,0.0,,,,,True,inpe_bdq_legacy,False
2311959,Salitre,CE,2024,5,0.0,0.0,,,,,True,inpe_bdq_legacy,False
2311959,Salitre,CE,2024,6,0.0,0.0,,,,,True,inpe_bdq_legacy,False
2311959,Salitre,CE,2024,7,0.0,0.0,,,,,True,inpe_bdq_legacy,False
2311959,Salitre,CE,2024,8,,0.0,,,,,True,inpe_bdq_legacy,True
2311959,Salitre,CE,2024,9,,0.0,,,,,True,inpe_bdq_legacy,True
2311959,Salitre,CE,2024,10,,0.0,,,,,True,inpe_bdq_legacy,True
2311959,Salitre,CE,2024,11,,0.0,,,,,True,inpe_bdq_legacy,True
2311959,Salitre,CE,2024,12,,0.0,,,,,True,inpe_bdq_legacy,True
2311959,Salitre,CE,2025,1,1.0,10.6,10.6,10.6,1.0,17.0,False,inpe_bdq_legacy,False
2311959,Salitre,CE,2025,2,0.0,0.0,,,,,True,inpe_bdq_legacy,False
2311959,Salitre,CE,2025,3,0.0,0.0,,,,,True,inpe_bdq_legacy,False
2311959,Salitre,CE,2025,4,0.0,0.0,,,,,True,inpe_bdq_legacy,False
2311959,Salitre,CE,2025,5,0.0,0.0,,,,,True,inpe_bdq_legacy,False
2311959,Salitre,CE,2025,6,2.0,93.9,46.95,48.8,1.0,6.0,False,inpe_bdq_legacy,False
2311959,Salitre,CE,2025,7,0.0,0.0,,,,,True,inpe_bdq_legacy,False
2311959,Salitre,CE,2025,8,5.0,218.6,43.72,84.6,1.0,67.6,False,inpe_bdq_legacy,False
2311959,Salitre,CE,2025,9,7.0,347.5,49.642857142857146,140.6,1.0,87.14285714285714,False,inpe_bdq_legacy,False
2311959,Salitre,CE,2025,10,11.0,929.9,84.53636363636363,215.2,1.0,42.0,False,inpe_bdq_legacy,False
2311959,Salitre,CE,2025,11,14.0,332.9,23.77857142857143,52.4,0.8857142857142858,13.714285714285714,False,inpe_bdq_legacy,False
2311959,Salitre,CE,2025,12,5.0,73.4,14.680000000000001,25.5,1.0,5.4,False,inpe_bdq_legacy,False
2312106,Santana do Cariri,CE,2002,8,1.0,12.2,12.2,12.2,,,False,inpe_bdq_legacy,False
2312106,Santana do Cariri,CE,2002,9,8.0,609.0,76.125,105.5,,,False,inpe_bdq_legacy,False
2312106,Santana do Cariri,CE,2002,10,14.0,1799.8000000000002,128.55714285714288,383.6,,,False,inpe_bdq_legacy,False
2312106,Santana do Cariri,CE,2002,11,24.0,2436.0,101.5,548.3,,,False,inpe_bdq_legacy,False
2312106,Santana do Cariri,CE,2002,12,7.0,525.1,75.01428571428572,125.3,,,False,inpe_bdq_legacy,False
2312106,Santana do Cariri,CE,2003,1,0.0,0.0,,,,,True,inpe_bdq_legacy,False
2312106,Santana do Cariri,CE,2003,2,0.0,0.0,,,,,True,inpe_bdq_legacy,False
2312106,Santana do Cariri,CE,2003,3,0.0,0.0,,,,,True,inpe_bdq_legacy,False
2312106,Santana do Cariri,CE,2003,4,0.0,0.0,,,,,True,inpe_bdq_legacy,False
2312106,Santana do Cariri,CE,2003,5,0.0,0.0,,,,,True,inpe_bdq_legacy,False
2312106,Santana do Cariri,CE,2003,6,0.0,0.0,,,,,True,inpe_bdq_legacy,False
2312106,Santana do Cariri,CE,2003,7,0.0,0.0,,,,,True,inpe_bdq_legacy,False
2312106,Santana do Cariri,CE,2003,8,2.0,68.0,34.0,42.5,,,False,inpe_bdq_legacy,False
2312106,Santana do Cariri,CE,2003,9,30.0,7719.9,257.33,1317.6,,,False,inpe_bdq_legacy,False
2312106,Santana do Cariri,CE,2003,10,17.0,923.7,54.33529411764706,442.1,,,False,inpe_bdq_legacy,False
2312106,Santana do Cariri,CE,2003,11,26.0,2933.0,112.8076923076923,833.5,,,False,inpe_bdq_legacy,False
2312106,Santana do Cariri,CE,2003,12,4.0,140.6,35.15,49.9,,,False,inpe_bdq_legacy,False
2312106,Santana do Cariri,CE,2004,1,1.0,11.7,11.7,11.7,,,False,inpe_bdq_legacy,False
2312106,Santana do Cariri,CE,2004,2,0.0,0.0,,,,,True,inpe_bdq_legacy,False
2312106,Santana do Cariri,CE,2004,3,0.0,0.0,,,,,True,inpe_bdq_legacy,False
2312106,Santana do Cariri,CE,2004,4,0.0,0.0,,,,,True,inpe_bdq_legacy,False
2312106,Santana do Cariri,CE,2004,5,0.0,0.0,,,,,True,inpe_bdq_legacy,False
2312106,Santana do Cariri,CE,2004,6,0.0,0.0,,,,,True,inpe_bdq_legacy,False
2312106,Santana do Cariri,CE,2004,7,0.0,0.0,,,,,True,inpe_bdq_legacy,False
2312106,Santana do Cariri,CE,2004,8,0.0,0.0,,,,,True,inpe_bdq_legacy,False
2312106,Santana do Cariri,CE,2004,9,2.0,48.4,24.2,29.4,,,False,inpe_bdq_legacy,False
2312106,Santana do Cariri,CE,2004,10,10.0,2239.3,223.93,645.1,,,False,inpe_bdq_legacy,False
2312106,Santana do Cariri,CE,2004,11,4.0,240.3,60.075,151.0,,,False,inpe_bdq_legacy,False
2312106,Santana do Cariri,CE,2004,12,34.0,2373.7,69.81470588235294,332.1,,,False,inpe_bdq_legacy,False
2312106,Santana do Cariri,CE,2005,1,6.0,284.0,47.333333333333336,88.0,,,False,inpe_bdq_legacy,False
2312106,Santana do Cariri,CE,2005,2,0.0,0.0,,,,,True,inpe_bdq_legacy,False
2312106,Santana do Cariri,CE,2005,3,0.0,0.0,,,,,True,inpe_bdq_legacy,False
2312106,Santana do Cariri,CE,2005,4,0.0,0.0,,,,,True,inpe_bdq_legacy,False
2312106,Santana do Cariri,CE,2005,5,0.0,0.0,,,,,True,inpe_bdq_legacy,False
2312106,Santana do Cariri,CE,2005,6,0.0,0.0,,,,,True,inpe_bdq_legacy,False
2312106,Santana do Cariri,CE,2005,7,0.0,0.0,,,,,True,inpe_bdq_legacy,False
2312106,Santana do Cariri,CE,2005,8,0.0,0.0,,,,,True,inpe_bdq_legacy,False
2312106,Santana do Cariri,CE,2005,9,1.0,249.3,249.3,249.3,,,False,inpe_bdq_legacy,False
2312106,Santana do Cariri,CE,2005,10,9.0,961.0,106.77777777777777,173.3,,,False,inpe_bdq_legacy,False
2312106,Santana do Cariri,CE,2005,11,20.0,961.1,48.055,186.1,,,False,inpe_bdq_legacy,False
2312106,Santana do Cariri,CE,2005,12,9.0,464.20000000000005,51.57777777777778,113.2,,,False,inpe_bdq_legacy,False
2312106,Santana do Cariri,CE,2006,1,5.0,170.8,34.160000000000004,58.3,,,False,inpe_bdq_legacy,False
2312106,Santana do Cariri,CE,2006,2,0.0,0.0,,,,,True,inpe_bdq_legacy,False
2312106,Santana do Cariri,CE,2006,3,0.0,0.0,,,,,True,inpe_bdq_legacy,False
2312106,Santana do Cariri,CE,2006,4,0.0,0.0,,,,,True,inpe_bdq_legacy,False
2312106,Santana do Cariri,CE,2006,5,0.0,0.0,,,,,True,inpe_bdq_legacy,False
2312106,Santana do Cariri,CE,2006,6,0.0,0.0,,,,,True,inpe_bdq_legacy,False
2312106,Santana do Cariri,CE,2006,7,0.0,0.0,,,,,True,inpe_bdq_legacy,False
2312106,Santana do Cariri,CE,2006,8,0.0,0.0,,,,,True,inpe_bdq_legacy,False
2312106,Santana do Cariri,CE,2006,9,3.0,438.3,146.1,177.9,,,False,inpe_bdq_legacy,False
2312106,Santana do Cariri,CE,2006,10,3.0,237.1,79.03333333333333,182.0,,,False,inpe_bdq_legacy,False
2312106,Santana do Cariri,CE,2006,11,18.0,2878.2,159.89999999999998,824.6,,,False,inpe_bdq_legacy,False
2312106,Santana do Cariri,CE,2006,12,16.0,1350.6,84.4125,304.4,,,False,inpe_bdq_legacy,False
2312106,Santana do Cariri,CE,2007,1,15.0,703.5,46.9,128.1,,,False,inpe_bdq_legacy,False
2312106,Santana do Cariri,CE,2007,2,0.0,0.0,,,,,True,inpe_bdq_legacy,False
2312106,Santana do Cariri,CE,2007,3,0.0,0.0,,,,,True,inpe_bdq_legacy,False
2312106,Santana do Cariri,CE,2007,4,0.0,0.0,,,,,True,inpe_bdq_legacy,False
2312106,Santana do Cariri,CE,2007,5,0.0,0.0,,,,,True,inpe_bdq_legacy,False
2312106,Santana do Cariri,CE,2007,6,0.0,0.0,,,,,True,inpe_bdq_legacy,False
2312106,Santana do Cariri,CE,2007,7,0.0,0.0,,,,,True,inpe_bdq_legacy,False
2312106,Santana do Cariri,CE,2007,8,0.0,0.0,,,,,True,inpe_bdq_legacy,False
2312106,Santana do Cariri,CE,2007,9,4.0,265.1,66.275,108.8,,,False,inpe_bdq_legacy,False
2312106,Santana do Cariri,CE,2007,10,10.0,2051.2000000000003,205.12000000000003,1226.7,,,False,inpe_bdq_legacy,False
2312106,Santana do Cariri,CE,2007,11,19.0,1308.2,68.85263157894737,307.4,,,False,inpe_bdq_legacy,False
2312106,Santana do Cariri,CE,2007,12,19.0,992.5,52.23684210526316,237.4,,,False,inpe_bdq_legacy,False
2312106,Santana do Cariri,CE,2008,1,2.0,30.900000000000002,15.450000000000001,20.1,,,False,inpe_bdq_legacy,False
2312106,Santana do Cariri,CE,2008,2,0.0,0.0,,,,,True,inpe_bdq_legacy,False
2312106,Santana do Cariri,CE,2008,3,0.0,0.0,,,,,True,inpe_bdq_legacy,False
2312106,Santana do Cariri,CE,2008,4,0.0,0.0,,,,,True,inpe_bdq_legacy,False
2312106,Santana do Cariri,CE,2008,5,0.0,0.0,,,,,True,inpe_bdq_legacy,False
2312106,Santana do Cariri,CE,2008,6,0.0,0.0,,,,,True,inpe_bdq_legacy,False
2312106,Santana do Cariri,CE,2008,7,0.0,0.0,,,,,True,inpe_bdq_legacy,False
2312106,Santana do Cariri,CE,2008,8,0.0,0.0,,,,,True,inpe_bdq_legacy,False
2312106,Santana do Cariri,CE,2008,9,3.0,156.6,52.199999999999996,120.5,,,False,inpe_bdq_legacy,False
2312106,Santana do Cariri,CE,2008,10,0.0,0.0,,,,,True,inpe_bdq_legacy,False
2312106,Santana do Cariri,CE,2008,11,20.0,1580.0,79.0,324.1,,,False,inpe_bdq_legacy,False
2312106,Santana do Cariri,CE,2008,12,22.0,1574.3,71.55909090909091,392.2,,,False,inpe_bdq_legacy,False
2312106,Santana do Cariri,CE,2009,1,1.0,24.0,24.0,24.0,,,False,inpe_bdq_legacy,False
2312106,Santana do Cariri,CE,2009,2,0.0,0.0,,,,,True,inpe_bdq_legacy,False
2312106,Santana do Cariri,CE,2009,3,0.0,0.0,,,,,True,inpe_bdq_legacy,False
2312106,Santana do Cariri,CE,2009,4,0.0,0.0,,,,,True,inpe_bdq_legacy,False
2312106,Santana do Cariri,CE,2009,5,0.0,0.0,,,,,True,inpe_bdq_legacy,False
2312106,Santana do Cariri,CE,2009,6,0.0,0.0,,,,,True,inpe_bdq_legacy,False
2312106,Santana do Cariri,CE,2009,7,0.0,0.0,,,,,True,inpe_bdq_legacy,False
2312106,Santana do Cariri,CE,2009,8,0.0,0.0,,,,,True,inpe_bdq_legacy,False
2312106,Santana do Cariri,CE,2009,9,1.0,56.7,56.7,56.7,,,False,inpe_bdq_legacy,False
2312106,Santana do Cariri,CE,2009,10,2.0,409.5,204.75,264.8,,,False,inpe_bdq_legacy,False
2312106,Santana do Cariri,CE,2009,11,5.0,392.7,78.53999999999999,147.0,,,False,inpe_bdq_legacy,False
2312106,Santana do Cariri,CE,2009,12,11.0,406.2,36.92727272727273,108.7,,,False,inpe_bdq_legacy,False
2312106,Santana do Cariri,CE,2010,1,7.0,281.8,40.25714285714286,103.2,,,False,inpe_bdq_legacy,False
2312106,Santana do Cariri,CE,2010,2,0.0,0.0,,,,,True,inpe_bdq_legacy,False
2312106,Santana do Cariri,CE,2010,3,0.0,0.0,,,,,True,inpe_bdq_legacy,False
2312106,Santana do Cariri,CE,2010,4,0.0,0.0,,,,,True,inpe_bdq_legacy,False
2312106,Santana do Cariri,CE,2010,5,0.0,0.0,,,,,True,inpe_bdq_legacy,False
2312106,Santana do Cariri,CE,2010,6,0.0,0.0,,,,,True,inpe_bdq_legacy,False
2312106,Santana do Cariri,CE,2010,7,2.0,72.6,36.3,37.9,,,False,inpe_bdq_legacy,False
2312106,Santana do Cariri,CE,2010,8,2.0,34.8,17.4,23.0,,,False,inpe_bdq_legacy,False
2312106,Santana do Cariri,CE,2010,9,2.0,92.4,46.2,67.4,,,False,inpe_bdq_legacy,False
2312106,Santana do Cariri,CE,2010,10,2.0,2551.0,1275.5,1510.3,,,False,inpe_bdq_legacy,False
2312106,Santana do Cariri,CE,2010,11,26.0,1369.7,52.68076923076923,233.6,,,False,inpe_bdq_legacy,False
2312106,Santana do Cariri,CE,2010,12,13.0,332.1,25.54615384615385,50.5,,,False,inpe_bdq_legacy,False
2312106,Santana do Cariri,CE,2011,1,1.0,13.6,13.6,13.6,,,False,inpe_bdq_legacy,False
2312106,Santana do Cariri,CE,2011,2,0.0,0.0,,,,,True,inpe_bdq_legacy,False
2312106,Santana do Cariri,CE,2011,3,0.0,0.0,,,,,True,inpe_bdq_legacy,False
2312106,Santana do Cariri,CE,2011,4,0.0,0.0,,,,,True,inpe_bdq_legacy,False
2312106,Santana do Cariri,CE,2011,5,0.0,0.0,,,,,True,inpe_bdq_legacy,False
2312106,Santana do Cariri,CE,2011,6,0.0,0.0,,,,,True,inpe_bdq_legacy,False
2312106,Santana do Cariri,CE,2011,7,0.0,0.0,,,,,True,inpe_bdq_legacy,False
2312106,Santana do Cariri,CE,2011,8,0.0,0.0,,,,,True,inpe_bdq_legacy,False
2312106,Santana do Cariri,CE,2011,9,0.0,0.0,,,,,True,inpe_bdq_legacy,False
2312106,Santana do Cariri,CE,2011,10,2.0,20.0,10.0,12.3,,,False,inpe_bdq_legacy,False
2312106,Santana do Cariri,CE,2011,11,13.0,224.9,17.3,39.3,,,False,inpe_bdq_legacy,False
2312106,Santana do Cariri,CE,2011,12,10.0,279.1,27.910000000000004,53.2,,,False,inpe_bdq_legacy,False
2312106,Santana do Cariri,CE,2012,1,2.0,58.2,29.1,29.9,,,False,inpe_bdq_legacy,False
2312106,Santana do Cariri,CE,2012,2,2.0,271.90000000000003,135.95000000000002,250.3,,,False,inpe_bdq_legacy,False
2312106,Santana do Cariri,CE,2012,3,0.0,0.0,,,,,True,inpe_bdq_legacy,False
2312106,Santana do Cariri,CE,2012,4,0.0,0.0,,,,,True,inpe_bdq_legacy,False
2312106,Santana do Cariri,CE,2012,5,0.0,0.0,,,,,True,inpe_bdq_legacy,False
2312106,Santana do Cariri,CE,2012,6,0.0,0.0,,,,,True,inpe_bdq_legacy,False
2312106,Santana do Cariri,CE,2012,7,0.0,0.0,,,,,True,inpe_bdq_legacy,False
2312106,Santana do Cariri,CE,2012,8,0.0,0.0,,,,,True,inpe_bdq_legacy,False
2312106,Santana do Cariri,CE,2012,9,4.0,497.3,124.325,344.1,,,False,inpe_bdq_legacy,False
2312106,Santana do Cariri,CE,2012,10,11.0,959.1999999999999,87.19999999999999,197.1,,,False,inpe_bdq_legacy,False
2312106,Santana do Cariri,CE,2012,11,5.0,718.8,143.76,224.5,,,False,inpe_bdq_legacy,False
2312106,Santana do Cariri,CE,2012,12,4.0,212.1,53.025,153.7,,,False,inpe_bdq_legacy,False
2312106,Santana do Cariri,CE,2013,1,1.0,48.7,48.7,48.7,,,False,inpe_bdq_legacy,False
2312106,Santana do Cariri,CE,2013,2,2.0,25.1,12.55,18.8,,,False,inpe_bdq_legacy,False
2312106,Santana do Cariri,CE,2013,3,0.0,0.0,,,,,True,inpe_bdq_legacy,False
2312106,Santana do Cariri,CE,2013,4,0.0,0.0,,,,,True,inpe_bdq_legacy,False
2312106,Santana do Cariri,CE,2013,5,0.0,0.0,,,,,True,inpe_bdq_legacy,False
2312106,Santana do Cariri,CE,2013,6,0.0,0.0,,,,,True,inpe_bdq_legacy,False
2312106,Santana do Cariri,CE,2013,7,0.0,0.0,,,,,True,inpe_bdq_legacy,False
2312106,Santana do Cariri,CE,2013,8,1.0,42.3,42.3,42.3,,,False,inpe_bdq_legacy,False
2312106,Santana do Cariri,CE,2013,9,2.0,39.3,19.65,23.0,,,False,inpe_bdq_legacy,False
2312106,Santana do Cariri,CE,2013,10,6.0,729.6999999999999,121.61666666666666,406.7,,,False,inpe_bdq_legacy,False
2312106,Santana do Cariri,CE,2013,11,11.0,1074.8,97.7090909090909,551.5,,,False,inpe_bdq_legacy,False
2312106,Santana do Cariri,CE,2013,12,9.0,581.8000000000001,64.64444444444445,330.8,,,False,inpe_bdq_legacy,False
2312106,Santana do Cariri,CE,2014,1,2.0,59.5,29.75,37.4,0.8,14.0,False,inpe_bdq_legacy,False
2312106,Santana do Cariri,CE,2014,2,0.0,0.0,,,,,True,inpe_bdq_legacy,False
2312106,Santana do Cariri,CE,2014,3,0.0,0.0,,,,,True,inpe_bdq_legacy,False
2312106,Santana do Cariri,CE,2014,4,0.0,0.0,,,,,True,inpe_bdq_legacy,False
2312106,Santana do Cariri,CE,2014,5,0.0,0.0,,,,,True,inpe_bdq_legacy,False
2312106,Santana do Cariri,CE,2014,6,0.0,0.0,,,,,True,inpe_bdq_legacy,False
2312106,Santana do Cariri,CE,2014,7,0.0,0.0,,,,,True,inpe_bdq_legacy,False
2312106,Santana do Cariri,CE,2014,8,2.0,58.6,29.3,36.1,1.0,10.0,False,inpe_bdq_legacy,False
2312106,Santana do Cariri,CE,2014,9,1.0,52.7,52.7,52.7,1.0,26.0,False,inpe_bdq_legacy,False
2312106,Santana do Cariri,CE,2014,10,2.0,25.5,12.75,15.3,1.0,9.0,False,inpe_bdq_legacy,False
2312106,Santana do Cariri,CE,2014,11,13.0,2096.3,161.25384615384615,738.6,0.6923076923076923,5.0,False,inpe_bdq_legacy,False
2312106,Santana do Cariri,CE,2014,12,7.0,591.2,84.45714285714287,149.2,0.8142857142857143,4.571428571428571,False,inpe_bdq_legacy,False
2312106,Santana do Cariri,CE,2015,1,10.0,267.7,26.77,114.8,1.0,9.9,False,inpe_bdq_legacy,False
2312106,Santana do Cariri,CE,2015,2,0.0,0.0,,,,,True,inpe_bdq_legacy,False
2312106,Santana do Cariri,CE,2015,3,0.0,0.0,,,,,True,inpe_bdq_legacy,False
2312106,Santana do Cariri,CE,2015,4,0.0,0.0,,,,,True,inpe_bdq_legacy,False
2312106,Santana do Cariri,CE,2015,5,0.0,0.0,,,,,True,inpe_bdq_legacy,False
2312106,Santana do Cariri,CE,2015,6,0.0,0.0,,,,,True,inpe_bdq_legacy,False
2312106,Santana do Cariri,CE,2015,7,0.0,0.0,,,,,True,inpe_bdq_legacy,False
2312106,Santana do Cariri,CE,2015,8,2.0,57.9,28.95,30.2,1.0,0.0,False,inpe_bdq_legacy,False
2312106,Santana do Cariri,CE,2015,9,0.0,0.0,,,,,True,inpe_bdq_legacy,False
2312106,Santana do Cariri,CE,2015,10,9.0,570.2,63.35555555555556,153.1,1.0,56.0,False,inpe_bdq_legacy,False
2312106,Santana do Cariri,CE,2015,11,11.0,888.6,80.78181818181818,184.7,1.0,15.363636363636363,False,inpe_bdq_legacy,False
2312106,Santana do Cariri,CE,2015,12,7.0,256.7,36.67142857142857,74.8,1.0,13.714285714285714,False,inpe_bdq_legacy,False
2312106,Santana do Cariri,CE,2016,1,1.0,98.5,98.5,98.5,1.0,4.0,False,inpe_bdq_legacy,False
2312106,Santana do Cariri,CE,2016,2,1.0,23.8,23.8,23.8,1.0,0.0,False,inpe_bdq_legacy,False
2312106,Santana do Cariri,CE,2016,3,0.0,0.0,,,,,True,inpe_bdq_legacy,False
2312106,Santana do Cariri,CE,2016,4,0.0,0.0,,,,,True,inpe_bdq_legacy,False
2312106,Santana do Cariri,CE,2016,5,0.0,0.0,,,,,True,inpe_bdq_legacy,False
2312106,Santana do Cariri,CE,2016,6,0.0,0.0,,,,,True,inpe_bdq_legacy,False
2312106,Santana do Cariri,CE,2016,7,2.0,55.199999999999996,27.599999999999998,32.8,0.9,18.0,False,inpe_bdq_legacy,False
2312106,Santana do Cariri,CE,2016,8,3.0,289.0,96.33333333333333,247.7,1.0,23.333333333333332,False,inpe_bdq_legacy,False
2312106,Santana do Cariri,CE,2016,9,4.0,1123.7,280.925,439.4,1.0,17.75,False,inpe_bdq_legacy,False
2312106,Santana do Cariri,CE,2016,10,10.0,379.4,37.94,152.3,1.0,48.5,False,inpe_bdq_legacy,False
2312106,Santana do Cariri,CE,2016,11,12.0,712.6,59.38333333333333,132.9,1.0,24.916666666666668,False,inpe_bdq_legacy,False
2312106,Santana do Cariri,CE,2016,12,2.0,160.70000000000002,80.35000000000001,137.8,1.0,8.0,False,inpe_bdq_legacy,False
2312106,Santana do Cariri,CE,2017,1,2.0,82.0,41.0,47.5,0.39999999999999997,0.0,False,inpe_bdq_legacy,False
2312106,Santana do Cariri,CE,2017,2,0.0,0.0,,,,,True,inpe_bdq_legacy,False
2312106,Santana do Cariri,CE,2017,3,0.0,0.0,,,,,True,inpe_bdq_legacy,False
2312106,Santana do Cariri,CE,2017,4,0.0,0.0,,,,,True,inpe_bdq_legacy,False
2312106,Santana do Cariri,CE,2017,5,0.0,0.0,,,,,True,inpe_bdq_legacy,False
2312106,Santana do Cariri,CE,2017,6,0.0,0.0,,,,,True,inpe_bdq_legacy,False
2312106,Santana do Cariri,CE,2017,7,0.0,0.0,,,,,True,inpe_bdq_legacy,False
2312106,Santana do Cariri,CE,2017,8,0.0,0.0,,,,,True,inpe_bdq_legacy,False
2312106,Santana do Cariri,CE,2017,9,0.0,0.0,,,,,True,inpe_bdq_legacy,False
2312106,Santana do Cariri,CE,2017,10,15.0,1271.4,84.76,305.4,-65.66666666666667,0.0,False,inpe_bdq_legacy,False
2312106,Santana do Cariri,CE,2017,11,6.0,351.8,58.63333333333333,151.4,0.9666666666666667,0.0,False,inpe_bdq_legacy,False
2312106,Santana do Cariri,CE,2017,12,11.0,419.6,38.14545454545455,90.4,0.990909090909091,0.0,False,inpe_bdq_legacy,False
2312106,Santana do Cariri,CE,2018,1,3.0,61.7,20.566666666666666,25.4,0.5666666666666667,0.0,False,inpe_bdq_legacy,False
2312106,Santana do Cariri,CE,2018,2,0.0,0.0,,,,,True,inpe_bdq_legacy,False
2312106,Santana do Cariri,CE,2018,3,0.0,0.0,,,,,True,inpe_bdq_legacy,False
2312106,Santana do Cariri,CE,2018,4,0.0,0.0,,,,,True,inpe_bdq_legacy,False
2312106,Santana do Cariri,CE,2018,5,0.0,0.0,,,,,True,inpe_bdq_legacy,False
2312106,Santana do Cariri,CE,2018,6,0.0,0.0,,,,,True,inpe_bdq_legacy,False
2312106,Santana do Cariri,CE,2018,7,0.0,0.0,,,,,True,inpe_bdq_legacy,False
2312106,Santana do Cariri,CE,2018,8,0.0,0.0,,,,,True,inpe_bdq_legacy,False
2312106,Santana do Cariri,CE,2018,9,1.0,20.0,20.0,20.0,1.0,89.0,False,inpe_bdq_legacy,False
2312106,Santana do Cariri,CE,2018,10,5.0,396.0,79.2,83.2,1.0,6.2,False,inpe_bdq_legacy,False
2312106,Santana do Cariri,CE,2018,11,3.0,268.5,89.5,141.8,1.0,16.666666666666668,False,inpe_bdq_legacy,False
2312106,Santana do Cariri,CE,2018,12,0.0,0.0,,,,,True,inpe_bdq_legacy,False
2312106,Santana do Cariri,CE,2019,1,2.0,35.1,17.55,20.0,0.3,0.0,False,inpe_bdq_legacy,False
2312106,Santana do Cariri,CE,2019,2,0.0,0.0,,,,,True,inpe_bdq_legacy,False
2312106,Santana do Cariri,CE,2019,3,0.0,0.0,,,,,True,inpe_bdq_legacy,False
2312106,Santana do Cariri,CE,2019,4,0.0,0.0,,,,,True,inpe_bdq_legacy,False
2312106,Santana do Cariri,CE,2019,5,0.0,0.0,,,,,True,inpe_bdq_legacy,False
2312106,Santana do Cariri,CE,2019,6,0.0,0.0,,,,,True,inpe_bdq_legacy,False
2312106,Santana do Cariri,CE,2019,7,0.0,0.0,,,,,True,inpe_bdq_legacy,False
2312106,Santana do Cariri,CE,2019,8,0.0,0.0,,,,,True,inpe_bdq_legacy,False
2312106,Santana do Cariri,CE,2019,9,3.0,97.10000000000001,32.36666666666667,53.1,1.0,37.666666666666664,False,inpe_bdq_legacy,False
2312106,Santana do Cariri,CE,2019,10,9.0,2267.4,251.93333333333334,1184.0,1.0,27.444444444444443,False,inpe_bdq_legacy,False
2312106,Santana do Cariri,CE,2019,11,2.0,134.39999999999998,67.19999999999999,76.1,1.0,22.0,False,inpe_bdq_legacy,False
2312106,Santana do Cariri,CE,2019,12,6.0,152.9,25.483333333333334,51.4,1.0,0.6666666666666666,False,inpe_bdq_legacy,False
2312106,Santana do Cariri,CE,2020,1,4.0,215.9,53.975,159.5,0.125,1.25,False,inpe_bdq_legacy,False
2312106,Santana do Cariri,CE,2020,2,0.0,0.0,,,,,True,inpe_bdq_legacy,False
2312106,Santana do Cariri,CE,2020,3,0.0,0.0,,,,,True,inpe_bdq_legacy,False
2312106,Santana do Cariri,CE,2020,4,0.0,0.0,,,,,True,inpe_bdq_legacy,False
2312106,Santana do Cariri,CE,2020,5,0.0,0.0,,,,,True,inpe_bdq_legacy,False
2312106,Santana do Cariri,CE,2020,6,0.0,0.0,,,,,True,inpe_bdq_legacy,False
2312106,Santana do Cariri,CE,2020,7,2.0,73.2,36.6,44.1,0.8,31.0,False,inpe_bdq_legacy,False
2312106,Santana do Cariri,CE,2020,8,2.0,84.6,42.3,45.8,0.95,59.0,False,inpe_bdq_legacy,False
2312106,Santana do Cariri,CE,2020,9,1.0,20.7,20.7,20.7,1.0,98.0,False,inpe_bdq_legacy,False
2312106,Santana do Cariri,CE,2020,10,4.0,186.9,46.725,94.9,1.0,13.25,False,inpe_bdq_legacy,False
2312106,Santana do Cariri,CE,2020,11,10.0,219.5,21.95,38.0,0.93,6.4,False,inpe_bdq_legacy,False
2312106,Santana do Cariri,CE,2020,12,13.0,609.5,46.88461538461539,151.7,0.8923076923076922,5.6923076923076925,False,inpe_bdq_legacy,False
2312106,Santana do Cariri,CE,2021,1,3.0,53.9,17.966666666666665,22.7,1.0,4.333333333333333,False,inpe_bdq_legacy,False
2312106,Santana do Cariri,CE,2021,2,0.0,0.0,,,,,True,inpe_bdq_legacy,False
2312106,Santana do Cariri,CE,2021,3,0.0,0.0,,,,,True,inpe_bdq_legacy,False
2312106,Santana do Cariri,CE,2021,4,0.0,0.0,,,,,True,inpe_bdq_legacy,False
2312106,Santana do Cariri,CE,2021,5,0.0,0.0,,,,,True,inpe_bdq_legacy,False
2312106,Santana do Cariri,CE,2021,6,0.0,0.0,,,,,True,inpe_bdq_legacy,False
2312106,Santana do Cariri,CE,2021,7,0.0,0.0,,,,,True,inpe_bdq_legacy,False
2312106,Santana do Cariri,CE,2021,8,0.0,0.0,,,,,True,inpe_bdq_legacy,False
2312106,Santana do Cariri,CE,2021,9,6.0,202.9,33.81666666666667,66.4,1.0,14.666666666666666,False,inpe_bdq_legacy,False
2312106,Santana do Cariri,CE,2021,10,5.0,434.2,86.84,150.9,1.0,5.8,False,inpe_bdq_legacy,False
2312106,Santana do Cariri,CE,2021,11,16.0,582.2,36.3875,130.1,0.96875,3.5625,False,inpe_bdq_legacy,False
2312106,Santana do Cariri,CE,2021,12,0.0,0.0,,,,,True,inpe_bdq_legacy,False
2312106,Santana do Cariri,CE,2022,1,0.0,0.0,,,,,True,inpe_bdq_legacy,False
2312106,Santana do Cariri,CE,2022,2,0.0,0.0,,,,,True,inpe_bdq_legacy,False
2312106,Santana do Cariri,CE,2022,3,0.0,0.0,,,,,True,inpe_bdq_legacy,False
2312106,Santana do Cariri,CE,2022,4,0.0,0.0,,,,,True,inpe_bdq_legacy,False
2312106,Santana do Cariri,CE,2022,5,0.0,0.0,,,,,True,inpe_bdq_legacy,False
2312106,Santana do Cariri,CE,2022,6,0.0,0.0,,,,,True,inpe_bdq_legacy,False
2312106,Santana do Cariri,CE,2022,7,3.0,69.6,23.2,33.0,0.77,12.333333333333334,False,inpe_bdq_legacy,False
2312106,Santana do Cariri,CE,2022,8,2.0,115.0,57.5,70.8,1.0,55.5,False,inpe_bdq_legacy,False
2312106,Santana do Cariri,CE,2022,9,2.0,69.0,34.5,39.8,1.0,67.5,False,inpe_bdq_legacy,False
2312106,Santana do Cariri,CE,2022,10,5.0,335.5,67.1,121.3,1.0,16.0,False,inpe_bdq_legacy,False
2312106,Santana do Cariri,CE,2022,11,5.0,83.9,16.78,28.1,0.516,2.6,False,inpe_bdq_legacy,False
2312106,Santana do Cariri,CE,2022,12,13.0,404.6,31.123076923076926,75.7,0.40230769230769226,5.384615384615385,False,inpe_bdq_legacy,False
2312106,Santana do Cariri,CE,2023,1,0.0,0.0,,,,,True,inpe_bdq_legacy,False
2312106,Santana do Cariri,CE,2023,2,0.0,0.0,,,,,True,inpe_bdq_legacy,False
2312106,Santana do Cariri,CE,2023,3,0.0,0.0,,,,,True,inpe_bdq_legacy,False
2312106,Santana do Cariri,CE,2023,4,0.0,0.0,,,,,True,inpe_bdq_legacy,False
2312106,Santana do Cariri,CE,2023,5,2.0,25.6,12.8,15.1,0.035,2.0,False,inpe_bdq_legacy,False
2312106,Santana do Cariri,CE,2023,6,2.0,19.5,9.75,11.6,0.44,14.0,False,inpe_bdq_legacy,False
2312106,Santana do Cariri,CE,2023,7,0.0,0.0,,,,,True,inpe_bdq_legacy,False
2312106,Santana do Cariri,CE,2023,8,1.0,7.4,7.4,7.4,1.0,60.0,False,inpe_bdq_legacy,False
2312106,Santana do Cariri,CE,2023,9,13.0,729.8,56.138461538461534,236.0,1.0,29.076923076923077,False,inpe_bdq_legacy,False
2312106,Santana do Cariri,CE,2023,10,14.0,436.6,31.185714285714287,92.1,1.0,48.92857142857143,False,inpe_bdq_legacy,False
2312106,Santana do Cariri,CE,2023,11,14.0,1212.4,86.60000000000001,281.9,0.8535714285714285,4.357142857142857,False,inpe_bdq_legacy,False
2312106,Santana do Cariri,CE,2023,12,2.0,38.1,19.05,28.6,0.99,5.5,False,inpe_bdq_legacy,False
2312106,Santana do Cariri,CE,2024,1,4.0,138.1,34.525,57.2,0.495,0.0,False,inpe_bdq_legacy,False
2312106,Santana do Cariri,CE,2024,2,0.0,0.0,,,,,True,inpe_bdq_legacy,False
2312106,Santana do Cariri,CE,2024,3,0.0,0.0,,,,,True,inpe_bdq_legacy,False
2312106,Santana do Cariri,CE,2024,4,0.0,0.0,,,,,True,inpe_bdq_legacy,False
2312106,Santana do Cariri,CE,2024,5,0.0,0.0,,,,,True,inpe_bdq_legacy,False
2312106,Santana do Cariri,CE,2024,6,3.0,388.7,129.56666666666666,307.2,0.3466666666666667,3.3333333333333335,False,inpe_bdq_legacy,False
2312106,Santana do Cariri,CE,2024,7,6.0,232.29999999999998,38.71666666666666,73.0,0.7683333333333334,32.833333333333336,False,inpe_bdq_legacy,False
2312106,Santana do Cariri,CE,2024,8,6.0,781.9,130.31666666666666,306.2,1.0,64.83333333333333,False,inpe_bdq_legacy,False
2312106,Santana do Cariri,CE,2024,9,13.0,651.8,50.138461538461534,102.7,1.0,84.0,False,inpe_bdq_legacy,False
2312106,Santana do Cariri,CE,2024,10,30.0,1251.8999999999999,41.73,261.9,0.999,19.566666666666666,False,inpe_bdq_legacy,False
2312106,Santana do Cariri,CE,2024,11,11.0,413.70000000000005,37.60909090909092,99.7,1.0,26.363636363636363,False,inpe_bdq_legacy,False
2312106,Santana do Cariri,CE,2024,12,17.0,562.1,33.06470588235294,64.4,0.8352941176470587,5.647058823529412,False,inpe_bdq_legacy,False
2312106,Santana do Cariri,CE,2025,1,0.0,0.0,,,,,True,inpe_bdq_legacy,False
2312106,Santana do Cariri,CE,2025,2,4.0,64.0,16.0,19.4,0.0125,0.5,False,inpe_bdq_legacy,False
2312106,Santana do Cariri,CE,2025,3,0.0,0.0,,,,,True,inpe_bdq_legacy,False
2312106,Santana do Cariri,CE,2025,4,0.0,0.0,,,,,True,inpe_bdq_legacy,False
2312106,Santana do Cariri,CE,2025,5,0.0,0.0,,,,,True,inpe_bdq_legacy,False
2312106,Santana do Cariri,CE,2025,6,2.0,40.2,20.1,20.9,0.735,22.5,False,inpe_bdq_legacy,False
2312106,Santana do Cariri,CE,2025,7,7.0,164.7,23.52857142857143,37.9,0.96,25.428571428571427,False,inpe_bdq_legacy,False
2312106,Santana do Cariri,CE,2025,8,13.0,558.3,42.94615384615384,95.0,1.0,8.23076923076923,False,inpe_bdq_legacy,False
2312106,Santana do Cariri,CE,2025,9,2.0,78.19999999999999,39.099999999999994,52.8,1.0,26.5,False,inpe_bdq_legacy,False
2312106,Santana do Cariri,CE,2025,10,14.0,433.6,30.97142857142857,73.7,0.9764285714285714,8.642857142857142,False,inpe_bdq_legacy,False
2312106,Santana do Cariri,CE,2025,11,27.0,1236.8,45.8074074074074,361.0,0.9914814814814815,7.333333333333333,False,inpe_bdq_legacy,False
2312106,Santana do Cariri,CE,2025,12,9.0,185.3,20.58888888888889,73.6,0.921111111111111,4.444444444444445,False,inpe_bdq_legacy,False
2312106,Santana do Cariri,CE,2026,1,2.0,87.2,43.6,70.9,1.0,7.5,False,inpe_bdq_legacy,False
2312908,Sobral,CE,2003,1,1.0,18.3,18.3,18.3,,,False,inpe_bdq_aqua_ref,False
2312908,Sobral,CE,2003,2,0.0,0.0,,,,,True,inpe_bdq_aqua_ref,False
2312908,Sobral,CE,2003,3,0.0,0.0,,,,,True,inpe_bdq_aqua_ref,False
2312908,Sobral,CE,2003,4,1.0,8.3,8.3,8.3,,,False,inpe_bdq_aqua_ref,False
2312908,Sobral,CE,2003,5,0.0,0.0,,,,,True,inpe_bdq_aqua_ref,False
2312908,Sobral,CE,2003,6,0.0,0.0,,,,,True,inpe_bdq_aqua_ref,False
2312908,Sobral,CE,2003,7,3.0,37.6,12.533333333333333,18.6,,,False,inpe_bdq_aqua_ref,False
2312908,Sobral,CE,2003,8,12.0,377.8,31.483333333333334,70.4,,,False,inpe_bdq_aqua_ref,False
2312908,Sobral,CE,2003,9,32.0,1354.5,42.328125,96.4,,,False,inpe_bdq_aqua_ref,False
2312908,Sobral,CE,2003,10,26.0,1551.8,59.684615384615384,208.4,,,False,inpe_bdq_aqua_ref,False
2312908,Sobral,CE,2003,11,98.0,12615.2,128.72653061224491,1472.4,,,False,inpe_bdq_aqua_ref,False
2312908,Sobral,CE,2003,12,72.0,4024.7,55.89861111111111,497.5,,,False,inpe_bdq_aqua_ref,False
2312908,Sobral,CE,2004,1,4.0,78.30000000000001,19.575000000000003,25.3,,,False,inpe_bdq_aqua_ref,False
2312908,Sobral,CE,2004,2,0.0,0.0,,,,,True,inpe_bdq_aqua_ref,False
2312908,Sobral,CE,2004,3,0.0,0.0,,,,,True,inpe_bdq_aqua_ref,False
2312908,Sobral,CE,2004,4,0.0,0.0,,,,,True,inpe_bdq_aqua_ref,False
2312908,Sobral,CE,2004,5,0.0,0.0,,,,,True,inpe_bdq_aqua_ref,False
2312908,Sobral,CE,2004,6,0.0,0.0,,,,,True,inpe_bdq_aqua_ref,False
2312908,Sobral,CE,2004,7,0.0,0.0,,,,,True,inpe_bdq_aqua_ref,False
2312908,Sobral,CE,2004,8,4.0,82.3,20.575,25.0,,,False,inpe_bdq_aqua_ref,False
2312908,Sobral,CE,2004,9,15.0,533.4,35.559999999999995,113.8,,,False,inpe_bdq_aqua_ref,False
2312908,Sobral,CE,2004,10,35.0,2939.4,83.98285714285714,794.5,,,False,inpe_bdq_aqua_ref,False
2312908,Sobral,CE,2004,11,85.0,4454.7,52.408235294117645,371.0,,,False,inpe_bdq_aqua_ref,False
2312908,Sobral,CE,2004,12,52.0,2065.9,39.728846153846156,201.8,,,False,inpe_bdq_aqua_ref,False
2312908,Sobral,CE,2005,1,0.0,0.0,,,,,True,inpe_bdq_aqua_ref,False
2312908,Sobral,CE,2005,2,0.0,0.0,,,,,True,inpe_bdq_aqua_ref,False
2312908,Sobral,CE,2005,3,0.0,0.0,,,,,True,inpe_bdq_aqua_ref,False
2312908,Sobral,CE,2005,4,0.0,0.0,,,,,True,inpe_bdq_aqua_ref,False
2312908,Sobral,CE,2005,5,0.0,0.0,,,,,True,inpe_bdq_aqua_ref,False
2312908,Sobral,CE,2005,6,0.0,0.0,,,,,True,inpe_bdq_aqua_ref,False
2312908,Sobral,CE,2005,7,8.0,223.4,27.925,45.6,,,False,inpe_bdq_aqua_ref,False
2312908,Sobral,CE,2005,8,3.0,55.5,18.5,27.8,,,False,inpe_bdq_aqua_ref,False
2312908,Sobral,CE,2005,9,7.0,268.8,38.4,95.5,,,False,inpe_bdq_aqua_ref,False
2312908,Sobral,CE,2005,10,37.0,1795.2,48.51891891891892,203.2,,,False,inpe_bdq_aqua_ref,False
2312908,Sobral,CE,2005,11,82.0,5073.1,61.867073170731715,480.9,,,False,inpe_bdq_aqua_ref,False
2312908,Sobral,CE,2005,12,22.0,754.6,34.300000000000004,131.1,,,False,inpe_bdq_aqua_ref,False
2312908,Sobral,CE,2006,1,2.0,41.0,20.5,25.1,,,False,inpe_bdq_aqua_ref,False
2312908,Sobral,CE,2006,2,0.0,0.0,,,,,True,inpe_bdq_aqua_ref,False
2312908,Sobral,CE,2006,3,0.0,0.0,,,,,True,inpe_bdq_aqua_ref,False
2312908,Sobral,CE,2006,4,0.0,0.0,,,,,True,inpe_bdq_aqua_ref,False
2312908,Sobral,CE,2006,5,0.0,0.0,,,,,True,inpe_bdq_aqua_ref,False
2312908,Sobral,CE,2006,6,0.0,0.0,,,,,True,inpe_bdq_aqua_ref,False
2312908,Sobral,CE,2006,7,0.0,0.0,,,,,True,inpe_bdq_aqua_ref,False
2312908,Sobral,CE,2006,8,5.0,123.2,24.64,40.2,,,False,inpe_bdq_aqua_ref,False
2312908,Sobral,CE,2006,9,23.0,607.0,26.391304347826086,87.8,,,False,inpe_bdq_aqua_ref,False
2312908,Sobral,CE,2006,10,18.0,867.5,48.19444444444444,113.5,,,False,inpe_bdq_aqua_ref,False
2312908,Sobral,CE,2006,11,36.0,1828.4,50.78888888888889,189.7,,,False,inpe_bdq_aqua_ref,False
2312908,Sobral,CE,2006,12,26.0,1356.4,52.16923076923077,126.7,,,False,inpe_bdq_aqua_ref,False
2312908,Sobral,CE,2007,1,6.0,273.8,45.63333333333333,70.1,,,False,inpe_bdq_aqua_ref,False
2312908,Sobral,CE,2007,2,0.0,0.0,,,,,True,inpe_bdq_aqua_ref,False
2312908,Sobral,CE,2007,3,0.0,0.0,,,,,True,inpe_bdq_aqua_ref,False
2312908,Sobral,CE,2007,4,0.0,0.0,,,,,True,inpe_bdq_aqua_ref,False
2312908,Sobral,CE,2007,5,0.0,0.0,,,,,True,inpe_bdq_aqua_ref,False
2312908,Sobral,CE,2007,6,0.0,0.0,,,,,True,inpe_bdq_aqua_ref,False
2312908,Sobral,CE,2007,7,0.0,0.0,,,,,True,inpe_bdq_aqua_ref,False
2312908,Sobral,CE,2007,8,33.0,1353.0,41.0,164.0,,,False,inpe_bdq_aqua_ref,False
2312908,Sobral,CE,2007,9,16.0,595.3,37.20625,109.9,,,False,inpe_bdq_aqua_ref,False
2312908,Sobral,CE,2007,10,23.0,1241.7,53.98695652173913,221.8,,,False,inpe_bdq_aqua_ref,False
2312908,Sobral,CE,2007,11,31.0,1947.2,62.81290322580645,263.2,,,False,inpe_bdq_aqua_ref,False
2312908,Sobral,CE,2007,12,24.0,1044.2,43.50833333333333,398.4,,,False,inpe_bdq_aqua_ref,False
2312908,Sobral,CE,2008,1,2.0,55.1,27.55,30.6,,,False,inpe_bdq_aqua_ref,False
2312908,Sobral,CE,2008,2,1.0,12.6,12.6,12.6,,,False,inpe_bdq_aqua_ref,False
2312908,Sobral,CE,2008,3,0.0,0.0,,,,,True,inpe_bdq_aqua_ref,False
2312908,Sobral,CE,2008,4,0.0,0.0,,,,,True,inpe_bdq_aqua_ref,False
2312908,Sobral,CE,2008,5,0.0,0.0,,,,,True,inpe_bdq_aqua_ref,False
2312908,Sobral,CE,2008,6,0.0,0.0,,,,,True,inpe_bdq_aqua_ref,False
2312908,Sobral,CE,2008,7,1.0,6.9,6.9,6.9,,,False,inpe_bdq_aqua_ref,False
2312908,Sobral,CE,2008,8,2.0,84.5,42.25,47.2,,,False,inpe_bdq_aqua_ref,False
2312908,Sobral,CE,2008,9,15.0,590.9,39.39333333333333,56.0,,,False,inpe_bdq_aqua_ref,False
2312908,Sobral,CE,2008,10,16.0,1194.8,74.675,301.3,,,False,inpe_bdq_aqua_ref,False
2312908,Sobral,CE,2008,11,51.0,2552.4,50.04705882352941,347.7,,,False,inpe_bdq_aqua_ref,False
2312908,Sobral,CE,2008,12,39.0,1699.3999999999999,43.57435897435897,149.2,,,False,inpe_bdq_aqua_ref,False
2312908,Sobral,CE,2009,1,10.0,406.1,40.61,80.5,,,False,inpe_bdq_aqua_ref,False
2312908,Sobral,CE,2009,2,0.0,0.0,,,,,True,inpe_bdq_aqua_ref,False
2312908,Sobral,CE,2009,3,0.0,0.0,,,,,True,inpe_bdq_aqua_ref,False
2312908,Sobral,CE,2009,4,0.0,0.0,,,,,True,inpe_bdq_aqua_ref,False
2312908,Sobral,CE,2009,5,0.0,0.0,,,,,True,inpe_bdq_aqua_ref,False
2312908,Sobral,CE,2009,6,0.0,0.0,,,,,True,inpe_bdq_aqua_ref,False
2312908,Sobral,CE,2009,7,0.0,0.0,,,,,True,inpe_bdq_aqua_ref,False
2312908,Sobral,CE,2009,8,0.0,0.0,,,,,True,inpe_bdq_aqua_ref,False
2312908,Sobral,CE,2009,9,3.0,37.0,12.333333333333334,14.1,,,False,inpe_bdq_aqua_ref,False
2312908,Sobral,CE,2009,10,11.0,526.4,47.85454545454545,109.8,,,False,inpe_bdq_aqua_ref,False
2312908,Sobral,CE,2009,11,24.0,1574.7,65.6125,326.9,,,False,inpe_bdq_aqua_ref,False
2312908,Sobral,CE,2009,12,37.0,1669.6,45.12432432432432,133.6,,,False,inpe_bdq_aqua_ref,False
2312908,Sobral,CE,2010,1,5.0,98.5,19.7,31.3,,,False,inpe_bdq_aqua_ref,False
2312908,Sobral,CE,2010,2,1.0,8.9,8.9,8.9,,,False,inpe_bdq_aqua_ref,False
2312908,Sobral,CE,2010,3,0.0,0.0,,,,,True,inpe_bdq_aqua_ref,False
2312908,Sobral,CE,2010,4,0.0,0.0,,,,,True,inpe_bdq_aqua_ref,False
2312908,Sobral,CE,2010,5,0.0,0.0,,,,,True,inpe_bdq_aqua_ref,False
2312908,Sobral,CE,2010,6,0.0,0.0,,,,,True,inpe_bdq_aqua_ref,False
2312908,Sobral,CE,2010,7,0.0,0.0,,,,,True,inpe_bdq_aqua_ref,False
2312908,Sobral,CE,2010,8,0.0,0.0,,,,,True,inpe_bdq_aqua_ref,False
2312908,Sobral,CE,2010,9,9.0,506.7,56.3,162.0,,,False,inpe_bdq_aqua_ref,False
2312908,Sobral,CE,2010,10,6.0,362.6,60.43333333333334,169.2,,,False,inpe_bdq_aqua_ref,False
2312908,Sobral,CE,2010,11,17.0,444.2,26.129411764705882,93.2,,,False,inpe_bdq_aqua_ref,False
2312908,Sobral,CE,2010,12,5.0,273.2,54.64,98.4,,,False,inpe_bdq_aqua_ref,False
2312908,Sobral,CE,2011,1,0.0,0.0,,,,,True,inpe_bdq_aqua_ref,False
2312908,Sobral,CE,2011,2,0.0,0.0,,,,,True,inpe_bdq_aqua_ref,False
2312908,Sobral,CE,2011,3,0.0,0.0,,,,,True,inpe_bdq_aqua_ref,False
2312908,Sobral,CE,2011,4,0.0,0.0,,,,,True,inpe_bdq_aqua_ref,False
2312908,Sobral,CE,2011,5,0.0,0.0,,,,,True,inpe_bdq_aqua_ref,False
2312908,Sobral,CE,2011,6,0.0,0.0,,,,,True,inpe_bdq_aqua_ref,False
2312908,Sobral,CE,2011,7,0.0,0.0,,,,,True,inpe_bdq_aqua_ref,False
2312908,Sobral,CE,2011,8,7.0,274.0,39.142857142857146,103.7,,,False,inpe_bdq_aqua_ref,False
2312908,Sobral,CE,2011,9,17.0,661.8,38.92941176470588,122.0,,,False,inpe_bdq_aqua_ref,False
2312908,Sobral,CE,2011,10,9.0,294.7,32.74444444444444,91.7,,,False,inpe_bdq_aqua_ref,False
2312908,Sobral,CE,2011,11,40.0,1804.0,45.1,191.8,,,False,inpe_bdq_aqua_ref,False
2312908,Sobral,CE,2011,12,35.0,1560.6,44.58857142857143,273.6,,,False,inpe_bdq_aqua_ref,False
2312908,Sobral,CE,2012,1,5.0,138.1,27.619999999999997,50.2,,,False,inpe_bdq_aqua_ref,False
2312908,Sobral,CE,2012,2,0.0,0.0,,,,,True,inpe_bdq_aqua_ref,False
2312908,Sobral,CE,2012,3,0.0,0.0,,,,,True,inpe_bdq_aqua_ref,False
2312908,Sobral,CE,2012,4,0.0,0.0,,,,,True,inpe_bdq_aqua_ref,False
2312908,Sobral,CE,2012,5,0.0,0.0,,,,,True,inpe_bdq_aqua_ref,False
2312908,Sobral,CE,2012,6,3.0,346.5,115.5,298.2,,,False,inpe_bdq_aqua_ref,False
2312908,Sobral,CE,2012,7,1.0,25.8,25.8,25.8,,,False,inpe_bdq_aqua_ref,False
2312908,Sobral,CE,2012,8,12.0,368.2,30.683333333333334,57.8,,,False,inpe_bdq_aqua_ref,False
2312908,Sobral,CE,2012,9,0.0,0.0,,,,,True,inpe_bdq_aqua_ref,False
2312908,Sobral,CE,2012,10,18.0,783.7,43.53888888888889,113.4,,,False,inpe_bdq_aqua_ref,False
2312908,Sobral,CE,2012,11,29.0,1416.8,48.8551724137931,282.8,,,False,inpe_bdq_aqua_ref,False
2312908,Sobral,CE,2012,12,7.0,205.9,29.414285714285715,82.3,,,False,inpe_bdq_aqua_ref,False
2312908,Sobral,CE,2013,1,0.0,0.0,,,,,True,inpe_bdq_aqua_ref,False
2312908,Sobral,CE,2013,2,0.0,0.0,,,,,True,inpe_bdq_aqua_ref,False
2312908,Sobral,CE,2013,3,0.0,0.0,,,,,True,inpe_bdq_aqua_ref,False
2312908,Sobral,CE,2013,4,0.0,0.0,,,,,True,inpe_bdq_aqua_ref,False
2312908,Sobral,CE,2013,5,0.0,0.0,,,,,True,inpe_bdq_aqua_ref,False
2312908,Sobral,CE,2013,6,0.0,0.0,,,,,True,inpe_bdq_aqua_ref,False
2312908,Sobral,CE,2013,7,0.0,0.0,,,,,True,inpe_bdq_aqua_ref,False
2312908,Sobral,CE,2013,8,0.0,0.0,,,,,True,inpe_bdq_aqua_ref,False
2312908,Sobral,CE,2013,9,4.0,377.3,94.325,218.6,,,False,inpe_bdq_aqua_ref,False
2312908,Sobral,CE,2013,10,4.0,607.3,151.825,256.7,,,False,inpe_bdq_aqua_ref,False
2312908,Sobral,CE,2013,11,20.0,484.8,24.240000000000002,78.5,,,False,inpe_bdq_aqua_ref,False
2312908,Sobral,CE,2013,12,6.0,205.0,34.166666666666664,80.2,,,False,inpe_bdq_aqua_ref,False
2312908,Sobral,CE,2014,1,1.0,11.3,11.3,11.3,1.0,13.0,False,inpe_bdq_aqua_ref,False
2312908,Sobral,CE,2014,2,0.0,0.0,,,,,True,inpe_bdq_aqua_ref,False
2312908,Sobral,CE,2014,3,0.0,0.0,,,,,True,inpe_bdq_aqua_ref,False
2312908,Sobral,CE,2014,4,0.0,0.0,,,,,True,inpe_bdq_aqua_ref,False
2312908,Sobral,CE,2014,5,0.0,0.0,,,,,True,inpe_bdq_aqua_ref,False
2312908,Sobral,CE,2014,6,0.0,0.0,,,,,True,inpe_bdq_aqua_ref,False
2312908,Sobral,CE,2014,7,0.0,0.0,,,,,True,inpe_bdq_aqua_ref,False
2312908,Sobral,CE,2014,8,6.0,329.3,54.88333333333333,108.9,1.0,42.5,False,inpe_bdq_aqua_ref,False
2312908,Sobral,CE,2014,9,5.0,118.4,23.68,39.9,1.0,64.8,False,inpe_bdq_aqua_ref,False
2312908,Sobral,CE,2014,10,6.0,297.5,49.583333333333336,93.3,1.0,97.83333333333333,False,inpe_bdq_aqua_ref,False
2312908,Sobral,CE,2014,11,14.0,421.8,30.12857142857143,67.8,-70.42857142857143,8.214285714285714,False,inpe_bdq_aqua_ref,False
2312908,Sobral,CE,2014,12,4.0,139.2,34.8,81.2,1.0,17.75,False,inpe_bdq_aqua_ref,False
2312908,Sobral,CE,2015,1,0.0,0.0,,,,,True,inpe_bdq_aqua_ref,False
2312908,Sobral,CE,2015,2,0.0,0.0,,,,,True,inpe_bdq_aqua_ref,False
2312908,Sobral,CE,2015,3,0.0,0.0,,,,,True,inpe_bdq_aqua_ref,False
2312908,Sobral,CE,2015,4,0.0,0.0,,,,,True,inpe_bdq_aqua_ref,False
2312908,Sobral,CE,2015,5,0.0,0.0,,,,,True,inpe_bdq_aqua_ref,False
2312908,Sobral,CE,2015,6,0.0,0.0,,,,,True,inpe_bdq_aqua_ref,False
2312908,Sobral,CE,2015,7,0.0,0.0,,,,,True,inpe_bdq_aqua_ref,False
2312908,Sobral,CE,2015,8,11.0,591.0,53.72727272727273,162.8,1.0,14.181818181818182,False,inpe_bdq_aqua_ref,False
2312908,Sobral,CE,2015,9,2.0,55.7,27.85,35.0,1.0,23.0,False,inpe_bdq_aqua_ref,False
2312908,Sobral,CE,2015,10,4.0,100.4,25.1,52.5,1.0,49.25,False,inpe_bdq_aqua_ref,False
2312908,Sobral,CE,2015,11,21.0,1104.9,52.61428571428572,204.3,-46.61904761904762,77.71428571428571,False,inpe_bdq_aqua_ref,False
2312908,Sobral,CE,2015,12,22.0,1388.3,63.10454545454545,351.5,1.0,90.77272727272727,False,inpe_bdq_aqua_ref,False
2312908,Sobral,CE,2016,1,2.0,60.900000000000006,30.450000000000003,35.2,0.75,0.0,False,inpe_bdq_aqua_ref,False
2312908,Sobral,CE,2016,2,0.0,0.0,,,,,True,inpe_bdq_aqua_ref,False
2312908,Sobral,CE,2016,3,0.0,0.0,,,,,True,inpe_bdq_aqua_ref,False
2312908,Sobral,CE,2016,4,0.0,0.0,,,,,True,inpe_bdq_aqua_ref,False
2312908,Sobral,CE,2016,5,0.0,0.0,,,,,True,inpe_bdq_aqua_ref,False
2312908,Sobral,CE,2016,6,0.0,0.0,,,,,True,inpe_bdq_aqua_ref,False
2312908,Sobral,CE,2016,7,0.0,0.0,,,,,True,inpe_bdq_aqua_ref,False
2312908,Sobral,CE,2016,8,19.0,506.3,26.647368421052633,88.0,1.0,31.263157894736842,False,inpe_bdq_aqua_ref,False
2312908,Sobral,CE,2016,9,10.0,387.2,38.72,70.6,1.0,58.7,False,inpe_bdq_aqua_ref,False
2312908,Sobral,CE,2016,10,29.0,1189.3,41.0103448275862,122.8,1.0,82.86206896551724,False,inpe_bdq_aqua_ref,False
2312908,Sobral,CE,2016,11,39.0,2243.8,57.53333333333334,303.3,1.0,75.07692307692308,False,inpe_bdq_aqua_ref,False
2312908,Sobral,CE,2016,12,10.0,337.3,33.730000000000004,59.8,0.9800000000000001,55.5,False,inpe_bdq_aqua_ref,False
2312908,Sobral,CE,2017,1,0.0,0.0,,,,,True,inpe_bdq_aqua_ref,False
2312908,Sobral,CE,2017,2,0.0,0.0,,,,,True,inpe_bdq_aqua_ref,False
2312908,Sobral,CE,2017,3,0.0,0.0,,,,,True,inpe_bdq_aqua_ref,False
2312908,Sobral,CE,2017,4,0.0,0.0,,,,,True,inpe_bdq_aqua_ref,False
2312908,Sobral,CE,2017,5,0.0,0.0,,,,,True,inpe_bdq_aqua_ref,False
2312908,Sobral,CE,2017,6,1.0,11.7,11.7,11.7,0.9,0.0,False,inpe_bdq_aqua_ref,False
2312908,Sobral,CE,2017,7,0.0,0.0,,,,,True,inpe_bdq_aqua_ref,False
2312908,Sobral,CE,2017,8,2.0,35.2,17.6,18.8,1.0,0.0,False,inpe_bdq_aqua_ref,False
2312908,Sobral,CE,2017,9,12.0,307.7,25.641666666666666,71.1,1.0,0.0,False,inpe_bdq_aqua_ref,False
2312908,Sobral,CE,2017,10,24.0,757.5,31.5625,95.2,-40.666666666666664,0.0,False,inpe_bdq_aqua_ref,False
2312908,Sobral,CE,2017,11,16.0,752.4,47.025,166.4,1.0,0.0,False,inpe_bdq_aqua_ref,False
2312908,Sobral,CE,2017,12,13.0,595.0,45.76923076923077,160.7,0.9846153846153847,0.0,False,inpe_bdq_aqua_ref,False
2312908,Sobral,CE,2018,1,2.0,154.1,77.05,82.5,1.0,0.0,False,inpe_bdq_aqua_ref,False
2312908,Sobral,CE,2018,2,0.0,0.0,,,,,True,inpe_bdq_aqua_ref,False
2312908,Sobral,CE,2018,3,1.0,18.7,18.7,18.7,0.2,0.0,False,inpe_bdq_aqua_ref,False
2312908,Sobral,CE,2018,4,0.0,0.0,,,,,True,inpe_bdq_aqua_ref,False
2312908,Sobral,CE,2018,5,0.0,0.0,,,,,True,inpe_bdq_aqua_ref,False
2312908,Sobral,CE,2018,6,0.0,0.0,,,,,True,inpe_bdq_aqua_ref,False
2312908,Sobral,CE,2018,7,2.0,31.6,15.8,22.1,1.0,11.0,False,inpe_bdq_aqua_ref,False
2312908,Sobral,CE,2018,8,2.0,30.3,15.15,25.0,1.0,6.5,False,inpe_bdq_aqua_ref,False
2312908,Sobral,CE,2018,9,16.0,567.6,35.475,68.9,1.0,38.375,False,inpe_bdq_aqua_ref,False
2312908,Sobral,CE,2018,10,6.0,359.3,59.88333333333333,206.3,1.0,61.333333333333336,False,inpe_bdq_aqua_ref,False
2312908,Sobral,CE,2018,11,7.0,130.7,18.67142857142857,27.0,0.9714285714285714,31.714285714285715,False,inpe_bdq_aqua_ref,False
2312908,Sobral,CE,2018,12,7.0,196.5,28.071428571428573,69.8,0.17142857142857146,3.2857142857142856,False,inpe_bdq_aqua_ref,False
2312908,Sobral,CE,2019,1,1.0,20.8,20.8,20.8,1.0,8.0,False,inpe_bdq_aqua_ref,False
2312908,Sobral,CE,2019,2,0.0,0.0,,,,,True,inpe_bdq_aqua_ref,False
2312908,Sobral,CE,2019,3,0.0,0.0,,,,,True,inpe_bdq_aqua_ref,False
2312908,Sobral,CE,2019,4,0.0,0.0,,,,,True,inpe_bdq_aqua_ref,False
2312908,Sobral,CE,2019,5,0.0,0.0,,,,,True,inpe_bdq_aqua_ref,False
2312908,Sobral,CE,2019,6,0.0,0.0,,,,,True,inpe_bdq_aqua_ref,False
2312908,Sobral,CE,2019,7,0.0,0.0,,,,,True,inpe_bdq_aqua_ref,False
2312908,Sobral,CE,2019,8,1.0,14.4,14.4,14.4,1.0,13.0,False,inpe_bdq_aqua_ref,False
2312908,Sobral,CE,2019,9,13.0,473.0,36.38461538461539,84.7,1.0,60.15384615384615,False,inpe_bdq_aqua_ref,False
2312908,Sobral,CE,2019,10,10.0,416.4,41.64,96.0,1.0,85.0,False,inpe_bdq_aqua_ref,False
2312908,Sobral,CE,2019,11,17.0,1287.9,75.75882352941177,193.4,1.0,92.88235294117646,False,inpe_bdq_aqua_ref,False
2312908,Sobral,CE,2019,12,15.0,948.8,63.25333333333333,374.3,1.0,6.8,False,inpe_bdq_aqua_ref,False
2312908,Sobral,CE,2020,1,1.0,7.0,7.0,7.0,0.0,28.0,False,inpe_bdq_aqua_ref,False
2312908,Sobral,CE,2020,2,0.0,0.0,,,,,True,inpe_bdq_aqua_ref,False
2312908,Sobral,CE,2020,3,0.0,0.0,,,,,True,inpe_bdq_aqua_ref,False
2312908,Sobral,CE,2020,4,0.0,0.0,,,,,True,inpe_bdq_aqua_ref,False
2312908,Sobral,CE,2020,5,0.0,0.0,,,,,True,inpe_bdq_aqua_ref,False
2312908,Sobral,CE,2020,6,0.0,0.0,,,,,True,inpe_bdq_aqua_ref,False
2312908,Sobral,CE,2020,7,1.0,16.5,16.5,16.5,1.0,22.0,False,inpe_bdq_aqua_ref,False
2312908,Sobral,CE,2020,8,5.0,59.4,19.8,22.4,1.0,36.0,False,inpe_bdq_aqua_ref,False
2312908,Sobral,CE,2020,9,17.0,1219.0,71.70588235294117,269.9,1.0,64.58823529411765,False,inpe_bdq_aqua_ref,False
2312908,Sobral,CE,2020,10,19.0,838.6,44.136842105263156,147.8,1.0,93.42105263157895,False,inpe_bdq_aqua_ref,False
2312908,Sobral,CE,2020,11,18.0,649.7,36.09444444444445,76.4,1.0,8.38888888888889,False,inpe_bdq_aqua_ref,False
2312908,Sobral,CE,2020,12,13.0,736.1,56.62307692307692,186.1,1.0,11.846153846153847,False,inpe_bdq_aqua_ref,False
2312908,Sobral,CE,2021,1,2.0,56.1,28.05,39.1,1.0,23.0,False,inpe_bdq_aqua_ref,False
2312908,Sobral,CE,2021,2,1.0,17.3,17.3,17.3,1.0,4.0,False,inpe_bdq_aqua_ref,False
2312908,Sobral,CE,2021,3,0.0,0.0,,,,,True,inpe_bdq_aqua_ref,False
2312908,Sobral,CE,2021,4,0.0,0.0,,,,,True,inpe_bdq_aqua_ref,False
2312908,Sobral,CE,2021,5,0.0,0.0,,,,,True,inpe_bdq_aqua_ref,False
2312908,Sobral,CE,2021,6,0.0,0.0,,,,,True,inpe_bdq_aqua_ref,False
2312908,Sobral,CE,2021,7,0.0,0.0,,,,,True,inpe_bdq_aqua_ref,False
2312908,Sobral,CE,2021,8,1.0,16.0,16.0,16.0,1.0,42.0,False,inpe_bdq_aqua_ref,False
2312908,Sobral,CE,2021,9,10.0,563.6,56.36,120.2,1.0,40.6,False,inpe_bdq_aqua_ref,False
2312908,Sobral,CE,2021,10,18.0,675.2,37.51111111111111,73.7,0.9888888888888889,20.166666666666668,False,inpe_bdq_aqua_ref,False
2312908,Sobral,CE,2021,11,11.0,547.0,49.72727272727273,193.6,1.0,11.909090909090908,False,inpe_bdq_aqua_ref,False
2312908,Sobral,CE,2021,12,6.0,289.5,48.25,94.2,1.0,11.333333333333334,False,inpe_bdq_aqua_ref,False
2312908,Sobral,CE,2022,1,0.0,0.0,,,,,True,inpe_bdq_aqua_ref,False
2312908,Sobral,CE,2022,2,0.0,0.0,,,,,True,inpe_bdq_aqua_ref,False
2312908,Sobral,CE,2022,3,0.0,0.0,,,,,True,inpe_bdq_aqua_ref,False
2312908,Sobral,CE,2022,4,0.0,0.0,,,,,True,inpe_bdq_aqua_ref,False
2312908,Sobral,CE,2022,5,0.0,0.0,,,,,True,inpe_bdq_aqua_ref,False
2312908,Sobral,CE,2022,6,0.0,0.0,,,,,True,inpe_bdq_aqua_ref,False
2312908,Sobral,CE,2022,7,0.0,0.0,,,,,True,inpe_bdq_aqua_ref,False
2312908,Sobral,CE,2022,8,9.0,213.8,23.755555555555556,57.4,1.0,16.11111111111111,False,inpe_bdq_aqua_ref,False
2312908,Sobral,CE,2022,9,6.0,863.7,143.95000000000002,270.7,1.0,42.0,False,inpe_bdq_aqua_ref,False
2312908,Sobral,CE,2022,10,15.0,656.2,43.74666666666667,97.7,0.9966666666666666,50.53333333333333,False,inpe_bdq_aqua_ref,False
2312908,Sobral,CE,2022,11,27.0,1302.6,48.24444444444444,237.4,0.9981481481481481,6.851851851851852,False,inpe_bdq_aqua_ref,False
2312908,Sobral,CE,2022,12,23.0,1483.0,64.47826086956522,564.3,0.8730434782608695,6.521739130434782,False,inpe_bdq_aqua_ref,False
2312908,Sobral,CE,2023,1,1.0,13.5,13.5,13.5,0.73,2.0,False,inpe_bdq_aqua_ref,False
2312908,Sobral,CE,2023,2,0.0,0.0,,,,,True,inpe_bdq_aqua_ref,False
2312908,Sobral,CE,2023,3,0.0,0.0,,,,,True,inpe_bdq_aqua_ref,False
2312908,Sobral,CE,2023,4,0.0,0.0,,,,,True,inpe_bdq_aqua_ref,False
2312908,Sobral,CE,2023,5,0.0,0.0,,,,,True,inpe_bdq_aqua_ref,False
2312908,Sobral,CE,2023,6,0.0,0.0,,,,,True,inpe_bdq_aqua_ref,False
2312908,Sobral,CE,2023,7,0.0,0.0,,,,,True,inpe_bdq_aqua_ref,False
2312908,Sobral,CE,2023,8,6.0,285.8,47.63333333333333,117.9,1.0,49.833333333333336,False,inpe_bdq_aqua_ref,False
2312908,Sobral,CE,2023,9,24.0,2208.4,92.01666666666667,366.1,1.0,71.58333333333333,False,inpe_bdq_aqua_ref,False
2312908,Sobral,CE,2023,10,4.0,142.9,35.725,69.3,1.0,21.75,False,inpe_bdq_aqua_ref,False
2312908,Sobral,CE,2023,11,26.0,1152.2,44.315384615384616,119.6,1.0,35.92307692307692,False,inpe_bdq_aqua_ref,False
2312908,Sobral,CE,2023,12,30.0,1526.8,50.89333333333333,184.5,0.5166666666666667,4.9,False,inpe_bdq_aqua_ref,False
2312908,Sobral,CE,2024,1,0.0,0.0,,,,,True,inpe_bdq_aqua_ref,False
2312908,Sobral,CE,2024,2,0.0,0.0,,,,,True,inpe_bdq_aqua_ref,False
2312908,Sobral,CE,2024,3,0.0,0.0,,,,,True,inpe_bdq_aqua_ref,False
2312908,Sobral,CE,2024,4,0.0,0.0,,,,,True,inpe_bdq_aqua_ref,False
2312908,Sobral,CE,2024,5,0.0,0.0,,,,,True,inpe_bdq_aqua_ref,False
2312908,Sobral,CE,2024,6,0.0,0.0,,,,,True,inpe_bdq_aqua_ref,False
2312908,Sobral,CE,2024,7,0.0,0.0,,,,,True,inpe_bdq_aqua_ref,False
2312908,Sobral,CE,2024,8,14.0,483.9,34.56428571428571,134.5,1.0,60.785714285714285,False,inpe_bdq_aqua_ref,False
2312908,Sobral,CE,2024,9,14.0,388.4,27.74285714285714,55.3,1.0,82.57142857142857,False,inpe_bdq_aqua_ref,False
2312908,Sobral,CE,2024,10,20.0,619.5,30.975,97.4,1.0,103.4,False,inpe_bdq_aqua_ref,False
2312908,Sobral,CE,2024,11,16.0,546.2,34.1375,88.9,1.0,26.0625,False,inpe_bdq_aqua_ref,False
2312908,Sobral,CE,2024,12,39.0,1268.5,32.52564102564103,124.0,0.8169230769230769,5.076923076923077,False,inpe_bdq_aqua_ref,False
2312908,Sobral,CE,2025,1,0.0,0.0,,,,,True,inpe_bdq_aqua_ref,False
2312908,Sobral,CE,2025,2,0.0,0.0,,,,,True,inpe_bdq_aqua_ref,False
2312908,Sobral,CE,2025,3,0.0,0.0,,,,,True,inpe_bdq_aqua_ref,False
2312908,Sobral,CE,2025,4,0.0,0.0,,,,,True,inpe_bdq_aqua_ref,False
2312908,Sobral,CE,2025,5,0.0,0.0,,,,,True,inpe_bdq_aqua_ref,False
2312908,Sobral,CE,2025,6,0.0,0.0,,,,,True,inpe_bdq_aqua_ref,False
2312908,Sobral,CE,2025,7,0.0,0.0,,,,,True,inpe_bdq_aqua_ref,False
2312908,Sobral,CE,2025,8,5.0,112.8,22.56,52.9,1.0,34.4,False,inpe_bdq_aqua_ref,False
2312908,Sobral,CE,2025,9,25.0,1012.7,40.508,223.9,1.0,50.2,False,inpe_bdq_aqua_ref,False
2313252,Tarrafas,CE,2025,8,1.0,19.0,19.0,19.0,1.0,0.0,False,inpe_bdq_aqua_ref,False
2313252,Tarrafas,CE,2025,9,5.0,241.2,48.239999999999995,68.2,1.0,57.4,False,inpe_bdq_aqua_ref,False
2313252,Tarrafas,CE,2025,10,3.0,319.1,106.36666666666667,178.8,1.0,33.0,False,inpe_bdq_aqua_ref,False
2313302,Tauá,CE,2003,1,2.0,32.3,16.15,16.4,,,False,inpe_bdq_aqua_ref,False
2313302,Tauá,CE,2003,2,0.0,0.0,,,,,True,inpe_bdq_aqua_ref,False
2313302,Tauá,CE,2003,3,0.0,0.0,,,,,True,inpe_bdq_aqua_ref,False
2313302,Tauá,CE,2003,4,0.0,0.0,,,,,True,inpe_bdq_aqua_ref,False
2313302,Tauá,CE,2003,5,0.0,0.0,,,,,True,inpe_bdq_aqua_ref,False
2313302,Tauá,CE,2003,6,0.0,0.0,,,,,True,inpe_bdq_aqua_ref,False
2313302,Tauá,CE,2003,7,0.0,0.0,,,,,True,inpe_bdq_aqua_ref,False
2313302,Tauá,CE,2003,8,0.0,0.0,,,,,True,inpe_bdq_aqua_ref,False
2313302,Tauá,CE,2003,9,5.0,151.6,30.32,59.0,,,False,inpe_bdq_aqua_ref,False
2313302,Tauá,CE,2003,10,33.0,3248.2,98.43030303030302,713.8,,,False,inpe_bdq_aqua_ref,False
2313302,Tauá,CE,2003,11,54.0,3836.1,71.03888888888889,466.8,,,False,inpe_bdq_aqua_ref,False
2313302,Tauá,CE,2003,12,6.0,246.8,41.13333333333333,85.0,,,False,inpe_bdq_aqua_ref,False
2313302,Tauá,CE,2004,1,0.0,0.0,,,,,True,inpe_bdq_aqua_ref,False
2313302,Tauá,CE,2004,2,0.0,0.0,,,,,True,inpe_bdq_aqua_ref,False
2313302,Tauá,CE,2004,3,0.0,0.0,,,,,True,inpe_bdq_aqua_ref,False
2313302,Tauá,CE,2004,4,0.0,0.0,,,,,True,inpe_bdq_aqua_ref,False
2313302,Tauá,CE,2004,5,0.0,0.0,,,,,True,inpe_bdq_aqua_ref,False
2313302,Tauá,CE,2004,6,0.0,0.0,,,,,True,inpe_bdq_aqua_ref,False
2313302,Tauá,CE,2004,7,0.0,0.0,,,,,True,inpe_bdq_aqua_ref,False
2313302,Tauá,CE,2004,8,0.0,0.0,,,,,True,inpe_bdq_aqua_ref,False
2313302,Tauá,CE,2004,9,2.0,52.900000000000006,26.450000000000003,41.6,,,False,inpe_bdq_aqua_ref,False
2313302,Tauá,CE,2004,10,21.0,1473.4,70.16190476190476,197.5,,,False,inpe_bdq_aqua_ref,False
2313302,Tauá,CE,2004,11,17.0,712.7,41.92352941176471,103.0,,,False,inpe_bdq_aqua_ref,False
2313302,Tauá,CE,2004,12,19.0,915.8,48.199999999999996,139.1,,,False,inpe_bdq_aqua_ref,False
2313302,Tauá,CE,2005,1,7.0,150.4,21.485714285714288,30.6,,,False,inpe_bdq_aqua_ref,False
2313302,Tauá,CE,2005,2,0.0,0.0,,,,,True,inpe_bdq_aqua_ref,False
2313302,Tauá,CE,2005,3,0.0,0.0,,,,,True,inpe_bdq_aqua_ref,False
2313302,Tauá,CE,2005,4,0.0,0.0,,,,,True,inpe_bdq_aqua_ref,False
2313302,Tauá,CE,2005,5,0.0,0.0,,,,,True,inpe_bdq_aqua_ref,False
2313302,Tauá,CE,2005,6,0.0,0.0,,,,,True,inpe_bdq_aqua_ref,False
2313302,Tauá,CE,2005,7,1.0,9.2,9.2,9.2,,,False,inpe_bdq_aqua_ref,False
2313302,Tauá,CE,2005,8,0.0,0.0,,,,,True,inpe_bdq_aqua_ref,False
2313302,Tauá,CE,2005,9,1.0,24.9,24.9,24.9,,,False,inpe_bdq_aqua_ref,False
2313302,Tauá,CE,2005,10,11.0,443.1,40.28181818181818,107.9,,,False,inpe_bdq_aqua_ref,False
2313302,Tauá,CE,2005,11,52.0,3250.2,62.50384615384615,256.3,,,False,inpe_bdq_aqua_ref,False
2313302,Tauá,CE,2005,12,10.0,325.5,32.55,63.3,,,False,inpe_bdq_aqua_ref,False
2313302,Tauá,CE,2006,1,2.0,19.299999999999997,9.649999999999999,10.6,,,False,inpe_bdq_aqua_ref,False
2313302,Tauá,CE,2006,2,0.0,0.0,,,,,True,inpe_bdq_aqua_ref,False
2313302,Tauá,CE,2006,3,0.0,0.0,,,,,True,inpe_bdq_aqua_ref,False
2313302,Tauá,CE,2006,4,0.0,0.0,,,,,True,inpe_bdq_aqua_ref,False
2313302,Tauá,CE,2006,5,0.0,0.0,,,,,True,inpe_bdq_aqua_ref,False
2313302,Tauá,CE,2006,6,0.0,0.0,,,,,True,inpe_bdq_aqua_ref,False
2313302,Tauá,CE,2006,7,0.0,0.0,,,,,True,inpe_bdq_aqua_ref,False
2313302,Tauá,CE,2006,8,0.0,0.0,,,,,True,inpe_bdq_aqua_ref,False
2313302,Tauá,CE,2006,9,0.0,0.0,,,,,True,inpe_bdq_aqua_ref,False
2313302,Tauá,CE,2006,10,6.0,244.4,40.733333333333334,100.1,,,False,inpe_bdq_aqua_ref,False
2313302,Tauá,CE,2006,11,27.0,1160.4,42.97777777777778,166.6,,,False,inpe_bdq_aqua_ref,False
2313302,Tauá,CE,2006,12,28.0,1133.9,40.496428571428574,130.9,,,False,inpe_bdq_aqua_ref,False
2313302,Tauá,CE,2007,1,4.0,104.89999999999999,26.224999999999998,36.5,,,False,inpe_bdq_aqua_ref,False
2313302,Tauá,CE,2007,2,0.0,0.0,,,,,True,inpe_bdq_aqua_ref,False
2313302,Tauá,CE,2007,3,0.0,0.0,,,,,True,inpe_bdq_aqua_ref,False
2313302,Tauá,CE,2007,4,0.0,0.0,,,,,True,inpe_bdq_aqua_ref,False
2313302,Tauá,CE,2007,5,0.0,0.0,,,,,True,inpe_bdq_aqua_ref,False
2313302,Tauá,CE,2007,6,0.0,0.0,,,,,True,inpe_bdq_aqua_ref,False
2313302,Tauá,CE,2007,7,0.0,0.0,,,,,True,inpe_bdq_aqua_ref,False
2313302,Tauá,CE,2007,8,0.0,0.0,,,,,True,inpe_bdq_aqua_ref,False
2313302,Tauá,CE,2007,9,7.0,403.8,57.68571428571429,111.2,,,False,inpe_bdq_aqua_ref,False
2313302,Tauá,CE,2007,10,33.0,1549.4,46.95151515151515,156.1,,,False,inpe_bdq_aqua_ref,False
2313302,Tauá,CE,2007,11,15.0,926.4,61.76,188.0,,,False,inpe_bdq_aqua_ref,False
2313302,Tauá,CE,2007,12,5.0,155.4,31.080000000000002,51.9,,,False,inpe_bdq_aqua_ref,False
2313302,Tauá,CE,2008,1,0.0,0.0,,,,,True,inpe_bdq_aqua_ref,False
2313302,Tauá,CE,2008,2,0.0,0.0,,,,,True,inpe_bdq_aqua_ref,False
2313302,Tauá,CE,2008,3,0.0,0.0,,,,,True,inpe_bdq_aqua_ref,False
2313302,Tauá,CE,2008,4,0.0,0.0,,,,,True,inpe_bdq_aqua_ref,False
2313302,Tauá,CE,2008,5,0.0,0.0,,,,,True,inpe_bdq_aqua_ref,False
2313302,Tauá,CE,2008,6,0.0,0.0,,,,,True,inpe_bdq_aqua_ref,False
2313302,Tauá,CE,2008,7,0.0,0.0,,,,,True,inpe_bdq_aqua_ref,False
2313302,Tauá,CE,2008,8,0.0,0.0,,,,,True,inpe_bdq_aqua_ref,False
2313302,Tauá,CE,2008,9,5.0,252.9,50.58,75.3,,,False,inpe_bdq_aqua_ref,False
2313302,Tauá,CE,2008,10,2.0,72.69999999999999,36.349999999999994,36.4,,,False,inpe_bdq_aqua_ref,False
2313302,Tauá,CE,2008,11,18.0,2551.1,141.72777777777776,861.9,,,False,inpe_bdq_aqua_ref,False
2313302,Tauá,CE,2008,12,27.0,1298.4,48.088888888888896,196.1,,,False,inpe_bdq_aqua_ref,False
2313302,Tauá,CE,2009,1,1.0,24.2,24.2,24.2,,,False,inpe_bdq_aqua_ref,False
2313302,Tauá,CE,2009,2,0.0,0.0,,,,,True,inpe_bdq_aqua_ref,False
2313302,Tauá,CE,2009,3,0.0,0.0,,,,,True,inpe_bdq_aqua_ref,False
2313302,Tauá,CE,2009,4,0.0,0.0,,,,,True,inpe_bdq_aqua_ref,False
2313302,Tauá,CE,2009,5,0.0,0.0,,,,,True,inpe_bdq_aqua_ref,False
2313302,Tauá,CE,2009,6,0.0,0.0,,,,,True,inpe_bdq_aqua_ref,False
2313302,Tauá,CE,2009,7,0.0,0.0,,,,,True,inpe_bdq_aqua_ref,False
2313302,Tauá,CE,2009,8,2.0,38.7,19.35,21.5,,,False,inpe_bdq_aqua_ref,False
2313302,Tauá,CE,2009,9,3.0,48.9,16.3,30.4,,,False,inpe_bdq_aqua_ref,False
2313302,Tauá,CE,2009,10,2.0,78.3,39.15,44.9,,,False,inpe_bdq_aqua_ref,False
2313302,Tauá,CE,2009,11,22.0,1083.4,49.24545454545455,149.7,,,False,inpe_bdq_aqua_ref,False
2313302,Tauá,CE,2009,12,22.0,790.0,35.90909090909091,128.3,,,False,inpe_bdq_aqua_ref,False
2313302,Tauá,CE,2010,1,2.0,47.599999999999994,23.799999999999997,28.2,,,False,inpe_bdq_aqua_ref,False
2313302,Tauá,CE,2010,2,0.0,0.0,,,,,True,inpe_bdq_aqua_ref,False
2313302,Tauá,CE,2010,3,0.0,0.0,,,,,True,inpe_bdq_aqua_ref,False
2313302,Tauá,CE,2010,4,0.0,0.0,,,,,True,inpe_bdq_aqua_ref,False
2313302,Tauá,CE,2010,5,0.0,0.0,,,,,True,inpe_bdq_aqua_ref,False
2313302,Tauá,CE,2010,6,0.0,0.0,,,,,True,inpe_bdq_aqua_ref,False
2313302,Tauá,CE,2010,7,0.0,0.0,,,,,True,inpe_bdq_aqua_ref,False
2313302,Tauá,CE,2010,8,0.0,0.0,,,,,True,inpe_bdq_aqua_ref,False
2313302,Tauá,CE,2010,9,4.0,286.5,71.625,143.0,,,False,inpe_bdq_aqua_ref,False
2313302,Tauá,CE,2010,10,7.0,276.0,39.42857142857143,68.2,,,False,inpe_bdq_aqua_ref,False
2313302,Tauá,CE,2010,11,22.0,568.6,25.845454545454547,49.4,,,False,inpe_bdq_aqua_ref,False
2313302,Tauá,CE,2010,12,0.0,0.0,,,,,True,inpe_bdq_aqua_ref,False
2313302,Tauá,CE,2011,1,0.0,0.0,,,,,True,inpe_bdq_aqua_ref,False
2313302,Tauá,CE,2011,2,0.0,0.0,,,,,True,inpe_bdq_aqua_ref,False
2313302,Tauá,CE,2011,3,0.0,0.0,,,,,True,inpe_bdq_aqua_ref,False
2313302,Tauá,CE,2011,4,0.0,0.0,,,,,True,inpe_bdq_aqua_ref,False
2313302,Tauá,CE,2011,5,0.0,0.0,,,,,True,inpe_bdq_aqua_ref,False
2313302,Tauá,CE,2011,6,0.0,0.0,,,,,True,inpe_bdq_aqua_ref,False
2313302,Tauá,CE,2011,7,0.0,0.0,,,,,True,inpe_bdq_aqua_ref,False
2313302,Tauá,CE,2011,8,0.0,0.0,,,,,True,inpe_bdq_aqua_ref,False
2313302,Tauá,CE,2011,9,0.0,0.0,,,,,True,inpe_bdq_aqua_ref,False
2313302,Tauá,CE,2011,10,9.0,319.2,35.46666666666667,81.4,,,False,inpe_bdq_aqua_ref,False
2313302,Tauá,CE,2011,11,33.0,1479.3,44.82727272727273,149.8,,,False,inpe_bdq_aqua_ref,False
2313302,Tauá,CE,2011,12,13.0,364.90000000000003,28.06923076923077,58.1,,,False,inpe_bdq_aqua_ref,False
2313302,Tauá,CE,2012,1,0.0,0.0,,,,,True,inpe_bdq_aqua_ref,False
2313302,Tauá,CE,2012,2,2.0,23.6,11.8,15.7,,,False,inpe_bdq_aqua_ref,False
2313302,Tauá,CE,2012,3,0.0,0.0,,,,,True,inpe_bdq_aqua_ref,False
2313302,Tauá,CE,2012,4,0.0,0.0,,,,,True,inpe_bdq_aqua_ref,False
2313302,Tauá,CE,2012,5,0.0,0.0,,,,,True,inpe_bdq_aqua_ref,False
2313302,Tauá,CE,2012,6,0.0,0.0,,,,,True,inpe_bdq_aqua_ref,False
2313302,Tauá,CE,2012,7,2.0,83.1,41.55,44.0,,,False,inpe_bdq_aqua_ref,False
2313302,Tauá,CE,2012,8,1.0,37.9,37.9,37.9,,,False,inpe_bdq_aqua_ref,False
2313302,Tauá,CE,2012,9,9.0,205.89999999999998,22.877777777777776,41.8,,,False,inpe_bdq_aqua_ref,False
2313302,Tauá,CE,2012,10,15.0,676.9,45.126666666666665,146.6,,,False,inpe_bdq_aqua_ref,False
2313302,Tauá,CE,2012,11,3.0,72.3,24.099999999999998,32.7,,,False,inpe_bdq_aqua_ref,False
2313302,Tauá,CE,2012,12,5.0,274.7,54.94,95.2,,,False,inpe_bdq_aqua_ref,False
2313302,Tauá,CE,2013,1,0.0,0.0,,,,,True,inpe_bdq_aqua_ref,False
2313302,Tauá,CE,2013,2,1.0,49.2,49.2,49.2,,,False,inpe_bdq_aqua_ref,False
2313302,Tauá,CE,2013,3,0.0,0.0,,,,,True,inpe_bdq_aqua_ref,False
2313302,Tauá,CE,2013,4,0.0,0.0,,,,,True,inpe_bdq_aqua_ref,False
2313302,Tauá,CE,2013,5,0.0,0.0,,,,,True,inpe_bdq_aqua_ref,False
2313302,Tauá,CE,2013,6,0.0,0.0,,,,,True,inpe_bdq_aqua_ref,False
2313302,Tauá,CE,2013,7,0.0,0.0,,,,,True,inpe_bdq_aqua_ref,False
2313302,Tauá,CE,2013,8,0.0,0.0,,,,,True,inpe_bdq_aqua_ref,False
2313302,Tauá,CE,2013,9,1.0,49.0,49.0,49.0,,,False,inpe_bdq_aqua_ref,False
2313302,Tauá,CE,2013,10,2.0,43.099999999999994,21.549999999999997,30.4,,,False,inpe_bdq_aqua_ref,False
2313302,Tauá,CE,2013,11,6.0,259.6,43.26666666666667,83.3,,,False,inpe_bdq_aqua_ref,False
2313302,Tauá,CE,2013,12,2.0,80.3,40.15,49.5,,,False,inpe_bdq_aqua_ref,False
2313302,Tauá,CE,2014,1,0.0,0.0,,,,,True,inpe_bdq_aqua_ref,False
2313302,Tauá,CE,2014,2,0.0,0.0,,,,,True,inpe_bdq_aqua_ref,False
2313302,Tauá,CE,2014,3,0.0,0.0,,,,,True,inpe_bdq_aqua_ref,False
2313302,Tauá,CE,2014,4,0.0,0.0,,,,,True,inpe_bdq_aqua_ref,False
2313302,Tauá,CE,2014,5,0.0,0.0,,,,,True,inpe_bdq_aqua_ref,False
2313302,Tauá,CE,2014,6,0.0,0.0,,,,,True,inpe_bdq_aqua_ref,False
2313302,Tauá,CE,2014,7,1.0,13.0,13.0,13.0,1.0,4.0,False,inpe_bdq_aqua_ref,False
2313302,Tauá,CE,2014,8,2.0,63.9,31.95,33.5,1.0,15.0,False,inpe_bdq_aqua_ref,False
2313302,Tauá,CE,2014,9,0.0,0.0,,,,,True,inpe_bdq_aqua_ref,False
2313302,Tauá,CE,2014,10,1.0,14.0,14.0,14.0,0.8,6.0,False,inpe_bdq_aqua_ref,False
2313302,Tauá,CE,2014,11,3.0,49.7,16.566666666666666,22.0,1.0,4.0,False,inpe_bdq_aqua_ref,False
2313302,Tauá,CE,2014,12,4.0,75.2,18.8,31.1,1.0,12.25,False,inpe_bdq_aqua_ref,False
2313302,Tauá,CE,2015,1,0.0,0.0,,,,,True,inpe_bdq_aqua_ref,False
2313302,Tauá,CE,2015,2,1.0,11.7,11.7,11.7,1.0,6.0,False,inpe_bdq_aqua_ref,False
2313302,Tauá,CE,2015,3,0.0,0.0,,,,,True,inpe_bdq_aqua_ref,False
2313302,Tauá,CE,2015,4,0.0,0.0,,,,,True,inpe_bdq_aqua_ref,False
2313302,Tauá,CE,2015,5,0.0,0.0,,,,,True,inpe_bdq_aqua_ref,False
2313302,Tauá,CE,2015,6,0.0,0.0,,,,,True,inpe_bdq_aqua_ref,False
2313302,Tauá,CE,2015,7,0.0,0.0,,,,,True,inpe_bdq_aqua_ref,False
2313302,Tauá,CE,2015,8,0.0,0.0,,,,,True,inpe_bdq_aqua_ref,False
2313302,Tauá,CE,2015,9,0.0,0.0,,,,,True,inpe_bdq_aqua_ref,False
2313302,Tauá,CE,2015,10,2.0,21.299999999999997,10.649999999999999,11.2,1.0,67.5,False,inpe_bdq_aqua_ref,False
2313302,Tauá,CE,2015,11,5.0,96.1,19.22,27.4,1.0,69.8,False,inpe_bdq_aqua_ref,False
2313302,Tauá,CE,2015,12,0.0,0.0,,,,,True,inpe_bdq_aqua_ref,False
2313302,Tauá,CE,2016,1,0.0,0.0,,,,,True,inpe_bdq_aqua_ref,False
2313302,Tauá,CE,2016,2,0.0,0.0,,,,,True,inpe_bdq_aqua_ref,False
2313302,Tauá,CE,2016,3,0.0,0.0,,,,,True,inpe_bdq_aqua_ref,False
2313302,Tauá,CE,2016,4,1.0,7.9,7.9,7.9,0.5,0.0,False,inpe_bdq_aqua_ref,False
2313302,Tauá,CE,2016,5,0.0,0.0,,,,,True,inpe_bdq_aqua_ref,False
2313302,Tauá,CE,2016,6,0.0,0.0,,,,,True,inpe_bdq_aqua_ref,False
2313302,Tauá,CE,2016,7,0.0,0.0,,,,,True,inpe_bdq_aqua_ref,False
2313302,Tauá,CE,2016,8,0.0,0.0,,,,,True,inpe_bdq_aqua_ref,False
2313302,Tauá,CE,2016,9,1.0,66.4,66.4,66.4,1.0,95.0,False,inpe_bdq_aqua_ref,False
2313302,Tauá,CE,2016,10,6.0,535.1,89.18333333333334,145.9,1.0,115.16666666666667,False,inpe_bdq_aqua_ref,False
2313302,Tauá,CE,2016,11,4.0,181.4,45.35,60.6,1.0,61.25,False,inpe_bdq_aqua_ref,False
2313302,Tauá,CE,2016,12,1.0,30.5,30.5,30.5,1.0,20.0,False,inpe_bdq_aqua_ref,False
2313302,Tauá,CE,2017,1,2.0,49.8,24.9,31.3,1.0,0.0,False,inpe_bdq_aqua_ref,False
2313302,Tauá,CE,2017,2,0.0,0.0,,,,,True,inpe_bdq_aqua_ref,False
2313302,Tauá,CE,2017,3,0.0,0.0,,,,,True,inpe_bdq_aqua_ref,False
2313302,Tauá,CE,2017,4,0.0,0.0,,,,,True,inpe_bdq_aqua_ref,False
2313302,Tauá,CE,2017,5,0.0,0.0,,,,,True,inpe_bdq_aqua_ref,False
2313302,Tauá,CE,2017,6,0.0,0.0,,,,,True,inpe_bdq_aqua_ref,False
2313302,Tauá,CE,2017,7,0.0,0.0,,,,,True,inpe_bdq_aqua_ref,False
2313302,Tauá,CE,2017,8,0.0,0.0,,,,,True,inpe_bdq_aqua_ref,False
2313302,Tauá,CE,2017,9,0.0,0.0,,,,,True,inpe_bdq_aqua_ref,False
2313302,Tauá,CE,2017,10,4.0,114.69999999999999,28.674999999999997,35.8,1.0,0.0,False,inpe_bdq_aqua_ref,False
2313302,Tauá,CE,2017,11,6.0,119.4,19.900000000000002,25.6,1.0,0.0,False,inpe_bdq_aqua_ref,False
2313302,Tauá,CE,2017,12,2.0,39.8,19.9,23.8,1.0,0.0,False,inpe_bdq_aqua_ref,False
2313302,Tauá,CE,2018,1,1.0,15.4,15.4,15.4,1.0,0.0,False,inpe_bdq_aqua_ref,False
2313302,Tauá,CE,2018,2,0.0,0.0,,,,,True,inpe_bdq_aqua_ref,False
2313302,Tauá,CE,2018,3,0.0,0.0,,,,,True,inpe_bdq_aqua_ref,False
2313302,Tauá,CE,2018,4,0.0,0.0,,,,,True,inpe_bdq_aqua_ref,False
2313302,Tauá,CE,2018,5,0.0,0.0,,,,,True,inpe_bdq_aqua_ref,False
2313302,Tauá,CE,2018,6,0.0,0.0,,,,,True,inpe_bdq_aqua_ref,False
2313302,Tauá,CE,2018,7,0.0,0.0,,,,,True,inpe_bdq_aqua_ref,False
2313302,Tauá,CE,2018,8,0.0,0.0,,,,,True,inpe_bdq_aqua_ref,False
2313302,Tauá,CE,2018,9,2.0,48.400000000000006,24.200000000000003,37.1,1.0,69.0,False,inpe_bdq_aqua_ref,False
2313302,Tauá,CE,2018,10,2.0,93.9,46.95,51.4,1.0,58.5,False,inpe_bdq_aqua_ref,False
2313302,Tauá,CE,2018,11,3.0,81.8,27.266666666666666,33.4,1.0,17.666666666666668,False,inpe_bdq_aqua_ref,False
2313302,Tauá,CE,2018,12,2.0,54.1,27.05,30.5,0.65,4.5,False,inpe_bdq_aqua_ref,False
2313302,Tauá,CE,2019,1,1.0,56.9,56.9,56.9,0.9,8.0,False,inpe_bdq_aqua_ref,False
2313302,Tauá,CE,2019,2,0.0,0.0,,,,,True,inpe_bdq_aqua_ref,False
2313302,Tauá,CE,2019,3,0.0,0.0,,,,,True,inpe_bdq_aqua_ref,False
2313302,Tauá,CE,2019,4,0.0,0.0,,,,,True,inpe_bdq_aqua_ref,False
2313302,Tauá,CE,2019,5,0.0,0.0,,,,,True,inpe_bdq_aqua_ref,False
2313302,Tauá,CE,2019,6,2.0,38.900000000000006,19.450000000000003,20.3,1.0,24.0,False,inpe_bdq_aqua_ref,False
2313302,Tauá,CE,2019,7,0.0,0.0,,,,,True,inpe_bdq_aqua_ref,False
2313302,Tauá,CE,2019,8,2.0,81.4,40.7,67.2,1.0,39.5,False,inpe_bdq_aqua_ref,False
2313302,Tauá,CE,2019,9,0.0,0.0,,,,,True,inpe_bdq_aqua_ref,False
2313302,Tauá,CE,2019,10,8.0,609.2,76.15,223.5,1.0,32.125,False,inpe_bdq_aqua_ref,False
2313302,Tauá,CE,2019,11,4.0,156.1,39.025,53.3,-249.0,8.0,False,inpe_bdq_aqua_ref,False
2313302,Tauá,CE,2019,12,5.0,210.8,42.160000000000004,81.1,1.0,11.4,False,inpe_bdq_aqua_ref,False
2313302,Tauá,CE,2020,1,0.0,0.0,,,,,True,inpe_bdq_aqua_ref,False
2313302,Tauá,CE,2020,2,0.0,0.0,,,,,True,inpe_bdq_aqua_ref,False
2313302,Tauá,CE,2020,3,0.0,0.0,,,,,True,inpe_bdq_aqua_ref,False
2313302,Tauá,CE,2020,4,0.0,0.0,,,,,True,inpe_bdq_aqua_ref,False
2313302,Tauá,CE,2020,5,0.0,0.0,,,,,True,inpe_bdq_aqua_ref,False
2313302,Tauá,CE,2020,6,0.0,0.0,,,,,True,inpe_bdq_aqua_ref,False
2313302,Tauá,CE,2020,7,0.0,0.0,,,,,True,inpe_bdq_aqua_ref,False
2313302,Tauá,CE,2020,8,3.0,23.1,23.1,23.1,1.0,73.66666666666667,False,inpe_bdq_aqua_ref,False
2313302,Tauá,CE,2020,9,3.0,50.7,16.900000000000002,21.7,1.0,98.66666666666667,False,inpe_bdq_aqua_ref,False
2313302,Tauá,CE,2020,10,3.0,81.9,27.3,49.6,1.0,46.0,False,inpe_bdq_aqua_ref,False
2313302,Tauá,CE,2020,11,4.0,127.0,31.75,64.6,1.0,5.0,False,inpe_bdq_aqua_ref,False
2313302,Tauá,CE,2020,12,4.0,129.1,32.275,58.1,1.0,4.5,False,inpe_bdq_aqua_ref,False
2313302,Tauá,CE,2021,1,0.0,0.0,,,,,True,inpe_bdq_aqua_ref,False
2313302,Tauá,CE,2021,2,1.0,41.6,41.6,41.6,1.0,3.0,False,inpe_bdq_aqua_ref,False
2313302,Tauá,CE,2021,3,0.0,0.0,,,,,True,inpe_bdq_aqua_ref,False
2313302,Tauá,CE,2021,4,0.0,0.0,,,,,True,inpe_bdq_aqua_ref,False
2313302,Tauá,CE,2021,5,2.0,28.700000000000003,14.350000000000001,16.3,1.0,12.0,False,inpe_bdq_aqua_ref,False
2313302,Tauá,CE,2021,6,0.0,0.0,,,,,True,inpe_bdq_aqua_ref,False
2313302,Tauá,CE,2021,7,0.0,0.0,,,,,True,inpe_bdq_aqua_ref,False
2313302,Tauá,CE,2021,8,1.0,26.2,26.2,26.2,1.0,37.0,False,inpe_bdq_aqua_ref,False
2313302,Tauá,CE,2021,9,0.0,0.0,,,,,True,inpe_bdq_aqua_ref,False
2313302,Tauá,CE,2021,10,10.0,643.5,64.35,123.2,1.0,8.5,False,inpe_bdq_aqua_ref,False
2313302,Tauá,CE,2021,11,4.0,178.8,44.7,89.2,1.0,13.0,False,inpe_bdq_aqua_ref,False
2313302,Tauá,CE,2021,12,5.0,234.10000000000002,46.82000000000001,120.4,1.0,4.6,False,inpe_bdq_aqua_ref,False
2313302,Tauá,CE,2022,1,2.0,53.0,26.5,44.7,0.35,1.0,False,inpe_bdq_aqua_ref,False
2313302,Tauá,CE,2022,2,0.0,0.0,,,,,True,inpe_bdq_aqua_ref,False
2313302,Tauá,CE,2022,3,0.0,0.0,,,,,True,inpe_bdq_aqua_ref,False
2313302,Tauá,CE,2022,4,0.0,0.0,,,,,True,inpe_bdq_aqua_ref,False
2313302,Tauá,CE,2022,5,0.0,0.0,,,,,True,inpe_bdq_aqua_ref,False
2313302,Tauá,CE,2022,6,0.0,0.0,,,,,True,inpe_bdq_aqua_ref,False
2313302,Tauá,CE,2022,7,0.0,0.0,,,,,True,inpe_bdq_aqua_ref,False
2313302,Tauá,CE,2022,8,1.0,18.6,18.6,18.6,1.0,27.0,False,inpe_bdq_aqua_ref,False
2313302,Tauá,CE,2022,9,1.0,8.8,8.8,8.8,1.0,24.0,False,inpe_bdq_aqua_ref,False
2313302,Tauá,CE,2022,10,10.0,361.7,36.17,54.3,1.0,10.2,False,inpe_bdq_aqua_ref,False
2313302,Tauá,CE,2022,11,7.0,134.5,19.214285714285715,65.0,0.9614285714285715,4.714285714285714,False,inpe_bdq_aqua_ref,False
2313302,Tauá,CE,2022,12,19.0,500.1,26.321052631578947,81.2,0.81,12.31578947368421,False,inpe_bdq_aqua_ref,False
2313302,Tauá,CE,2023,1,0.0,0.0,,,,,True,inpe_bdq_aqua_ref,False
2313302,Tauá,CE,2023,2,1.0,8.7,8.7,8.7,0.05,2.0,False,inpe_bdq_aqua_ref,False
2313302,Tauá,CE,2023,3,1.0,8.3,8.3,8.3,0.1,5.0,False,inpe_bdq_aqua_ref,False
2313302,Tauá,CE,2023,4,0.0,0.0,,,,,True,inpe_bdq_aqua_ref,False
2313302,Tauá,CE,2023,5,0.0,0.0,,,,,True,inpe_bdq_aqua_ref,False
2313302,Tauá,CE,2023,6,0.0,0.0,,,,,True,inpe_bdq_aqua_ref,False
2313302,Tauá,CE,2023,7,2.0,27.0,13.5,16.3,1.0,54.5,False,inpe_bdq_aqua_ref,False
2313302,Tauá,CE,2023,8,0.0,0.0,,,,,True,inpe_bdq_aqua_ref,False
2313302,Tauá,CE,2023,9,6.0,255.1,42.516666666666666,97.0,1.0,113.0,False,inpe_bdq_aqua_ref,False
2313302,Tauá,CE,2023,10,41.0,1861.3,45.39756097560976,208.8,1.0,64.48780487804878,False,inpe_bdq_aqua_ref,False
2313302,Tauá,CE,2023,11,28.0,1541.9,55.06785714285714,328.8,1.0,9.821428571428571,False,inpe_bdq_aqua_ref,False
2313302,Tauá,CE,2023,12,20.0,1098.2,54.910000000000004,211.4,0.8335000000000001,8.55,False,inpe_bdq_aqua_ref,False
2313302,Tauá,CE,2024,1,7.0,123.6,17.657142857142855,29.8,0.7528571428571428,4.571428571428571,False,inpe_bdq_aqua_ref,False
2313302,Tauá,CE,2024,2,0.0,0.0,,,,,True,inpe_bdq_aqua_ref,False
2313302,Tauá,CE,2024,3,0.0,0.0,,,,,True,inpe_bdq_aqua_ref,False
2313302,Tauá,CE,2024,4,0.0,0.0,,,,,True,inpe_bdq_aqua_ref,False
2313302,Tauá,CE,2024,5,0.0,0.0,,,,,True,inpe_bdq_aqua_ref,False
2313302,Tauá,CE,2024,6,1.0,12.7,12.7,12.7,1.0,15.0,False,inpe_bdq_aqua_ref,False
2313302,Tauá,CE,2024,7,0.0,0.0,,,,,True,inpe_bdq_aqua_ref,False
2313302,Tauá,CE,2024,8,5.0,83.9,16.78,27.4,1.0,46.6,False,inpe_bdq_aqua_ref,False
2313302,Tauá,CE,2024,9,6.0,363.7,60.61666666666667,180.7,1.0,73.5,False,inpe_bdq_aqua_ref,False
2313302,Tauá,CE,2024,10,33.0,1567.4,47.4969696969697,227.3,1.0,99.18181818181819,False,inpe_bdq_aqua_ref,False
2313302,Tauá,CE,2024,11,72.0,4556.1,63.27916666666667,428.3,1.0,111.61111111111111,False,inpe_bdq_aqua_ref,False
2313302,Tauá,CE,2024,12,32.0,2161.5,67.546875,264.2,0.995625,7.96875,False,inpe_bdq_aqua_ref,False
2313302,Tauá,CE,2025,1,2.0,62.0,31.0,35.9,1.0,22.0,False,inpe_bdq_aqua_ref,False
2313302,Tauá,CE,2025,2,0.0,0.0,,,,,True,inpe_bdq_aqua_ref,False
2313302,Tauá,CE,2025,3,0.0,0.0,,,,,True,inpe_bdq_aqua_ref,False
2313302,Tauá,CE,2025,4,0.0,0.0,,,,,True,inpe_bdq_aqua_ref,False
2313302,Tauá,CE,2025,5,0.0,0.0,,,,,True,inpe_bdq_aqua_ref,False
2313302,Tauá,CE,2025,6,0.0,0.0,,,,,True,inpe_bdq_aqua_ref,False
2313302,Tauá,CE,2025,7,0.0,0.0,,,,,True,inpe_bdq_aqua_ref,False
2313302,Tauá,CE,2025,8,2.0,124.2,62.1,70.4,1.0,42.0,False,inpe_bdq_aqua_ref,False
2313302,Tauá,CE,2025,9,4.0,110.6,27.65,50.5,1.0,53.75,False,inpe_bdq_aqua_ref,False
2313401,Tianguá,CE,2003,1,1.0,16.3,16.3,16.3,,,False,inpe_bdq_aqua_ref,False
2313401,Tianguá,CE,2003,2,0.0,0.0,,,,,True,inpe_bdq_aqua_ref,False
2313401,Tianguá,CE,2003,3,0.0,0.0,,,,,True,inpe_bdq_aqua_ref,False
2313401,Tianguá,CE,2003,4,0.0,0.0,,,,,True,inpe_bdq_aqua_ref,False
2313401,Tianguá,CE,2003,5,0.0,0.0,,,,,True,inpe_bdq_aqua_ref,False
2313401,Tianguá,CE,2003,6,0.0,0.0,,,,,True,inpe_bdq_aqua_ref,False
2313401,Tianguá,CE,2003,7,2.0,29.7,14.85,18.0,,,False,inpe_bdq_aqua_ref,False
2313401,Tianguá,CE,2003,8,1.0,11.9,11.9,11.9,,,False,inpe_bdq_aqua_ref,False
2313401,Tianguá,CE,2003,9,4.0,256.0,64.0,87.8,,,False,inpe_bdq_aqua_ref,False
2313401,Tianguá,CE,2003,10,5.0,351.5,70.3,188.9,,,False,inpe_bdq_aqua_ref,False
2313401,Tianguá,CE,2003,11,43.0,3775.2,87.7953488372093,651.6,,,False,inpe_bdq_aqua_ref,False
2313401,Tianguá,CE,2003,12,17.0,858.5,50.5,111.8,,,False,inpe_bdq_aqua_ref,False
2313401,Tianguá,CE,2004,1,1.0,12.0,12.0,12.0,,,False,inpe_bdq_aqua_ref,False
2313401,Tianguá,CE,2004,2,0.0,0.0,,,,,True,inpe_bdq_aqua_ref,False
2313401,Tianguá,CE,2004,3,0.0,0.0,,,,,True,inpe_bdq_aqua_ref,False
2313401,Tianguá,CE,2004,4,0.0,0.0,,,,,True,inpe_bdq_aqua_ref,False
2313401,Tianguá,CE,2004,5,0.0,0.0,,,,,True,inpe_bdq_aqua_ref,False
2313401,Tianguá,CE,2004,6,0.0,0.0,,,,,True,inpe_bdq_aqua_ref,False
2313401,Tianguá,CE,2004,7,1.0,17.1,17.1,17.1,,,False,inpe_bdq_aqua_ref,False
2313401,Tianguá,CE,2004,8,4.0,62.5,15.625,28.9,,,False,inpe_bdq_aqua_ref,False
2313401,Tianguá,CE,2004,9,0.0,0.0,,,,,True,inpe_bdq_aqua_ref,False
2313401,Tianguá,CE,2004,10,4.0,158.2,39.55,74.1,,,False,inpe_bdq_aqua_ref,False
2313401,Tianguá,CE,2004,11,20.0,1185.8,59.29,232.9,,,False,inpe_bdq_aqua_ref,False
2313401,Tianguá,CE,2004,12,25.0,977.3,39.092,142.1,,,False,inpe_bdq_aqua_ref,False
2313401,Tianguá,CE,2005,1,1.0,13.9,13.9,13.9,,,False,inpe_bdq_aqua_ref,False
2313401,Tianguá,CE,2005,2,0.0,0.0,,,,,True,inpe_bdq_aqua_ref,False
2313401,Tianguá,CE,2005,3,0.0,0.0,,,,,True,inpe_bdq_aqua_ref,False
2313401,Tianguá,CE,2005,4,0.0,0.0,,,,,True,inpe_bdq_aqua_ref,False
2313401,Tianguá,CE,2005,5,0.0,0.0,,,,,True,inpe_bdq_aqua_ref,False
2313401,Tianguá,CE,2005,6,1.0,24.6,24.6,24.6,,,False,inpe_bdq_aqua_ref,False
2313401,Tianguá,CE,2005,7,0.0,0.0,,,,,True,inpe_bdq_aqua_ref,False
2313401,Tianguá,CE,2005,8,2.0,48.4,24.2,36.5,,,False,inpe_bdq_aqua_ref,False
2313401,Tianguá,CE,2005,9,2.0,28.6,14.3,16.3,,,False,inpe_bdq_aqua_ref,False
2313401,Tianguá,CE,2005,10,5.0,223.4,44.68,86.7,,,False,inpe_bdq_aqua_ref,False
2313401,Tianguá,CE,2005,11,32.0,2565.8,80.18125,269.3,,,False,inpe_bdq_aqua_ref,False
2313401,Tianguá,CE,2005,12,20.0,1364.2,68.21000000000001,323.5,,,False,inpe_bdq_aqua_ref,False
2313401,Tianguá,CE,2006,1,5.0,125.1,25.02,46.3,,,False,inpe_bdq_aqua_ref,False
2313401,Tianguá,CE,2006,2,0.0,0.0,,,,,True,inpe_bdq_aqua_ref,False
2313401,Tianguá,CE,2006,3,0.0,0.0,,,,,True,inpe_bdq_aqua_ref,False
2313401,Tianguá,CE,2006,4,0.0,0.0,,,,,True,inpe_bdq_aqua_ref,False
2313401,Tianguá,CE,2006,5,0.0,0.0,,,,,True,inpe_bdq_aqua_ref,False
2313401,Tianguá,CE,2006,6,0.0,0.0,,,,,True,inpe_bdq_aqua_ref,False
2313401,Tianguá,CE,2006,7,0.0,0.0,,,,,True,inpe_bdq_aqua_ref,False
2313401,Tianguá,CE,2006,8,0.0,0.0,,,,,True,inpe_bdq_aqua_ref,False
2313401,Tianguá,CE,2006,9,2.0,50.1,25.05,31.1,,,False,inpe_bdq_aqua_ref,False
2313401,Tianguá,CE,2006,10,4.0,113.3,28.325,48.6,,,False,inpe_bdq_aqua_ref,False
2313401,Tianguá,CE,2006,11,5.0,313.5,62.7,121.0,,,False,inpe_bdq_aqua_ref,False
2313401,Tianguá,CE,2006,12,10.0,408.6,40.86,60.7,,,False,inpe_bdq_aqua_ref,False
2313401,Tianguá,CE,2007,1,1.0,46.1,46.1,46.1,,,False,inpe_bdq_aqua_ref,False
2313401,Tianguá,CE,2007,2,2.0,77.4,38.7,41.2,,,False,inpe_bdq_aqua_ref,False
2313401,Tianguá,CE,2007,3,0.0,0.0,,,,,True,inpe_bdq_aqua_ref,False
2313401,Tianguá,CE,2007,4,0.0,0.0,,,,,True,inpe_bdq_aqua_ref,False
2313401,Tianguá,CE,2007,5,0.0,0.0,,,,,True,inpe_bdq_aqua_ref,False
2313401,Tianguá,CE,2007,6,0.0,0.0,,,,,True,inpe_bdq_aqua_ref,False
2313401,Tianguá,CE,2007,7,1.0,10.4,10.4,10.4,,,False,inpe_bdq_aqua_ref,False
2313401,Tianguá,CE,2007,8,0.0,0.0,,,,,True,inpe_bdq_aqua_ref,False
2313401,Tianguá,CE,2007,9,3.0,156.5,52.166666666666664,78.8,,,False,inpe_bdq_aqua_ref,False
2313401,Tianguá,CE,2007,10,2.0,51.8,25.9,40.6,,,False,inpe_bdq_aqua_ref,False
2313401,Tianguá,CE,2007,11,16.0,718.7,44.91875,110.4,,,False,inpe_bdq_aqua_ref,False
2313401,Tianguá,CE,2007,12,32.0,1634.6,51.08125,195.2,,,False,inpe_bdq_aqua_ref,False
2313401,Tianguá,CE,2008,1,0.0,0.0,,,,,True,inpe_bdq_aqua_ref,False
2313401,Tianguá,CE,2008,2,0.0,0.0,,,,,True,inpe_bdq_aqua_ref,False
2313401,Tianguá,CE,2008,3,0.0,0.0,,,,,True,inpe_bdq_aqua_ref,False
2313401,Tianguá,CE,2008,4,0.0,0.0,,,,,True,inpe_bdq_aqua_ref,False
2313401,Tianguá,CE,2008,5,0.0,0.0,,,,,True,inpe_bdq_aqua_ref,False
2313401,Tianguá,CE,2008,6,0.0,0.0,,,,,True,inpe_bdq_aqua_ref,False
2313401,Tianguá,CE,2008,7,0.0,0.0,,,,,True,inpe_bdq_aqua_ref,False
2313401,Tianguá,CE,2008,8,0.0,0.0,,,,,True,inpe_bdq_aqua_ref,False
2313401,Tianguá,CE,2008,9,1.0,15.6,15.6,15.6,,,False,inpe_bdq_aqua_ref,False
2313401,Tianguá,CE,2008,10,1.0,15.5,15.5,15.5,,,False,inpe_bdq_aqua_ref,False
2313401,Tianguá,CE,2008,11,6.0,520.4,86.73333333333333,172.4,,,False,inpe_bdq_aqua_ref,False
2313401,Tianguá,CE,2008,12,32.0,1412.8,44.15,180.7,,,False,inpe_bdq_aqua_ref,False
2313401,Tianguá,CE,2009,1,0.0,0.0,,,,,True,inpe_bdq_aqua_ref,False
2313401,Tianguá,CE,2009,2,1.0,7.9,7.9,7.9,,,False,inpe_bdq_aqua_ref,False
2313401,Tianguá,CE,2009,3,0.0,0.0,,,,,True,inpe_bdq_aqua_ref,False
2313401,Tianguá,CE,2009,4,0.0,0.0,,,,,True,inpe_bdq_aqua_ref,False
2313401,Tianguá,CE,2009,5,0.0,0.0,,,,,True,inpe_bdq_aqua_ref,False
2313401,Tianguá,CE,2009,6,0.0,0.0,,,,,True,inpe_bdq_aqua_ref,False
2313401,Tianguá,CE,2009,7,0.0,0.0,,,,,True,inpe_bdq_aqua_ref,False
2313401,Tianguá,CE,2009,8,0.0,0.0,,,,,True,inpe_bdq_aqua_ref,False
2313401,Tianguá,CE,2009,9,0.0,0.0,,,,,True,inpe_bdq_aqua_ref,False
2313401,Tianguá,CE,2009,10,1.0,32.3,32.3,32.3,,,False,inpe_bdq_aqua_ref,False
2313401,Tianguá,CE,2009,11,10.0,733.1,73.31,239.8,,,False,inpe_bdq_aqua_ref,False
2313401,Tianguá,CE,2009,12,15.0,371.3,24.753333333333334,52.1,,,False,inpe_bdq_aqua_ref,False
2313401,Tianguá,CE,2010,1,0.0,0.0,,,,,True,inpe_bdq_aqua_ref,False
2313401,Tianguá,CE,2010,2,0.0,0.0,,,,,True,inpe_bdq_aqua_ref,False
2313401,Tianguá,CE,2010,3,0.0,0.0,,,,,True,inpe_bdq_aqua_ref,False
2313401,Tianguá,CE,2010,4,0.0,0.0,,,,,True,inpe_bdq_aqua_ref,False
2313401,Tianguá,CE,2010,5,0.0,0.0,,,,,True,inpe_bdq_aqua_ref,False
2313401,Tianguá,CE,2010,6,0.0,0.0,,,,,True,inpe_bdq_aqua_ref,False
2313401,Tianguá,CE,2010,7,1.0,18.9,18.9,18.9,,,False,inpe_bdq_aqua_ref,False
2313401,Tianguá,CE,2010,8,1.0,17.5,17.5,17.5,,,False,inpe_bdq_aqua_ref,False
2313401,Tianguá,CE,2010,9,3.0,49.2,16.400000000000002,21.4,,,False,inpe_bdq_aqua_ref,False
2313401,Tianguá,CE,2010,10,5.0,182.6,36.519999999999996,89.4,,,False,inpe_bdq_aqua_ref,False
2313401,Tianguá,CE,2010,11,15.0,509.8,33.986666666666665,105.4,,,False,inpe_bdq_aqua_ref,False
2313401,Tianguá,CE,2010,12,4.0,261.4,65.35,111.8,,,False,inpe_bdq_aqua_ref,False
2313401,Tianguá,CE,2011,1,0.0,0.0,,,,,True,inpe_bdq_aqua_ref,False
2313401,Tianguá,CE,2011,2,0.0,0.0,,,,,True,inpe_bdq_aqua_ref,False
2313401,Tianguá,CE,2011,3,0.0,0.0,,,,,True,inpe_bdq_aqua_ref,False
2313401,Tianguá,CE,2011,4,0.0,0.0,,,,,True,inpe_bdq_aqua_ref,False
2313401,Tianguá,CE,2011,5,0.0,0.0,,,,,True,inpe_bdq_aqua_ref,False
2313401,Tianguá,CE,2011,6,0.0,0.0,,,,,True,inpe_bdq_aqua_ref,False
2313401,Tianguá,CE,2011,7,0.0,0.0,,,,,True,inpe_bdq_aqua_ref,False
2313401,Tianguá,CE,2011,8,0.0,0.0,,,,,True,inpe_bdq_aqua_ref,False
2313401,Tianguá,CE,2011,9,0.0,0.0,,,,,True,inpe_bdq_aqua_ref,False
2313401,Tianguá,CE,2011,10,2.0,44.6,22.3,31.5,,,False,inpe_bdq_aqua_ref,False
2313401,Tianguá,CE,2011,11,12.0,294.9,24.575,36.7,,,False,inpe_bdq_aqua_ref,False
2313401,Tianguá,CE,2011,12,14.0,536.7,38.33571428571429,117.3,,,False,inpe_bdq_aqua_ref,False
2313401,Tianguá,CE,2012,1,3.0,135.4,45.13333333333333,70.3,,,False,inpe_bdq_aqua_ref,False
2313401,Tianguá,CE,2012,2,1.0,25.5,25.5,25.5,,,False,inpe_bdq_aqua_ref,False
2313401,Tianguá,CE,2012,3,0.0,0.0,,,,,True,inpe_bdq_aqua_ref,False
2313401,Tianguá,CE,2012,4,0.0,0.0,,,,,True,inpe_bdq_aqua_ref,False
2313401,Tianguá,CE,2012,5,0.0,0.0,,,,,True,inpe_bdq_aqua_ref,False
2313401,Tianguá,CE,2012,6,1.0,51.1,51.1,51.1,,,False,inpe_bdq_aqua_ref,False
2313401,Tianguá,CE,2012,7,2.0,54.8,27.4,32.6,,,False,inpe_bdq_aqua_ref,False
2313401,Tianguá,CE,2012,8,3.0,78.7,26.233333333333334,27.9,,,False,inpe_bdq_aqua_ref,False
2313401,Tianguá,CE,2012,9,2.0,26.799999999999997,13.399999999999999,13.6,,,False,inpe_bdq_aqua_ref,False
2313401,Tianguá,CE,2012,10,6.0,201.60000000000002,33.6,78.4,,,False,inpe_bdq_aqua_ref,False
2313401,Tianguá,CE,2012,11,14.0,682.9,48.778571428571425,154.7,,,False,inpe_bdq_aqua_ref,False
2313401,Tianguá,CE,2012,12,11.0,1212.0,110.18181818181819,411.8,,,False,inpe_bdq_aqua_ref,False
2313401,Tianguá,CE,2013,1,0.0,0.0,,,,,True,inpe_bdq_aqua_ref,False
2313401,Tianguá,CE,2013,2,0.0,0.0,,,,,True,inpe_bdq_aqua_ref,False
2313401,Tianguá,CE,2013,3,0.0,0.0,,,,,True,inpe_bdq_aqua_ref,False
2313401,Tianguá,CE,2013,4,0.0,0.0,,,,,True,inpe_bdq_aqua_ref,False
2313401,Tianguá,CE,2013,5,0.0,0.0,,,,,True,inpe_bdq_aqua_ref,False
2313401,Tianguá,CE,2013,6,0.0,0.0,,,,,True,inpe_bdq_aqua_ref,False
2313401,Tianguá,CE,2013,7,0.0,0.0,,,,,True,inpe_bdq_aqua_ref,False
2313401,Tianguá,CE,2013,8,0.0,0.0,,,,,True,inpe_bdq_aqua_ref,False
2313401,Tianguá,CE,2013,9,1.0,32.8,32.8,32.8,,,False,inpe_bdq_aqua_ref,False
2313401,Tianguá,CE,2013,10,0.0,0.0,,,,,True,inpe_bdq_aqua_ref,False
2313401,Tianguá,CE,2013,11,6.0,991.6999999999999,165.28333333333333,546.4,,,False,inpe_bdq_aqua_ref,False
2313401,Tianguá,CE,2013,12,6.0,140.1,23.349999999999998,35.9,,,False,inpe_bdq_aqua_ref,False
2313401,Tianguá,CE,2014,1,0.0,0.0,,,,,True,inpe_bdq_aqua_ref,False
2313401,Tianguá,CE,2014,2,0.0,0.0,,,,,True,inpe_bdq_aqua_ref,False
2313401,Tianguá,CE,2014,3,0.0,0.0,,,,,True,inpe_bdq_aqua_ref,False
2313401,Tianguá,CE,2014,4,0.0,0.0,,,,,True,inpe_bdq_aqua_ref,False
2313401,Tianguá,CE,2014,5,0.0,0.0,,,,,True,inpe_bdq_aqua_ref,False
2313401,Tianguá,CE,2014,6,0.0,0.0,,,,,True,inpe_bdq_aqua_ref,False
2313401,Tianguá,CE,2014,7,0.0,0.0,,,,,True,inpe_bdq_aqua_ref,False
2313401,Tianguá,CE,2014,8,0.0,0.0,,,,,True,inpe_bdq_aqua_ref,False
2313401,Tianguá,CE,2014,9,2.0,75.7,37.85,45.9,1.0,42.5,False,inpe_bdq_aqua_ref,False
2313401,Tianguá,CE,2014,10,0.0,0.0,,,,,True,inpe_bdq_aqua_ref,False
2313401,Tianguá,CE,2014,11,4.0,260.9,65.225,178.7,0.9,7.0,False,inpe_bdq_aqua_ref,False
2313401,Tianguá,CE,2014,12,1.0,12.2,12.2,12.2,1.0,17.0,False,inpe_bdq_aqua_ref,False
2313401,Tianguá,CE,2015,1,0.0,0.0,,,,,True,inpe_bdq_aqua_ref,False
2313401,Tianguá,CE,2015,2,0.0,0.0,,,,,True,inpe_bdq_aqua_ref,False
2313401,Tianguá,CE,2015,3,0.0,0.0,,,,,True,inpe_bdq_aqua_ref,False
2313401,Tianguá,CE,2015,4,0.0,0.0,,,,,True,inpe_bdq_aqua_ref,False
2313401,Tianguá,CE,2015,5,0.0,0.0,,,,,True,inpe_bdq_aqua_ref,False
2313401,Tianguá,CE,2015,6,0.0,0.0,,,,,True,inpe_bdq_aqua_ref,False
2313401,Tianguá,CE,2015,7,0.0,0.0,,,,,True,inpe_bdq_aqua_ref,False
2313401,Tianguá,CE,2015,8,0.0,0.0,,,,,True,inpe_bdq_aqua_ref,False
2313401,Tianguá,CE,2015,9,0.0,0.0,,,,,True,inpe_bdq_aqua_ref,False
2313401,Tianguá,CE,2015,10,8.0,273.1,34.1375,54.6,1.0,54.5,False,inpe_bdq_aqua_ref,False
2313401,Tianguá,CE,2015,11,4.0,219.5,54.875,95.4,1.0,85.0,False,inpe_bdq_aqua_ref,False
2313401,Tianguá,CE,2015,12,6.0,217.6,36.266666666666666,77.8,0.9833333333333334,21.666666666666668,False,inpe_bdq_aqua_ref,False
2313401,Tianguá,CE,2016,1,0.0,0.0,,,,,True,inpe_bdq_aqua_ref,False
2313401,Tianguá,CE,2016,2,0.0,0.0,,,,,True,inpe_bdq_aqua_ref,False
2313401,Tianguá,CE,2016,3,0.0,0.0,,,,,True,inpe_bdq_aqua_ref,False
2313401,Tianguá,CE,2016,4,0.0,0.0,,,,,True,inpe_bdq_aqua_ref,False
2313401,Tianguá,CE,2016,5,0.0,0.0,,,,,True,inpe_bdq_aqua_ref,False
2313401,Tianguá,CE,2016,6,0.0,0.0,,,,,True,inpe_bdq_aqua_ref,False
2313401,Tianguá,CE,2016,7,0.0,0.0,,,,,True,inpe_bdq_aqua_ref,False
2313401,Tianguá,CE,2016,8,5.0,128.0,25.6,52.6,1.0,20.4,False,inpe_bdq_aqua_ref,False
2313401,Tianguá,CE,2016,9,0.0,0.0,,,,,True,inpe_bdq_aqua_ref,False
2313401,Tianguá,CE,2016,10,6.0,366.4,61.06666666666666,238.2,1.0,32.0,False,inpe_bdq_aqua_ref,False
2313401,Tianguá,CE,2016,11,6.0,219.7,36.61666666666667,107.8,1.0,58.333333333333336,False,inpe_bdq_aqua_ref,False
2313401,Tianguá,CE,2016,12,8.0,536.5,67.0625,113.4,0.8375,90.5,False,inpe_bdq_aqua_ref,False
2313401,Tianguá,CE,2017,1,1.0,20.6,20.6,20.6,1.0,0.0,False,inpe_bdq_aqua_ref,False
2313401,Tianguá,CE,2017,2,0.0,0.0,,,,,True,inpe_bdq_aqua_ref,False
2313401,Tianguá,CE,2017,3,0.0,0.0,,,,,True,inpe_bdq_aqua_ref,False
2313401,Tianguá,CE,2017,4,0.0,0.0,,,,,True,inpe_bdq_aqua_ref,False
2313401,Tianguá,CE,2017,5,0.0,0.0,,,,,True,inpe_bdq_aqua_ref,False
2313401,Tianguá,CE,2017,6,0.0,0.0,,,,,True,inpe_bdq_aqua_ref,False
2313401,Tianguá,CE,2017,7,0.0,0.0,,,,,True,inpe_bdq_aqua_ref,False
2313401,Tianguá,CE,2017,8,1.0,26.2,26.2,26.2,1.0,0.0,False,inpe_bdq_aqua_ref,False
2313401,Tianguá,CE,2017,9,1.0,179.5,179.5,179.5,1.0,0.0,False,inpe_bdq_aqua_ref,False
2313401,Tianguá,CE,2017,10,1.0,14.6,14.6,14.6,0.4,0.0,False,inpe_bdq_aqua_ref,False
2313401,Tianguá,CE,2017,11,1.0,10.4,10.4,10.4,1.0,0.0,False,inpe_bdq_aqua_ref,False
2313401,Tianguá,CE,2017,12,5.0,161.9,32.38,61.9,0.62,0.0,False,inpe_bdq_aqua_ref,False
2313401,Tianguá,CE,2018,1,0.0,0.0,,,,,True,inpe_bdq_aqua_ref,False
2313401,Tianguá,CE,2018,2,0.0,0.0,,,,,True,inpe_bdq_aqua_ref,False
2313401,Tianguá,CE,2018,3,0.0,0.0,,,,,True,inpe_bdq_aqua_ref,False
2313401,Tianguá,CE,2018,4,0.0,0.0,,,,,True,inpe_bdq_aqua_ref,False
2313401,Tianguá,CE,2018,5,0.0,0.0,,,,,True,inpe_bdq_aqua_ref,False
2313401,Tianguá,CE,2018,6,0.0,0.0,,,,,True,inpe_bdq_aqua_ref,False
2313401,Tianguá,CE,2018,7,0.0,0.0,,,,,True,inpe_bdq_aqua_ref,False
2313401,Tianguá,CE,2018,8,0.0,0.0,,,,,True,inpe_bdq_aqua_ref,False
2313401,Tianguá,CE,2018,9,0.0,0.0,,,,,True,inpe_bdq_aqua_ref,False
2313401,Tianguá,CE,2018,10,1.0,13.4,13.4,13.4,1.0,52.0,False,inpe_bdq_aqua_ref,False
2313401,Tianguá,CE,2018,11,4.0,147.89999999999998,36.974999999999994,64.8,0.975,11.0,False,inpe_bdq_aqua_ref,False
2313401,Tianguá,CE,2018,12,19.0,702.0,36.94736842105263,133.4,0.1631578947368421,1.5263157894736843,False,inpe_bdq_aqua_ref,False
2313401,Tianguá,CE,2019,1,2.0,25.1,12.55,15.1,0.44999999999999996,5.5,False,inpe_bdq_aqua_ref,False
2313401,Tianguá,CE,2019,2,0.0,0.0,,,,,True,inpe_bdq_aqua_ref,False
2313401,Tianguá,CE,2019,3,0.0,0.0,,,,,True,inpe_bdq_aqua_ref,False
2313401,Tianguá,CE,2019,4,0.0,0.0,,,,,True,inpe_bdq_aqua_ref,False
2313401,Tianguá,CE,2019,5,0.0,0.0,,,,,True,inpe_bdq_aqua_ref,False
2313401,Tianguá,CE,2019,6,0.0,0.0,,,,,True,inpe_bdq_aqua_ref,False
2313401,Tianguá,CE,2019,7,0.0,0.0,,,,,True,inpe_bdq_aqua_ref,False
2313401,Tianguá,CE,2019,8,0.0,0.0,,,,,True,inpe_bdq_aqua_ref,False
2313401,Tianguá,CE,2019,9,5.0,314.90000000000003,62.980000000000004,126.9,1.0,73.6,False,inpe_bdq_aqua_ref,False
2313401,Tianguá,CE,2019,10,11.0,1004.5,91.31818181818181,585.6,1.0,54.36363636363637,False,inpe_bdq_aqua_ref,False
2313401,Tianguá,CE,2019,11,2.0,73.1,36.55,41.2,1.0,76.0,False,inpe_bdq_aqua_ref,False
2313401,Tianguá,CE,2019,12,7.0,156.0,22.285714285714285,60.5,0.9714285714285714,6.142857142857143,False,inpe_bdq_aqua_ref,False
2313401,Tianguá,CE,2020,1,0.0,0.0,,,,,True,inpe_bdq_aqua_ref,False
2313401,Tianguá,CE,2020,2,0.0,0.0,,,,,True,inpe_bdq_aqua_ref,False
2313401,Tianguá,CE,2020,3,0.0,0.0,,,,,True,inpe_bdq_aqua_ref,False
2313401,Tianguá,CE,2020,4,0.0,0.0,,,,,True,inpe_bdq_aqua_ref,False
2313401,Tianguá,CE,2020,5,0.0,0.0,,,,,True,inpe_bdq_aqua_ref,False
2313401,Tianguá,CE,2020,6,0.0,0.0,,,,,True,inpe_bdq_aqua_ref,False
2313401,Tianguá,CE,2020,7,0.0,0.0,,,,,True,inpe_bdq_aqua_ref,False
2313401,Tianguá,CE,2020,8,0.0,0.0,,,,,True,inpe_bdq_aqua_ref,False
2313401,Tianguá,CE,2020,9,2.0,72.3,36.15,42.3,1.0,41.0,False,inpe_bdq_aqua_ref,False
2313401,Tianguá,CE,2020,10,12.0,2680.7999999999997,223.39999999999998,1402.8,1.0,73.5,False,inpe_bdq_aqua_ref,False
2313401,Tianguá,CE,2020,11,0.0,0.0,,,,,True,inpe_bdq_aqua_ref,False
2313401,Tianguá,CE,2020,12,2.0,59.400000000000006,29.700000000000003,41.2,0.5,5.5,False,inpe_bdq_aqua_ref,False
2313401,Tianguá,CE,2021,1,0.0,0.0,,,,,True,inpe_bdq_aqua_ref,False
2313401,Tianguá,CE,2021,2,0.0,0.0,,,,,True,inpe_bdq_aqua_ref,False
2313401,Tianguá,CE,2021,3,0.0,0.0,,,,,True,inpe_bdq_aqua_ref,False
2313401,Tianguá,CE,2021,4,0.0,0.0,,,,,True,inpe_bdq_aqua_ref,False
2313401,Tianguá,CE,2021,5,1.0,39.6,39.6,39.6,0.6,10.0,False,inpe_bdq_aqua_ref,False
2313401,Tianguá,CE,2021,6,0.0,0.0,,,,,True,inpe_bdq_aqua_ref,False
2313401,Tianguá,CE,2021,7,3.0,73.6,24.53333333333333,33.5,0.6333333333333333,7.666666666666667,False,inpe_bdq_aqua_ref,False
2313401,Tianguá,CE,2021,8,1.0,12.8,12.8,12.8,1.0,6.0,False,inpe_bdq_aqua_ref,False
2313401,Tianguá,CE,2021,9,2.0,35.3,17.65,21.4,1.0,6.5,False,inpe_bdq_aqua_ref,False
2313401,Tianguá,CE,2021,10,3.0,283.7,94.56666666666666,152.5,1.0,6.333333333333333,False,inpe_bdq_aqua_ref,False
2313401,Tianguá,CE,2021,11,12.0,633.7,52.80833333333334,107.5,0.6166666666666667,4.833333333333333,False,inpe_bdq_aqua_ref,False
2313401,Tianguá,CE,2021,12,7.0,193.1,27.585714285714285,58.7,0.8428571428571429,5.714285714285714,False,inpe_bdq_aqua_ref,False
2313401,Tianguá,CE,2022,1,0.0,0.0,,,,,True,inpe_bdq_aqua_ref,False
2313401,Tianguá,CE,2022,2,0.0,0.0,,,,,True,inpe_bdq_aqua_ref,False
2313401,Tianguá,CE,2022,3,0.0,0.0,,,,,True,inpe_bdq_aqua_ref,False
2313401,Tianguá,CE,2022,4,0.0,0.0,,,,,True,inpe_bdq_aqua_ref,False
2313401,Tianguá,CE,2022,5,0.0,0.0,,,,,True,inpe_bdq_aqua_ref,False
2313401,Tianguá,CE,2022,6,2.0,13.9,6.95,7.2,0.37,6.0,False,inpe_bdq_aqua_ref,False
2313401,Tianguá,CE,2022,7,6.0,112.4,18.733333333333334,34.1,0.7216666666666667,9.5,False,inpe_bdq_aqua_ref,False
2313401,Tianguá,CE,2022,8,0.0,0.0,,,,,True,inpe_bdq_aqua_ref,False
2313401,Tianguá,CE,2022,9,0.0,0.0,,,,,True,inpe_bdq_aqua_ref,False
2313401,Tianguá,CE,2022,10,7.0,292.1,41.728571428571435,101.8,1.0,13.285714285714286,False,inpe_bdq_aqua_ref,False
2313401,Tianguá,CE,2022,11,14.0,428.8,30.62857142857143,61.8,0.6092857142857142,2.357142857142857,False,inpe_bdq_aqua_ref,False
2313401,Tianguá,CE,2022,12,6.0,254.2,42.36666666666667,65.0,0.7466666666666666,7.5,False,inpe_bdq_aqua_ref,False
2313401,Tianguá,CE,2023,1,0.0,0.0,,,,,True,inpe_bdq_aqua_ref,False
2313401,Tianguá,CE,2023,2,0.0,0.0,,,,,True,inpe_bdq_aqua_ref,False
2313401,Tianguá,CE,2023,3,0.0,0.0,,,,,True,inpe_bdq_aqua_ref,False
2313401,Tianguá,CE,2023,4,0.0,0.0,,,,,True,inpe_bdq_aqua_ref,False
2313401,Tianguá,CE,2023,5,0.0,0.0,,,,,True,inpe_bdq_aqua_ref,False
2313401,Tianguá,CE,2023,6,0.0,0.0,,,,,True,inpe_bdq_aqua_ref,False
2313401,Tianguá,CE,2023,7,0.0,0.0,,,,,True,inpe_bdq_aqua_ref,False
2313401,Tianguá,CE,2023,8,2.0,20.6,10.3,11.0,1.0,67.0,False,inpe_bdq_aqua_ref,False
2313401,Tianguá,CE,2023,9,1.0,16.4,16.4,16.4,1.0,91.0,False,inpe_bdq_aqua_ref,False
2313401,Tianguá,CE,2023,10,3.0,241.9,80.63333333333334,147.9,1.0,4.333333333333333,False,inpe_bdq_aqua_ref,False
2313401,Tianguá,CE,2023,11,6.0,258.0,43.0,101.3,1.0,17.333333333333332,False,inpe_bdq_aqua_ref,False
2313401,Tianguá,CE,2023,12,23.0,900.9,39.1695652173913,198.1,0.361304347826087,2.0869565217391304,False,inpe_bdq_aqua_ref,False
2313401,Tianguá,CE,2024,1,4.0,48.7,12.175,14.1,0.0225,2.5,False,inpe_bdq_aqua_ref,False
2313401,Tianguá,CE,2024,2,0.0,0.0,,,,,True,inpe_bdq_aqua_ref,False
2313401,Tianguá,CE,2024,3,0.0,0.0,,,,,True,inpe_bdq_aqua_ref,False
2313401,Tianguá,CE,2024,4,0.0,0.0,,,,,True,inpe_bdq_aqua_ref,False
2313401,Tianguá,CE,2024,5,0.0,0.0,,,,,True,inpe_bdq_aqua_ref,False
2313401,Tianguá,CE,2024,6,0.0,0.0,,,,,True,inpe_bdq_aqua_ref,False
2313401,Tianguá,CE,2024,7,0.0,0.0,,,,,True,inpe_bdq_aqua_ref,False
2313401,Tianguá,CE,2024,8,1.0,14.2,14.2,14.2,1.0,46.0,False,inpe_bdq_aqua_ref,False
2313401,Tianguá,CE,2024,9,13.0,441.59999999999997,33.96923076923077,67.8,-152.84615384615384,63.15384615384615,False,inpe_bdq_aqua_ref,False
2313401,Tianguá,CE,2024,10,4.0,107.3,26.825,50.0,1.0,58.75,False,inpe_bdq_aqua_ref,False
2313401,Tianguá,CE,2024,11,5.0,155.5,31.1,52.5,1.0,27.6,False,inpe_bdq_aqua_ref,False
2313401,Tianguá,CE,2024,12,26.0,1780.5,68.48076923076923,295.4,0.583076923076923,5.961538461538462,False,inpe_bdq_aqua_ref,False
2313401,Tianguá,CE,2025,1,0.0,0.0,,,,,True,inpe_bdq_aqua_ref,False
2313401,Tianguá,CE,2025,2,0.0,0.0,,,,,True,inpe_bdq_aqua_ref,False
2313401,Tianguá,CE,2025,3,0.0,0.0,,,,,True,inpe_bdq_aqua_ref,False
2313401,Tianguá,CE,2025,4,0.0,0.0,,,,,True,inpe_bdq_aqua_ref,False
2313401,Tianguá,CE,2025,5,0.0,0.0,,,,,True,inpe_bdq_aqua_ref,False
2313401,Tianguá,CE,2025,6,0.0,0.0,,,,,True,inpe_bdq_aqua_ref,False
2313401,Tianguá,CE,2025,7,3.0,79.5,26.5,60.4,0.7600000000000001,8.666666666666666,False,inpe_bdq_aqua_ref,False
2313401,Tianguá,CE,2025,8,1.0,12.0,12.0,12.0,0.82,2.0,False,inpe_bdq_aqua_ref,False
2313401,Tianguá,CE,2025,9,10.0,322.4,32.239999999999995,43.0,1.0,42.5,False,inpe_bdq_aqua_ref,False
2313708,Umari,CE,2025,9,6.0,462.90000000000003,77.15,187.8,1.0,34.333333333333336,False,inpe_bdq_aqua_ref,False
2313708,Umari,CE,2025,10,4.0,255.1,63.775,97.2,1.0,67.75,False,inpe_bdq_aqua_ref,False
