geocodigo,municipio_ibge,uf,ano,mes,fire_count,target_source,model,y_pred,cut
2300101,Abaiara,CE,2015,1,0.0,inpe_bdq_legacy,climatology_municipal,0.09090909090909091,2015-01
2300200,Acaraú,CE,2015,1,6.0,inpe_bdq_aqua_ref,climatology_municipal,8.090909090909092,2015-01
2301307,Araripe,CE,2015,1,5.0,inpe_bdq_legacy,climatology_municipal,1.3636363636363635,2015-01
2301604,Assaré,CE,2015,1,1.0,inpe_bdq_legacy,climatology_municipal,2.3636363636363638,2015-01
2301901,Barbalha,CE,2015,1,1.0,inpe_bdq_aqua_ref,climatology_municipal,0.36363636363636365,2015-01
2302503,Brejo Santo,CE,2015,1,0.0,inpe_bdq_legacy,climatology_municipal,0.6363636363636364,2015-01
2302701,Campos Sales,CE,2015,1,0.0,inpe_bdq_aqua_ref,climatology_municipal,0.45454545454545453,2015-01
2304103,Crateús,CE,2015,1,0.0,inpe_bdq_aqua_ref,climatology_municipal,4.454545454545454,2015-01
2304202,Crato,CE,2015,1,2.0,inpe_bdq_legacy,climatology_municipal,1.0909090909090908,2015-01
2304400,Fortaleza,CE,2015,1,0.0,inpe_bdq_aqua_ref,climatology_municipal,0.18181818181818182,2015-01
2305100,Guaramiranga,CE,2015,1,0.0,inpe_bdq_aqua_ref,climatology_municipal,0.0,2015-01
2305506,Iguatu,CE,2015,1,1.0,inpe_bdq_aqua_ref,climatology_municipal,1.1818181818181819,2015-01
2306405,Itapipoca,CE,2015,1,7.0,inpe_bdq_aqua_ref,climatology_municipal,9.636363636363637,2015-01
2306900,Jaguaribe,CE,2015,1,1.0,inpe_bdq_aqua_ref,climatology_municipal,1.1818181818181819,2015-01
2307007,Jaguaruana,CE,2015,1,0.0,inpe_bdq_aqua_ref,climatology_municipal,0.8181818181818182,2015-01
2307106,Jardim,CE,2015,1,0.0,inpe_bdq_legacy,climatology_municipal,0.6363636363636364,2015-01
2307205,Jati,CE,2015,1,0.0,inpe_bdq_legacy,climatology_municipal,0.2727272727272727,2015-01
2307304,Juazeiro do Norte,CE,2015,1,0.0,inpe_bdq_legacy,climatology_municipal,0.18181818181818182,2015-01
2308401,Missão Velha,CE,2015,1,0.0,inpe_bdq_legacy,climatology_municipal,1.2727272727272727,2015-01
2308708,Morada Nova,CE,2015,1,4.0,inpe_bdq_aqua_ref,climatology_municipal,1.1818181818181819,2015-01
2309201,Nova Olinda,CE,2015,1,0.0,inpe_bdq_legacy,climatology_municipal,0.36363636363636365,2015-01
2310605,Penaforte,CE,2015,1,0.0,inpe_bdq_legacy,climatology_municipal,0.09090909090909091,2015-01
2311108,Porteiras,CE,2015,1,1.0,inpe_bdq_legacy,climatology_municipal,0.18181818181818182,2015-01
2311207,Potengi,CE,2015,1,1.0,inpe_bdq_legacy,climatology_municipal,0.9090909090909091,2015-01
2311306,Quixadá,CE,2015,1,4.0,inpe_bdq_aqua_ref,climatology_municipal,2.3636363636363638,2015-01
2311405,Quixeramobim,CE,2015,1,5.0,inpe_bdq_aqua_ref,climatology_municipal,8.090909090909092,2015-01
2311959,Salitre,CE,2015,1,1.0,inpe_bdq_legacy,climatology_municipal,0.8181818181818182,2015-01
2312106,Santana do Cariri,CE,2015,1,10.0,inpe_bdq_legacy,climatology_municipal,3.909090909090909,2015-01
2312908,Sobral,CE,2015,1,0.0,inpe_bdq_aqua_ref,climatology_municipal,3.1818181818181817,2015-01
2313302,Tauá,CE,2015,1,0.0,inpe_bdq_aqua_ref,climatology_municipal,1.4545454545454546,2015-01
2313401,Tianguá,CE,2015,1,0.0,inpe_bdq_aqua_ref,climatology_municipal,1.0,2015-01
2300101,Abaiara,CE,2015,1,0.0,inpe_bdq_legacy,climatology_regional_intensity12,0.045454545454545456,2015-01
2300200,Acaraú,CE,2015,1,6.0,inpe_bdq_aqua_ref,climatology_regional_intensity12,4.045454545454546,2015-01
2301307,Araripe,CE,2015,1,5.0,inpe_bdq_legacy,climatology_regional_intensity12,0.6818181818181818,2015-01
2301604,Assaré,CE,2015,1,1.0,inpe_bdq_legacy,climatology_regional_intensity12,1.1818181818181819,2015-01
2301901,Barbalha,CE,2015,1,1.0,inpe_bdq_aqua_ref,climatology_regional_intensity12,0.18181818181818182,2015-01
2302503,Brejo Santo,CE,2015,1,0.0,inpe_bdq_legacy,climatology_regional_intensity12,0.3181818181818182,2015-01
2302701,Campos Sales,CE,2015,1,0.0,inpe_bdq_aqua_ref,climatology_regional_intensity12,0.22727272727272727,2015-01
2304103,Crateús,CE,2015,1,0.0,inpe_bdq_aqua_ref,climatology_regional_intensity12,2.227272727272727,2015-01
2304202,Crato,CE,2015,1,2.0,inpe_bdq_legacy,climatology_regional_intensity12,0.5454545454545454,2015-01
2304400,Fortaleza,CE,2015,1,0.0,inpe_bdq_aqua_ref,climatology_regional_intensity12,0.09090909090909091,2015-01
2305100,Guaramiranga,CE,2015,1,0.0,inpe_bdq_aqua_ref,climatology_regional_intensity12,0.0,2015-01
2305506,Iguatu,CE,2015,1,1.0,inpe_bdq_aqua_ref,climatology_regional_intensity12,0.5909090909090909,2015-01
2306405,Itapipoca,CE,2015,1,7.0,inpe_bdq_aqua_ref,climatology_regional_intensity12,4.818181818181818,2015-01
2306900,Jaguaribe,CE,2015,1,1.0,inpe_bdq_aqua_ref,climatology_regional_intensity12,0.5909090909090909,2015-01
2307007,Jaguaruana,CE,2015,1,0.0,inpe_bdq_aqua_ref,climatology_regional_intensity12,0.4090909090909091,2015-01
2307106,Jardim,CE,2015,1,0.0,inpe_bdq_legacy,climatology_regional_intensity12,0.3181818181818182,2015-01
2307205,Jati,CE,2015,1,0.0,inpe_bdq_legacy,climatology_regional_intensity12,0.13636363636363635,2015-01
2307304,Juazeiro do Norte,CE,2015,1,0.0,inpe_bdq_legacy,climatology_regional_intensity12,0.09090909090909091,2015-01
2308401,Missão Velha,CE,2015,1,0.0,inpe_bdq_legacy,climatology_regional_intensity12,0.6363636363636364,2015-01
2308708,Morada Nova,CE,2015,1,4.0,inpe_bdq_aqua_ref,climatology_regional_intensity12,0.5909090909090909,2015-01
2309201,Nova Olinda,CE,2015,1,0.0,inpe_bdq_legacy,climatology_regional_intensity12,0.18181818181818182,2015-01
2310605,Penaforte,CE,2015,1,0.0,inpe_bdq_legacy,climatology_regional_intensity12,0.045454545454545456,2015-01
2311108,Porteiras,CE,2015,1,1.0,inpe_bdq_legacy,climatology_regional_intensity12,0.09090909090909091,2015-01
2311207,Potengi,CE,2015,1,1.0,inpe_bdq_legacy,climatology_regional_intensity12,0.45454545454545453,2015-01
2311306,Quixadá,CE,2015,1,4.0,inpe_bdq_aqua_ref,climatology_regional_intensity12,1.1818181818181819,2015-01
2311405,Quixeramobim,CE,2015,1,5.0,inpe_bdq_aqua_ref,climatology_regional_intensity12,4.045454545454546,2015-01
2311959,Salitre,CE,2015,1,1.0,inpe_bdq_legacy,climatology_regional_intensity12,0.4090909090909091,2015-01
2312106,Santana do Cariri,CE,2015,1,10.0,inpe_bdq_legacy,climatology_regional_intensity12,1.9545454545454546,2015-01
2312908,Sobral,CE,2015,1,0.0,inpe_bdq_aqua_ref,climatology_regional_intensity12,1.5909090909090908,2015-01
2313302,Tauá,CE,2015,1,0.0,inpe_bdq_aqua_ref,climatology_regional_intensity12,0.7272727272727273,2015-01
2313401,Tianguá,CE,2015,1,0.0,inpe_bdq_aqua_ref,climatology_regional_intensity12,0.5,2015-01
2300101,Abaiara,CE,2015,2,0.0,inpe_bdq_legacy,climatology_municipal,0.0,2015-02
2300200,Acaraú,CE,2015,2,1.0,inpe_bdq_aqua_ref,climatology_municipal,0.5454545454545454,2015-02
2301307,Araripe,CE,2015,2,0.0,inpe_bdq_legacy,climatology_municipal,0.18181818181818182,2015-02
2301604,Assaré,CE,2015,2,0.0,inpe_bdq_legacy,climatology_municipal,0.45454545454545453,2015-02
2301901,Barbalha,CE,2015,2,2.0,inpe_bdq_aqua_ref,climatology_municipal,0.09090909090909091,2015-02
2302503,Brejo Santo,CE,2015,2,0.0,inpe_bdq_legacy,climatology_municipal,0.09090909090909091,2015-02
2302701,Campos Sales,CE,2015,2,0.0,inpe_bdq_aqua_ref,climatology_municipal,0.0,2015-02
2304103,Crateús,CE,2015,2,0.0,inpe_bdq_aqua_ref,climatology_municipal,0.0,2015-02
2304202,Crato,CE,2015,2,1.0,inpe_bdq_legacy,climatology_municipal,0.18181818181818182,2015-02
2304400,Fortaleza,CE,2015,2,0.0,inpe_bdq_aqua_ref,climatology_municipal,0.18181818181818182,2015-02
2305100,Guaramiranga,CE,2015,2,0.0,inpe_bdq_aqua_ref,climatology_municipal,0.0,2015-02
2305506,Iguatu,CE,2015,2,0.0,inpe_bdq_aqua_ref,climatology_municipal,0.18181818181818182,2015-02
2306405,Itapipoca,CE,2015,2,0.0,inpe_bdq_aqua_ref,climatology_municipal,0.36363636363636365,2015-02
2306900,Jaguaribe,CE,2015,2,0.0,inpe_bdq_aqua_ref,climatology_municipal,0.2727272727272727,2015-02
2307007,Jaguaruana,CE,2015,2,0.0,inpe_bdq_aqua_ref,climatology_municipal,0.2727272727272727,2015-02
2307106,Jardim,CE,2015,2,0.0,inpe_bdq_legacy,climatology_municipal,0.0,2015-02
2307205,Jati,CE,2015,2,0.0,inpe_bdq_legacy,climatology_municipal,0.18181818181818182,2015-02
2307304,Juazeiro do Norte,CE,2015,2,0.0,inpe_bdq_legacy,climatology_municipal,0.0,2015-02
2308401,Missão Velha,CE,2015,2,1.0,inpe_bdq_legacy,climatology_municipal,0.09090909090909091,2015-02
2308708,Morada Nova,CE,2015,2,0.0,inpe_bdq_aqua_ref,climatology_municipal,0.45454545454545453,2015-02
2309201,Nova Olinda,CE,2015,2,0.0,inpe_bdq_legacy,climatology_municipal,0.0,2015-02
2310605,Penaforte,CE,2015,2,0.0,inpe_bdq_legacy,climatology_municipal,0.18181818181818182,2015-02
2311108,Porteiras,CE,2015,2,0.0,inpe_bdq_legacy,climatology_municipal,0.18181818181818182,2015-02
2311207,Potengi,CE,2015,2,0.0,inpe_bdq_legacy,climatology_municipal,0.45454545454545453,2015-02
2311306,Quixadá,CE,2015,2,0.0,inpe_bdq_aqua_ref,climatology_municipal,0.2727272727272727,2015-02
2311405,Quixeramobim,CE,2015,2,1.0,inpe_bdq_aqua_ref,climatology_municipal,1.0,2015-02
2311959,Salitre,CE,2015,2,0.0,inpe_bdq_legacy,climatology_municipal,0.09090909090909091,2015-02
2312106,Santana do Cariri,CE,2015,2,0.0,inpe_bdq_legacy,climatology_municipal,0.36363636363636365,2015-02
2312908,Sobral,CE,2015,2,0.0,inpe_bdq_aqua_ref,climatology_municipal,0.18181818181818182,2015-02
2313302,Tauá,CE,2015,2,1.0,inpe_bdq_aqua_ref,climatology_municipal,0.2727272727272727,2015-02
2313401,Tianguá,CE,2015,2,0.0,inpe_bdq_aqua_ref,climatology_municipal,0.36363636363636365,2015-02
2300101,Abaiara,CE,2015,2,0.0,inpe_bdq_legacy,climatology_regional_intensity12,0.0,2015-02
2300200,Acaraú,CE,2015,2,1.0,inpe_bdq_aqua_ref,climatology_regional_intensity12,0.2727272727272727,2015-02
2301307,Araripe,CE,2015,2,0.0,inpe_bdq_legacy,climatology_regional_intensity12,0.09090909090909091,2015-02
2301604,Assaré,CE,2015,2,0.0,inpe_bdq_legacy,climatology_regional_intensity12,0.22727272727272727,2015-02
2301901,Barbalha,CE,2015,2,2.0,inpe_bdq_aqua_ref,climatology_regional_intensity12,0.045454545454545456,2015-02
2302503,Brejo Santo,CE,2015,2,0.0,inpe_bdq_legacy,climatology_regional_intensity12,0.045454545454545456,2015-02
2302701,Campos Sales,CE,2015,2,0.0,inpe_bdq_aqua_ref,climatology_regional_intensity12,0.0,2015-02
2304103,Crateús,CE,2015,2,0.0,inpe_bdq_aqua_ref,climatology_regional_intensity12,0.0,2015-02
2304202,Crato,CE,2015,2,1.0,inpe_bdq_legacy,climatology_regional_intensity12,0.09090909090909091,2015-02
2304400,Fortaleza,CE,2015,2,0.0,inpe_bdq_aqua_ref,climatology_regional_intensity12,0.09090909090909091,2015-02
2305100,Guaramiranga,CE,2015,2,0.0,inpe_bdq_aqua_ref,climatology_regional_intensity12,0.0,2015-02
2305506,Iguatu,CE,2015,2,0.0,inpe_bdq_aqua_ref,climatology_regional_intensity12,0.09090909090909091,2015-02
2306405,Itapipoca,CE,2015,2,0.0,inpe_bdq_aqua_ref,climatology_regional_intensity12,0.18181818181818182,2015-02
2306900,Jaguaribe,CE,2015,2,0.0,inpe_bdq_aqua_ref,climatology_regional_intensity12,0.13636363636363635,2015-02
2307007,Jaguaruana,CE,2015,2,0.0,inpe_bdq_aqua_ref,climatology_regional_intensity12,0.13636363636363635,2015-02
2307106,Jardim,CE,2015,2,0.0,inpe_bdq_legacy,climatology_regional_intensity12,0.0,2015-02
2307205,Jati,CE,2015,2,0.0,inpe_bdq_legacy,climatology_regional_intensity12,0.09090909090909091,2015-02
2307304,Juazeiro do Norte,CE,2015,2,0.0,inpe_bdq_legacy,climatology_regional_intensity12,0.0,2015-02
2308401,Missão Velha,CE,2015,2,1.0,inpe_bdq_legacy,climatology_regional_intensity12,0.045454545454545456,2015-02
2308708,Morada Nova,CE,2015,2,0.0,inpe_bdq_aqua_ref,climatology_regional_intensity12,0.22727272727272727,2015-02
2309201,Nova Olinda,CE,2015,2,0.0,inpe_bdq_legacy,climatology_regional_intensity12,0.0,2015-02
2310605,Penaforte,CE,2015,2,0.0,inpe_bdq_legacy,climatology_regional_intensity12,0.09090909090909091,2015-02
2311108,Porteiras,CE,2015,2,0.0,inpe_bdq_legacy,climatology_regional_intensity12,0.09090909090909091,2015-02
2311207,Potengi,CE,2015,2,0.0,inpe_bdq_legacy,climatology_regional_intensity12,0.22727272727272727,2015-02
2311306,Quixadá,CE,2015,2,0.0,inpe_bdq_aqua_ref,climatology_regional_intensity12,0.13636363636363635,2015-02
2311405,Quixeramobim,CE,2015,2,1.0,inpe_bdq_aqua_ref,climatology_regional_intensity12,0.5,2015-02
2311959,Salitre,CE,2015,2,0.0,inpe_bdq_legacy,climatology_regional_intensity12,0.045454545454545456,2015-02
2312106,Santana do Cariri,CE,2015,2,0.0,inpe_bdq_legacy,climatology_regional_intensity12,0.18181818181818182,2015-02
2312908,Sobral,CE,2015,2,0.0,inpe_bdq_aqua_ref,climatology_regional_intensity12,0.09090909090909091,2015-02
2313302,Tauá,CE,2015,2,1.0,inpe_bdq_aqua_ref,climatology_regional_intensity12,0.13636363636363635,2015-02
2313401,Tianguá,CE,2015,2,0.0,inpe_bdq_aqua_ref,climatology_regional_intensity12,0.18181818181818182,2015-02
2300101,Abaiara,CE,2015,3,0.0,inpe_bdq_legacy,climatology_municipal,0.0,2015-03
2300200,Acaraú,CE,2015,3,0.0,inpe_bdq_aqua_ref,climatology_municipal,0.9090909090909091,2015-03
2301307,Araripe,CE,2015,3,0.0,inpe_bdq_legacy,climatology_municipal,0.0,2015-03
2301604,Assaré,CE,2015,3,0.0,inpe_bdq_legacy,climatology_municipal,0.0,2015-03
2301901,Barbalha,CE,2015,3,0.0,inpe_bdq_aqua_ref,climatology_municipal,0.0,2015-03
2302503,Brejo Santo,CE,2015,3,0.0,inpe_bdq_legacy,climatology_municipal,0.0,2015-03
2302701,Campos Sales,CE,2015,3,0.0,inpe_bdq_aqua_ref,climatology_municipal,0.0,2015-03
2304103,Crateús,CE,2015,3,0.0,inpe_bdq_aqua_ref,climatology_municipal,0.18181818181818182,2015-03
2304202,Crato,CE,2015,3,0.0,inpe_bdq_legacy,climatology_municipal,0.18181818181818182,2015-03
2304400,Fortaleza,CE,2015,3,0.0,inpe_bdq_aqua_ref,climatology_municipal,0.0,2015-03
2305100,Guaramiranga,CE,2015,3,0.0,inpe_bdq_aqua_ref,climatology_municipal,0.0,2015-03
2305506,Iguatu,CE,2015,3,1.0,inpe_bdq_aqua_ref,climatology_municipal,0.18181818181818182,2015-03
2306405,Itapipoca,CE,2015,3,0.0,inpe_bdq_aqua_ref,climatology_municipal,0.09090909090909091,2015-03
2306900,Jaguaribe,CE,2015,3,0.0,inpe_bdq_aqua_ref,climatology_municipal,0.09090909090909091,2015-03
2307007,Jaguaruana,CE,2015,3,0.0,inpe_bdq_aqua_ref,climatology_municipal,0.09090909090909091,2015-03
2307106,Jardim,CE,2015,3,0.0,inpe_bdq_legacy,climatology_municipal,0.09090909090909091,2015-03
2307205,Jati,CE,2015,3,0.0,inpe_bdq_legacy,climatology_municipal,0.0,2015-03
2307304,Juazeiro do Norte,CE,2015,3,0.0,inpe_bdq_legacy,climatology_municipal,0.18181818181818182,2015-03
2308401,Missão Velha,CE,2015,3,4.0,inpe_bdq_legacy,climatology_municipal,0.0,2015-03
2308708,Morada Nova,CE,2015,3,0.0,inpe_bdq_aqua_ref,climatology_municipal,0.18181818181818182,2015-03
2309201,Nova Olinda,CE,2015,3,0.0,inpe_bdq_legacy,climatology_municipal,0.0,2015-03
2310605,Penaforte,CE,2015,3,0.0,inpe_bdq_legacy,climatology_municipal,0.0,2015-03
2311108,Porteiras,CE,2015,3,0.0,inpe_bdq_legacy,climatology_municipal,0.0,2015-03
2311207,Potengi,CE,2015,3,0.0,inpe_bdq_legacy,climatology_municipal,0.0,2015-03
2311306,Quixadá,CE,2015,3,0.0,inpe_bdq_aqua_ref,climatology_municipal,0.18181818181818182,2015-03
2311405,Quixeramobim,CE,2015,3,0.0,inpe_bdq_aqua_ref,climatology_municipal,0.2727272727272727,2015-03
2311959,Salitre,CE,2015,3,0.0,inpe_bdq_legacy,climatology_municipal,0.09090909090909091,2015-03
2312106,Santana do Cariri,CE,2015,3,0.0,inpe_bdq_legacy,climatology_municipal,0.0,2015-03
2312908,Sobral,CE,2015,3,0.0,inpe_bdq_aqua_ref,climatology_municipal,0.0,2015-03
2313302,Tauá,CE,2015,3,0.0,inpe_bdq_aqua_ref,climatology_municipal,0.0,2015-03
2313401,Tianguá,CE,2015,3,0.0,inpe_bdq_aqua_ref,climatology_municipal,0.0,2015-03
2300101,Abaiara,CE,2015,3,0.0,inpe_bdq_legacy,climatology_regional_intensity12,0.0,2015-03
2300200,Acaraú,CE,2015,3,0.0,inpe_bdq_aqua_ref,climatology_regional_intensity12,0.45454545454545453,2015-03
2301307,Araripe,CE,2015,3,0.0,inpe_bdq_legacy,climatology_regional_intensity12,0.0,2015-03
2301604,Assaré,CE,2015,3,0.0,inpe_bdq_legacy,climatology_regional_intensity12,0.0,2015-03
2301901,Barbalha,CE,2015,3,0.0,inpe_bdq_aqua_ref,climatology_regional_intensity12,0.0,2015-03
2302503,Brejo Santo,CE,2015,3,0.0,inpe_bdq_legacy,climatology_regional_intensity12,0.0,2015-03
2302701,Campos Sales,CE,2015,3,0.0,inpe_bdq_aqua_ref,climatology_regional_intensity12,0.0,2015-03
2304103,Crateús,CE,2015,3,0.0,inpe_bdq_aqua_ref,climatology_regional_intensity12,0.09090909090909091,2015-03
2304202,Crato,CE,2015,3,0.0,inpe_bdq_legacy,climatology_regional_intensity12,0.09090909090909091,2015-03
2304400,Fortaleza,CE,2015,3,0.0,inpe_bdq_aqua_ref,climatology_regional_intensity12,0.0,2015-03
2305100,Guaramiranga,CE,2015,3,0.0,inpe_bdq_aqua_ref,climatology_regional_intensity12,0.0,2015-03
2305506,Iguatu,CE,2015,3,1.0,inpe_bdq_aqua_ref,climatology_regional_intensity12,0.09090909090909091,2015-03
2306405,Itapipoca,CE,2015,3,0.0,inpe_bdq_aqua_ref,climatology_regional_intensity12,0.045454545454545456,2015-03
2306900,Jaguaribe,CE,2015,3,0.0,inpe_bdq_aqua_ref,climatology_regional_intensity12,0.045454545454545456,2015-03
2307007,Jaguaruana,CE,2015,3,0.0,inpe_bdq_aqua_ref,climatology_regional_intensity12,0.045454545454545456,2015-03
2307106,Jardim,CE,2015,3,0.0,inpe_bdq_legacy,climatology_regional_intensity12,0.045454545454545456,2015-03
2307205,Jati,CE,2015,3,0.0,inpe_bdq_legacy,climatology_regional_intensity12,0.0,2015-03
2307304,Juazeiro do Norte,CE,2015,3,0.0,inpe_bdq_legacy,climatology_regional_intensity12,0.09090909090909091,2015-03
2308401,Missão Velha,CE,2015,3,4.0,inpe_bdq_legacy,climatology_regional_intensity12,0.0,2015-03
2308708,Morada Nova,CE,2015,3,0.0,inpe_bdq_aqua_ref,climatology_regional_intensity12,0.09090909090909091,2015-03
2309201,Nova Olinda,CE,2015,3,0.0,inpe_bdq_legacy,climatology_regional_intensity12,0.0,2015-03
2310605,Penaforte,CE,2015,3,0.0,inpe_bdq_legacy,climatology_regional_intensity12,0.0,2015-03
2311108,Porteiras,CE,2015,3,0.0,inpe_bdq_legacy,climatology_regional_intensity12,0.0,2015-03
2311207,Potengi,CE,2015,3,0.0,inpe_bdq_legacy,climatology_regional_intensity12,0.0,2015-03
2311306,Quixadá,CE,2015,3,0.0,inpe_bdq_aqua_ref,climatology_regional_intensity12,0.09090909090909091,2015-03
2311405,Quixeramobim,CE,2015,3,0.0,inpe_bdq_aqua_ref,climatology_regional_intensity12,0.13636363636363635,2015-03
2311959,Salitre,CE,2015,3,0.0,inpe_bdq_legacy,climatology_regional_intensity12,0.045454545454545456,2015-03
2312106,Santana do Cariri,CE,2015,3,0.0,inpe_bdq_legacy,climatology_regional_intensity12,0.0,2015-03
2312908,Sobral,CE,2015,3,0.0,inpe_bdq_aqua_ref,climatology_regional_intensity12,0.0,2015-03
2313302,Tauá,CE,2015,3,0.0,inpe_bdq_aqua_ref,climatology_regional_intensity12,0.0,2015-03
2313401,Tianguá,CE,2015,3,0.0,inpe_bdq_aqua_ref,climatology_regional_intensity12,0.0,2015-03
2300101,Abaiara,CE,2015,4,0.0,inpe_bdq_legacy,climatology_municipal,0.0,2015-04
2300200,Acaraú,CE,2015,4,0.0,inpe_bdq_aqua_ref,climatology_municipal,0.0,2015-04
2301307,Araripe,CE,2015,4,0.0,inpe_bdq_legacy,climatology_municipal,0.0,2015-04
2301604,Assaré,CE,2015,4,0.0,inpe_bdq_legacy,climatology_municipal,0.0,2015-04
2301901,Barbalha,CE,2015,4,0.0,inpe_bdq_aqua_ref,climatology_municipal,0.0,2015-04
2302503,Brejo Santo,CE,2015,4,0.0,inpe_bdq_legacy,climatology_municipal,0.0,2015-04
2302701,Campos Sales,CE,2015,4,0.0,inpe_bdq_aqua_ref,climatology_municipal,0.0,2015-04
2304103,Crateús,CE,2015,4,0.0,inpe_bdq_aqua_ref,climatology_municipal,0.0,2015-04
2304202,Crato,CE,2015,4,0.0,inpe_bdq_legacy,climatology_municipal,0.0,2015-04
2304400,Fortaleza,CE,2015,4,0.0,inpe_bdq_aqua_ref,climatology_municipal,0.0,2015-04
2305100,Guaramiranga,CE,2015,4,0.0,inpe_bdq_aqua_ref,climatology_municipal,0.0,2015-04
2305506,Iguatu,CE,2015,4,0.0,inpe_bdq_aqua_ref,climatology_municipal,0.09090909090909091,2015-04
2306405,Itapipoca,CE,2015,4,0.0,inpe_bdq_aqua_ref,climatology_municipal,0.0,2015-04
2306900,Jaguaribe,CE,2015,4,0.0,inpe_bdq_aqua_ref,climatology_municipal,0.18181818181818182,2015-04
2307007,Jaguaruana,CE,2015,4,0.0,inpe_bdq_aqua_ref,climatology_municipal,0.0,2015-04
2307106,Jardim,CE,2015,4,0.0,inpe_bdq_legacy,climatology_municipal,0.0,2015-04
2307205,Jati,CE,2015,4,0.0,inpe_bdq_legacy,climatology_municipal,0.0,2015-04
2307304,Juazeiro do Norte,CE,2015,4,0.0,inpe_bdq_legacy,climatology_municipal,0.0,2015-04
2308401,Missão Velha,CE,2015,4,0.0,inpe_bdq_legacy,climatology_municipal,0.09090909090909091,2015-04
2308708,Morada Nova,CE,2015,4,0.0,inpe_bdq_aqua_ref,climatology_municipal,0.0,2015-04
2309201,Nova Olinda,CE,2015,4,0.0,inpe_bdq_legacy,climatology_municipal,0.0,2015-04
2310605,Penaforte,CE,2015,4,0.0,inpe_bdq_legacy,climatology_municipal,0.0,2015-04
2311108,Porteiras,CE,2015,4,0.0,inpe_bdq_legacy,climatology_municipal,0.0,2015-04
2311207,Potengi,CE,2015,4,0.0,inpe_bdq_legacy,climatology_municipal,0.0,2015-04
2311306,Quixadá,CE,2015,4,0.0,inpe_bdq_aqua_ref,climatology_municipal,0.18181818181818182,2015-04
2311405,Quixeramobim,CE,2015,4,0.0,inpe_bdq_aqua_ref,climatology_municipal,0.09090909090909091,2015-04
2311959,Salitre,CE,2015,4,0.0,inpe_bdq_legacy,climatology_municipal,0.09090909090909091,2015-04
2312106,Santana do Cariri,CE,2015,4,0.0,inpe_bdq_legacy,climatology_municipal,0.0,2015-04
2312908,Sobral,CE,2015,4,0.0,inpe_bdq_aqua_ref,climatology_municipal,0.0,2015-04
2313302,Tauá,CE,2015,4,0.0,inpe_bdq_aqua_ref,climatology_municipal,0.0,2015-04
2313401,Tianguá,CE,2015,4,0.0,inpe_bdq_aqua_ref,climatology_municipal,0.0,2015-04
2300101,Abaiara,CE,2015,4,0.0,inpe_bdq_legacy,climatology_regional_intensity12,0.0,2015-04
2300200,Acaraú,CE,2015,4,0.0,inpe_bdq_aqua_ref,climatology_regional_intensity12,0.0,2015-04
2301307,Araripe,CE,2015,4,0.0,inpe_bdq_legacy,climatology_regional_intensity12,0.0,2015-04
2301604,Assaré,CE,2015,4,0.0,inpe_bdq_legacy,climatology_regional_intensity12,0.0,2015-04
2301901,Barbalha,CE,2015,4,0.0,inpe_bdq_aqua_ref,climatology_regional_intensity12,0.0,2015-04
2302503,Brejo Santo,CE,2015,4,0.0,inpe_bdq_legacy,climatology_regional_intensity12,0.0,2015-04
2302701,Campos Sales,CE,2015,4,0.0,inpe_bdq_aqua_ref,climatology_regional_intensity12,0.0,2015-04
2304103,Crateús,CE,2015,4,0.0,inpe_bdq_aqua_ref,climatology_regional_intensity12,0.0,2015-04
2304202,Crato,CE,2015,4,0.0,inpe_bdq_legacy,climatology_regional_intensity12,0.0,2015-04
2304400,Fortaleza,CE,2015,4,0.0,inpe_bdq_aqua_ref,climatology_regional_intensity12,0.0,2015-04
2305100,Guaramiranga,CE,2015,4,0.0,inpe_bdq_aqua_ref,climatology_regional_intensity12,0.0,2015-04
2305506,Iguatu,CE,2015,4,0.0,inpe_bdq_aqua_ref,climatology_regional_intensity12,0.045454545454545456,2015-04
2306405,Itapipoca,CE,2015,4,0.0,inpe_bdq_aqua_ref,climatology_regional_intensity12,0.0,2015-04
2306900,Jaguaribe,CE,2015,4,0.0,inpe_bdq_aqua_ref,climatology_regional_intensity12,0.09090909090909091,2015-04
2307007,Jaguaruana,CE,2015,4,0.0,inpe_bdq_aqua_ref,climatology_regional_intensity12,0.0,2015-04
2307106,Jardim,CE,2015,4,0.0,inpe_bdq_legacy,climatology_regional_intensity12,0.0,2015-04
2307205,Jati,CE,2015,4,0.0,inpe_bdq_legacy,climatology_regional_intensity12,0.0,2015-04
2307304,Juazeiro do Norte,CE,2015,4,0.0,inpe_bdq_legacy,climatology_regional_intensity12,0.0,2015-04
2308401,Missão Velha,CE,2015,4,0.0,inpe_bdq_legacy,climatology_regional_intensity12,0.045454545454545456,2015-04
2308708,Morada Nova,CE,2015,4,0.0,inpe_bdq_aqua_ref,climatology_regional_intensity12,0.0,2015-04
2309201,Nova Olinda,CE,2015,4,0.0,inpe_bdq_legacy,climatology_regional_intensity12,0.0,2015-04
2310605,Penaforte,CE,2015,4,0.0,inpe_bdq_legacy,climatology_regional_intensity12,0.0,2015-04
2311108,Porteiras,CE,2015,4,0.0,inpe_bdq_legacy,climatology_regional_intensity12,0.0,2015-04
2311207,Potengi,CE,2015,4,0.0,inpe_bdq_legacy,climatology_regional_intensity12,0.0,2015-04
2311306,Quixadá,CE,2015,4,0.0,inpe_bdq_aqua_ref,climatology_regional_intensity12,0.09090909090909091,2015-04
2311405,Quixeramobim,CE,2015,4,0.0,inpe_bdq_aqua_ref,climatology_regional_intensity12,0.045454545454545456,2015-04
2311959,Salitre,CE,2015,4,0.0,inpe_bdq_legacy,climatology_regional_intensity12,0.045454545454545456,2015-04
2312106,Santana do Cariri,CE,2015,4,0.0,inpe_bdq_legacy,climatology_regional_intensity12,0.0,2015-04
2312908,Sobral,CE,2015,4,0.0,inpe_bdq_aqua_ref,climatology_regional_intensity12,0.0,2015-04
2313302,Tauá,CE,2015,4,0.0,inpe_bdq_aqua_ref,climatology_regional_intensity12,0.0,2015-04
2313401,Tianguá,CE,2015,4,0.0,inpe_bdq_aqua_ref,climatology_regional_intensity12,0.0,2015-04
2300101,Abaiara,CE,2015,5,0.0,inpe_bdq_legacy,climatology_municipal,0.0,2015-05
2300200,Acaraú,CE,2015,5,0.0,inpe_bdq_aqua_ref,climatology_municipal,0.09090909090909091,2015-05
2301307,Araripe,CE,2015,5,0.0,inpe_bdq_legacy,climatology_municipal,0.0,2015-05
2301604,Assaré,CE,2015,5,0.0,inpe_bdq_legacy,climatology_municipal,0.0,2015-05
2301901,Barbalha,CE,2015,5,0.0,inpe_bdq_aqua_ref,climatology_municipal,0.0,2015-05
2302503,Brejo Santo,CE,2015,5,0.0,inpe_bdq_legacy,climatology_municipal,0.09090909090909091,2015-05
2302701,Campos Sales,CE,2015,5,0.0,inpe_bdq_aqua_ref,climatology_municipal,0.0,2015-05
2304103,Crateús,CE,2015,5,0.0,inpe_bdq_aqua_ref,climatology_municipal,0.0,2015-05
2304202,Crato,CE,2015,5,0.0,inpe_bdq_legacy,climatology_municipal,0.09090909090909091,2015-05
2304400,Fortaleza,CE,2015,5,0.0,inpe_bdq_aqua_ref,climatology_municipal,0.0,2015-05
2305100,Guaramiranga,CE,2015,5,0.0,inpe_bdq_aqua_ref,climatology_municipal,0.0,2015-05
2305506,Iguatu,CE,2015,5,0.0,inpe_bdq_aqua_ref,climatology_municipal,0.0,2015-05
2306405,Itapipoca,CE,2015,5,0.0,inpe_bdq_aqua_ref,climatology_municipal,0.09090909090909091,2015-05
2306900,Jaguaribe,CE,2015,5,0.0,inpe_bdq_aqua_ref,climatology_municipal,0.0,2015-05
2307007,Jaguaruana,CE,2015,5,0.0,inpe_bdq_aqua_ref,climatology_municipal,0.09090909090909091,2015-05
2307106,Jardim,CE,2015,5,0.0,inpe_bdq_legacy,climatology_municipal,0.0,2015-05
2307205,Jati,CE,2015,5,0.0,inpe_bdq_legacy,climatology_municipal,0.0,2015-05
2307304,Juazeiro do Norte,CE,2015,5,0.0,inpe_bdq_legacy,climatology_municipal,0.0,2015-05
2308401,Missão Velha,CE,2015,5,0.0,inpe_bdq_legacy,climatology_municipal,0.0,2015-05
2308708,Morada Nova,CE,2015,5,1.0,inpe_bdq_aqua_ref,climatology_municipal,0.09090909090909091,2015-05
2309201,Nova Olinda,CE,2015,5,0.0,inpe_bdq_legacy,climatology_municipal,0.2727272727272727,2015-05
2310605,Penaforte,CE,2015,5,0.0,inpe_bdq_legacy,climatology_municipal,0.0,2015-05
2311108,Porteiras,CE,2015,5,0.0,inpe_bdq_legacy,climatology_municipal,0.09090909090909091,2015-05
2311207,Potengi,CE,2015,5,0.0,inpe_bdq_legacy,climatology_municipal,0.09090909090909091,2015-05
2311306,Quixadá,CE,2015,5,0.0,inpe_bdq_aqua_ref,climatology_municipal,0.2727272727272727,2015-05
2311405,Quixeramobim,CE,2015,5,0.0,inpe_bdq_aqua_ref,climatology_municipal,0.0,2015-05
2311959,Salitre,CE,2015,5,0.0,inpe_bdq_legacy,climatology_municipal,0.0,2015-05
2312106,Santana do Cariri,CE,2015,5,0.0,inpe_bdq_legacy,climatology_municipal,0.0,2015-05
2312908,Sobral,CE,2015,5,0.0,inpe_bdq_aqua_ref,climatology_municipal,0.0,2015-05
2313302,Tauá,CE,2015,5,0.0,inpe_bdq_aqua_ref,climatology_municipal,0.0,2015-05
2313401,Tianguá,CE,2015,5,0.0,inpe_bdq_aqua_ref,climatology_municipal,0.0,2015-05
2300101,Abaiara,CE,2015,5,0.0,inpe_bdq_legacy,climatology_regional_intensity12,0.0,2015-05
2300200,Acaraú,CE,2015,5,0.0,inpe_bdq_aqua_ref,climatology_regional_intensity12,0.045454545454545456,2015-05
2301307,Araripe,CE,2015,5,0.0,inpe_bdq_legacy,climatology_regional_intensity12,0.0,2015-05
2301604,Assaré,CE,2015,5,0.0,inpe_bdq_legacy,climatology_regional_intensity12,0.0,2015-05
2301901,Barbalha,CE,2015,5,0.0,inpe_bdq_aqua_ref,climatology_regional_intensity12,0.0,2015-05
2302503,Brejo Santo,CE,2015,5,0.0,inpe_bdq_legacy,climatology_regional_intensity12,0.045454545454545456,2015-05
2302701,Campos Sales,CE,2015,5,0.0,inpe_bdq_aqua_ref,climatology_regional_intensity12,0.0,2015-05
2304103,Crateús,CE,2015,5,0.0,inpe_bdq_aqua_ref,climatology_regional_intensity12,0.0,2015-05
2304202,Crato,CE,2015,5,0.0,inpe_bdq_legacy,climatology_regional_intensity12,0.045454545454545456,2015-05
2304400,Fortaleza,CE,2015,5,0.0,inpe_bdq_aqua_ref,climatology_regional_intensity12,0.0,2015-05
2305100,Guaramiranga,CE,2015,5,0.0,inpe_bdq_aqua_ref,climatology_regional_intensity12,0.0,2015-05
2305506,Iguatu,CE,2015,5,0.0,inpe_bdq_aqua_ref,climatology_regional_intensity12,0.0,2015-05
2306405,Itapipoca,CE,2015,5,0.0,inpe_bdq_aqua_ref,climatology_regional_intensity12,0.045454545454545456,2015-05
2306900,Jaguaribe,CE,2015,5,0.0,inpe_bdq_aqua_ref,climatology_regional_intensity12,0.0,2015-05
2307007,Jaguaruana,CE,2015,5,0.0,inpe_bdq_aqua_ref,climatology_regional_intensity12,0.045454545454545456,2015-05
2307106,Jardim,CE,2015,5,0.0,inpe_bdq_legacy,climatology_regional_intensity12,0.0,2015-05
2307205,Jati,CE,2015,5,0.0,inpe_bdq_legacy,climatology_regional_intensity12,0.0,2015-05
2307304,Juazeiro do Norte,CE,2015,5,0.0,inpe_bdq_legacy,climatology_regional_intensity12,0.0,2015-05
2308401,Missão Velha,CE,2015,5,0.0,inpe_bdq_legacy,climatology_regional_intensity12,0.0,2015-05
2308708,Morada Nova,CE,2015,5,1.0,inpe_bdq_aqua_ref,climatology_regional_intensity12,0.045454545454545456,2015-05
2309201,Nova Olinda,CE,2015,5,0.0,inpe_bdq_legacy,climatology_regional_intensity12,0.13636363636363635,2015-05
2310605,Penaforte,CE,2015,5,0.0,inpe_bdq_legacy,climatology_regional_intensity12,0.0,2015-05
2311108,Porteiras,CE,2015,5,0.0,inpe_bdq_legacy,climatology_regional_intensity12,0.045454545454545456,2015-05
2311207,Potengi,CE,2015,5,0.0,inpe_bdq_legacy,climatology_regional_intensity12,0.045454545454545456,2015-05
2311306,Quixadá,CE,2015,5,0.0,inpe_bdq_aqua_ref,climatology_regional_intensity12,0.13636363636363635,2015-05
2311405,Quixeramobim,CE,2015,5,0.0,inpe_bdq_aqua_ref,climatology_regional_intensity12,0.0,2015-05
2311959,Salitre,CE,2015,5,0.0,inpe_bdq_legacy,climatology_regional_intensity12,0.0,2015-05
2312106,Santana do Cariri,CE,2015,5,0.0,inpe_bdq_legacy,climatology_regional_intensity12,0.0,2015-05
2312908,Sobral,CE,2015,5,0.0,inpe_bdq_aqua_ref,climatology_regional_intensity12,0.0,2015-05
2313302,Tauá,CE,2015,5,0.0,inpe_bdq_aqua_ref,climatology_regional_intensity12,0.0,2015-05
2313401,Tianguá,CE,2015,5,0.0,inpe_bdq_aqua_ref,climatology_regional_intensity12,0.0,2015-05
2300101,Abaiara,CE,2015,6,0.0,inpe_bdq_legacy,climatology_municipal,0.0,2015-06
2300200,Acaraú,CE,2015,6,0.0,inpe_bdq_aqua_ref,climatology_municipal,0.7272727272727273,2015-06
2301307,Araripe,CE,2015,6,0.0,inpe_bdq_legacy,climatology_municipal,0.0,2015-06
2301604,Assaré,CE,2015,6,0.0,inpe_bdq_legacy,climatology_municipal,0.0,2015-06
2301901,Barbalha,CE,2015,6,0.0,inpe_bdq_aqua_ref,climatology_municipal,0.0,2015-06
2302503,Brejo Santo,CE,2015,6,0.0,inpe_bdq_legacy,climatology_municipal,0.0,2015-06
2302701,Campos Sales,CE,2015,6,0.0,inpe_bdq_aqua_ref,climatology_municipal,0.0,2015-06
2304103,Crateús,CE,2015,6,0.0,inpe_bdq_aqua_ref,climatology_municipal,0.0,2015-06
2304202,Crato,CE,2015,6,0.0,inpe_bdq_legacy,climatology_municipal,0.09090909090909091,2015-06
2304400,Fortaleza,CE,2015,6,0.0,inpe_bdq_aqua_ref,climatology_municipal,0.0,2015-06
2305100,Guaramiranga,CE,2015,6,0.0,inpe_bdq_aqua_ref,climatology_municipal,0.0,2015-06
2305506,Iguatu,CE,2015,6,0.0,inpe_bdq_aqua_ref,climatology_municipal,0.09090909090909091,2015-06
2306405,Itapipoca,CE,2015,6,0.0,inpe_bdq_aqua_ref,climatology_municipal,0.7272727272727273,2015-06
2306900,Jaguaribe,CE,2015,6,0.0,inpe_bdq_aqua_ref,climatology_municipal,0.09090909090909091,2015-06
2307007,Jaguaruana,CE,2015,6,0.0,inpe_bdq_aqua_ref,climatology_municipal,0.0,2015-06
2307106,Jardim,CE,2015,6,0.0,inpe_bdq_legacy,climatology_municipal,0.0,2015-06
2307205,Jati,CE,2015,6,0.0,inpe_bdq_legacy,climatology_municipal,0.0,2015-06
2307304,Juazeiro do Norte,CE,2015,6,0.0,inpe_bdq_legacy,climatology_municipal,0.0,2015-06
2308401,Missão Velha,CE,2015,6,0.0,inpe_bdq_legacy,climatology_municipal,0.18181818181818182,2015-06
2308708,Morada Nova,CE,2015,6,0.0,inpe_bdq_aqua_ref,climatology_municipal,0.18181818181818182,2015-06
2309201,Nova Olinda,CE,2015,6,0.0,inpe_bdq_legacy,climatology_municipal,0.0,2015-06
2310605,Penaforte,CE,2015,6,0.0,inpe_bdq_legacy,climatology_municipal,0.0,2015-06
2311108,Porteiras,CE,2015,6,0.0,inpe_bdq_legacy,climatology_municipal,0.09090909090909091,2015-06
2311207,Potengi,CE,2015,6,0.0,inpe_bdq_legacy,climatology_municipal,0.0,2015-06
2311306,Quixadá,CE,2015,6,0.0,inpe_bdq_aqua_ref,climatology_municipal,0.09090909090909091,2015-06
2311405,Quixeramobim,CE,2015,6,0.0,inpe_bdq_aqua_ref,climatology_municipal,0.2727272727272727,2015-06
2311959,Salitre,CE,2015,6,0.0,inpe_bdq_legacy,climatology_municipal,0.09090909090909091,2015-06
2312106,Santana do Cariri,CE,2015,6,0.0,inpe_bdq_legacy,climatology_municipal,0.0,2015-06
2312908,Sobral,CE,2015,6,0.0,inpe_bdq_aqua_ref,climatology_municipal,0.2727272727272727,2015-06
2313302,Tauá,CE,2015,6,0.0,inpe_bdq_aqua_ref,climatology_municipal,0.0,2015-06
2313401,Tianguá,CE,2015,6,0.0,inpe_bdq_aqua_ref,climatology_municipal,0.18181818181818182,2015-06
2300101,Abaiara,CE,2015,6,0.0,inpe_bdq_legacy,climatology_regional_intensity12,0.0,2015-06
2300200,Acaraú,CE,2015,6,0.0,inpe_bdq_aqua_ref,climatology_regional_intensity12,0.36363636363636365,2015-06
2301307,Araripe,CE,2015,6,0.0,inpe_bdq_legacy,climatology_regional_intensity12,0.0,2015-06
2301604,Assaré,CE,2015,6,0.0,inpe_bdq_legacy,climatology_regional_intensity12,0.0,2015-06
2301901,Barbalha,CE,2015,6,0.0,inpe_bdq_aqua_ref,climatology_regional_intensity12,0.0,2015-06
2302503,Brejo Santo,CE,2015,6,0.0,inpe_bdq_legacy,climatology_regional_intensity12,0.0,2015-06
2302701,Campos Sales,CE,2015,6,0.0,inpe_bdq_aqua_ref,climatology_regional_intensity12,0.0,2015-06
2304103,Crateús,CE,2015,6,0.0,inpe_bdq_aqua_ref,climatology_regional_intensity12,0.0,2015-06
2304202,Crato,CE,2015,6,0.0,inpe_bdq_legacy,climatology_regional_intensity12,0.045454545454545456,2015-06
2304400,Fortaleza,CE,2015,6,0.0,inpe_bdq_aqua_ref,climatology_regional_intensity12,0.0,2015-06
2305100,Guaramiranga,CE,2015,6,0.0,inpe_bdq_aqua_ref,climatology_regional_intensity12,0.0,2015-06
2305506,Iguatu,CE,2015,6,0.0,inpe_bdq_aqua_ref,climatology_regional_intensity12,0.045454545454545456,2015-06
2306405,Itapipoca,CE,2015,6,0.0,inpe_bdq_aqua_ref,climatology_regional_intensity12,0.36363636363636365,2015-06
2306900,Jaguaribe,CE,2015,6,0.0,inpe_bdq_aqua_ref,climatology_regional_intensity12,0.045454545454545456,2015-06
2307007,Jaguaruana,CE,2015,6,0.0,inpe_bdq_aqua_ref,climatology_regional_intensity12,0.0,2015-06
2307106,Jardim,CE,2015,6,0.0,inpe_bdq_legacy,climatology_regional_intensity12,0.0,2015-06
2307205,Jati,CE,2015,6,0.0,inpe_bdq_legacy,climatology_regional_intensity12,0.0,2015-06
2307304,Juazeiro do Norte,CE,2015,6,0.0,inpe_bdq_legacy,climatology_regional_intensity12,0.0,2015-06
2308401,Missão Velha,CE,2015,6,0.0,inpe_bdq_legacy,climatology_regional_intensity12,0.09090909090909091,2015-06
2308708,Morada Nova,CE,2015,6,0.0,inpe_bdq_aqua_ref,climatology_regional_intensity12,0.09090909090909091,2015-06
2309201,Nova Olinda,CE,2015,6,0.0,inpe_bdq_legacy,climatology_regional_intensity12,0.0,2015-06
2310605,Penaforte,CE,2015,6,0.0,inpe_bdq_legacy,climatology_regional_intensity12,0.0,2015-06
2311108,Porteiras,CE,2015,6,0.0,inpe_bdq_legacy,climatology_regional_intensity12,0.045454545454545456,2015-06
2311207,Potengi,CE,2015,6,0.0,inpe_bdq_legacy,climatology_regional_intensity12,0.0,2015-06
2311306,Quixadá,CE,2015,6,0.0,inpe_bdq_aqua_ref,climatology_regional_intensity12,0.045454545454545456,2015-06
2311405,Quixeramobim,CE,2015,6,0.0,inpe_bdq_aqua_ref,climatology_regional_intensity12,0.13636363636363635,2015-06
2311959,Salitre,CE,2015,6,0.0,inpe_bdq_legacy,climatology_regional_intensity12,0.045454545454545456,2015-06
2312106,Santana do Cariri,CE,2015,6,0.0,inpe_bdq_legacy,climatology_regional_intensity12,0.0,2015-06
2312908,Sobral,CE,2015,6,0.0,inpe_bdq_aqua_ref,climatology_regional_intensity12,0.13636363636363635,2015-06
2313302,Tauá,CE,2015,6,0.0,inpe_bdq_aqua_ref,climatology_regional_intensity12,0.0,2015-06
2313401,Tianguá,CE,2015,6,0.0,inpe_bdq_aqua_ref,climatology_regional_intensity12,0.09090909090909091,2015-06
2300101,Abaiara,CE,2015,7,0.0,inpe_bdq_legacy,climatology_municipal,0.18181818181818182,2015-07
2300200,Acaraú,CE,2015,7,0.0,inpe_bdq_aqua_ref,climatology_municipal,1.5454545454545454,2015-07
2301307,Araripe,CE,2015,7,0.0,inpe_bdq_legacy,climatology_municipal,0.36363636363636365,2015-07
2301604,Assaré,CE,2015,7,1.0,inpe_bdq_legacy,climatology_municipal,0.0,2015-07
2301901,Barbalha,CE,2015,7,0.0,inpe_bdq_aqua_ref,climatology_municipal,0.08333333333333333,2015-07
2302503,Brejo Santo,CE,2015,7,0.0,inpe_bdq_legacy,climatology_municipal,0.2727272727272727,2015-07
2302701,Campos Sales,CE,2015,7,0.0,inpe_bdq_aqua_ref,climatology_municipal,0.0,2015-07
2304103,Crateús,CE,2015,7,0.0,inpe_bdq_aqua_ref,climatology_municipal,0.36363636363636365,2015-07
2304202,Crato,CE,2015,7,0.0,inpe_bdq_legacy,climatology_municipal,0.0,2015-07
2304400,Fortaleza,CE,2015,7,0.0,inpe_bdq_aqua_ref,climatology_municipal,0.09090909090909091,2015-07
2305100,Guaramiranga,CE,2015,7,0.0,inpe_bdq_aqua_ref,climatology_municipal,0.0,2015-07
2305506,Iguatu,CE,2015,7,2.0,inpe_bdq_aqua_ref,climatology_municipal,0.6363636363636364,2015-07
2306405,Itapipoca,CE,2015,7,0.0,inpe_bdq_aqua_ref,climatology_municipal,1.0909090909090908,2015-07
2306900,Jaguaribe,CE,2015,7,0.0,inpe_bdq_aqua_ref,climatology_municipal,0.18181818181818182,2015-07
2307007,Jaguaruana,CE,2015,7,0.0,inpe_bdq_aqua_ref,climatology_municipal,0.36363636363636365,2015-07
2307106,Jardim,CE,2015,7,0.0,inpe_bdq_legacy,climatology_municipal,0.0,2015-07
2307205,Jati,CE,2015,7,0.0,inpe_bdq_legacy,climatology_municipal,0.0,2015-07
2307304,Juazeiro do Norte,CE,2015,7,0.0,inpe_bdq_legacy,climatology_municipal,0.36363636363636365,2015-07
2308401,Missão Velha,CE,2015,7,1.0,inpe_bdq_legacy,climatology_municipal,0.09090909090909091,2015-07
2308708,Morada Nova,CE,2015,7,0.0,inpe_bdq_aqua_ref,climatology_municipal,0.0,2015-07
2309201,Nova Olinda,CE,2015,7,0.0,inpe_bdq_legacy,climatology_municipal,0.45454545454545453,2015-07
2310605,Penaforte,CE,2015,7,0.0,inpe_bdq_legacy,climatology_municipal,0.0,2015-07
2311108,Porteiras,CE,2015,7,0.0,inpe_bdq_legacy,climatology_municipal,0.2727272727272727,2015-07
2311207,Potengi,CE,2015,7,0.0,inpe_bdq_legacy,climatology_municipal,0.18181818181818182,2015-07
2311306,Quixadá,CE,2015,7,1.0,inpe_bdq_aqua_ref,climatology_municipal,0.2727272727272727,2015-07
2311405,Quixeramobim,CE,2015,7,1.0,inpe_bdq_aqua_ref,climatology_municipal,0.45454545454545453,2015-07
2311959,Salitre,CE,2015,7,0.0,inpe_bdq_legacy,climatology_municipal,0.0,2015-07
2312106,Santana do Cariri,CE,2015,7,0.0,inpe_bdq_legacy,climatology_municipal,0.18181818181818182,2015-07
2312908,Sobral,CE,2015,7,0.0,inpe_bdq_aqua_ref,climatology_municipal,0.9090909090909091,2015-07
2313302,Tauá,CE,2015,7,0.0,inpe_bdq_aqua_ref,climatology_municipal,0.36363636363636365,2015-07
2313401,Tianguá,CE,2015,7,0.0,inpe_bdq_aqua_ref,climatology_municipal,0.45454545454545453,2015-07
2300101,Abaiara,CE,2015,7,0.0,inpe_bdq_legacy,climatology_regional_intensity12,0.09090909090909091,2015-07
2300200,Acaraú,CE,2015,7,0.0,inpe_bdq_aqua_ref,climatology_regional_intensity12,0.7727272727272727,2015-07
2301307,Araripe,CE,2015,7,0.0,inpe_bdq_legacy,climatology_regional_intensity12,0.18181818181818182,2015-07
2301604,Assaré,CE,2015,7,1.0,inpe_bdq_legacy,climatology_regional_intensity12,0.0,2015-07
2301901,Barbalha,CE,2015,7,0.0,inpe_bdq_aqua_ref,climatology_regional_intensity12,0.041666666666666664,2015-07
2302503,Brejo Santo,CE,2015,7,0.0,inpe_bdq_legacy,climatology_regional_intensity12,0.13636363636363635,2015-07
2302701,Campos Sales,CE,2015,7,0.0,inpe_bdq_aqua_ref,climatology_regional_intensity12,0.0,2015-07
2304103,Crateús,CE,2015,7,0.0,inpe_bdq_aqua_ref,climatology_regional_intensity12,0.18181818181818182,2015-07
2304202,Crato,CE,2015,7,0.0,inpe_bdq_legacy,climatology_regional_intensity12,0.0,2015-07
2304400,Fortaleza,CE,2015,7,0.0,inpe_bdq_aqua_ref,climatology_regional_intensity12,0.045454545454545456,2015-07
2305100,Guaramiranga,CE,2015,7,0.0,inpe_bdq_aqua_ref,climatology_regional_intensity12,0.0,2015-07
2305506,Iguatu,CE,2015,7,2.0,inpe_bdq_aqua_ref,climatology_regional_intensity12,0.3181818181818182,2015-07
2306405,Itapipoca,CE,2015,7,0.0,inpe_bdq_aqua_ref,climatology_regional_intensity12,0.5454545454545454,2015-07
2306900,Jaguaribe,CE,2015,7,0.0,inpe_bdq_aqua_ref,climatology_regional_intensity12,0.09090909090909091,2015-07
2307007,Jaguaruana,CE,2015,7,0.0,inpe_bdq_aqua_ref,climatology_regional_intensity12,0.18181818181818182,2015-07
2307106,Jardim,CE,2015,7,0.0,inpe_bdq_legacy,climatology_regional_intensity12,0.0,2015-07
2307205,Jati,CE,2015,7,0.0,inpe_bdq_legacy,climatology_regional_intensity12,0.0,2015-07
2307304,Juazeiro do Norte,CE,2015,7,0.0,inpe_bdq_legacy,climatology_regional_intensity12,0.18181818181818182,2015-07
2308401,Missão Velha,CE,2015,7,1.0,inpe_bdq_legacy,climatology_regional_intensity12,0.045454545454545456,2015-07
2308708,Morada Nova,CE,2015,7,0.0,inpe_bdq_aqua_ref,climatology_regional_intensity12,0.0,2015-07
2309201,Nova Olinda,CE,2015,7,0.0,inpe_bdq_legacy,climatology_regional_intensity12,0.22727272727272727,2015-07
2310605,Penaforte,CE,2015,7,0.0,inpe_bdq_legacy,climatology_regional_intensity12,0.0,2015-07
2311108,Porteiras,CE,2015,7,0.0,inpe_bdq_legacy,climatology_regional_intensity12,0.13636363636363635,2015-07
2311207,Potengi,CE,2015,7,0.0,inpe_bdq_legacy,climatology_regional_intensity12,0.09090909090909091,2015-07
2311306,Quixadá,CE,2015,7,1.0,inpe_bdq_aqua_ref,climatology_regional_intensity12,0.13636363636363635,2015-07
2311405,Quixeramobim,CE,2015,7,1.0,inpe_bdq_aqua_ref,climatology_regional_intensity12,0.22727272727272727,2015-07
2311959,Salitre,CE,2015,7,0.0,inpe_bdq_legacy,climatology_regional_intensity12,0.0,2015-07
2312106,Santana do Cariri,CE,2015,7,0.0,inpe_bdq_legacy,climatology_regional_intensity12,0.09090909090909091,2015-07
2312908,Sobral,CE,2015,7,0.0,inpe_bdq_aqua_ref,climatology_regional_intensity12,0.45454545454545453,2015-07
2313302,Tauá,CE,2015,7,0.0,inpe_bdq_aqua_ref,climatology_regional_intensity12,0.18181818181818182,2015-07
2313401,Tianguá,CE,2015,7,0.0,inpe_bdq_aqua_ref,climatology_regional_intensity12,0.22727272727272727,2015-07
2300101,Abaiara,CE,2015,8,0.0,inpe_bdq_legacy,climatology_municipal,0.2727272727272727,2015-08
2300200,Acaraú,CE,2015,8,0.0,inpe_bdq_aqua_ref,climatology_municipal,1.2727272727272727,2015-08
2301307,Araripe,CE,2015,8,0.0,inpe_bdq_legacy,climatology_municipal,0.5,2015-08
2301604,Assaré,CE,2015,8,0.0,inpe_bdq_legacy,climatology_municipal,0.9090909090909091,2015-08
2301901,Barbalha,CE,2015,8,1.0,inpe_bdq_aqua_ref,climatology_municipal,0.8333333333333334,2015-08
2302503,Brejo Santo,CE,2015,8,0.0,inpe_bdq_legacy,climatology_municipal,0.2727272727272727,2015-08
2302701,Campos Sales,CE,2015,8,0.0,inpe_bdq_aqua_ref,climatology_municipal,0.2727272727272727,2015-08
2304103,Crateús,CE,2015,8,9.0,inpe_bdq_aqua_ref,climatology_municipal,1.2727272727272727,2015-08
2304202,Crato,CE,2015,8,4.0,inpe_bdq_legacy,climatology_municipal,1.4166666666666667,2015-08
2304400,Fortaleza,CE,2015,8,0.0,inpe_bdq_aqua_ref,climatology_municipal,0.2727272727272727,2015-08
2305100,Guaramiranga,CE,2015,8,0.0,inpe_bdq_aqua_ref,climatology_municipal,0.0,2015-08
2305506,Iguatu,CE,2015,8,2.0,inpe_bdq_aqua_ref,climatology_municipal,1.1818181818181819,2015-08
2306405,Itapipoca,CE,2015,8,7.0,inpe_bdq_aqua_ref,climatology_municipal,3.1818181818181817,2015-08
2306900,Jaguaribe,CE,2015,8,0.0,inpe_bdq_aqua_ref,climatology_municipal,0.5454545454545454,2015-08
2307007,Jaguaruana,CE,2015,8,0.0,inpe_bdq_aqua_ref,climatology_municipal,0.7142857142857143,2015-08
2307106,Jardim,CE,2015,8,0.0,inpe_bdq_legacy,climatology_municipal,0.09090909090909091,2015-08
2307205,Jati,CE,2015,8,0.0,inpe_bdq_legacy,climatology_municipal,0.0,2015-08
2307304,Juazeiro do Norte,CE,2015,8,2.0,inpe_bdq_legacy,climatology_municipal,0.4,2015-08
2308401,Missão Velha,CE,2015,8,0.0,inpe_bdq_legacy,climatology_municipal,0.18181818181818182,2015-08
2308708,Morada Nova,CE,2015,8,2.0,inpe_bdq_aqua_ref,climatology_municipal,1.2727272727272727,2015-08
2309201,Nova Olinda,CE,2015,8,0.0,inpe_bdq_legacy,climatology_municipal,0.2727272727272727,2015-08
2310605,Penaforte,CE,2015,8,0.0,inpe_bdq_legacy,climatology_municipal,0.0,2015-08
2311207,Potengi,CE,2015,8,0.0,inpe_bdq_legacy,climatology_municipal,0.0,2015-08
2311306,Quixadá,CE,2015,8,2.0,inpe_bdq_aqua_ref,climatology_municipal,0.5454545454545454,2015-08
2311405,Quixeramobim,CE,2015,8,0.0,inpe_bdq_aqua_ref,climatology_municipal,1.2727272727272727,2015-08
2311959,Salitre,CE,2015,8,0.0,inpe_bdq_legacy,climatology_municipal,0.25,2015-08
2312106,Santana do Cariri,CE,2015,8,2.0,inpe_bdq_legacy,climatology_municipal,0.5833333333333334,2015-08
2312908,Sobral,CE,2015,8,11.0,inpe_bdq_aqua_ref,climatology_municipal,6.545454545454546,2015-08
2313302,Tauá,CE,2015,8,0.0,inpe_bdq_aqua_ref,climatology_municipal,0.45454545454545453,2015-08
2313401,Tianguá,CE,2015,8,0.0,inpe_bdq_aqua_ref,climatology_municipal,0.9090909090909091,2015-08
2300101,Abaiara,CE,2015,8,0.0,inpe_bdq_legacy,climatology_regional_intensity12,0.13636363636363635,2015-08
2300200,Acaraú,CE,2015,8,0.0,inpe_bdq_aqua_ref,climatology_regional_intensity12,0.6363636363636364,2015-08
2301307,Araripe,CE,2015,8,0.0,inpe_bdq_legacy,climatology_regional_intensity12,0.25,2015-08
2301604,Assaré,CE,2015,8,0.0,inpe_bdq_legacy,climatology_regional_intensity12,0.45454545454545453,2015-08
2301901,Barbalha,CE,2015,8,1.0,inpe_bdq_aqua_ref,climatology_regional_intensity12,0.4166666666666667,2015-08
2302503,Brejo Santo,CE,2015,8,0.0,inpe_bdq_legacy,climatology_regional_intensity12,0.13636363636363635,2015-08
2302701,Campos Sales,CE,2015,8,0.0,inpe_bdq_aqua_ref,climatology_regional_intensity12,0.13636363636363635,2015-08
2304103,Crateús,CE,2015,8,9.0,inpe_bdq_aqua_ref,climatology_regional_intensity12,0.6363636363636364,2015-08
2304202,Crato,CE,2015,8,4.0,inpe_bdq_legacy,climatology_regional_intensity12,0.7083333333333334,2015-08
2304400,Fortaleza,CE,2015,8,0.0,inpe_bdq_aqua_ref,climatology_regional_intensity12,0.13636363636363635,2015-08
2305100,Guaramiranga,CE,2015,8,0.0,inpe_bdq_aqua_ref,climatology_regional_intensity12,0.0,2015-08
2305506,Iguatu,CE,2015,8,2.0,inpe_bdq_aqua_ref,climatology_regional_intensity12,0.5909090909090909,2015-08
2306405,Itapipoca,CE,2015,8,7.0,inpe_bdq_aqua_ref,climatology_regional_intensity12,1.5909090909090908,2015-08
2306900,Jaguaribe,CE,2015,8,0.0,inpe_bdq_aqua_ref,climatology_regional_intensity12,0.2727272727272727,2015-08
2307007,Jaguaruana,CE,2015,8,0.0,inpe_bdq_aqua_ref,climatology_regional_intensity12,0.35714285714285715,2015-08
2307106,Jardim,CE,2015,8,0.0,inpe_bdq_legacy,climatology_regional_intensity12,0.045454545454545456,2015-08
2307205,Jati,CE,2015,8,0.0,inpe_bdq_legacy,climatology_regional_intensity12,0.0,2015-08
2307304,Juazeiro do Norte,CE,2015,8,2.0,inpe_bdq_legacy,climatology_regional_intensity12,0.2,2015-08
2308401,Missão Velha,CE,2015,8,0.0,inpe_bdq_legacy,climatology_regional_intensity12,0.09090909090909091,2015-08
2308708,Morada Nova,CE,2015,8,2.0,inpe_bdq_aqua_ref,climatology_regional_intensity12,0.6363636363636364,2015-08
2309201,Nova Olinda,CE,2015,8,0.0,inpe_bdq_legacy,climatology_regional_intensity12,0.13636363636363635,2015-08
2310605,Penaforte,CE,2015,8,0.0,inpe_bdq_legacy,climatology_regional_intensity12,0.0,2015-08
2311207,Potengi,CE,2015,8,0.0,inpe_bdq_legacy,climatology_regional_intensity12,0.0,2015-08
2311306,Quixadá,CE,2015,8,2.0,inpe_bdq_aqua_ref,climatology_regional_intensity12,0.2727272727272727,2015-08
2311405,Quixeramobim,CE,2015,8,0.0,inpe_bdq_aqua_ref,climatology_regional_intensity12,0.6363636363636364,2015-08
2311959,Salitre,CE,2015,8,0.0,inpe_bdq_legacy,climatology_regional_intensity12,0.125,2015-08
2312106,Santana do Cariri,CE,2015,8,2.0,inpe_bdq_legacy,climatology_regional_intensity12,0.2916666666666667,2015-08
2312908,Sobral,CE,2015,8,11.0,inpe_bdq_aqua_ref,climatology_regional_intensity12,3.272727272727273,2015-08
2313302,Tauá,CE,2015,8,0.0,inpe_bdq_aqua_ref,climatology_regional_intensity12,0.22727272727272727,2015-08
2313401,Tianguá,CE,2015,8,0.0,inpe_bdq_aqua_ref,climatology_regional_intensity12,0.45454545454545453,2015-08
2300101,Abaiara,CE,2015,9,0.0,inpe_bdq_legacy,climatology_municipal,0.36363636363636365,2015-09
2300200,Acaraú,CE,2015,9,1.0,inpe_bdq_aqua_ref,climatology_municipal,2.090909090909091,2015-09
2301307,Araripe,CE,2015,9,9.0,inpe_bdq_legacy,climatology_municipal,6.25,2015-09
2301604,Assaré,CE,2015,9,1.0,inpe_bdq_legacy,climatology_municipal,1.5833333333333333,2015-09
2301901,Barbalha,CE,2015,9,4.0,inpe_bdq_aqua_ref,climatology_municipal,2.5,2015-09
2302503,Brejo Santo,CE,2015,9,0.0,inpe_bdq_legacy,climatology_municipal,1.4166666666666667,2015-09
2302701,Campos Sales,CE,2015,9,2.0,inpe_bdq_aqua_ref,climatology_municipal,1.6666666666666667,2015-09
2304103,Crateús,CE,2015,9,4.0,inpe_bdq_aqua_ref,climatology_municipal,2.272727272727273,2015-09
2304202,Crato,CE,2015,9,2.0,inpe_bdq_legacy,climatology_municipal,3.6666666666666665,2015-09
2304400,Fortaleza,CE,2015,9,1.0,inpe_bdq_aqua_ref,climatology_municipal,0.36363636363636365,2015-09
2305100,Guaramiranga,CE,2015,9,0.0,inpe_bdq_aqua_ref,climatology_municipal,0.0,2015-09
2305506,Iguatu,CE,2015,9,0.0,inpe_bdq_aqua_ref,climatology_municipal,3.272727272727273,2015-09
2306405,Itapipoca,CE,2015,9,1.0,inpe_bdq_aqua_ref,climatology_municipal,3.3636363636363638,2015-09
2306900,Jaguaribe,CE,2015,9,0.0,inpe_bdq_aqua_ref,climatology_municipal,0.6363636363636364,2015-09
2307007,Jaguaruana,CE,2015,9,0.0,inpe_bdq_aqua_ref,climatology_municipal,1.1428571428571428,2015-09
2307106,Jardim,CE,2015,9,0.0,inpe_bdq_legacy,climatology_municipal,2.090909090909091,2015-09
2307205,Jati,CE,2015,9,1.0,inpe_bdq_legacy,climatology_municipal,0.5833333333333334,2015-09
2307304,Juazeiro do Norte,CE,2015,9,0.0,inpe_bdq_legacy,climatology_municipal,1.0,2015-09
2308401,Missão Velha,CE,2015,9,1.0,inpe_bdq_legacy,climatology_municipal,3.4166666666666665,2015-09
2308708,Morada Nova,CE,2015,9,2.0,inpe_bdq_aqua_ref,climatology_municipal,1.3636363636363635,2015-09
2309201,Nova Olinda,CE,2015,9,2.0,inpe_bdq_legacy,climatology_municipal,0.9090909090909091,2015-09
2310605,Penaforte,CE,2015,9,0.0,inpe_bdq_legacy,climatology_municipal,0.0,2015-09
2311207,Potengi,CE,2015,9,4.0,inpe_bdq_legacy,climatology_municipal,1.0,2015-09
2311306,Quixadá,CE,2015,9,2.0,inpe_bdq_aqua_ref,climatology_municipal,3.909090909090909,2015-09
2311405,Quixeramobim,CE,2015,9,2.0,inpe_bdq_aqua_ref,climatology_municipal,2.1818181818181817,2015-09
2311959,Salitre,CE,2015,9,0.0,inpe_bdq_legacy,climatology_municipal,1.9166666666666667,2015-09
2312106,Santana do Cariri,CE,2015,9,0.0,inpe_bdq_legacy,climatology_municipal,4.416666666666667,2015-09
2312908,Sobral,CE,2015,9,2.0,inpe_bdq_aqua_ref,climatology_municipal,10.363636363636363,2015-09
2313302,Tauá,CE,2015,9,0.0,inpe_bdq_aqua_ref,climatology_municipal,2.909090909090909,2015-09
2313401,Tianguá,CE,2015,9,0.0,inpe_bdq_aqua_ref,climatology_municipal,1.4545454545454546,2015-09
2300101,Abaiara,CE,2015,9,0.0,inpe_bdq_legacy,climatology_regional_intensity12,0.18181818181818182,2015-09
2300200,Acaraú,CE,2015,9,1.0,inpe_bdq_aqua_ref,climatology_regional_intensity12,1.0454545454545454,2015-09
2301307,Araripe,CE,2015,9,9.0,inpe_bdq_legacy,climatology_regional_intensity12,3.125,2015-09
2301604,Assaré,CE,2015,9,1.0,inpe_bdq_legacy,climatology_regional_intensity12,0.7916666666666666,2015-09
2301901,Barbalha,CE,2015,9,4.0,inpe_bdq_aqua_ref,climatology_regional_intensity12,1.25,2015-09
2302503,Brejo Santo,CE,2015,9,0.0,inpe_bdq_legacy,climatology_regional_intensity12,0.7083333333333334,2015-09
2302701,Campos Sales,CE,2015,9,2.0,inpe_bdq_aqua_ref,climatology_regional_intensity12,0.8333333333333334,2015-09
2304103,Crateús,CE,2015,9,4.0,inpe_bdq_aqua_ref,climatology_regional_intensity12,1.1363636363636365,2015-09
2304202,Crato,CE,2015,9,2.0,inpe_bdq_legacy,climatology_regional_intensity12,1.8333333333333333,2015-09
2304400,Fortaleza,CE,2015,9,1.0,inpe_bdq_aqua_ref,climatology_regional_intensity12,0.18181818181818182,2015-09
2305100,Guaramiranga,CE,2015,9,0.0,inpe_bdq_aqua_ref,climatology_regional_intensity12,0.0,2015-09
2305506,Iguatu,CE,2015,9,0.0,inpe_bdq_aqua_ref,climatology_regional_intensity12,1.6363636363636365,2015-09
2306405,Itapipoca,CE,2015,9,1.0,inpe_bdq_aqua_ref,climatology_regional_intensity12,1.6818181818181819,2015-09
2306900,Jaguaribe,CE,2015,9,0.0,inpe_bdq_aqua_ref,climatology_regional_intensity12,0.3181818181818182,2015-09
2307007,Jaguaruana,CE,2015,9,0.0,inpe_bdq_aqua_ref,climatology_regional_intensity12,0.5714285714285714,2015-09
2307106,Jardim,CE,2015,9,0.0,inpe_bdq_legacy,climatology_regional_intensity12,1.0454545454545454,2015-09
2307205,Jati,CE,2015,9,1.0,inpe_bdq_legacy,climatology_regional_intensity12,0.2916666666666667,2015-09
2307304,Juazeiro do Norte,CE,2015,9,0.0,inpe_bdq_legacy,climatology_regional_intensity12,0.5,2015-09
2308401,Missão Velha,CE,2015,9,1.0,inpe_bdq_legacy,climatology_regional_intensity12,1.7083333333333333,2015-09
2308708,Morada Nova,CE,2015,9,2.0,inpe_bdq_aqua_ref,climatology_regional_intensity12,0.6818181818181818,2015-09
2309201,Nova Olinda,CE,2015,9,2.0,inpe_bdq_legacy,climatology_regional_intensity12,0.45454545454545453,2015-09
2310605,Penaforte,CE,2015,9,0.0,inpe_bdq_legacy,climatology_regional_intensity12,0.0,2015-09
2311207,Potengi,CE,2015,9,4.0,inpe_bdq_legacy,climatology_regional_intensity12,0.5,2015-09
2311306,Quixadá,CE,2015,9,2.0,inpe_bdq_aqua_ref,climatology_regional_intensity12,1.9545454545454546,2015-09
2311405,Quixeramobim,CE,2015,9,2.0,inpe_bdq_aqua_ref,climatology_regional_intensity12,1.0909090909090908,2015-09
2311959,Salitre,CE,2015,9,0.0,inpe_bdq_legacy,climatology_regional_intensity12,0.9583333333333334,2015-09
2312106,Santana do Cariri,CE,2015,9,0.0,inpe_bdq_legacy,climatology_regional_intensity12,2.2083333333333335,2015-09
2312908,Sobral,CE,2015,9,2.0,inpe_bdq_aqua_ref,climatology_regional_intensity12,5.181818181818182,2015-09
2313302,Tauá,CE,2015,9,0.0,inpe_bdq_aqua_ref,climatology_regional_intensity12,1.4545454545454546,2015-09
2313401,Tianguá,CE,2015,9,0.0,inpe_bdq_aqua_ref,climatology_regional_intensity12,0.7272727272727273,2015-09
2300101,Abaiara,CE,2015,10,0.0,inpe_bdq_legacy,climatology_municipal,0.8333333333333334,2015-10
2300200,Acaraú,CE,2015,10,5.0,inpe_bdq_aqua_ref,climatology_municipal,1.4545454545454546,2015-10
2301307,Araripe,CE,2015,10,14.0,inpe_bdq_legacy,climatology_municipal,9.416666666666666,2015-10
2301604,Assaré,CE,2015,10,5.0,inpe_bdq_legacy,climatology_municipal,2.4166666666666665,2015-10
2301901,Barbalha,CE,2015,10,1.0,inpe_bdq_aqua_ref,climatology_municipal,2.6666666666666665,2015-10
2302503,Brejo Santo,CE,2015,10,3.0,inpe_bdq_legacy,climatology_municipal,3.0833333333333335,2015-10
2302701,Campos Sales,CE,2015,10,2.0,inpe_bdq_aqua_ref,climatology_municipal,3.0,2015-10
2304103,Crateús,CE,2015,10,38.0,inpe_bdq_aqua_ref,climatology_municipal,46.54545454545455,2015-10
2304202,Crato,CE,2015,10,7.0,inpe_bdq_legacy,climatology_municipal,8.833333333333334,2015-10
2304400,Fortaleza,CE,2015,10,2.0,inpe_bdq_aqua_ref,climatology_municipal,0.9090909090909091,2015-10
2305100,Guaramiranga,CE,2015,10,0.0,inpe_bdq_aqua_ref,climatology_municipal,0.0,2015-10
2305506,Iguatu,CE,2015,10,0.0,inpe_bdq_aqua_ref,climatology_municipal,3.727272727272727,2015-10
2306405,Itapipoca,CE,2015,10,3.0,inpe_bdq_aqua_ref,climatology_municipal,2.6363636363636362,2015-10
2306900,Jaguaribe,CE,2015,10,1.0,inpe_bdq_aqua_ref,climatology_municipal,2.090909090909091,2015-10
2307007,Jaguaruana,CE,2015,10,0.0,inpe_bdq_aqua_ref,climatology_municipal,1.2857142857142858,2015-10
2307106,Jardim,CE,2015,10,0.0,inpe_bdq_legacy,climatology_municipal,2.8333333333333335,2015-10
2307205,Jati,CE,2015,10,1.0,inpe_bdq_legacy,climatology_municipal,3.0833333333333335,2015-10
2307304,Juazeiro do Norte,CE,2015,10,8.0,inpe_bdq_legacy,climatology_municipal,2.2,2015-10
2308401,Missão Velha,CE,2015,10,2.0,inpe_bdq_legacy,climatology_municipal,5.0,2015-10
2308708,Morada Nova,CE,2015,10,2.0,inpe_bdq_aqua_ref,climatology_municipal,6.363636363636363,2015-10
2309201,Nova Olinda,CE,2015,10,1.0,inpe_bdq_legacy,climatology_municipal,1.0,2015-10
2310605,Penaforte,CE,2015,10,0.0,inpe_bdq_legacy,climatology_municipal,0.2727272727272727,2015-10
2311207,Potengi,CE,2015,10,1.0,inpe_bdq_legacy,climatology_municipal,1.25,2015-10
2311306,Quixadá,CE,2015,10,10.0,inpe_bdq_aqua_ref,climatology_municipal,22.0,2015-10
2311405,Quixeramobim,CE,2015,10,8.0,inpe_bdq_aqua_ref,climatology_municipal,46.27272727272727,2015-10
2311959,Salitre,CE,2015,10,1.0,inpe_bdq_legacy,climatology_municipal,4.583333333333333,2015-10
2312106,Santana do Cariri,CE,2015,10,9.0,inpe_bdq_legacy,climatology_municipal,6.166666666666667,2015-10
2312908,Sobral,CE,2015,10,4.0,inpe_bdq_aqua_ref,climatology_municipal,16.636363636363637,2015-10
2313302,Tauá,CE,2015,10,2.0,inpe_bdq_aqua_ref,climatology_municipal,9.909090909090908,2015-10
2313401,Tianguá,CE,2015,10,8.0,inpe_bdq_aqua_ref,climatology_municipal,2.727272727272727,2015-10
2300101,Abaiara,CE,2015,10,0.0,inpe_bdq_legacy,climatology_regional_intensity12,0.4166666666666667,2015-10
2300200,Acaraú,CE,2015,10,5.0,inpe_bdq_aqua_ref,climatology_regional_intensity12,0.7272727272727273,2015-10
2301307,Araripe,CE,2015,10,14.0,inpe_bdq_legacy,climatology_regional_intensity12,4.708333333333333,2015-10
2301604,Assaré,CE,2015,10,5.0,inpe_bdq_legacy,climatology_regional_intensity12,1.2083333333333333,2015-10
2301901,Barbalha,CE,2015,10,1.0,inpe_bdq_aqua_ref,climatology_regional_intensity12,1.3333333333333333,2015-10
2302503,Brejo Santo,CE,2015,10,3.0,inpe_bdq_legacy,climatology_regional_intensity12,1.5416666666666667,2015-10
2302701,Campos Sales,CE,2015,10,2.0,inpe_bdq_aqua_ref,climatology_regional_intensity12,1.5,2015-10
2304103,Crateús,CE,2015,10,38.0,inpe_bdq_aqua_ref,climatology_regional_intensity12,23.272727272727273,2015-10
2304202,Crato,CE,2015,10,7.0,inpe_bdq_legacy,climatology_regional_intensity12,4.416666666666667,2015-10
2304400,Fortaleza,CE,2015,10,2.0,inpe_bdq_aqua_ref,climatology_regional_intensity12,0.45454545454545453,2015-10
2305100,Guaramiranga,CE,2015,10,0.0,inpe_bdq_aqua_ref,climatology_regional_intensity12,0.0,2015-10
2305506,Iguatu,CE,2015,10,0.0,inpe_bdq_aqua_ref,climatology_regional_intensity12,1.8636363636363635,2015-10
2306405,Itapipoca,CE,2015,10,3.0,inpe_bdq_aqua_ref,climatology_regional_intensity12,1.3181818181818181,2015-10
2306900,Jaguaribe,CE,2015,10,1.0,inpe_bdq_aqua_ref,climatology_regional_intensity12,1.0454545454545454,2015-10
2307007,Jaguaruana,CE,2015,10,0.0,inpe_bdq_aqua_ref,climatology_regional_intensity12,0.6428571428571429,2015-10
2307106,Jardim,CE,2015,10,0.0,inpe_bdq_legacy,climatology_regional_intensity12,1.4166666666666667,2015-10
2307205,Jati,CE,2015,10,1.0,inpe_bdq_legacy,climatology_regional_intensity12,1.5416666666666667,2015-10
2307304,Juazeiro do Norte,CE,2015,10,8.0,inpe_bdq_legacy,climatology_regional_intensity12,1.1,2015-10
2308401,Missão Velha,CE,2015,10,2.0,inpe_bdq_legacy,climatology_regional_intensity12,2.5,2015-10
2308708,Morada Nova,CE,2015,10,2.0,inpe_bdq_aqua_ref,climatology_regional_intensity12,3.1818181818181817,2015-10
2309201,Nova Olinda,CE,2015,10,1.0,inpe_bdq_legacy,climatology_regional_intensity12,0.5,2015-10
2310605,Penaforte,CE,2015,10,0.0,inpe_bdq_legacy,climatology_regional_intensity12,0.13636363636363635,2015-10
2311207,Potengi,CE,2015,10,1.0,inpe_bdq_legacy,climatology_regional_intensity12,0.625,2015-10
2311306,Quixadá,CE,2015,10,10.0,inpe_bdq_aqua_ref,climatology_regional_intensity12,11.0,2015-10
2311405,Quixeramobim,CE,2015,10,8.0,inpe_bdq_aqua_ref,climatology_regional_intensity12,23.136363636363637,2015-10
2311959,Salitre,CE,2015,10,1.0,inpe_bdq_legacy,climatology_regional_intensity12,2.2916666666666665,2015-10
2312106,Santana do Cariri,CE,2015,10,9.0,inpe_bdq_legacy,climatology_regional_intensity12,3.0833333333333335,2015-10
2312908,Sobral,CE,2015,10,4.0,inpe_bdq_aqua_ref,climatology_regional_intensity12,8.318181818181818,2015-10
2313302,Tauá,CE,2015,10,2.0,inpe_bdq_aqua_ref,climatology_regional_intensity12,4.954545454545454,2015-10
2313401,Tianguá,CE,2015,10,8.0,inpe_bdq_aqua_ref,climatology_regional_intensity12,1.3636363636363635,2015-10
2300101,Abaiara,CE,2015,11,1.0,inpe_bdq_legacy,climatology_municipal,3.3333333333333335,2015-11
2300200,Acaraú,CE,2015,11,5.0,inpe_bdq_aqua_ref,climatology_municipal,10.545454545454545,2015-11
2301307,Araripe,CE,2015,11,7.0,inpe_bdq_legacy,climatology_municipal,17.166666666666668,2015-11
2301604,Assaré,CE,2015,11,2.0,inpe_bdq_legacy,climatology_municipal,6.25,2015-11
2301901,Barbalha,CE,2015,11,2.0,inpe_bdq_aqua_ref,climatology_municipal,6.166666666666667,2015-11
2302503,Brejo Santo,CE,2015,11,1.0,inpe_bdq_legacy,climatology_municipal,6.833333333333333,2015-11
2302701,Campos Sales,CE,2015,11,3.0,inpe_bdq_aqua_ref,climatology_municipal,3.6666666666666665,2015-11
2304103,Crateús,CE,2015,11,22.0,inpe_bdq_aqua_ref,climatology_municipal,73.45454545454545,2015-11
2304202,Crato,CE,2015,11,3.0,inpe_bdq_legacy,climatology_municipal,11.666666666666666,2015-11
2304400,Fortaleza,CE,2015,11,2.0,inpe_bdq_aqua_ref,climatology_municipal,1.1818181818181819,2015-11
2305100,Guaramiranga,CE,2015,11,0.0,inpe_bdq_aqua_ref,climatology_municipal,0.5555555555555556,2015-11
2305506,Iguatu,CE,2015,11,7.0,inpe_bdq_aqua_ref,climatology_municipal,6.909090909090909,2015-11
2306405,Itapipoca,CE,2015,11,20.0,inpe_bdq_aqua_ref,climatology_municipal,24.818181818181817,2015-11
2306900,Jaguaribe,CE,2015,11,1.0,inpe_bdq_aqua_ref,climatology_municipal,4.2727272727272725,2015-11
2307007,Jaguaruana,CE,2015,11,0.0,inpe_bdq_aqua_ref,climatology_municipal,0.7142857142857143,2015-11
2307106,Jardim,CE,2015,11,0.0,inpe_bdq_legacy,climatology_municipal,4.583333333333333,2015-11
2307205,Jati,CE,2015,11,1.0,inpe_bdq_legacy,climatology_municipal,3.25,2015-11
2307304,Juazeiro do Norte,CE,2015,11,0.0,inpe_bdq_legacy,climatology_municipal,5.1,2015-11
2308401,Missão Velha,CE,2015,11,6.0,inpe_bdq_legacy,climatology_municipal,12.0,2015-11
2308708,Morada Nova,CE,2015,11,1.0,inpe_bdq_aqua_ref,climatology_municipal,6.090909090909091,2015-11
2309201,Nova Olinda,CE,2015,11,7.0,inpe_bdq_legacy,climatology_municipal,4.5,2015-11
2310605,Penaforte,CE,2015,11,0.0,inpe_bdq_legacy,climatology_municipal,0.4166666666666667,2015-11
2311207,Potengi,CE,2015,11,0.0,inpe_bdq_legacy,climatology_municipal,3.8333333333333335,2015-11
2311306,Quixadá,CE,2015,11,22.0,inpe_bdq_aqua_ref,climatology_municipal,30.181818181818183,2015-11
2311405,Quixeramobim,CE,2015,11,30.0,inpe_bdq_aqua_ref,climatology_municipal,66.81818181818181,2015-11
2311959,Salitre,CE,2015,11,2.0,inpe_bdq_legacy,climatology_municipal,11.666666666666666,2015-11
2312106,Santana do Cariri,CE,2015,11,11.0,inpe_bdq_legacy,climatology_municipal,15.0,2015-11
2312908,Sobral,CE,2015,11,21.0,inpe_bdq_aqua_ref,climatology_municipal,39.0,2015-11
2313302,Tauá,CE,2015,11,5.0,inpe_bdq_aqua_ref,climatology_municipal,19.818181818181817,2015-11
2313401,Tianguá,CE,2015,11,4.0,inpe_bdq_aqua_ref,climatology_municipal,12.727272727272727,2015-11
2300101,Abaiara,CE,2015,11,1.0,inpe_bdq_legacy,climatology_regional_intensity12,1.6970632740000189,2015-11
2300200,Acaraú,CE,2015,11,5.0,inpe_bdq_aqua_ref,climatology_regional_intensity12,5.368891085018241,2015-11
2301307,Araripe,CE,2015,11,7.0,inpe_bdq_legacy,climatology_regional_intensity12,8.739875861100098,2015-11
2301604,Assaré,CE,2015,11,2.0,inpe_bdq_legacy,climatology_regional_intensity12,3.181993638750035,2015-11
2301901,Barbalha,CE,2015,11,2.0,inpe_bdq_aqua_ref,climatology_regional_intensity12,3.139567056900035,2015-11
2302503,Brejo Santo,CE,2015,11,1.0,inpe_bdq_legacy,climatology_regional_intensity12,3.4789797117000383,2015-11
2302701,Campos Sales,CE,2015,11,3.0,inpe_bdq_aqua_ref,climatology_regional_intensity12,1.8667696014000206,2015-11
2304103,Crateús,CE,2015,11,22.0,inpe_bdq_aqua_ref,climatology_regional_intensity12,37.39710341978223,2015-11
2304202,Crato,CE,2015,11,3.0,inpe_bdq_legacy,climatology_regional_intensity12,5.939721459000065,2015-11
2304400,Fortaleza,CE,2015,11,2.0,inpe_bdq_aqua_ref,climatology_regional_intensity12,0.601686069872734,2015-11
2305100,Guaramiranga,CE,2015,11,0.0,inpe_bdq_aqua_ref,climatology_regional_intensity12,0.28284387900000313,2015-11
2305506,Iguatu,CE,2015,11,7.0,inpe_bdq_aqua_ref,climatology_regional_intensity12,3.5175493315636754,2015-11
2306405,Itapipoca,CE,2015,11,20.0,inpe_bdq_aqua_ref,climatology_regional_intensity12,12.635407467327411,2015-11
2306900,Jaguaribe,CE,2015,11,1.0,inpe_bdq_aqua_ref,climatology_regional_intensity12,2.1753265603091148,2015-11
2307007,Jaguaruana,CE,2015,11,0.0,inpe_bdq_aqua_ref,climatology_regional_intensity12,0.36365641585714686,2015-11
2307106,Jardim,CE,2015,11,0.0,inpe_bdq_legacy,climatology_regional_intensity12,2.333462001750026,2015-11
2307205,Jati,CE,2015,11,1.0,inpe_bdq_legacy,climatology_regional_intensity12,1.6546366921500182,2015-11
2307304,Juazeiro do Norte,CE,2015,11,0.0,inpe_bdq_legacy,climatology_regional_intensity12,2.5965068092200285,2015-11
2308401,Missão Velha,CE,2015,11,6.0,inpe_bdq_legacy,climatology_regional_intensity12,6.109427786400067,2015-11
2308708,Morada Nova,CE,2015,11,1.0,inpe_bdq_aqua_ref,climatology_regional_intensity12,3.1009974370363977,2015-11
2309201,Nova Olinda,CE,2015,11,7.0,inpe_bdq_legacy,climatology_regional_intensity12,2.2910354199000253,2015-11
2310605,Penaforte,CE,2015,11,0.0,inpe_bdq_legacy,climatology_regional_intensity12,0.21213290925000236,2015-11
2311207,Potengi,CE,2015,11,0.0,inpe_bdq_legacy,climatology_regional_intensity12,1.9516227651000215,2015-11
2311306,Quixadá,CE,2015,11,22.0,inpe_bdq_aqua_ref,climatology_regional_intensity12,15.366136553672897,2015-11
2311405,Quixeramobim,CE,2015,11,30.0,inpe_bdq_aqua_ref,climatology_regional_intensity12,34.01840471972765,2015-11
2311959,Salitre,CE,2015,11,2.0,inpe_bdq_legacy,climatology_regional_intensity12,5.939721459000065,2015-11
2312106,Santana do Cariri,CE,2015,11,11.0,inpe_bdq_legacy,climatology_regional_intensity12,7.636784733000084,2015-11
2312908,Sobral,CE,2015,11,21.0,inpe_bdq_aqua_ref,climatology_regional_intensity12,19.855640305800218,2015-11
2313302,Tauá,CE,2015,11,5.0,inpe_bdq_aqua_ref,climatology_regional_intensity12,10.089812556327383,2015-11
2313401,Tianguá,CE,2015,11,4.0,inpe_bdq_aqua_ref,climatology_regional_intensity12,6.47969613709098,2015-11
2300101,Abaiara,CE,2015,12,1.0,inpe_bdq_legacy,climatology_municipal,2.4166666666666665,2015-12
2300200,Acaraú,CE,2015,12,5.0,inpe_bdq_aqua_ref,climatology_municipal,47.36363636363637,2015-12
2301307,Araripe,CE,2015,12,2.0,inpe_bdq_legacy,climatology_municipal,7.416666666666667,2015-12
2301604,Assaré,CE,2015,12,0.0,inpe_bdq_legacy,climatology_municipal,6.166666666666667,2015-12
2301901,Barbalha,CE,2015,12,3.0,inpe_bdq_aqua_ref,climatology_municipal,2.25,2015-12
2302503,Brejo Santo,CE,2015,12,0.0,inpe_bdq_legacy,climatology_municipal,2.9166666666666665,2015-12
2302701,Campos Sales,CE,2015,12,0.0,inpe_bdq_aqua_ref,climatology_municipal,1.8333333333333333,2015-12
2304103,Crateús,CE,2015,12,18.0,inpe_bdq_aqua_ref,climatology_municipal,34.81818181818182,2015-12
2304202,Crato,CE,2015,12,2.0,inpe_bdq_legacy,climatology_municipal,7.75,2015-12
2304400,Fortaleza,CE,2015,12,0.0,inpe_bdq_aqua_ref,climatology_municipal,0.18181818181818182,2015-12
2305100,Guaramiranga,CE,2015,12,1.0,inpe_bdq_aqua_ref,climatology_municipal,0.0,2015-12
2305506,Iguatu,CE,2015,12,4.0,inpe_bdq_aqua_ref,climatology_municipal,4.909090909090909,2015-12
2306405,Itapipoca,CE,2015,12,51.0,inpe_bdq_aqua_ref,climatology_municipal,78.36363636363636,2015-12
2306900,Jaguaribe,CE,2015,12,0.0,inpe_bdq_aqua_ref,climatology_municipal,2.8181818181818183,2015-12
2307007,Jaguaruana,CE,2015,12,0.0,inpe_bdq_aqua_ref,climatology_municipal,1.1428571428571428,2015-12
2307106,Jardim,CE,2015,12,5.0,inpe_bdq_legacy,climatology_municipal,4.416666666666667,2015-12
2307205,Jati,CE,2015,12,0.0,inpe_bdq_legacy,climatology_municipal,0.8333333333333334,2015-12
2307304,Juazeiro do Norte,CE,2015,12,0.0,inpe_bdq_legacy,climatology_municipal,1.4,2015-12
2308401,Missão Velha,CE,2015,12,5.0,inpe_bdq_legacy,climatology_municipal,7.666666666666667,2015-12
2308708,Morada Nova,CE,2015,12,3.0,inpe_bdq_aqua_ref,climatology_municipal,6.636363636363637,2015-12
2309201,Nova Olinda,CE,2015,12,1.0,inpe_bdq_legacy,climatology_municipal,3.5833333333333335,2015-12
2310605,Penaforte,CE,2015,12,1.0,inpe_bdq_legacy,climatology_municipal,0.4166666666666667,2015-12
2311207,Potengi,CE,2015,12,0.0,inpe_bdq_legacy,climatology_municipal,1.8333333333333333,2015-12
2311306,Quixadá,CE,2015,12,7.0,inpe_bdq_aqua_ref,climatology_municipal,15.272727272727273,2015-12
2311405,Quixeramobim,CE,2015,12,6.0,inpe_bdq_aqua_ref,climatology_municipal,43.09090909090909,2015-12
2311959,Salitre,CE,2015,12,8.0,inpe_bdq_legacy,climatology_municipal,4.583333333333333,2015-12
2312106,Santana do Cariri,CE,2015,12,7.0,inpe_bdq_legacy,climatology_municipal,13.166666666666666,2015-12
2312908,Sobral,CE,2015,12,22.0,inpe_bdq_aqua_ref,climatology_municipal,23.363636363636363,2015-12
2313302,Tauá,CE,2015,12,0.0,inpe_bdq_aqua_ref,climatology_municipal,12.272727272727273,2015-12
2313401,Tianguá,CE,2015,12,6.0,inpe_bdq_aqua_ref,climatology_municipal,15.454545454545455,2015-12
2300101,Abaiara,CE,2015,12,1.0,inpe_bdq_legacy,climatology_regional_intensity12,1.3583936532350158,2015-12
2300200,Acaraú,CE,2015,12,5.0,inpe_bdq_aqua_ref,climatology_regional_intensity12,26.622812288480628,2015-12
2301307,Araripe,CE,2015,12,2.0,inpe_bdq_legacy,climatology_regional_intensity12,4.168863280617808,2015-12
2301604,Assaré,CE,2015,12,0.0,inpe_bdq_legacy,climatology_regional_intensity12,3.46624587377211,2015-12
2301901,Barbalha,CE,2015,12,3.0,inpe_bdq_aqua_ref,climatology_regional_intensity12,1.2647113323222563,2015-12
2302503,Brejo Santo,CE,2015,12,0.0,inpe_bdq_legacy,climatology_regional_intensity12,1.639440615973295,2015-12
2302701,Campos Sales,CE,2015,12,0.0,inpe_bdq_aqua_ref,climatology_regional_intensity12,1.030505530040357,2015-12
2304103,Crateús,CE,2015,12,18.0,inpe_bdq_aqua_ref,climatology_regional_intensity12,19.57108849613835,2015-12
2304202,Crato,CE,2015,12,2.0,inpe_bdq_legacy,climatology_regional_intensity12,4.356227922443328,2015-12
2304400,Fortaleza,CE,2015,12,0.0,inpe_bdq_aqua_ref,climatology_regional_intensity12,0.10219889554119242,2015-12
2305100,Guaramiranga,CE,2015,12,1.0,inpe_bdq_aqua_ref,climatology_regional_intensity12,0.0,2015-12
2305506,Iguatu,CE,2015,12,4.0,inpe_bdq_aqua_ref,climatology_regional_intensity12,2.7593701796121954,2015-12
2306405,Itapipoca,CE,2015,12,51.0,inpe_bdq_aqua_ref,climatology_regional_intensity12,44.047723978253934,2015-12
2306900,Jaguaribe,CE,2015,12,0.0,inpe_bdq_aqua_ref,climatology_regional_intensity12,1.5840828808884826,2015-12
2307007,Jaguaruana,CE,2015,12,0.0,inpe_bdq_aqua_ref,climatology_regional_intensity12,0.6423930576874952,2015-12
2307106,Jardim,CE,2015,12,5.0,inpe_bdq_legacy,climatology_regional_intensity12,2.4825815041881327,2015-12
2307205,Jati,CE,2015,12,0.0,inpe_bdq_legacy,climatology_regional_intensity12,0.46841160456379866,2015-12
2307304,Juazeiro do Norte,CE,2015,12,0.0,inpe_bdq_legacy,climatology_regional_intensity12,0.7869314956671817,2015-12
2308401,Missão Velha,CE,2015,12,5.0,inpe_bdq_legacy,climatology_regional_intensity12,4.309386761986947,2015-12
2308708,Morada Nova,CE,2015,12,3.0,inpe_bdq_aqua_ref,climatology_regional_intensity12,3.7302596872535236,2015-12
2309201,Nova Olinda,CE,2015,12,1.0,inpe_bdq_legacy,climatology_regional_intensity12,2.014169899624334,2015-12
2310605,Penaforte,CE,2015,12,1.0,inpe_bdq_legacy,climatology_regional_intensity12,0.23420580228189933,2015-12
2311207,Potengi,CE,2015,12,0.0,inpe_bdq_legacy,climatology_regional_intensity12,1.030505530040357,2015-12
2311306,Quixadá,CE,2015,12,7.0,inpe_bdq_aqua_ref,climatology_regional_intensity12,8.584707225460164,2015-12
2311405,Quixeramobim,CE,2015,12,6.0,inpe_bdq_aqua_ref,climatology_regional_intensity12,24.221138243262608,2015-12
2311959,Salitre,CE,2015,12,8.0,inpe_bdq_legacy,climatology_regional_intensity12,2.576263825100892,2015-12
2312106,Santana do Cariri,CE,2015,12,7.0,inpe_bdq_legacy,climatology_regional_intensity12,7.400903352108018,2015-12
2312908,Sobral,CE,2015,12,22.0,inpe_bdq_aqua_ref,climatology_regional_intensity12,13.132558077043226,2015-12
2313302,Tauá,CE,2015,12,0.0,inpe_bdq_aqua_ref,climatology_regional_intensity12,6.898425449030489,2015-12
2313401,Tianguá,CE,2015,12,6.0,inpe_bdq_aqua_ref,climatology_regional_intensity12,8.686906121001357,2015-12
2300101,Abaiara,CE,2016,1,0.0,inpe_bdq_legacy,climatology_municipal,0.08333333333333333,2016-01
2300200,Acaraú,CE,2016,1,2.0,inpe_bdq_aqua_ref,climatology_municipal,7.916666666666667,2016-01
2301307,Araripe,CE,2016,1,1.0,inpe_bdq_legacy,climatology_municipal,1.6666666666666667,2016-01
2301604,Assaré,CE,2016,1,2.0,inpe_bdq_legacy,climatology_municipal,2.25,2016-01
2301901,Barbalha,CE,2016,1,2.0,inpe_bdq_aqua_ref,climatology_municipal,0.4166666666666667,2016-01
2302503,Brejo Santo,CE,2016,1,0.0,inpe_bdq_legacy,climatology_municipal,0.5833333333333334,2016-01
2302701,Campos Sales,CE,2016,1,0.0,inpe_bdq_aqua_ref,climatology_municipal,0.4166666666666667,2016-01
2304103,Crateús,CE,2016,1,0.0,inpe_bdq_aqua_ref,climatology_municipal,4.083333333333333,2016-01
2304202,Crato,CE,2016,1,0.0,inpe_bdq_legacy,climatology_municipal,1.1666666666666667,2016-01
2304400,Fortaleza,CE,2016,1,0.0,inpe_bdq_aqua_ref,climatology_municipal,0.16666666666666666,2016-01
2305100,Guaramiranga,CE,2016,1,0.0,inpe_bdq_aqua_ref,climatology_municipal,0.0,2016-01
2305506,Iguatu,CE,2016,1,1.0,inpe_bdq_aqua_ref,climatology_municipal,1.1666666666666667,2016-01
2306405,Itapipoca,CE,2016,1,1.0,inpe_bdq_aqua_ref,climatology_municipal,9.416666666666666,2016-01
2306900,Jaguaribe,CE,2016,1,0.0,inpe_bdq_aqua_ref,climatology_municipal,1.1666666666666667,2016-01
2307007,Jaguaruana,CE,2016,1,2.0,inpe_bdq_aqua_ref,climatology_municipal,0.75,2016-01
2307106,Jardim,CE,2016,1,0.0,inpe_bdq_legacy,climatology_municipal,0.5833333333333334,2016-01
2307205,Jati,CE,2016,1,0.0,inpe_bdq_legacy,climatology_municipal,0.25,2016-01
2307304,Juazeiro do Norte,CE,2016,1,0.0,inpe_bdq_legacy,climatology_municipal,0.16666666666666666,2016-01
2308401,Missão Velha,CE,2016,1,4.0,inpe_bdq_legacy,climatology_municipal,1.1666666666666667,2016-01
2308708,Morada Nova,CE,2016,1,0.0,inpe_bdq_aqua_ref,climatology_municipal,1.4166666666666667,2016-01
2309201,Nova Olinda,CE,2016,1,0.0,inpe_bdq_legacy,climatology_municipal,0.3333333333333333,2016-01
2310605,Penaforte,CE,2016,1,0.0,inpe_bdq_legacy,climatology_municipal,0.08333333333333333,2016-01
2311108,Porteiras,CE,2016,1,0.0,inpe_bdq_legacy,climatology_municipal,0.25,2016-01
2311207,Potengi,CE,2016,1,1.0,inpe_bdq_legacy,climatology_municipal,0.9166666666666666,2016-01
2311306,Quixadá,CE,2016,1,0.0,inpe_bdq_aqua_ref,climatology_municipal,2.5,2016-01
2311405,Quixeramobim,CE,2016,1,0.0,inpe_bdq_aqua_ref,climatology_municipal,7.833333333333333,2016-01
2311959,Salitre,CE,2016,1,0.0,inpe_bdq_legacy,climatology_municipal,0.8333333333333334,2016-01
2312106,Santana do Cariri,CE,2016,1,1.0,inpe_bdq_legacy,climatology_municipal,4.416666666666667,2016-01
2312908,Sobral,CE,2016,1,2.0,inpe_bdq_aqua_ref,climatology_municipal,2.9166666666666665,2016-01
2313302,Tauá,CE,2016,1,0.0,inpe_bdq_aqua_ref,climatology_municipal,1.3333333333333333,2016-01
2313401,Tianguá,CE,2016,1,0.0,inpe_bdq_aqua_ref,climatology_municipal,0.9166666666666666,2016-01
2300101,Abaiara,CE,2016,1,0.0,inpe_bdq_legacy,climatology_regional_intensity12,0.050215428023109944,2016-01
2300200,Acaraú,CE,2016,1,2.0,inpe_bdq_aqua_ref,climatology_regional_intensity12,4.770465662195445,2016-01
2301307,Araripe,CE,2016,1,1.0,inpe_bdq_legacy,climatology_regional_intensity12,1.004308560462199,2016-01
2301604,Assaré,CE,2016,1,2.0,inpe_bdq_legacy,climatology_regional_intensity12,1.3558165566239686,2016-01
2301901,Barbalha,CE,2016,1,2.0,inpe_bdq_aqua_ref,climatology_regional_intensity12,0.25107714011554977,2016-01
2302503,Brejo Santo,CE,2016,1,0.0,inpe_bdq_legacy,climatology_regional_intensity12,0.35150799616176964,2016-01
2302701,Campos Sales,CE,2016,1,0.0,inpe_bdq_aqua_ref,climatology_regional_intensity12,0.25107714011554977,2016-01
2304103,Crateús,CE,2016,1,0.0,inpe_bdq_aqua_ref,climatology_regional_intensity12,2.4605559731323874,2016-01
2304202,Crato,CE,2016,1,0.0,inpe_bdq_legacy,climatology_regional_intensity12,0.7030159923235393,2016-01
2304400,Fortaleza,CE,2016,1,0.0,inpe_bdq_aqua_ref,climatology_regional_intensity12,0.10043085604621989,2016-01
2305100,Guaramiranga,CE,2016,1,0.0,inpe_bdq_aqua_ref,climatology_regional_intensity12,0.0,2016-01
2305506,Iguatu,CE,2016,1,1.0,inpe_bdq_aqua_ref,climatology_regional_intensity12,0.7030159923235393,2016-01
2306405,Itapipoca,CE,2016,1,1.0,inpe_bdq_aqua_ref,climatology_regional_intensity12,5.674343366611423,2016-01
2306900,Jaguaribe,CE,2016,1,0.0,inpe_bdq_aqua_ref,climatology_regional_intensity12,0.7030159923235393,2016-01
2307007,Jaguaruana,CE,2016,1,2.0,inpe_bdq_aqua_ref,climatology_regional_intensity12,0.4519388522079895,2016-01
2307106,Jardim,CE,2016,1,0.0,inpe_bdq_legacy,climatology_regional_intensity12,0.35150799616176964,2016-01
2307205,Jati,CE,2016,1,0.0,inpe_bdq_legacy,climatology_regional_intensity12,0.15064628406932984,2016-01
2307304,Juazeiro do Norte,CE,2016,1,0.0,inpe_bdq_legacy,climatology_regional_intensity12,0.10043085604621989,2016-01
2308401,Missão Velha,CE,2016,1,4.0,inpe_bdq_legacy,climatology_regional_intensity12,0.7030159923235393,2016-01
2308708,Morada Nova,CE,2016,1,0.0,inpe_bdq_aqua_ref,climatology_regional_intensity12,0.8536622763928692,2016-01
2309201,Nova Olinda,CE,2016,1,0.0,inpe_bdq_legacy,climatology_regional_intensity12,0.20086171209243978,2016-01
2310605,Penaforte,CE,2016,1,0.0,inpe_bdq_legacy,climatology_regional_intensity12,0.050215428023109944,2016-01
2311108,Porteiras,CE,2016,1,0.0,inpe_bdq_legacy,climatology_regional_intensity12,0.15064628406932984,2016-01
2311207,Potengi,CE,2016,1,1.0,inpe_bdq_legacy,climatology_regional_intensity12,0.5523697082542094,2016-01
2311306,Quixadá,CE,2016,1,0.0,inpe_bdq_aqua_ref,climatology_regional_intensity12,1.5064628406932985,2016-01
2311405,Quixeramobim,CE,2016,1,0.0,inpe_bdq_aqua_ref,climatology_regional_intensity12,4.720250234172335,2016-01
2311959,Salitre,CE,2016,1,0.0,inpe_bdq_legacy,climatology_regional_intensity12,0.5021542802310995,2016-01
2312106,Santana do Cariri,CE,2016,1,1.0,inpe_bdq_legacy,climatology_regional_intensity12,2.6614176852248272,2016-01
2312908,Sobral,CE,2016,1,2.0,inpe_bdq_aqua_ref,climatology_regional_intensity12,1.757539980808848,2016-01
2313302,Tauá,CE,2016,1,0.0,inpe_bdq_aqua_ref,climatology_regional_intensity12,0.8034468483697591,2016-01
2313401,Tianguá,CE,2016,1,0.0,inpe_bdq_aqua_ref,climatology_regional_intensity12,0.5523697082542094,2016-01
2300101,Abaiara,CE,2016,2,0.0,inpe_bdq_legacy,climatology_municipal,0.0,2016-02
2300200,Acaraú,CE,2016,2,0.0,inpe_bdq_aqua_ref,climatology_municipal,0.5833333333333334,2016-02
2301307,Araripe,CE,2016,2,0.0,inpe_bdq_legacy,climatology_municipal,0.16666666666666666,2016-02
2301604,Assaré,CE,2016,2,0.0,inpe_bdq_legacy,climatology_municipal,0.4166666666666667,2016-02
2301901,Barbalha,CE,2016,2,0.0,inpe_bdq_aqua_ref,climatology_municipal,0.25,2016-02
2302503,Brejo Santo,CE,2016,2,0.0,inpe_bdq_legacy,climatology_municipal,0.08333333333333333,2016-02
2302701,Campos Sales,CE,2016,2,0.0,inpe_bdq_aqua_ref,climatology_municipal,0.0,2016-02
2304103,Crateús,CE,2016,2,0.0,inpe_bdq_aqua_ref,climatology_municipal,0.0,2016-02
2304202,Crato,CE,2016,2,0.0,inpe_bdq_legacy,climatology_municipal,0.25,2016-02
2304400,Fortaleza,CE,2016,2,0.0,inpe_bdq_aqua_ref,climatology_municipal,0.16666666666666666,2016-02
2305100,Guaramiranga,CE,2016,2,0.0,inpe_bdq_aqua_ref,climatology_municipal,0.0,2016-02
2305506,Iguatu,CE,2016,2,0.0,inpe_bdq_aqua_ref,climatology_municipal,0.16666666666666666,2016-02
2306405,Itapipoca,CE,2016,2,0.0,inpe_bdq_aqua_ref,climatology_municipal,0.3333333333333333,2016-02
2306900,Jaguaribe,CE,2016,2,0.0,inpe_bdq_aqua_ref,climatology_municipal,0.25,2016-02
2307007,Jaguaruana,CE,2016,2,0.0,inpe_bdq_aqua_ref,climatology_municipal,0.25,2016-02
2307106,Jardim,CE,2016,2,0.0,inpe_bdq_legacy,climatology_municipal,0.0,2016-02
2307205,Jati,CE,2016,2,1.0,inpe_bdq_legacy,climatology_municipal,0.16666666666666666,2016-02
2307304,Juazeiro do Norte,CE,2016,2,0.0,inpe_bdq_legacy,climatology_municipal,0.0,2016-02
2308401,Missão Velha,CE,2016,2,0.0,inpe_bdq_legacy,climatology_municipal,0.16666666666666666,2016-02
2308708,Morada Nova,CE,2016,2,1.0,inpe_bdq_aqua_ref,climatology_municipal,0.4166666666666667,2016-02
2309201,Nova Olinda,CE,2016,2,0.0,inpe_bdq_legacy,climatology_municipal,0.0,2016-02
2310605,Penaforte,CE,2016,2,0.0,inpe_bdq_legacy,climatology_municipal,0.16666666666666666,2016-02
2311108,Porteiras,CE,2016,2,0.0,inpe_bdq_legacy,climatology_municipal,0.16666666666666666,2016-02
2311207,Potengi,CE,2016,2,0.0,inpe_bdq_legacy,climatology_municipal,0.4166666666666667,2016-02
2311306,Quixadá,CE,2016,2,0.0,inpe_bdq_aqua_ref,climatology_municipal,0.25,2016-02
2311405,Quixeramobim,CE,2016,2,0.0,inpe_bdq_aqua_ref,climatology_municipal,1.0,2016-02
2311959,Salitre,CE,2016,2,0.0,inpe_bdq_legacy,climatology_municipal,0.08333333333333333,2016-02
2312106,Santana do Cariri,CE,2016,2,1.0,inpe_bdq_legacy,climatology_municipal,0.3333333333333333,2016-02
2312908,Sobral,CE,2016,2,0.0,inpe_bdq_aqua_ref,climatology_municipal,0.16666666666666666,2016-02
2313302,Tauá,CE,2016,2,0.0,inpe_bdq_aqua_ref,climatology_municipal,0.3333333333333333,2016-02
2313401,Tianguá,CE,2016,2,0.0,inpe_bdq_aqua_ref,climatology_municipal,0.3333333333333333,2016-02
2300101,Abaiara,CE,2016,2,0.0,inpe_bdq_legacy,climatology_regional_intensity12,0.0,2016-02
2300200,Acaraú,CE,2016,2,0.0,inpe_bdq_aqua_ref,climatology_regional_intensity12,0.3374756935330926,2016-02
2301307,Araripe,CE,2016,2,0.0,inpe_bdq_legacy,climatology_regional_intensity12,0.09642162672374073,2016-02
2301604,Assaré,CE,2016,2,0.0,inpe_bdq_legacy,climatology_regional_intensity12,0.24105406680935185,2016-02
2301901,Barbalha,CE,2016,2,0.0,inpe_bdq_aqua_ref,climatology_regional_intensity12,0.1446324400856111,2016-02
2302503,Brejo Santo,CE,2016,2,0.0,inpe_bdq_legacy,climatology_regional_intensity12,0.048210813361870365,2016-02
2302701,Campos Sales,CE,2016,2,0.0,inpe_bdq_aqua_ref,climatology_regional_intensity12,0.0,2016-02
2304103,Crateús,CE,2016,2,0.0,inpe_bdq_aqua_ref,climatology_regional_intensity12,0.0,2016-02
2304202,Crato,CE,2016,2,0.0,inpe_bdq_legacy,climatology_regional_intensity12,0.1446324400856111,2016-02
2304400,Fortaleza,CE,2016,2,0.0,inpe_bdq_aqua_ref,climatology_regional_intensity12,0.09642162672374073,2016-02
2305100,Guaramiranga,CE,2016,2,0.0,inpe_bdq_aqua_ref,climatology_regional_intensity12,0.0,2016-02
2305506,Iguatu,CE,2016,2,0.0,inpe_bdq_aqua_ref,climatology_regional_intensity12,0.09642162672374073,2016-02
2306405,Itapipoca,CE,2016,2,0.0,inpe_bdq_aqua_ref,climatology_regional_intensity12,0.19284325344748146,2016-02
2306900,Jaguaribe,CE,2016,2,0.0,inpe_bdq_aqua_ref,climatology_regional_intensity12,0.1446324400856111,2016-02
2307007,Jaguaruana,CE,2016,2,0.0,inpe_bdq_aqua_ref,climatology_regional_intensity12,0.1446324400856111,2016-02
2307106,Jardim,CE,2016,2,0.0,inpe_bdq_legacy,climatology_regional_intensity12,0.0,2016-02
2307205,Jati,CE,2016,2,1.0,inpe_bdq_legacy,climatology_regional_intensity12,0.09642162672374073,2016-02
2307304,Juazeiro do Norte,CE,2016,2,0.0,inpe_bdq_legacy,climatology_regional_intensity12,0.0,2016-02
2308401,Missão Velha,CE,2016,2,0.0,inpe_bdq_legacy,climatology_regional_intensity12,0.09642162672374073,2016-02
2308708,Morada Nova,CE,2016,2,1.0,inpe_bdq_aqua_ref,climatology_regional_intensity12,0.24105406680935185,2016-02
2309201,Nova Olinda,CE,2016,2,0.0,inpe_bdq_legacy,climatology_regional_intensity12,0.0,2016-02
2310605,Penaforte,CE,2016,2,0.0,inpe_bdq_legacy,climatology_regional_intensity12,0.09642162672374073,2016-02
2311108,Porteiras,CE,2016,2,0.0,inpe_bdq_legacy,climatology_regional_intensity12,0.09642162672374073,2016-02
2311207,Potengi,CE,2016,2,0.0,inpe_bdq_legacy,climatology_regional_intensity12,0.24105406680935185,2016-02
2311306,Quixadá,CE,2016,2,0.0,inpe_bdq_aqua_ref,climatology_regional_intensity12,0.1446324400856111,2016-02
2311405,Quixeramobim,CE,2016,2,0.0,inpe_bdq_aqua_ref,climatology_regional_intensity12,0.5785297603424444,2016-02
2311959,Salitre,CE,2016,2,0.0,inpe_bdq_legacy,climatology_regional_intensity12,0.048210813361870365,2016-02
2312106,Santana do Cariri,CE,2016,2,1.0,inpe_bdq_legacy,climatology_regional_intensity12,0.19284325344748146,2016-02
2312908,Sobral,CE,2016,2,0.0,inpe_bdq_aqua_ref,climatology_regional_intensity12,0.09642162672374073,2016-02
2313302,Tauá,CE,2016,2,0.0,inpe_bdq_aqua_ref,climatology_regional_intensity12,0.19284325344748146,2016-02
2313401,Tianguá,CE,2016,2,0.0,inpe_bdq_aqua_ref,climatology_regional_intensity12,0.19284325344748146,2016-02
2300101,Abaiara,CE,2016,3,0.0,inpe_bdq_legacy,climatology_municipal,0.0,2016-03
2300200,Acaraú,CE,2016,3,0.0,inpe_bdq_aqua_ref,climatology_municipal,0.8333333333333334,2016-03
2301307,Araripe,CE,2016,3,0.0,inpe_bdq_legacy,climatology_municipal,0.0,2016-03
2301604,Assaré,CE,2016,3,0.0,inpe_bdq_legacy,climatology_municipal,0.0,2016-03
2301901,Barbalha,CE,2016,3,0.0,inpe_bdq_aqua_ref,climatology_municipal,0.0,2016-03
2302503,Brejo Santo,CE,2016,3,0.0,inpe_bdq_legacy,climatology_municipal,0.0,2016-03
2302701,Campos Sales,CE,2016,3,0.0,inpe_bdq_aqua_ref,climatology_municipal,0.0,2016-03
2304103,Crateús,CE,2016,3,0.0,inpe_bdq_aqua_ref,climatology_municipal,0.16666666666666666,2016-03
2304202,Crato,CE,2016,3,0.0,inpe_bdq_legacy,climatology_municipal,0.16666666666666666,2016-03
2304400,Fortaleza,CE,2016,3,0.0,inpe_bdq_aqua_ref,climatology_municipal,0.0,2016-03
2305100,Guaramiranga,CE,2016,3,0.0,inpe_bdq_aqua_ref,climatology_municipal,0.0,2016-03
2305506,Iguatu,CE,2016,3,0.0,inpe_bdq_aqua_ref,climatology_municipal,0.25,2016-03
2306405,Itapipoca,CE,2016,3,0.0,inpe_bdq_aqua_ref,climatology_municipal,0.08333333333333333,2016-03
2306900,Jaguaribe,CE,2016,3,0.0,inpe_bdq_aqua_ref,climatology_municipal,0.08333333333333333,2016-03
2307007,Jaguaruana,CE,2016,3,0.0,inpe_bdq_aqua_ref,climatology_municipal,0.08333333333333333,2016-03
2307106,Jardim,CE,2016,3,0.0,inpe_bdq_legacy,climatology_municipal,0.08333333333333333,2016-03
2307205,Jati,CE,2016,3,0.0,inpe_bdq_legacy,climatology_municipal,0.0,2016-03
2307304,Juazeiro do Norte,CE,2016,3,0.0,inpe_bdq_legacy,climatology_municipal,0.16666666666666666,2016-03
2308401,Missão Velha,CE,2016,3,0.0,inpe_bdq_legacy,climatology_municipal,0.3333333333333333,2016-03
2308708,Morada Nova,CE,2016,3,0.0,inpe_bdq_aqua_ref,climatology_municipal,0.16666666666666666,2016-03
2309201,Nova Olinda,CE,2016,3,0.0,inpe_bdq_legacy,climatology_municipal,0.0,2016-03
2310605,Penaforte,CE,2016,3,0.0,inpe_bdq_legacy,climatology_municipal,0.0,2016-03
2311108,Porteiras,CE,2016,3,0.0,inpe_bdq_legacy,climatology_municipal,0.0,2016-03
2311207,Potengi,CE,2016,3,0.0,inpe_bdq_legacy,climatology_municipal,0.0,2016-03
2311306,Quixadá,CE,2016,3,0.0,inpe_bdq_aqua_ref,climatology_municipal,0.16666666666666666,2016-03
2311405,Quixeramobim,CE,2016,3,0.0,inpe_bdq_aqua_ref,climatology_municipal,0.25,2016-03
2311959,Salitre,CE,2016,3,0.0,inpe_bdq_legacy,climatology_municipal,0.08333333333333333,2016-03
2312106,Santana do Cariri,CE,2016,3,0.0,inpe_bdq_legacy,climatology_municipal,0.0,2016-03
2312908,Sobral,CE,2016,3,0.0,inpe_bdq_aqua_ref,climatology_municipal,0.0,2016-03
2313302,Tauá,CE,2016,3,0.0,inpe_bdq_aqua_ref,climatology_municipal,0.0,2016-03
2313401,Tianguá,CE,2016,3,0.0,inpe_bdq_aqua_ref,climatology_municipal,0.0,2016-03
2300101,Abaiara,CE,2016,3,0.0,inpe_bdq_legacy,climatology_regional_intensity12,0.0,2016-03
2300200,Acaraú,CE,2016,3,0.0,inpe_bdq_aqua_ref,climatology_regional_intensity12,0.47948386876426213,2016-03
2301307,Araripe,CE,2016,3,0.0,inpe_bdq_legacy,climatology_regional_intensity12,0.0,2016-03
2301604,Assaré,CE,2016,3,0.0,inpe_bdq_legacy,climatology_regional_intensity12,0.0,2016-03
2301901,Barbalha,CE,2016,3,0.0,inpe_bdq_aqua_ref,climatology_regional_intensity12,0.0,2016-03
2302503,Brejo Santo,CE,2016,3,0.0,inpe_bdq_legacy,climatology_regional_intensity12,0.0,2016-03
2302701,Campos Sales,CE,2016,3,0.0,inpe_bdq_aqua_ref,climatology_regional_intensity12,0.0,2016-03
2304103,Crateús,CE,2016,3,0.0,inpe_bdq_aqua_ref,climatology_regional_intensity12,0.09589677375285241,2016-03
2304202,Crato,CE,2016,3,0.0,inpe_bdq_legacy,climatology_regional_intensity12,0.09589677375285241,2016-03
2304400,Fortaleza,CE,2016,3,0.0,inpe_bdq_aqua_ref,climatology_regional_intensity12,0.0,2016-03
2305100,Guaramiranga,CE,2016,3,0.0,inpe_bdq_aqua_ref,climatology_regional_intensity12,0.0,2016-03
2305506,Iguatu,CE,2016,3,0.0,inpe_bdq_aqua_ref,climatology_regional_intensity12,0.14384516062927863,2016-03
2306405,Itapipoca,CE,2016,3,0.0,inpe_bdq_aqua_ref,climatology_regional_intensity12,0.047948386876426205,2016-03
2306900,Jaguaribe,CE,2016,3,0.0,inpe_bdq_aqua_ref,climatology_regional_intensity12,0.047948386876426205,2016-03
2307007,Jaguaruana,CE,2016,3,0.0,inpe_bdq_aqua_ref,climatology_regional_intensity12,0.047948386876426205,2016-03
2307106,Jardim,CE,2016,3,0.0,inpe_bdq_legacy,climatology_regional_intensity12,0.047948386876426205,2016-03
2307205,Jati,CE,2016,3,0.0,inpe_bdq_legacy,climatology_regional_intensity12,0.0,2016-03
2307304,Juazeiro do Norte,CE,2016,3,0.0,inpe_bdq_legacy,climatology_regional_intensity12,0.09589677375285241,2016-03
2308401,Missão Velha,CE,2016,3,0.0,inpe_bdq_legacy,climatology_regional_intensity12,0.19179354750570482,2016-03
2308708,Morada Nova,CE,2016,3,0.0,inpe_bdq_aqua_ref,climatology_regional_intensity12,0.09589677375285241,2016-03
2309201,Nova Olinda,CE,2016,3,0.0,inpe_bdq_legacy,climatology_regional_intensity12,0.0,2016-03
2310605,Penaforte,CE,2016,3,0.0,inpe_bdq_legacy,climatology_regional_intensity12,0.0,2016-03
2311108,Porteiras,CE,2016,3,0.0,inpe_bdq_legacy,climatology_regional_intensity12,0.0,2016-03
2311207,Potengi,CE,2016,3,0.0,inpe_bdq_legacy,climatology_regional_intensity12,0.0,2016-03
2311306,Quixadá,CE,2016,3,0.0,inpe_bdq_aqua_ref,climatology_regional_intensity12,0.09589677375285241,2016-03
2311405,Quixeramobim,CE,2016,3,0.0,inpe_bdq_aqua_ref,climatology_regional_intensity12,0.14384516062927863,2016-03
2311959,Salitre,CE,2016,3,0.0,inpe_bdq_legacy,climatology_regional_intensity12,0.047948386876426205,2016-03
2312106,Santana do Cariri,CE,2016,3,0.0,inpe_bdq_legacy,climatology_regional_intensity12,0.0,2016-03
2312908,Sobral,CE,2016,3,0.0,inpe_bdq_aqua_ref,climatology_regional_intensity12,0.0,2016-03
2313302,Tauá,CE,2016,3,0.0,inpe_bdq_aqua_ref,climatology_regional_intensity12,0.0,2016-03
2313401,Tianguá,CE,2016,3,0.0,inpe_bdq_aqua_ref,climatology_regional_intensity12,0.0,2016-03
2300101,Abaiara,CE,2016,4,0.0,inpe_bdq_legacy,climatology_municipal,0.0,2016-04
2300200,Acaraú,CE,2016,4,0.0,inpe_bdq_aqua_ref,climatology_municipal,0.0,2016-04
2301307,Araripe,CE,2016,4,0.0,inpe_bdq_legacy,climatology_municipal,0.0,2016-04
2301604,Assaré,CE,2016,4,0.0,inpe_bdq_legacy,climatology_municipal,0.0,2016-04
2301901,Barbalha,CE,2016,4,0.0,inpe_bdq_aqua_ref,climatology_municipal,0.0,2016-04
2302503,Brejo Santo,CE,2016,4,0.0,inpe_bdq_legacy,climatology_municipal,0.0,2016-04
2302701,Campos Sales,CE,2016,4,0.0,inpe_bdq_aqua_ref,climatology_municipal,0.0,2016-04
2304103,Crateús,CE,2016,4,2.0,inpe_bdq_aqua_ref,climatology_municipal,0.0,2016-04
2304202,Crato,CE,2016,4,0.0,inpe_bdq_legacy,climatology_municipal,0.0,2016-04
2304400,Fortaleza,CE,2016,4,0.0,inpe_bdq_aqua_ref,climatology_municipal,0.0,2016-04
2305100,Guaramiranga,CE,2016,4,0.0,inpe_bdq_aqua_ref,climatology_municipal,0.0,2016-04
2305506,Iguatu,CE,2016,4,0.0,inpe_bdq_aqua_ref,climatology_municipal,0.08333333333333333,2016-04
2306405,Itapipoca,CE,2016,4,0.0,inpe_bdq_aqua_ref,climatology_municipal,0.0,2016-04
2306900,Jaguaribe,CE,2016,4,0.0,inpe_bdq_aqua_ref,climatology_municipal,0.16666666666666666,2016-04
2307007,Jaguaruana,CE,2016,4,0.0,inpe_bdq_aqua_ref,climatology_municipal,0.0,2016-04
2307106,Jardim,CE,2016,4,0.0,inpe_bdq_legacy,climatology_municipal,0.0,2016-04
2307205,Jati,CE,2016,4,0.0,inpe_bdq_legacy,climatology_municipal,0.0,2016-04
2307304,Juazeiro do Norte,CE,2016,4,0.0,inpe_bdq_legacy,climatology_municipal,0.0,2016-04
2308401,Missão Velha,CE,2016,4,1.0,inpe_bdq_legacy,climatology_municipal,0.08333333333333333,2016-04
2308708,Morada Nova,CE,2016,4,1.0,inpe_bdq_aqua_ref,climatology_municipal,0.0,2016-04
2309201,Nova Olinda,CE,2016,4,0.0,inpe_bdq_legacy,climatology_municipal,0.0,2016-04
2310605,Penaforte,CE,2016,4,0.0,inpe_bdq_legacy,climatology_municipal,0.0,2016-04
2311108,Porteiras,CE,2016,4,0.0,inpe_bdq_legacy,climatology_municipal,0.0,2016-04
2311207,Potengi,CE,2016,4,0.0,inpe_bdq_legacy,climatology_municipal,0.0,2016-04
2311306,Quixadá,CE,2016,4,0.0,inpe_bdq_aqua_ref,climatology_municipal,0.16666666666666666,2016-04
2311405,Quixeramobim,CE,2016,4,0.0,inpe_bdq_aqua_ref,climatology_municipal,0.08333333333333333,2016-04
2311959,Salitre,CE,2016,4,0.0,inpe_bdq_legacy,climatology_municipal,0.08333333333333333,2016-04
2312106,Santana do Cariri,CE,2016,4,0.0,inpe_bdq_legacy,climatology_municipal,0.0,2016-04
2312908,Sobral,CE,2016,4,0.0,inpe_bdq_aqua_ref,climatology_municipal,0.0,2016-04
2313302,Tauá,CE,2016,4,1.0,inpe_bdq_aqua_ref,climatology_municipal,0.0,2016-04
2313401,Tianguá,CE,2016,4,0.0,inpe_bdq_aqua_ref,climatology_municipal,0.0,2016-04
2300101,Abaiara,CE,2016,4,0.0,inpe_bdq_legacy,climatology_regional_intensity12,0.0,2016-04
2300200,Acaraú,CE,2016,4,0.0,inpe_bdq_aqua_ref,climatology_regional_intensity12,0.0,2016-04
2301307,Araripe,CE,2016,4,0.0,inpe_bdq_legacy,climatology_regional_intensity12,0.0,2016-04
2301604,Assaré,CE,2016,4,0.0,inpe_bdq_legacy,climatology_regional_intensity12,0.0,2016-04
2301901,Barbalha,CE,2016,4,0.0,inpe_bdq_aqua_ref,climatology_regional_intensity12,0.0,2016-04
2302503,Brejo Santo,CE,2016,4,0.0,inpe_bdq_legacy,climatology_regional_intensity12,0.0,2016-04
2302701,Campos Sales,CE,2016,4,0.0,inpe_bdq_aqua_ref,climatology_regional_intensity12,0.0,2016-04
2304103,Crateús,CE,2016,4,2.0,inpe_bdq_aqua_ref,climatology_regional_intensity12,0.0,2016-04
2304202,Crato,CE,2016,4,0.0,inpe_bdq_legacy,climatology_regional_intensity12,0.0,2016-04
2304400,Fortaleza,CE,2016,4,0.0,inpe_bdq_aqua_ref,climatology_regional_intensity12,0.0,2016-04
2305100,Guaramiranga,CE,2016,4,0.0,inpe_bdq_aqua_ref,climatology_regional_intensity12,0.0,2016-04
2305506,Iguatu,CE,2016,4,0.0,inpe_bdq_aqua_ref,climatology_regional_intensity12,0.0476142018537595,2016-04
2306405,Itapipoca,CE,2016,4,0.0,inpe_bdq_aqua_ref,climatology_regional_intensity12,0.0,2016-04
2306900,Jaguaribe,CE,2016,4,0.0,inpe_bdq_aqua_ref,climatology_regional_intensity12,0.095228403707519,2016-04
2307007,Jaguaruana,CE,2016,4,0.0,inpe_bdq_aqua_ref,climatology_regional_intensity12,0.0,2016-04
2307106,Jardim,CE,2016,4,0.0,inpe_bdq_legacy,climatology_regional_intensity12,0.0,2016-04
2307205,Jati,CE,2016,4,0.0,inpe_bdq_legacy,climatology_regional_intensity12,0.0,2016-04
2307304,Juazeiro do Norte,CE,2016,4,0.0,inpe_bdq_legacy,climatology_regional_intensity12,0.0,2016-04
2308401,Missão Velha,CE,2016,4,1.0,inpe_bdq_legacy,climatology_regional_intensity12,0.0476142018537595,2016-04
2308708,Morada Nova,CE,2016,4,1.0,inpe_bdq_aqua_ref,climatology_regional_intensity12,0.0,2016-04
2309201,Nova Olinda,CE,2016,4,0.0,inpe_bdq_legacy,climatology_regional_intensity12,0.0,2016-04
2310605,Penaforte,CE,2016,4,0.0,inpe_bdq_legacy,climatology_regional_intensity12,0.0,2016-04
2311108,Porteiras,CE,2016,4,0.0,inpe_bdq_legacy,climatology_regional_intensity12,0.0,2016-04
2311207,Potengi,CE,2016,4,0.0,inpe_bdq_legacy,climatology_regional_intensity12,0.0,2016-04
2311306,Quixadá,CE,2016,4,0.0,inpe_bdq_aqua_ref,climatology_regional_intensity12,0.095228403707519,2016-04
2311405,Quixeramobim,CE,2016,4,0.0,inpe_bdq_aqua_ref,climatology_regional_intensity12,0.0476142018537595,2016-04
2311959,Salitre,CE,2016,4,0.0,inpe_bdq_legacy,climatology_regional_intensity12,0.0476142018537595,2016-04
2312106,Santana do Cariri,CE,2016,4,0.0,inpe_bdq_legacy,climatology_regional_intensity12,0.0,2016-04
2312908,Sobral,CE,2016,4,0.0,inpe_bdq_aqua_ref,climatology_regional_intensity12,0.0,2016-04
2313302,Tauá,CE,2016,4,1.0,inpe_bdq_aqua_ref,climatology_regional_intensity12,0.0,2016-04
2313401,Tianguá,CE,2016,4,0.0,inpe_bdq_aqua_ref,climatology_regional_intensity12,0.0,2016-04
2300101,Abaiara,CE,2016,5,0.0,inpe_bdq_legacy,climatology_municipal,0.0,2016-05
2300200,Acaraú,CE,2016,5,0.0,inpe_bdq_aqua_ref,climatology_municipal,0.08333333333333333,2016-05
2301307,Araripe,CE,2016,5,0.0,inpe_bdq_legacy,climatology_municipal,0.0,2016-05
2301604,Assaré,CE,2016,5,0.0,inpe_bdq_legacy,climatology_municipal,0.0,2016-05
2301901,Barbalha,CE,2016,5,0.0,inpe_bdq_aqua_ref,climatology_municipal,0.0,2016-05
2302503,Brejo Santo,CE,2016,5,0.0,inpe_bdq_legacy,climatology_municipal,0.08333333333333333,2016-05
2302701,Campos Sales,CE,2016,5,0.0,inpe_bdq_aqua_ref,climatology_municipal,0.0,2016-05
2304103,Crateús,CE,2016,5,0.0,inpe_bdq_aqua_ref,climatology_municipal,0.0,2016-05
2304202,Crato,CE,2016,5,0.0,inpe_bdq_legacy,climatology_municipal,0.08333333333333333,2016-05
2304400,Fortaleza,CE,2016,5,0.0,inpe_bdq_aqua_ref,climatology_municipal,0.0,2016-05
2305100,Guaramiranga,CE,2016,5,0.0,inpe_bdq_aqua_ref,climatology_municipal,0.0,2016-05
2305506,Iguatu,CE,2016,5,0.0,inpe_bdq_aqua_ref,climatology_municipal,0.0,2016-05
2306405,Itapipoca,CE,2016,5,0.0,inpe_bdq_aqua_ref,climatology_municipal,0.08333333333333333,2016-05
2306900,Jaguaribe,CE,2016,5,0.0,inpe_bdq_aqua_ref,climatology_municipal,0.0,2016-05
2307007,Jaguaruana,CE,2016,5,0.0,inpe_bdq_aqua_ref,climatology_municipal,0.08333333333333333,2016-05
2307106,Jardim,CE,2016,5,0.0,inpe_bdq_legacy,climatology_municipal,0.0,2016-05
2307205,Jati,CE,2016,5,0.0,inpe_bdq_legacy,climatology_municipal,0.0,2016-05
2307304,Juazeiro do Norte,CE,2016,5,0.0,inpe_bdq_legacy,climatology_municipal,0.0,2016-05
2308401,Missão Velha,CE,2016,5,0.0,inpe_bdq_legacy,climatology_municipal,0.0,2016-05
2308708,Morada Nova,CE,2016,5,0.0,inpe_bdq_aqua_ref,climatology_municipal,0.16666666666666666,2016-05
2309201,Nova Olinda,CE,2016,5,0.0,inpe_bdq_legacy,climatology_municipal,0.25,2016-05
2310605,Penaforte,CE,2016,5,0.0,inpe_bdq_legacy,climatology_municipal,0.0,2016-05
2311108,Porteiras,CE,2016,5,0.0,inpe_bdq_legacy,climatology_municipal,0.08333333333333333,2016-05
2311207,Potengi,CE,2016,5,0.0,inpe_bdq_legacy,climatology_municipal,0.08333333333333333,2016-05
2311306,Quixadá,CE,2016,5,0.0,inpe_bdq_aqua_ref,climatology_municipal,0.25,2016-05
2311405,Quixeramobim,CE,2016,5,0.0,inpe_bdq_aqua_ref,climatology_municipal,0.0,2016-05
2311959,Salitre,CE,2016,5,1.0,inpe_bdq_legacy,climatology_municipal,0.0,2016-05
2312106,Santana do Cariri,CE,2016,5,0.0,inpe_bdq_legacy,climatology_municipal,0.0,2016-05
2312908,Sobral,CE,2016,5,0.0,inpe_bdq_aqua_ref,climatology_municipal,0.0,2016-05
2313302,Tauá,CE,2016,5,0.0,inpe_bdq_aqua_ref,climatology_municipal,0.0,2016-05
2313401,Tianguá,CE,2016,5,0.0,inpe_bdq_aqua_ref,climatology_municipal,0.0,2016-05
2300101,Abaiara,CE,2016,5,0.0,inpe_bdq_legacy,climatology_regional_intensity12,0.0,2016-05
2300200,Acaraú,CE,2016,5,0.0,inpe_bdq_aqua_ref,climatology_regional_intensity12,0.047944086193353136,2016-05
2301307,Araripe,CE,2016,5,0.0,inpe_bdq_legacy,climatology_regional_intensity12,0.0,2016-05
2301604,Assaré,CE,2016,5,0.0,inpe_bdq_legacy,climatology_regional_intensity12,0.0,2016-05
2301901,Barbalha,CE,2016,5,0.0,inpe_bdq_aqua_ref,climatology_regional_intensity12,0.0,2016-05
2302503,Brejo Santo,CE,2016,5,0.0,inpe_bdq_legacy,climatology_regional_intensity12,0.047944086193353136,2016-05
2302701,Campos Sales,CE,2016,5,0.0,inpe_bdq_aqua_ref,climatology_regional_intensity12,0.0,2016-05
2304103,Crateús,CE,2016,5,0.0,inpe_bdq_aqua_ref,climatology_regional_intensity12,0.0,2016-05
2304202,Crato,CE,2016,5,0.0,inpe_bdq_legacy,climatology_regional_intensity12,0.047944086193353136,2016-05
2304400,Fortaleza,CE,2016,5,0.0,inpe_bdq_aqua_ref,climatology_regional_intensity12,0.0,2016-05
2305100,Guaramiranga,CE,2016,5,0.0,inpe_bdq_aqua_ref,climatology_regional_intensity12,0.0,2016-05
2305506,Iguatu,CE,2016,5,0.0,inpe_bdq_aqua_ref,climatology_regional_intensity12,0.0,2016-05
2306405,Itapipoca,CE,2016,5,0.0,inpe_bdq_aqua_ref,climatology_regional_intensity12,0.047944086193353136,2016-05
2306900,Jaguaribe,CE,2016,5,0.0,inpe_bdq_aqua_ref,climatology_regional_intensity12,0.0,2016-05
2307007,Jaguaruana,CE,2016,5,0.0,inpe_bdq_aqua_ref,climatology_regional_intensity12,0.047944086193353136,2016-05
2307106,Jardim,CE,2016,5,0.0,inpe_bdq_legacy,climatology_regional_intensity12,0.0,2016-05
2307205,Jati,CE,2016,5,0.0,inpe_bdq_legacy,climatology_regional_intensity12,0.0,2016-05
2307304,Juazeiro do Norte,CE,2016,5,0.0,inpe_bdq_legacy,climatology_regional_intensity12,0.0,2016-05
2308401,Missão Velha,CE,2016,5,0.0,inpe_bdq_legacy,climatology_regional_intensity12,0.0,2016-05
2308708,Morada Nova,CE,2016,5,0.0,inpe_bdq_aqua_ref,climatology_regional_intensity12,0.09588817238670627,2016-05
2309201,Nova Olinda,CE,2016,5,0.0,inpe_bdq_legacy,climatology_regional_intensity12,0.1438322585800594,2016-05
2310605,Penaforte,CE,2016,5,0.0,inpe_bdq_legacy,climatology_regional_intensity12,0.0,2016-05
2311108,Porteiras,CE,2016,5,0.0,inpe_bdq_legacy,climatology_regional_intensity12,0.047944086193353136,2016-05
2311207,Potengi,CE,2016,5,0.0,inpe_bdq_legacy,climatology_regional_intensity12,0.047944086193353136,2016-05
2311306,Quixadá,CE,2016,5,0.0,inpe_bdq_aqua_ref,climatology_regional_intensity12,0.1438322585800594,2016-05
2311405,Quixeramobim,CE,2016,5,0.0,inpe_bdq_aqua_ref,climatology_regional_intensity12,0.0,2016-05
2311959,Salitre,CE,2016,5,1.0,inpe_bdq_legacy,climatology_regional_intensity12,0.0,2016-05
2312106,Santana do Cariri,CE,2016,5,0.0,inpe_bdq_legacy,climatology_regional_intensity12,0.0,2016-05
2312908,Sobral,CE,2016,5,0.0,inpe_bdq_aqua_ref,climatology_regional_intensity12,0.0,2016-05
2313302,Tauá,CE,2016,5,0.0,inpe_bdq_aqua_ref,climatology_regional_intensity12,0.0,2016-05
2313401,Tianguá,CE,2016,5,0.0,inpe_bdq_aqua_ref,climatology_regional_intensity12,0.0,2016-05
2300101,Abaiara,CE,2016,6,0.0,inpe_bdq_legacy,climatology_municipal,0.0,2016-06
2300200,Acaraú,CE,2016,6,0.0,inpe_bdq_aqua_ref,climatology_municipal,0.6666666666666666,2016-06
2301307,Araripe,CE,2016,6,1.0,inpe_bdq_legacy,climatology_municipal,0.0,2016-06
2301604,Assaré,CE,2016,6,0.0,inpe_bdq_legacy,climatology_municipal,0.0,2016-06
2301901,Barbalha,CE,2016,6,0.0,inpe_bdq_aqua_ref,climatology_municipal,0.0,2016-06
2302503,Brejo Santo,CE,2016,6,0.0,inpe_bdq_legacy,climatology_municipal,0.0,2016-06
2302701,Campos Sales,CE,2016,6,0.0,inpe_bdq_aqua_ref,climatology_municipal,0.0,2016-06
2304103,Crateús,CE,2016,6,0.0,inpe_bdq_aqua_ref,climatology_municipal,0.0,2016-06
2304202,Crato,CE,2016,6,0.0,inpe_bdq_legacy,climatology_municipal,0.08333333333333333,2016-06
2304400,Fortaleza,CE,2016,6,0.0,inpe_bdq_aqua_ref,climatology_municipal,0.0,2016-06
2305100,Guaramiranga,CE,2016,6,0.0,inpe_bdq_aqua_ref,climatology_municipal,0.0,2016-06
2305506,Iguatu,CE,2016,6,0.0,inpe_bdq_aqua_ref,climatology_municipal,0.08333333333333333,2016-06
2306405,Itapipoca,CE,2016,6,1.0,inpe_bdq_aqua_ref,climatology_municipal,0.6666666666666666,2016-06
2306900,Jaguaribe,CE,2016,6,0.0,inpe_bdq_aqua_ref,climatology_municipal,0.08333333333333333,2016-06
2307007,Jaguaruana,CE,2016,6,0.0,inpe_bdq_aqua_ref,climatology_municipal,0.0,2016-06
2307106,Jardim,CE,2016,6,0.0,inpe_bdq_legacy,climatology_municipal,0.0,2016-06
2307205,Jati,CE,2016,6,0.0,inpe_bdq_legacy,climatology_municipal,0.0,2016-06
2307304,Juazeiro do Norte,CE,2016,6,0.0,inpe_bdq_legacy,climatology_municipal,0.0,2016-06
2308401,Missão Velha,CE,2016,6,0.0,inpe_bdq_legacy,climatology_municipal,0.16666666666666666,2016-06
2308708,Morada Nova,CE,2016,6,0.0,inpe_bdq_aqua_ref,climatology_municipal,0.16666666666666666,2016-06
2309201,Nova Olinda,CE,2016,6,0.0,inpe_bdq_legacy,climatology_municipal,0.0,2016-06
2310605,Penaforte,CE,2016,6,0.0,inpe_bdq_legacy,climatology_municipal,0.0,2016-06
2311108,Porteiras,CE,2016,6,0.0,inpe_bdq_legacy,climatology_municipal,0.08333333333333333,2016-06
2311207,Potengi,CE,2016,6,0.0,inpe_bdq_legacy,climatology_municipal,0.0,2016-06
2311306,Quixadá,CE,2016,6,0.0,inpe_bdq_aqua_ref,climatology_municipal,0.08333333333333333,2016-06
2311405,Quixeramobim,CE,2016,6,0.0,inpe_bdq_aqua_ref,climatology_municipal,0.25,2016-06
2311959,Salitre,CE,2016,6,0.0,inpe_bdq_legacy,climatology_municipal,0.08333333333333333,2016-06
2312106,Santana do Cariri,CE,2016,6,0.0,inpe_bdq_legacy,climatology_municipal,0.0,2016-06
2312908,Sobral,CE,2016,6,0.0,inpe_bdq_aqua_ref,climatology_municipal,0.25,2016-06
2313302,Tauá,CE,2016,6,0.0,inpe_bdq_aqua_ref,climatology_municipal,0.0,2016-06
2313401,Tianguá,CE,2016,6,0.0,inpe_bdq_aqua_ref,climatology_municipal,0.16666666666666666,2016-06
2300101,Abaiara,CE,2016,6,0.0,inpe_bdq_legacy,climatology_regional_intensity12,0.0,2016-06
2300200,Acaraú,CE,2016,6,0.0,inpe_bdq_aqua_ref,climatology_regional_intensity12,0.38355876065091243,2016-06
2301307,Araripe,CE,2016,6,1.0,inpe_bdq_legacy,climatology_regional_intensity12,0.0,2016-06
2301604,Assaré,CE,2016,6,0.0,inpe_bdq_legacy,climatology_regional_intensity12,0.0,2016-06
2301901,Barbalha,CE,2016,6,0.0,inpe_bdq_aqua_ref,climatology_regional_intensity12,0.0,2016-06
2302503,Brejo Santo,CE,2016,6,0.0,inpe_bdq_legacy,climatology_regional_intensity12,0.0,2016-06
2302701,Campos Sales,CE,2016,6,0.0,inpe_bdq_aqua_ref,climatology_regional_intensity12,0.0,2016-06
2304103,Crateús,CE,2016,6,0.0,inpe_bdq_aqua_ref,climatology_regional_intensity12,0.0,2016-06
2304202,Crato,CE,2016,6,0.0,inpe_bdq_legacy,climatology_regional_intensity12,0.047944845081364054,2016-06
2304400,Fortaleza,CE,2016,6,0.0,inpe_bdq_aqua_ref,climatology_regional_intensity12,0.0,2016-06
2305100,Guaramiranga,CE,2016,6,0.0,inpe_bdq_aqua_ref,climatology_regional_intensity12,0.0,2016-06
2305506,Iguatu,CE,2016,6,0.0,inpe_bdq_aqua_ref,climatology_regional_intensity12,0.047944845081364054,2016-06
2306405,Itapipoca,CE,2016,6,1.0,inpe_bdq_aqua_ref,climatology_regional_intensity12,0.38355876065091243,2016-06
2306900,Jaguaribe,CE,2016,6,0.0,inpe_bdq_aqua_ref,climatology_regional_intensity12,0.047944845081364054,2016-06
2307007,Jaguaruana,CE,2016,6,0.0,inpe_bdq_aqua_ref,climatology_regional_intensity12,0.0,2016-06
2307106,Jardim,CE,2016,6,0.0,inpe_bdq_legacy,climatology_regional_intensity12,0.0,2016-06
2307205,Jati,CE,2016,6,0.0,inpe_bdq_legacy,climatology_regional_intensity12,0.0,2016-06
2307304,Juazeiro do Norte,CE,2016,6,0.0,inpe_bdq_legacy,climatology_regional_intensity12,0.0,2016-06
2308401,Missão Velha,CE,2016,6,0.0,inpe_bdq_legacy,climatology_regional_intensity12,0.09588969016272811,2016-06
2308708,Morada Nova,CE,2016,6,0.0,inpe_bdq_aqua_ref,climatology_regional_intensity12,0.09588969016272811,2016-06
2309201,Nova Olinda,CE,2016,6,0.0,inpe_bdq_legacy,climatology_regional_intensity12,0.0,2016-06
2310605,Penaforte,CE,2016,6,0.0,inpe_bdq_legacy,climatology_regional_intensity12,0.0,2016-06
2311108,Porteiras,CE,2016,6,0.0,inpe_bdq_legacy,climatology_regional_intensity12,0.047944845081364054,2016-06
2311207,Potengi,CE,2016,6,0.0,inpe_bdq_legacy,climatology_regional_intensity12,0.0,2016-06
2311306,Quixadá,CE,2016,6,0.0,inpe_bdq_aqua_ref,climatology_regional_intensity12,0.047944845081364054,2016-06
2311405,Quixeramobim,CE,2016,6,0.0,inpe_bdq_aqua_ref,climatology_regional_intensity12,0.14383453524409218,2016-06
2311959,Salitre,CE,2016,6,0.0,inpe_bdq_legacy,climatology_regional_intensity12,0.047944845081364054,2016-06
2312106,Santana do Cariri,CE,2016,6,0.0,inpe_bdq_legacy,climatology_regional_intensity12,0.0,2016-06
2312908,Sobral,CE,2016,6,0.0,inpe_bdq_aqua_ref,climatology_regional_intensity12,0.14383453524409218,2016-06
2313302,Tauá,CE,2016,6,0.0,inpe_bdq_aqua_ref,climatology_regional_intensity12,0.0,2016-06
2313401,Tianguá,CE,2016,6,0.0,inpe_bdq_aqua_ref,climatology_regional_intensity12,0.09588969016272811,2016-06
2300101,Abaiara,CE,2016,7,0.0,inpe_bdq_legacy,climatology_municipal,0.16666666666666666,2016-07
2300200,Acaraú,CE,2016,7,0.0,inpe_bdq_aqua_ref,climatology_municipal,1.4166666666666667,2016-07
2301307,Araripe,CE,2016,7,1.0,inpe_bdq_legacy,climatology_municipal,0.3333333333333333,2016-07
2301604,Assaré,CE,2016,7,0.0,inpe_bdq_legacy,climatology_municipal,0.08333333333333333,2016-07
2301901,Barbalha,CE,2016,7,0.0,inpe_bdq_aqua_ref,climatology_municipal,0.07692307692307693,2016-07
2302503,Brejo Santo,CE,2016,7,0.0,inpe_bdq_legacy,climatology_municipal,0.25,2016-07
2302701,Campos Sales,CE,2016,7,0.0,inpe_bdq_aqua_ref,climatology_municipal,0.0,2016-07
2304103,Crateús,CE,2016,7,4.0,inpe_bdq_aqua_ref,climatology_municipal,0.3333333333333333,2016-07
2304202,Crato,CE,2016,7,0.0,inpe_bdq_legacy,climatology_municipal,0.0,2016-07
2304400,Fortaleza,CE,2016,7,0.0,inpe_bdq_aqua_ref,climatology_municipal,0.08333333333333333,2016-07
2305100,Guaramiranga,CE,2016,7,0.0,inpe_bdq_aqua_ref,climatology_municipal,0.0,2016-07
2305506,Iguatu,CE,2016,7,0.0,inpe_bdq_aqua_ref,climatology_municipal,0.75,2016-07
2306405,Itapipoca,CE,2016,7,0.0,inpe_bdq_aqua_ref,climatology_municipal,1.0,2016-07
2306900,Jaguaribe,CE,2016,7,0.0,inpe_bdq_aqua_ref,climatology_municipal,0.16666666666666666,2016-07
2307007,Jaguaruana,CE,2016,7,0.0,inpe_bdq_aqua_ref,climatology_municipal,0.3333333333333333,2016-07
2307106,Jardim,CE,2016,7,0.0,inpe_bdq_legacy,climatology_municipal,0.0,2016-07
2307205,Jati,CE,2016,7,0.0,inpe_bdq_legacy,climatology_municipal,0.0,2016-07
2307304,Juazeiro do Norte,CE,2016,7,0.0,inpe_bdq_legacy,climatology_municipal,0.3333333333333333,2016-07
2308401,Missão Velha,CE,2016,7,0.0,inpe_bdq_legacy,climatology_municipal,0.16666666666666666,2016-07
2308708,Morada Nova,CE,2016,7,0.0,inpe_bdq_aqua_ref,climatology_municipal,0.0,2016-07
2309201,Nova Olinda,CE,2016,7,2.0,inpe_bdq_legacy,climatology_municipal,0.4166666666666667,2016-07
2310605,Penaforte,CE,2016,7,0.0,inpe_bdq_legacy,climatology_municipal,0.0,2016-07
2311108,Porteiras,CE,2016,7,0.0,inpe_bdq_legacy,climatology_municipal,0.25,2016-07
2311207,Potengi,CE,2016,7,0.0,inpe_bdq_legacy,climatology_municipal,0.16666666666666666,2016-07
2311306,Quixadá,CE,2016,7,2.0,inpe_bdq_aqua_ref,climatology_municipal,0.3333333333333333,2016-07
2311405,Quixeramobim,CE,2016,7,0.0,inpe_bdq_aqua_ref,climatology_municipal,0.5,2016-07
2311959,Salitre,CE,2016,7,0.0,inpe_bdq_legacy,climatology_municipal,0.0,2016-07
2312106,Santana do Cariri,CE,2016,7,2.0,inpe_bdq_legacy,climatology_municipal,0.16666666666666666,2016-07
2312908,Sobral,CE,2016,7,0.0,inpe_bdq_aqua_ref,climatology_municipal,0.8333333333333334,2016-07
2313302,Tauá,CE,2016,7,0.0,inpe_bdq_aqua_ref,climatology_municipal,0.3333333333333333,2016-07
2313401,Tianguá,CE,2016,7,0.0,inpe_bdq_aqua_ref,climatology_municipal,0.4166666666666667,2016-07
2300101,Abaiara,CE,2016,7,0.0,inpe_bdq_legacy,climatology_regional_intensity12,0.09616912672958822,2016-07
2300200,Acaraú,CE,2016,7,0.0,inpe_bdq_aqua_ref,climatology_regional_intensity12,0.8174375772014999,2016-07
2301307,Araripe,CE,2016,7,1.0,inpe_bdq_legacy,climatology_regional_intensity12,0.19233825345917643,2016-07
2301604,Assaré,CE,2016,7,0.0,inpe_bdq_legacy,climatology_regional_intensity12,0.04808456336479411,2016-07
2301901,Barbalha,CE,2016,7,0.0,inpe_bdq_aqua_ref,climatology_regional_intensity12,0.044385750798271485,2016-07
2302503,Brejo Santo,CE,2016,7,0.0,inpe_bdq_legacy,climatology_regional_intensity12,0.14425369009438233,2016-07
2302701,Campos Sales,CE,2016,7,0.0,inpe_bdq_aqua_ref,climatology_regional_intensity12,0.0,2016-07
2304103,Crateús,CE,2016,7,4.0,inpe_bdq_aqua_ref,climatology_regional_intensity12,0.19233825345917643,2016-07
2304202,Crato,CE,2016,7,0.0,inpe_bdq_legacy,climatology_regional_intensity12,0.0,2016-07
2304400,Fortaleza,CE,2016,7,0.0,inpe_bdq_aqua_ref,climatology_regional_intensity12,0.04808456336479411,2016-07
2305100,Guaramiranga,CE,2016,7,0.0,inpe_bdq_aqua_ref,climatology_regional_intensity12,0.0,2016-07
2305506,Iguatu,CE,2016,7,0.0,inpe_bdq_aqua_ref,climatology_regional_intensity12,0.432761070283147,2016-07
2306405,Itapipoca,CE,2016,7,0.0,inpe_bdq_aqua_ref,climatology_regional_intensity12,0.5770147603775293,2016-07
2306900,Jaguaribe,CE,2016,7,0.0,inpe_bdq_aqua_ref,climatology_regional_intensity12,0.09616912672958822,2016-07
2307007,Jaguaruana,CE,2016,7,0.0,inpe_bdq_aqua_ref,climatology_regional_intensity12,0.19233825345917643,2016-07
2307106,Jardim,CE,2016,7,0.0,inpe_bdq_legacy,climatology_regional_intensity12,0.0,2016-07
2307205,Jati,CE,2016,7,0.0,inpe_bdq_legacy,climatology_regional_intensity12,0.0,2016-07
2307304,Juazeiro do Norte,CE,2016,7,0.0,inpe_bdq_legacy,climatology_regional_intensity12,0.19233825345917643,2016-07
2308401,Missão Velha,CE,2016,7,0.0,inpe_bdq_legacy,climatology_regional_intensity12,0.09616912672958822,2016-07
2308708,Morada Nova,CE,2016,7,0.0,inpe_bdq_aqua_ref,climatology_regional_intensity12,0.0,2016-07
2309201,Nova Olinda,CE,2016,7,2.0,inpe_bdq_legacy,climatology_regional_intensity12,0.24042281682397054,2016-07
2310605,Penaforte,CE,2016,7,0.0,inpe_bdq_legacy,climatology_regional_intensity12,0.0,2016-07
2311108,Porteiras,CE,2016,7,0.0,inpe_bdq_legacy,climatology_regional_intensity12,0.14425369009438233,2016-07
2311207,Potengi,CE,2016,7,0.0,inpe_bdq_legacy,climatology_regional_intensity12,0.09616912672958822,2016-07
2311306,Quixadá,CE,2016,7,2.0,inpe_bdq_aqua_ref,climatology_regional_intensity12,0.19233825345917643,2016-07
2311405,Quixeramobim,CE,2016,7,0.0,inpe_bdq_aqua_ref,climatology_regional_intensity12,0.28850738018876465,2016-07
2311959,Salitre,CE,2016,7,0.0,inpe_bdq_legacy,climatology_regional_intensity12,0.0,2016-07
2312106,Santana do Cariri,CE,2016,7,2.0,inpe_bdq_legacy,climatology_regional_intensity12,0.09616912672958822,2016-07
2312908,Sobral,CE,2016,7,0.0,inpe_bdq_aqua_ref,climatology_regional_intensity12,0.4808456336479411,2016-07
2313302,Tauá,CE,2016,7,0.0,inpe_bdq_aqua_ref,climatology_regional_intensity12,0.19233825345917643,2016-07
2313401,Tianguá,CE,2016,7,0.0,inpe_bdq_aqua_ref,climatology_regional_intensity12,0.24042281682397054,2016-07
2300101,Abaiara,CE,2016,8,0.0,inpe_bdq_legacy,climatology_municipal,0.25,2016-08
2300200,Acaraú,CE,2016,8,0.0,inpe_bdq_aqua_ref,climatology_municipal,1.1666666666666667,2016-08
2301307,Araripe,CE,2016,8,0.0,inpe_bdq_legacy,climatology_municipal,0.46153846153846156,2016-08
2301604,Assaré,CE,2016,8,3.0,inpe_bdq_legacy,climatology_municipal,0.8333333333333334,2016-08
2301901,Barbalha,CE,2016,8,0.0,inpe_bdq_aqua_ref,climatology_municipal,0.8461538461538461,2016-08
2302503,Brejo Santo,CE,2016,8,0.0,inpe_bdq_legacy,climatology_municipal,0.25,2016-08
2302701,Campos Sales,CE,2016,8,0.0,inpe_bdq_aqua_ref,climatology_municipal,0.25,2016-08
2304103,Crateús,CE,2016,8,11.0,inpe_bdq_aqua_ref,climatology_municipal,1.9166666666666667,2016-08
2304202,Crato,CE,2016,8,4.0,inpe_bdq_legacy,climatology_municipal,1.6153846153846154,2016-08
2304400,Fortaleza,CE,2016,8,3.0,inpe_bdq_aqua_ref,climatology_municipal,0.25,2016-08
2305100,Guaramiranga,CE,2016,8,0.0,inpe_bdq_aqua_ref,climatology_municipal,0.0,2016-08
2305506,Iguatu,CE,2016,8,0.0,inpe_bdq_aqua_ref,climatology_municipal,1.25,2016-08
2306405,Itapipoca,CE,2016,8,4.0,inpe_bdq_aqua_ref,climatology_municipal,3.5,2016-08
2306900,Jaguaribe,CE,2016,8,1.0,inpe_bdq_aqua_ref,climatology_municipal,0.5,2016-08
2307007,Jaguaruana,CE,2016,8,0.0,inpe_bdq_aqua_ref,climatology_municipal,0.625,2016-08
2307106,Jardim,CE,2016,8,0.0,inpe_bdq_legacy,climatology_municipal,0.08333333333333333,2016-08
2307205,Jati,CE,2016,8,0.0,inpe_bdq_legacy,climatology_municipal,0.0,2016-08
2307304,Juazeiro do Norte,CE,2016,8,5.0,inpe_bdq_legacy,climatology_municipal,0.5454545454545454,2016-08
2308401,Missão Velha,CE,2016,8,3.0,inpe_bdq_legacy,climatology_municipal,0.16666666666666666,2016-08
2308708,Morada Nova,CE,2016,8,0.0,inpe_bdq_aqua_ref,climatology_municipal,1.3333333333333333,2016-08
2309201,Nova Olinda,CE,2016,8,0.0,inpe_bdq_legacy,climatology_municipal,0.25,2016-08
2310605,Penaforte,CE,2016,8,0.0,inpe_bdq_legacy,climatology_municipal,0.0,2016-08
2311207,Potengi,CE,2016,8,0.0,inpe_bdq_legacy,climatology_municipal,0.0,2016-08
2311306,Quixadá,CE,2016,8,2.0,inpe_bdq_aqua_ref,climatology_municipal,0.6666666666666666,2016-08
2311405,Quixeramobim,CE,2016,8,0.0,inpe_bdq_aqua_ref,climatology_municipal,1.1666666666666667,2016-08
2311959,Salitre,CE,2016,8,0.0,inpe_bdq_legacy,climatology_municipal,0.23076923076923078,2016-08
2312106,Santana do Cariri,CE,2016,8,3.0,inpe_bdq_legacy,climatology_municipal,0.6923076923076923,2016-08
2312908,Sobral,CE,2016,8,19.0,inpe_bdq_aqua_ref,climatology_municipal,6.916666666666667,2016-08
2313302,Tauá,CE,2016,8,0.0,inpe_bdq_aqua_ref,climatology_municipal,0.4166666666666667,2016-08
2313401,Tianguá,CE,2016,8,5.0,inpe_bdq_aqua_ref,climatology_municipal,0.8333333333333334,2016-08
2300101,Abaiara,CE,2016,8,0.0,inpe_bdq_legacy,climatology_regional_intensity12,0.14526333224430726,2016-08
2300200,Acaraú,CE,2016,8,0.0,inpe_bdq_aqua_ref,climatology_regional_intensity12,0.677895550473434,2016-08
2301307,Araripe,CE,2016,8,0.0,inpe_bdq_legacy,climatology_regional_intensity12,0.2681784595279519,2016-08
2301604,Assaré,CE,2016,8,3.0,inpe_bdq_legacy,climatology_regional_intensity12,0.48421110748102425,2016-08
2301901,Barbalha,CE,2016,8,0.0,inpe_bdq_aqua_ref,climatology_regional_intensity12,0.4916605091345784,2016-08
2302503,Brejo Santo,CE,2016,8,0.0,inpe_bdq_legacy,climatology_regional_intensity12,0.14526333224430726,2016-08
2302701,Campos Sales,CE,2016,8,0.0,inpe_bdq_aqua_ref,climatology_regional_intensity12,0.14526333224430726,2016-08
2304103,Crateús,CE,2016,8,11.0,inpe_bdq_aqua_ref,climatology_regional_intensity12,1.1136855472063558,2016-08
2304202,Crato,CE,2016,8,4.0,inpe_bdq_legacy,climatology_regional_intensity12,0.9386246083478316,2016-08
2304400,Fortaleza,CE,2016,8,3.0,inpe_bdq_aqua_ref,climatology_regional_intensity12,0.14526333224430726,2016-08
2305100,Guaramiranga,CE,2016,8,0.0,inpe_bdq_aqua_ref,climatology_regional_intensity12,0.0,2016-08
2305506,Iguatu,CE,2016,8,0.0,inpe_bdq_aqua_ref,climatology_regional_intensity12,0.7263166612215364,2016-08
2306405,Itapipoca,CE,2016,8,4.0,inpe_bdq_aqua_ref,climatology_regional_intensity12,2.0336866514203016,2016-08
2306900,Jaguaribe,CE,2016,8,1.0,inpe_bdq_aqua_ref,climatology_regional_intensity12,0.2905266644886145,2016-08
2307007,Jaguaruana,CE,2016,8,0.0,inpe_bdq_aqua_ref,climatology_regional_intensity12,0.3631583306107682,2016-08
2307106,Jardim,CE,2016,8,0.0,inpe_bdq_legacy,climatology_regional_intensity12,0.04842111074810242,2016-08
2307205,Jati,CE,2016,8,0.0,inpe_bdq_legacy,climatology_regional_intensity12,0.0,2016-08
2307304,Juazeiro do Norte,CE,2016,8,5.0,inpe_bdq_legacy,climatology_regional_intensity12,0.31693817944212493,2016-08
2308401,Missão Velha,CE,2016,8,3.0,inpe_bdq_legacy,climatology_regional_intensity12,0.09684222149620483,2016-08
2308708,Morada Nova,CE,2016,8,0.0,inpe_bdq_aqua_ref,climatology_regional_intensity12,0.7747377719696387,2016-08
2309201,Nova Olinda,CE,2016,8,0.0,inpe_bdq_legacy,climatology_regional_intensity12,0.14526333224430726,2016-08
2310605,Penaforte,CE,2016,8,0.0,inpe_bdq_legacy,climatology_regional_intensity12,0.0,2016-08
2311207,Potengi,CE,2016,8,0.0,inpe_bdq_legacy,climatology_regional_intensity12,0.0,2016-08
2311306,Quixadá,CE,2016,8,2.0,inpe_bdq_aqua_ref,climatology_regional_intensity12,0.38736888598481933,2016-08
2311405,Quixeramobim,CE,2016,8,0.0,inpe_bdq_aqua_ref,climatology_regional_intensity12,0.677895550473434,2016-08
2311959,Salitre,CE,2016,8,0.0,inpe_bdq_legacy,climatology_regional_intensity12,0.13408922976397594,2016-08
2312106,Santana do Cariri,CE,2016,8,3.0,inpe_bdq_legacy,climatology_regional_intensity12,0.4022676892919278,2016-08
2312908,Sobral,CE,2016,8,19.0,inpe_bdq_aqua_ref,climatology_regional_intensity12,4.0189521920925015,2016-08
2313302,Tauá,CE,2016,8,0.0,inpe_bdq_aqua_ref,climatology_regional_intensity12,0.24210555374051212,2016-08
2313401,Tianguá,CE,2016,8,5.0,inpe_bdq_aqua_ref,climatology_regional_intensity12,0.48421110748102425,2016-08
2300101,Abaiara,CE,2016,9,1.0,inpe_bdq_legacy,climatology_municipal,0.3333333333333333,2016-09
2300200,Acaraú,CE,2016,9,0.0,inpe_bdq_aqua_ref,climatology_municipal,2.0,2016-09
2301307,Araripe,CE,2016,9,10.0,inpe_bdq_legacy,climatology_municipal,6.461538461538462,2016-09
2301604,Assaré,CE,2016,9,0.0,inpe_bdq_legacy,climatology_municipal,1.5384615384615385,2016-09
2301901,Barbalha,CE,2016,9,2.0,inpe_bdq_aqua_ref,climatology_municipal,2.6153846153846154,2016-09
2302503,Brejo Santo,CE,2016,9,1.0,inpe_bdq_legacy,climatology_municipal,1.3076923076923077,2016-09
2302701,Campos Sales,CE,2016,9,1.0,inpe_bdq_aqua_ref,climatology_municipal,1.6923076923076923,2016-09
2304103,Crateús,CE,2016,9,11.0,inpe_bdq_aqua_ref,climatology_municipal,2.4166666666666665,2016-09
2304202,Crato,CE,2016,9,5.0,inpe_bdq_legacy,climatology_municipal,3.5384615384615383,2016-09
2304400,Fortaleza,CE,2016,9,3.0,inpe_bdq_aqua_ref,climatology_municipal,0.4166666666666667,2016-09
2305100,Guaramiranga,CE,2016,9,0.0,inpe_bdq_aqua_ref,climatology_municipal,0.0,2016-09
2305506,Iguatu,CE,2016,9,9.0,inpe_bdq_aqua_ref,climatology_municipal,3.0,2016-09
2306405,Itapipoca,CE,2016,9,2.0,inpe_bdq_aqua_ref,climatology_municipal,3.1666666666666665,2016-09
2306900,Jaguaribe,CE,2016,9,0.0,inpe_bdq_aqua_ref,climatology_municipal,0.5833333333333334,2016-09
2307007,Jaguaruana,CE,2016,9,0.0,inpe_bdq_aqua_ref,climatology_municipal,1.0,2016-09
2307106,Jardim,CE,2016,9,1.0,inpe_bdq_legacy,climatology_municipal,1.9166666666666667,2016-09
2307205,Jati,CE,2016,9,0.0,inpe_bdq_legacy,climatology_municipal,0.6153846153846154,2016-09
2307304,Juazeiro do Norte,CE,2016,9,2.0,inpe_bdq_legacy,climatology_municipal,0.9090909090909091,2016-09
2308401,Missão Velha,CE,2016,9,2.0,inpe_bdq_legacy,climatology_municipal,3.230769230769231,2016-09
2308708,Morada Nova,CE,2016,9,2.0,inpe_bdq_aqua_ref,climatology_municipal,1.4166666666666667,2016-09
2309201,Nova Olinda,CE,2016,9,0.0,inpe_bdq_legacy,climatology_municipal,1.0,2016-09
2310605,Penaforte,CE,2016,9,0.0,inpe_bdq_legacy,climatology_municipal,0.0,2016-09
2311207,Potengi,CE,2016,9,3.0,inpe_bdq_legacy,climatology_municipal,1.2307692307692308,2016-09
2311306,Quixadá,CE,2016,9,1.0,inpe_bdq_aqua_ref,climatology_municipal,3.75,2016-09
2311405,Quixeramobim,CE,2016,9,12.0,inpe_bdq_aqua_ref,climatology_municipal,2.1666666666666665,2016-09
2311959,Salitre,CE,2016,9,1.0,inpe_bdq_legacy,climatology_municipal,1.7692307692307692,2016-09
2312106,Santana do Cariri,CE,2016,9,4.0,inpe_bdq_legacy,climatology_municipal,4.076923076923077,2016-09
2312908,Sobral,CE,2016,9,10.0,inpe_bdq_aqua_ref,climatology_municipal,9.666666666666666,2016-09
2313302,Tauá,CE,2016,9,1.0,inpe_bdq_aqua_ref,climatology_municipal,2.6666666666666665,2016-09
2313401,Tianguá,CE,2016,9,0.0,inpe_bdq_aqua_ref,climatology_municipal,1.3333333333333333,2016-09
2300101,Abaiara,CE,2016,9,1.0,inpe_bdq_legacy,climatology_regional_intensity12,0.1989939307234409,2016-09
2300200,Acaraú,CE,2016,9,0.0,inpe_bdq_aqua_ref,climatology_regional_intensity12,1.1939635843406455,2016-09
2301307,Araripe,CE,2016,9,10.0,inpe_bdq_legacy,climatology_regional_intensity12,3.857420810946701,2016-09
2301604,Assaré,CE,2016,9,0.0,inpe_bdq_legacy,climatology_regional_intensity12,0.9184335264158813,2016-09
2301901,Barbalha,CE,2016,9,2.0,inpe_bdq_aqua_ref,climatology_regional_intensity12,1.561336994906998,2016-09
2302503,Brejo Santo,CE,2016,9,1.0,inpe_bdq_legacy,climatology_regional_intensity12,0.780668497453499,2016-09
2302701,Campos Sales,CE,2016,9,1.0,inpe_bdq_aqua_ref,climatology_regional_intensity12,1.0102768790574692,2016-09
2304103,Crateús,CE,2016,9,11.0,inpe_bdq_aqua_ref,climatology_regional_intensity12,1.4427059977449466,2016-09
2304202,Crato,CE,2016,9,5.0,inpe_bdq_legacy,climatology_regional_intensity12,2.1123971107565267,2016-09
2304400,Fortaleza,CE,2016,9,3.0,inpe_bdq_aqua_ref,climatology_regional_intensity12,0.24874241340430117,2016-09
2305100,Guaramiranga,CE,2016,9,0.0,inpe_bdq_aqua_ref,climatology_regional_intensity12,0.0,2016-09
2305506,Iguatu,CE,2016,9,9.0,inpe_bdq_aqua_ref,climatology_regional_intensity12,1.7909453765109684,2016-09
2306405,Itapipoca,CE,2016,9,2.0,inpe_bdq_aqua_ref,climatology_regional_intensity12,1.8904423418726888,2016-09
2306900,Jaguaribe,CE,2016,9,0.0,inpe_bdq_aqua_ref,climatology_regional_intensity12,0.3482393787660216,2016-09
2307007,Jaguaruana,CE,2016,9,0.0,inpe_bdq_aqua_ref,climatology_regional_intensity12,0.5969817921703228,2016-09
2307106,Jardim,CE,2016,9,1.0,inpe_bdq_legacy,climatology_regional_intensity12,1.1442151016597852,2016-09
2307205,Jati,CE,2016,9,0.0,inpe_bdq_legacy,climatology_regional_intensity12,0.3673734105663525,2016-09
2307304,Juazeiro do Norte,CE,2016,9,2.0,inpe_bdq_legacy,climatology_regional_intensity12,0.5427107201548389,2016-09
2308401,Missão Velha,CE,2016,9,2.0,inpe_bdq_legacy,climatology_regional_intensity12,1.9287104054733506,2016-09
2308708,Morada Nova,CE,2016,9,2.0,inpe_bdq_aqua_ref,climatology_regional_intensity12,0.8457242055746239,2016-09
2309201,Nova Olinda,CE,2016,9,0.0,inpe_bdq_legacy,climatology_regional_intensity12,0.5969817921703228,2016-09
2310605,Penaforte,CE,2016,9,0.0,inpe_bdq_legacy,climatology_regional_intensity12,0.0,2016-09
2311207,Potengi,CE,2016,9,3.0,inpe_bdq_legacy,climatology_regional_intensity12,0.734746821132705,2016-09
2311306,Quixadá,CE,2016,9,1.0,inpe_bdq_aqua_ref,climatology_regional_intensity12,2.23868172063871,2016-09
2311405,Quixeramobim,CE,2016,9,12.0,inpe_bdq_aqua_ref,climatology_regional_intensity12,1.293460549702366,2016-09
2311959,Salitre,CE,2016,9,1.0,inpe_bdq_legacy,climatology_regional_intensity12,1.0561985553782633,2016-09
2312106,Santana do Cariri,CE,2016,9,4.0,inpe_bdq_legacy,climatology_regional_intensity12,2.433848845002085,2016-09
2312908,Sobral,CE,2016,9,10.0,inpe_bdq_aqua_ref,climatology_regional_intensity12,5.770823990979786,2016-09
2313302,Tauá,CE,2016,9,1.0,inpe_bdq_aqua_ref,climatology_regional_intensity12,1.5919514457875272,2016-09
2313401,Tianguá,CE,2016,9,0.0,inpe_bdq_aqua_ref,climatology_regional_intensity12,0.7959757228937636,2016-09
2300101,Abaiara,CE,2016,10,1.0,inpe_bdq_legacy,climatology_municipal,0.7692307692307693,2016-10
2300200,Acaraú,CE,2016,10,3.0,inpe_bdq_aqua_ref,climatology_municipal,1.75,2016-10
2301307,Araripe,CE,2016,10,18.0,inpe_bdq_legacy,climatology_municipal,9.76923076923077,2016-10
2301604,Assaré,CE,2016,10,13.0,inpe_bdq_legacy,climatology_municipal,2.6153846153846154,2016-10
2301901,Barbalha,CE,2016,10,1.0,inpe_bdq_aqua_ref,climatology_municipal,2.5384615384615383,2016-10
2302503,Brejo Santo,CE,2016,10,3.0,inpe_bdq_legacy,climatology_municipal,3.076923076923077,2016-10
2302701,Campos Sales,CE,2016,10,4.0,inpe_bdq_aqua_ref,climatology_municipal,2.923076923076923,2016-10
2304103,Crateús,CE,2016,10,52.0,inpe_bdq_aqua_ref,climatology_municipal,45.833333333333336,2016-10
2304202,Crato,CE,2016,10,20.0,inpe_bdq_legacy,climatology_municipal,8.692307692307692,2016-10
2304400,Fortaleza,CE,2016,10,0.0,inpe_bdq_aqua_ref,climatology_municipal,1.0,2016-10
2305100,Guaramiranga,CE,2016,10,1.0,inpe_bdq_aqua_ref,climatology_municipal,0.0,2016-10
2305506,Iguatu,CE,2016,10,7.0,inpe_bdq_aqua_ref,climatology_municipal,3.4166666666666665,2016-10
2306405,Itapipoca,CE,2016,10,4.0,inpe_bdq_aqua_ref,climatology_municipal,2.6666666666666665,2016-10
2306900,Jaguaribe,CE,2016,10,0.0,inpe_bdq_aqua_ref,climatology_municipal,2.0,2016-10
2307007,Jaguaruana,CE,2016,10,0.0,inpe_bdq_aqua_ref,climatology_municipal,1.125,2016-10
2307106,Jardim,CE,2016,10,3.0,inpe_bdq_legacy,climatology_municipal,2.6153846153846154,2016-10
2307205,Jati,CE,2016,10,6.0,inpe_bdq_legacy,climatology_municipal,2.923076923076923,2016-10
2307304,Juazeiro do Norte,CE,2016,10,3.0,inpe_bdq_legacy,climatology_municipal,2.727272727272727,2016-10
2308401,Missão Velha,CE,2016,10,15.0,inpe_bdq_legacy,climatology_municipal,4.769230769230769,2016-10
2308708,Morada Nova,CE,2016,10,1.0,inpe_bdq_aqua_ref,climatology_municipal,6.0,2016-10
2309201,Nova Olinda,CE,2016,10,2.0,inpe_bdq_legacy,climatology_municipal,1.0,2016-10
2310605,Penaforte,CE,2016,10,0.0,inpe_bdq_legacy,climatology_municipal,0.25,2016-10
2311207,Potengi,CE,2016,10,3.0,inpe_bdq_legacy,climatology_municipal,1.2307692307692308,2016-10
2311306,Quixadá,CE,2016,10,7.0,inpe_bdq_aqua_ref,climatology_municipal,21.0,2016-10
2311405,Quixeramobim,CE,2016,10,33.0,inpe_bdq_aqua_ref,climatology_municipal,43.083333333333336,2016-10
2311959,Salitre,CE,2016,10,5.0,inpe_bdq_legacy,climatology_municipal,4.3076923076923075,2016-10
2312106,Santana do Cariri,CE,2016,10,10.0,inpe_bdq_legacy,climatology_municipal,6.384615384615385,2016-10
2312908,Sobral,CE,2016,10,29.0,inpe_bdq_aqua_ref,climatology_municipal,15.583333333333334,2016-10
2313302,Tauá,CE,2016,10,6.0,inpe_bdq_aqua_ref,climatology_municipal,9.25,2016-10
2313401,Tianguá,CE,2016,10,6.0,inpe_bdq_aqua_ref,climatology_municipal,3.1666666666666665,2016-10
2300101,Abaiara,CE,2016,10,1.0,inpe_bdq_legacy,climatology_regional_intensity12,0.4859567253190918,2016-10
2300200,Acaraú,CE,2016,10,3.0,inpe_bdq_aqua_ref,climatology_regional_intensity12,1.1055515501009336,2016-10
2301307,Araripe,CE,2016,10,18.0,inpe_bdq_legacy,climatology_regional_intensity12,6.1716504115524655,2016-10
2301604,Assaré,CE,2016,10,13.0,inpe_bdq_legacy,climatology_regional_intensity12,1.652252866084912,2016-10
2301901,Barbalha,CE,2016,10,1.0,inpe_bdq_aqua_ref,climatology_regional_intensity12,1.6036571935530026,2016-10
2302503,Brejo Santo,CE,2016,10,3.0,inpe_bdq_legacy,climatology_regional_intensity12,1.9438269012763671,2016-10
2302701,Campos Sales,CE,2016,10,4.0,inpe_bdq_aqua_ref,climatology_regional_intensity12,1.8466355562125485,2016-10
2304103,Crateús,CE,2016,10,52.0,inpe_bdq_aqua_ref,climatology_regional_intensity12,28.95492155026255,2016-10
2304202,Crato,CE,2016,10,20.0,inpe_bdq_legacy,climatology_regional_intensity12,5.491310996105736,2016-10
2304400,Fortaleza,CE,2016,10,0.0,inpe_bdq_aqua_ref,climatology_regional_intensity12,0.6317437429148193,2016-10
2305100,Guaramiranga,CE,2016,10,1.0,inpe_bdq_aqua_ref,climatology_regional_intensity12,0.0,2016-10
2305506,Iguatu,CE,2016,10,7.0,inpe_bdq_aqua_ref,climatology_regional_intensity12,2.1584577882922993,2016-10
2306405,Itapipoca,CE,2016,10,4.0,inpe_bdq_aqua_ref,climatology_regional_intensity12,1.6846499811061846,2016-10
2306900,Jaguaribe,CE,2016,10,0.0,inpe_bdq_aqua_ref,climatology_regional_intensity12,1.2634874858296385,2016-10
2307007,Jaguaruana,CE,2016,10,0.0,inpe_bdq_aqua_ref,climatology_regional_intensity12,0.7107117107791717,2016-10
2307106,Jardim,CE,2016,10,3.0,inpe_bdq_legacy,climatology_regional_intensity12,1.652252866084912,2016-10
2307205,Jati,CE,2016,10,6.0,inpe_bdq_legacy,climatology_regional_intensity12,1.8466355562125485,2016-10
2307304,Juazeiro do Norte,CE,2016,10,3.0,inpe_bdq_legacy,climatology_regional_intensity12,1.7229374806767797,2016-10
2308401,Missão Velha,CE,2016,10,15.0,inpe_bdq_legacy,climatology_regional_intensity12,3.012931696978369,2016-10
2308708,Morada Nova,CE,2016,10,1.0,inpe_bdq_aqua_ref,climatology_regional_intensity12,3.790462457488916,2016-10
2309201,Nova Olinda,CE,2016,10,2.0,inpe_bdq_legacy,climatology_regional_intensity12,0.6317437429148193,2016-10
2310605,Penaforte,CE,2016,10,0.0,inpe_bdq_legacy,climatology_regional_intensity12,0.15793593572870482,2016-10
2311207,Potengi,CE,2016,10,3.0,inpe_bdq_legacy,climatology_regional_intensity12,0.7775307605105468,2016-10
2311306,Quixadá,CE,2016,10,7.0,inpe_bdq_aqua_ref,climatology_regional_intensity12,13.266618601211205,2016-10
2311405,Quixeramobim,CE,2016,10,33.0,inpe_bdq_aqua_ref,climatology_regional_intensity12,27.2176262572468,2016-10
2311959,Salitre,CE,2016,10,5.0,inpe_bdq_legacy,climatology_regional_intensity12,2.7213576617869135,2016-10
2312106,Santana do Cariri,CE,2016,10,10.0,inpe_bdq_legacy,climatology_regional_intensity12,4.033440820148462,2016-10
2312908,Sobral,CE,2016,10,29.0,inpe_bdq_aqua_ref,climatology_regional_intensity12,9.844673327089268,2016-10
2313302,Tauá,CE,2016,10,6.0,inpe_bdq_aqua_ref,climatology_regional_intensity12,5.843629621962078,2016-10
2313401,Tianguá,CE,2016,10,6.0,inpe_bdq_aqua_ref,climatology_regional_intensity12,2.0005218525635944,2016-10
2300101,Abaiara,CE,2016,11,1.0,inpe_bdq_legacy,climatology_municipal,3.1538461538461537,2016-11
2300200,Acaraú,CE,2016,11,7.0,inpe_bdq_aqua_ref,climatology_municipal,10.083333333333334,2016-11
2301307,Araripe,CE,2016,11,4.0,inpe_bdq_legacy,climatology_municipal,16.384615384615383,2016-11
2301604,Assaré,CE,2016,11,3.0,inpe_bdq_legacy,climatology_municipal,5.923076923076923,2016-11
2301901,Barbalha,CE,2016,11,5.0,inpe_bdq_aqua_ref,climatology_municipal,5.846153846153846,2016-11
2302503,Brejo Santo,CE,2016,11,0.0,inpe_bdq_legacy,climatology_municipal,6.384615384615385,2016-11
2302701,Campos Sales,CE,2016,11,2.0,inpe_bdq_aqua_ref,climatology_municipal,3.6153846153846154,2016-11
2304103,Crateús,CE,2016,11,24.0,inpe_bdq_aqua_ref,climatology_municipal,69.16666666666667,2016-11
2304202,Crato,CE,2016,11,15.0,inpe_bdq_legacy,climatology_municipal,11.0,2016-11
2304400,Fortaleza,CE,2016,11,1.0,inpe_bdq_aqua_ref,climatology_municipal,1.25,2016-11
2305100,Guaramiranga,CE,2016,11,2.0,inpe_bdq_aqua_ref,climatology_municipal,0.5,2016-11
2305506,Iguatu,CE,2016,11,17.0,inpe_bdq_aqua_ref,climatology_municipal,6.916666666666667,2016-11
2306405,Itapipoca,CE,2016,11,35.0,inpe_bdq_aqua_ref,climatology_municipal,24.416666666666668,2016-11
2306900,Jaguaribe,CE,2016,11,1.0,inpe_bdq_aqua_ref,climatology_municipal,4.0,2016-11
2307007,Jaguaruana,CE,2016,11,0.0,inpe_bdq_aqua_ref,climatology_municipal,0.625,2016-11
2307106,Jardim,CE,2016,11,1.0,inpe_bdq_legacy,climatology_municipal,4.230769230769231,2016-11
2307205,Jati,CE,2016,11,0.0,inpe_bdq_legacy,climatology_municipal,3.076923076923077,2016-11
2307304,Juazeiro do Norte,CE,2016,11,1.0,inpe_bdq_legacy,climatology_municipal,4.636363636363637,2016-11
2308401,Missão Velha,CE,2016,11,10.0,inpe_bdq_legacy,climatology_municipal,11.538461538461538,2016-11
2308708,Morada Nova,CE,2016,11,6.0,inpe_bdq_aqua_ref,climatology_municipal,5.666666666666667,2016-11
2309201,Nova Olinda,CE,2016,11,0.0,inpe_bdq_legacy,climatology_municipal,4.6923076923076925,2016-11
2310605,Penaforte,CE,2016,11,0.0,inpe_bdq_legacy,climatology_municipal,0.38461538461538464,2016-11
2311207,Potengi,CE,2016,11,0.0,inpe_bdq_legacy,climatology_municipal,3.5384615384615383,2016-11
2311306,Quixadá,CE,2016,11,8.0,inpe_bdq_aqua_ref,climatology_municipal,29.5,2016-11
2311405,Quixeramobim,CE,2016,11,18.0,inpe_bdq_aqua_ref,climatology_municipal,63.75,2016-11
2311959,Salitre,CE,2016,11,0.0,inpe_bdq_legacy,climatology_municipal,10.923076923076923,2016-11
2312106,Santana do Cariri,CE,2016,11,12.0,inpe_bdq_legacy,climatology_municipal,14.692307692307692,2016-11
2312908,Sobral,CE,2016,11,39.0,inpe_bdq_aqua_ref,climatology_municipal,37.5,2016-11
2313302,Tauá,CE,2016,11,4.0,inpe_bdq_aqua_ref,climatology_municipal,18.583333333333332,2016-11
2313401,Tianguá,CE,2016,11,6.0,inpe_bdq_aqua_ref,climatology_municipal,12.0,2016-11
2300101,Abaiara,CE,2016,11,1.0,inpe_bdq_legacy,climatology_regional_intensity12,2.289606184133569,2016-11
2300200,Acaraú,CE,2016,11,7.0,inpe_bdq_aqua_ref,climatology_regional_intensity12,7.320224649679073,2016-11
2301307,Araripe,CE,2016,11,4.0,inpe_bdq_legacy,climatology_regional_intensity12,11.894783346840246,2016-11
2301604,Assaré,CE,2016,11,3.0,inpe_bdq_legacy,climatology_regional_intensity12,4.299992101909385,2016-11
2301901,Barbalha,CE,2016,11,5.0,inpe_bdq_aqua_ref,climatology_regional_intensity12,4.244148048637834,2016-11
2302503,Brejo Santo,CE,2016,11,0.0,inpe_bdq_legacy,climatology_regional_intensity12,4.635056421538688,2016-11
2302701,Campos Sales,CE,2016,11,2.0,inpe_bdq_aqua_ref,climatology_regional_intensity12,2.6246705037628715,2016-11
2304103,Crateús,CE,2016,11,24.0,inpe_bdq_aqua_ref,climatology_regional_intensity12,50.21311123333579,2016-11
2304202,Crato,CE,2016,11,15.0,inpe_bdq_legacy,climatology_regional_intensity12,7.985699617831715,2016-11
2304400,Fortaleza,CE,2016,11,1.0,inpe_bdq_aqua_ref,climatology_regional_intensity12,0.9074658656626949,2016-11
2305100,Guaramiranga,CE,2016,11,2.0,inpe_bdq_aqua_ref,climatology_regional_intensity12,0.362986346265078,2016-11
2305506,Iguatu,CE,2016,11,17.0,inpe_bdq_aqua_ref,climatology_regional_intensity12,5.021311123333579,2016-11
2306405,Itapipoca,CE,2016,11,35.0,inpe_bdq_aqua_ref,climatology_regional_intensity12,17.72583324261131,2016-11
2306900,Jaguaribe,CE,2016,11,1.0,inpe_bdq_aqua_ref,climatology_regional_intensity12,2.903890770120624,2016-11
2307007,Jaguaruana,CE,2016,11,0.0,inpe_bdq_aqua_ref,climatology_regional_intensity12,0.45373293283134747,2016-11
2307106,Jardim,CE,2016,11,1.0,inpe_bdq_legacy,climatology_regional_intensity12,3.071422929935275,2016-11
2307205,Jati,CE,2016,11,0.0,inpe_bdq_legacy,climatology_regional_intensity12,2.2337621308620186,2016-11
2307304,Juazeiro do Norte,CE,2016,11,1.0,inpe_bdq_legacy,climatology_regional_intensity12,3.365873392639814,2016-11
2308401,Missão Velha,CE,2016,11,10.0,inpe_bdq_legacy,climatology_regional_intensity12,8.376607990732568,2016-11
2308708,Morada Nova,CE,2016,11,6.0,inpe_bdq_aqua_ref,climatology_regional_intensity12,4.113845257670884,2016-11
2309201,Nova Olinda,CE,2016,11,0.0,inpe_bdq_legacy,climatology_regional_intensity12,3.406487249564578,2016-11
2310605,Penaforte,CE,2016,11,0.0,inpe_bdq_legacy,climatology_regional_intensity12,0.2792202663577523,2016-11
2311207,Potengi,CE,2016,11,0.0,inpe_bdq_legacy,climatology_regional_intensity12,2.5688264504913207,2016-11
2311306,Quixadá,CE,2016,11,8.0,inpe_bdq_aqua_ref,climatology_regional_intensity12,21.4161944296396,2016-11
2311405,Quixeramobim,CE,2016,11,18.0,inpe_bdq_aqua_ref,climatology_regional_intensity12,46.28075914879744,2016-11
2311959,Salitre,CE,2016,11,0.0,inpe_bdq_legacy,climatology_regional_intensity12,7.929855564560166,2016-11
2312106,Santana do Cariri,CE,2016,11,12.0,inpe_bdq_legacy,climatology_regional_intensity12,10.666214174866138,2016-11
2312908,Sobral,CE,2016,11,39.0,inpe_bdq_aqua_ref,climatology_regional_intensity12,27.223975969880847,2016-11
2313302,Tauá,CE,2016,11,4.0,inpe_bdq_aqua_ref,climatology_regional_intensity12,13.490992536185397,2016-11
2313401,Tianguá,CE,2016,11,6.0,inpe_bdq_aqua_ref,climatology_regional_intensity12,8.711672310361871,2016-11
2300101,Abaiara,CE,2016,12,0.0,inpe_bdq_legacy,climatology_municipal,2.3076923076923075,2016-12
2300200,Acaraú,CE,2016,12,15.0,inpe_bdq_aqua_ref,climatology_municipal,43.833333333333336,2016-12
2301307,Araripe,CE,2016,12,2.0,inpe_bdq_legacy,climatology_municipal,7.0,2016-12
2301604,Assaré,CE,2016,12,2.0,inpe_bdq_legacy,climatology_municipal,5.6923076923076925,2016-12
2301901,Barbalha,CE,2016,12,1.0,inpe_bdq_aqua_ref,climatology_municipal,2.3076923076923075,2016-12
2302503,Brejo Santo,CE,2016,12,0.0,inpe_bdq_legacy,climatology_municipal,2.6923076923076925,2016-12
2302701,Campos Sales,CE,2016,12,0.0,inpe_bdq_aqua_ref,climatology_municipal,1.6923076923076923,2016-12
2304103,Crateús,CE,2016,12,11.0,inpe_bdq_aqua_ref,climatology_municipal,33.416666666666664,2016-12
2304202,Crato,CE,2016,12,0.0,inpe_bdq_legacy,climatology_municipal,7.3076923076923075,2016-12
2304400,Fortaleza,CE,2016,12,0.0,inpe_bdq_aqua_ref,climatology_municipal,0.16666666666666666,2016-12
2305100,Guaramiranga,CE,2016,12,0.0,inpe_bdq_aqua_ref,climatology_municipal,0.1,2016-12
2305506,Iguatu,CE,2016,12,1.0,inpe_bdq_aqua_ref,climatology_municipal,4.833333333333333,2016-12
2306405,Itapipoca,CE,2016,12,40.0,inpe_bdq_aqua_ref,climatology_municipal,76.08333333333333,2016-12
2306900,Jaguaribe,CE,2016,12,0.0,inpe_bdq_aqua_ref,climatology_municipal,2.5833333333333335,2016-12
2307007,Jaguaruana,CE,2016,12,0.0,inpe_bdq_aqua_ref,climatology_municipal,1.0,2016-12
2307106,Jardim,CE,2016,12,2.0,inpe_bdq_legacy,climatology_municipal,4.461538461538462,2016-12
2307205,Jati,CE,2016,12,1.0,inpe_bdq_legacy,climatology_municipal,0.7692307692307693,2016-12
2307304,Juazeiro do Norte,CE,2016,12,0.0,inpe_bdq_legacy,climatology_municipal,1.2727272727272727,2016-12
2308401,Missão Velha,CE,2016,12,9.0,inpe_bdq_legacy,climatology_municipal,7.461538461538462,2016-12
2308708,Morada Nova,CE,2016,12,0.0,inpe_bdq_aqua_ref,climatology_municipal,6.333333333333333,2016-12
2309201,Nova Olinda,CE,2016,12,2.0,inpe_bdq_legacy,climatology_municipal,3.3846153846153846,2016-12
2310605,Penaforte,CE,2016,12,0.0,inpe_bdq_legacy,climatology_municipal,0.46153846153846156,2016-12
2311207,Potengi,CE,2016,12,0.0,inpe_bdq_legacy,climatology_municipal,1.6923076923076923,2016-12
2311306,Quixadá,CE,2016,12,2.0,inpe_bdq_aqua_ref,climatology_municipal,14.583333333333334,2016-12
2311405,Quixeramobim,CE,2016,12,8.0,inpe_bdq_aqua_ref,climatology_municipal,40.0,2016-12
2311959,Salitre,CE,2016,12,0.0,inpe_bdq_legacy,climatology_municipal,4.846153846153846,2016-12
2312106,Santana do Cariri,CE,2016,12,2.0,inpe_bdq_legacy,climatology_municipal,12.692307692307692,2016-12
2312908,Sobral,CE,2016,12,10.0,inpe_bdq_aqua_ref,climatology_municipal,23.25,2016-12
2313302,Tauá,CE,2016,12,1.0,inpe_bdq_aqua_ref,climatology_municipal,11.25,2016-12
2313401,Tianguá,CE,2016,12,8.0,inpe_bdq_aqua_ref,climatology_municipal,14.666666666666666,2016-12
2300101,Abaiara,CE,2016,12,0.0,inpe_bdq_legacy,climatology_regional_intensity12,1.7606940160965225,2016-12
2300200,Acaraú,CE,2016,12,15.0,inpe_bdq_aqua_ref,climatology_regional_intensity12,33.44340467241118,2016-12
2301307,Araripe,CE,2016,12,2.0,inpe_bdq_legacy,climatology_regional_intensity12,5.340771848826119,2016-12
2301604,Assaré,CE,2016,12,2.0,inpe_bdq_legacy,climatology_regional_intensity12,4.3430452397047565,2016-12
2301901,Barbalha,CE,2016,12,1.0,inpe_bdq_aqua_ref,climatology_regional_intensity12,1.7606940160965225,2016-12
2302503,Brejo Santo,CE,2016,12,0.0,inpe_bdq_legacy,climatology_regional_intensity12,2.0541430187792766,2016-12
2302701,Campos Sales,CE,2016,12,0.0,inpe_bdq_aqua_ref,climatology_regional_intensity12,1.2911756118041167,2016-12
2304103,Crateús,CE,2016,12,11.0,inpe_bdq_aqua_ref,climatology_regional_intensity12,25.495827516419922,2016-12
2304202,Crato,CE,2016,12,0.0,inpe_bdq_legacy,climatology_regional_intensity12,5.575531050972322,2016-12
2304400,Fortaleza,CE,2016,12,0.0,inpe_bdq_aqua_ref,climatology_regional_intensity12,0.12716123449585998,2016-12
2305100,Guaramiranga,CE,2016,12,0.0,inpe_bdq_aqua_ref,climatology_regional_intensity12,0.07629674069751599,2016-12
2305506,Iguatu,CE,2016,12,1.0,inpe_bdq_aqua_ref,climatology_regional_intensity12,3.6876758003799393,2016-12
2306405,Itapipoca,CE,2016,12,40.0,inpe_bdq_aqua_ref,climatology_regional_intensity12,58.049103547360076,2016-12
2306900,Jaguaribe,CE,2016,12,0.0,inpe_bdq_aqua_ref,climatology_regional_intensity12,1.9709991346858298,2016-12
2307007,Jaguaruana,CE,2016,12,0.0,inpe_bdq_aqua_ref,climatology_regional_intensity12,0.7629674069751599,2016-12
2307106,Jardim,CE,2016,12,2.0,inpe_bdq_legacy,climatology_regional_intensity12,3.404008431119944,2016-12
2307205,Jati,CE,2016,12,1.0,inpe_bdq_legacy,climatology_regional_intensity12,0.5868980053655076,2016-12
2307304,Juazeiro do Norte,CE,2016,12,0.0,inpe_bdq_legacy,climatology_regional_intensity12,0.9710494270592943,2016-12
2308401,Missão Velha,CE,2016,12,9.0,inpe_bdq_legacy,climatology_regional_intensity12,5.692910652045423,2016-12
2308708,Morada Nova,CE,2016,12,0.0,inpe_bdq_aqua_ref,climatology_regional_intensity12,4.832126910842679,2016-12
2309201,Nova Olinda,CE,2016,12,2.0,inpe_bdq_legacy,climatology_regional_intensity12,2.5823512236082333,2016-12
2310605,Penaforte,CE,2016,12,0.0,inpe_bdq_legacy,climatology_regional_intensity12,0.3521388032193046,2016-12
2311207,Potengi,CE,2016,12,0.0,inpe_bdq_legacy,climatology_regional_intensity12,1.2911756118041167,2016-12
2311306,Quixadá,CE,2016,12,2.0,inpe_bdq_aqua_ref,climatology_regional_intensity12,11.12660801838775,2016-12
2311405,Quixeramobim,CE,2016,12,8.0,inpe_bdq_aqua_ref,climatology_regional_intensity12,30.518696279006395,2016-12
2311959,Salitre,CE,2016,12,0.0,inpe_bdq_legacy,climatology_regional_intensity12,3.6974574338026973,2016-12
2312106,Santana do Cariri,CE,2016,12,2.0,inpe_bdq_legacy,climatology_regional_intensity12,9.683817088530875,2016-12
2312908,Sobral,CE,2016,12,10.0,inpe_bdq_aqua_ref,climatology_regional_intensity12,17.738992212172466,2016-12
2313302,Tauá,CE,2016,12,1.0,inpe_bdq_aqua_ref,climatology_regional_intensity12,8.583383328470548,2016-12
2313401,Tianguá,CE,2016,12,8.0,inpe_bdq_aqua_ref,climatology_regional_intensity12,11.190188635635677,2016-12
2300101,Abaiara,CE,2017,1,0.0,inpe_bdq_legacy,climatology_municipal,0.07692307692307693,2017-01
2300200,Acaraú,CE,2017,1,2.0,inpe_bdq_aqua_ref,climatology_municipal,7.461538461538462,2017-01
2301307,Araripe,CE,2017,1,0.0,inpe_bdq_legacy,climatology_municipal,1.6153846153846154,2017-01
2301604,Assaré,CE,2017,1,3.0,inpe_bdq_legacy,climatology_municipal,2.230769230769231,2017-01
2301901,Barbalha,CE,2017,1,1.0,inpe_bdq_aqua_ref,climatology_municipal,0.5384615384615384,2017-01
2302503,Brejo Santo,CE,2017,1,0.0,inpe_bdq_legacy,climatology_municipal,0.5384615384615384,2017-01
2302701,Campos Sales,CE,2017,1,0.0,inpe_bdq_aqua_ref,climatology_municipal,0.38461538461538464,2017-01
2304103,Crateús,CE,2017,1,1.0,inpe_bdq_aqua_ref,climatology_municipal,3.769230769230769,2017-01
2304202,Crato,CE,2017,1,1.0,inpe_bdq_legacy,climatology_municipal,1.0769230769230769,2017-01
2304400,Fortaleza,CE,2017,1,0.0,inpe_bdq_aqua_ref,climatology_municipal,0.15384615384615385,2017-01
2305100,Guaramiranga,CE,2017,1,0.0,inpe_bdq_aqua_ref,climatology_municipal,0.0,2017-01
2305506,Iguatu,CE,2017,1,1.0,inpe_bdq_aqua_ref,climatology_municipal,1.1538461538461537,2017-01
2306405,Itapipoca,CE,2017,1,1.0,inpe_bdq_aqua_ref,climatology_municipal,8.76923076923077,2017-01
2306900,Jaguaribe,CE,2017,1,0.0,inpe_bdq_aqua_ref,climatology_municipal,1.0769230769230769,2017-01
2307007,Jaguaruana,CE,2017,1,0.0,inpe_bdq_aqua_ref,climatology_municipal,0.8461538461538461,2017-01
2307106,Jardim,CE,2017,1,0.0,inpe_bdq_legacy,climatology_municipal,0.5384615384615384,2017-01
2307205,Jati,CE,2017,1,0.0,inpe_bdq_legacy,climatology_municipal,0.23076923076923078,2017-01
2307304,Juazeiro do Norte,CE,2017,1,0.0,inpe_bdq_legacy,climatology_municipal,0.15384615384615385,2017-01
2308401,Missão Velha,CE,2017,1,0.0,inpe_bdq_legacy,climatology_municipal,1.3846153846153846,2017-01
2308708,Morada Nova,CE,2017,1,1.0,inpe_bdq_aqua_ref,climatology_municipal,1.3076923076923077,2017-01
2309201,Nova Olinda,CE,2017,1,0.0,inpe_bdq_legacy,climatology_municipal,0.3076923076923077,2017-01
2310605,Penaforte,CE,2017,1,0.0,inpe_bdq_legacy,climatology_municipal,0.07692307692307693,2017-01
2311108,Porteiras,CE,2017,1,0.0,inpe_bdq_legacy,climatology_municipal,0.23076923076923078,2017-01
2311207,Potengi,CE,2017,1,2.0,inpe_bdq_legacy,climatology_municipal,0.9230769230769231,2017-01
2311306,Quixadá,CE,2017,1,0.0,inpe_bdq_aqua_ref,climatology_municipal,2.3076923076923075,2017-01
2311405,Quixeramobim,CE,2017,1,1.0,inpe_bdq_aqua_ref,climatology_municipal,7.230769230769231,2017-01
2311959,Salitre,CE,2017,1,0.0,inpe_bdq_legacy,climatology_municipal,0.7692307692307693,2017-01
2312106,Santana do Cariri,CE,2017,1,2.0,inpe_bdq_legacy,climatology_municipal,4.153846153846154,2017-01
2312908,Sobral,CE,2017,1,0.0,inpe_bdq_aqua_ref,climatology_municipal,2.8461538461538463,2017-01
2313302,Tauá,CE,2017,1,2.0,inpe_bdq_aqua_ref,climatology_municipal,1.2307692307692308,2017-01
2313401,Tianguá,CE,2017,1,1.0,inpe_bdq_aqua_ref,climatology_municipal,0.8461538461538461,2017-01
2300101,Abaiara,CE,2017,1,0.0,inpe_bdq_legacy,climatology_regional_intensity12,0.05684059327701344,2017-01
2300200,Acaraú,CE,2017,1,2.0,inpe_bdq_aqua_ref,climatology_regional_intensity12,5.513537547870304,2017-01
2301307,Araripe,CE,2017,1,0.0,inpe_bdq_legacy,climatology_regional_intensity12,1.1936524588172823,2017-01
2301604,Assaré,CE,2017,1,3.0,inpe_bdq_legacy,climatology_regional_intensity12,1.6483772050333898,2017-01
2301901,Barbalha,CE,2017,1,1.0,inpe_bdq_aqua_ref,climatology_regional_intensity12,0.39788415293909407,2017-01
2302503,Brejo Santo,CE,2017,1,0.0,inpe_bdq_legacy,climatology_regional_intensity12,0.39788415293909407,2017-01
2302701,Campos Sales,CE,2017,1,0.0,inpe_bdq_aqua_ref,climatology_regional_intensity12,0.2842029663850672,2017-01
2304103,Crateús,CE,2017,1,1.0,inpe_bdq_aqua_ref,climatology_regional_intensity12,2.7851890705736584,2017-01
2304202,Crato,CE,2017,1,1.0,inpe_bdq_legacy,climatology_regional_intensity12,0.7957683058781881,2017-01
2304400,Fortaleza,CE,2017,1,0.0,inpe_bdq_aqua_ref,climatology_regional_intensity12,0.11368118655402688,2017-01
2305100,Guaramiranga,CE,2017,1,0.0,inpe_bdq_aqua_ref,climatology_regional_intensity12,0.0,2017-01
2305506,Iguatu,CE,2017,1,1.0,inpe_bdq_aqua_ref,climatology_regional_intensity12,0.8526088991552015,2017-01
2306405,Itapipoca,CE,2017,1,1.0,inpe_bdq_aqua_ref,climatology_regional_intensity12,6.479827633579533,2017-01
2306900,Jaguaribe,CE,2017,1,0.0,inpe_bdq_aqua_ref,climatology_regional_intensity12,0.7957683058781881,2017-01
2307007,Jaguaruana,CE,2017,1,0.0,inpe_bdq_aqua_ref,climatology_regional_intensity12,0.6252465260471478,2017-01
2307106,Jardim,CE,2017,1,0.0,inpe_bdq_legacy,climatology_regional_intensity12,0.39788415293909407,2017-01
2307205,Jati,CE,2017,1,0.0,inpe_bdq_legacy,climatology_regional_intensity12,0.17052177983104033,2017-01
2307304,Juazeiro do Norte,CE,2017,1,0.0,inpe_bdq_legacy,climatology_regional_intensity12,0.11368118655402688,2017-01
2308401,Missão Velha,CE,2017,1,0.0,inpe_bdq_legacy,climatology_regional_intensity12,1.023130678986242,2017-01
2308708,Morada Nova,CE,2017,1,1.0,inpe_bdq_aqua_ref,climatology_regional_intensity12,0.9662900857092285,2017-01
2309201,Nova Olinda,CE,2017,1,0.0,inpe_bdq_legacy,climatology_regional_intensity12,0.22736237310805377,2017-01
2310605,Penaforte,CE,2017,1,0.0,inpe_bdq_legacy,climatology_regional_intensity12,0.05684059327701344,2017-01
2311108,Porteiras,CE,2017,1,0.0,inpe_bdq_legacy,climatology_regional_intensity12,0.17052177983104033,2017-01
2311207,Potengi,CE,2017,1,2.0,inpe_bdq_legacy,climatology_regional_intensity12,0.6820871193241613,2017-01
2311306,Quixadá,CE,2017,1,0.0,inpe_bdq_aqua_ref,climatology_regional_intensity12,1.705217798310403,2017-01
2311405,Quixeramobim,CE,2017,1,1.0,inpe_bdq_aqua_ref,climatology_regional_intensity12,5.343015768039264,2017-01
2311959,Salitre,CE,2017,1,0.0,inpe_bdq_legacy,climatology_regional_intensity12,0.5684059327701344,2017-01
2312106,Santana do Cariri,CE,2017,1,2.0,inpe_bdq_legacy,climatology_regional_intensity12,3.069392036958726,2017-01
2312908,Sobral,CE,2017,1,0.0,inpe_bdq_aqua_ref,climatology_regional_intensity12,2.1031019512494975,2017-01
2313302,Tauá,CE,2017,1,2.0,inpe_bdq_aqua_ref,climatology_regional_intensity12,0.9094494924322151,2017-01
2313401,Tianguá,CE,2017,1,1.0,inpe_bdq_aqua_ref,climatology_regional_intensity12,0.6252465260471478,2017-01
2300101,Abaiara,CE,2017,2,0.0,inpe_bdq_legacy,climatology_municipal,0.0,2017-02
2300200,Acaraú,CE,2017,2,0.0,inpe_bdq_aqua_ref,climatology_municipal,0.5384615384615384,2017-02
2301307,Araripe,CE,2017,2,0.0,inpe_bdq_legacy,climatology_municipal,0.15384615384615385,2017-02
2301604,Assaré,CE,2017,2,0.0,inpe_bdq_legacy,climatology_municipal,0.38461538461538464,2017-02
2301901,Barbalha,CE,2017,2,0.0,inpe_bdq_aqua_ref,climatology_municipal,0.23076923076923078,2017-02
2302503,Brejo Santo,CE,2017,2,0.0,inpe_bdq_legacy,climatology_municipal,0.07692307692307693,2017-02
2302701,Campos Sales,CE,2017,2,0.0,inpe_bdq_aqua_ref,climatology_municipal,0.0,2017-02
2304103,Crateús,CE,2017,2,0.0,inpe_bdq_aqua_ref,climatology_municipal,0.0,2017-02
2304202,Crato,CE,2017,2,0.0,inpe_bdq_legacy,climatology_municipal,0.23076923076923078,2017-02
2304400,Fortaleza,CE,2017,2,0.0,inpe_bdq_aqua_ref,climatology_municipal,0.15384615384615385,2017-02
2305100,Guaramiranga,CE,2017,2,0.0,inpe_bdq_aqua_ref,climatology_municipal,0.0,2017-02
2305506,Iguatu,CE,2017,2,0.0,inpe_bdq_aqua_ref,climatology_municipal,0.15384615384615385,2017-02
2306405,Itapipoca,CE,2017,2,0.0,inpe_bdq_aqua_ref,climatology_municipal,0.3076923076923077,2017-02
2306900,Jaguaribe,CE,2017,2,0.0,inpe_bdq_aqua_ref,climatology_municipal,0.23076923076923078,2017-02
2307007,Jaguaruana,CE,2017,2,0.0,inpe_bdq_aqua_ref,climatology_municipal,0.23076923076923078,2017-02
2307106,Jardim,CE,2017,2,0.0,inpe_bdq_legacy,climatology_municipal,0.0,2017-02
2307205,Jati,CE,2017,2,0.0,inpe_bdq_legacy,climatology_municipal,0.23076923076923078,2017-02
2307304,Juazeiro do Norte,CE,2017,2,0.0,inpe_bdq_legacy,climatology_municipal,0.0,2017-02
2308401,Missão Velha,CE,2017,2,0.0,inpe_bdq_legacy,climatology_municipal,0.15384615384615385,2017-02
2308708,Morada Nova,CE,2017,2,2.0,inpe_bdq_aqua_ref,climatology_municipal,0.46153846153846156,2017-02
2309201,Nova Olinda,CE,2017,2,0.0,inpe_bdq_legacy,climatology_municipal,0.0,2017-02
2310605,Penaforte,CE,2017,2,0.0,inpe_bdq_legacy,climatology_municipal,0.15384615384615385,2017-02
2311108,Porteiras,CE,2017,2,0.0,inpe_bdq_legacy,climatology_municipal,0.15384615384615385,2017-02
2311207,Potengi,CE,2017,2,1.0,inpe_bdq_legacy,climatology_municipal,0.38461538461538464,2017-02
2311306,Quixadá,CE,2017,2,1.0,inpe_bdq_aqua_ref,climatology_municipal,0.23076923076923078,2017-02
2311405,Quixeramobim,CE,2017,2,3.0,inpe_bdq_aqua_ref,climatology_municipal,0.9230769230769231,2017-02
2311959,Salitre,CE,2017,2,0.0,inpe_bdq_legacy,climatology_municipal,0.07692307692307693,2017-02
2312106,Santana do Cariri,CE,2017,2,0.0,inpe_bdq_legacy,climatology_municipal,0.38461538461538464,2017-02
2312908,Sobral,CE,2017,2,0.0,inpe_bdq_aqua_ref,climatology_municipal,0.15384615384615385,2017-02
2313302,Tauá,CE,2017,2,0.0,inpe_bdq_aqua_ref,climatology_municipal,0.3076923076923077,2017-02
2313401,Tianguá,CE,2017,2,0.0,inpe_bdq_aqua_ref,climatology_municipal,0.3076923076923077,2017-02
2300101,Abaiara,CE,2017,2,0.0,inpe_bdq_legacy,climatology_regional_intensity12,0.0,2017-02
2300200,Acaraú,CE,2017,2,0.0,inpe_bdq_aqua_ref,climatology_regional_intensity12,0.39872097168747184,2017-02
2301307,Araripe,CE,2017,2,0.0,inpe_bdq_legacy,climatology_regional_intensity12,0.11392027762499196,2017-02
2301604,Assaré,CE,2017,2,0.0,inpe_bdq_legacy,climatology_regional_intensity12,0.28480069406247993,2017-02
2301901,Barbalha,CE,2017,2,0.0,inpe_bdq_aqua_ref,climatology_regional_intensity12,0.17088041643748794,2017-02
2302503,Brejo Santo,CE,2017,2,0.0,inpe_bdq_legacy,climatology_regional_intensity12,0.05696013881249598,2017-02
2302701,Campos Sales,CE,2017,2,0.0,inpe_bdq_aqua_ref,climatology_regional_intensity12,0.0,2017-02
2304103,Crateús,CE,2017,2,0.0,inpe_bdq_aqua_ref,climatology_regional_intensity12,0.0,2017-02
2304202,Crato,CE,2017,2,0.0,inpe_bdq_legacy,climatology_regional_intensity12,0.17088041643748794,2017-02
2304400,Fortaleza,CE,2017,2,0.0,inpe_bdq_aqua_ref,climatology_regional_intensity12,0.11392027762499196,2017-02
2305100,Guaramiranga,CE,2017,2,0.0,inpe_bdq_aqua_ref,climatology_regional_intensity12,0.0,2017-02
2305506,Iguatu,CE,2017,2,0.0,inpe_bdq_aqua_ref,climatology_regional_intensity12,0.11392027762499196,2017-02
2306405,Itapipoca,CE,2017,2,0.0,inpe_bdq_aqua_ref,climatology_regional_intensity12,0.22784055524998392,2017-02
2306900,Jaguaribe,CE,2017,2,0.0,inpe_bdq_aqua_ref,climatology_regional_intensity12,0.17088041643748794,2017-02
2307007,Jaguaruana,CE,2017,2,0.0,inpe_bdq_aqua_ref,climatology_regional_intensity12,0.17088041643748794,2017-02
2307106,Jardim,CE,2017,2,0.0,inpe_bdq_legacy,climatology_regional_intensity12,0.0,2017-02
2307205,Jati,CE,2017,2,0.0,inpe_bdq_legacy,climatology_regional_intensity12,0.17088041643748794,2017-02
2307304,Juazeiro do Norte,CE,2017,2,0.0,inpe_bdq_legacy,climatology_regional_intensity12,0.0,2017-02
2308401,Missão Velha,CE,2017,2,0.0,inpe_bdq_legacy,climatology_regional_intensity12,0.11392027762499196,2017-02
2308708,Morada Nova,CE,2017,2,2.0,inpe_bdq_aqua_ref,climatology_regional_intensity12,0.3417608328749759,2017-02
2309201,Nova Olinda,CE,2017,2,0.0,inpe_bdq_legacy,climatology_regional_intensity12,0.0,2017-02
2310605,Penaforte,CE,2017,2,0.0,inpe_bdq_legacy,climatology_regional_intensity12,0.11392027762499196,2017-02
2311108,Porteiras,CE,2017,2,0.0,inpe_bdq_legacy,climatology_regional_intensity12,0.11392027762499196,2017-02
2311207,Potengi,CE,2017,2,1.0,inpe_bdq_legacy,climatology_regional_intensity12,0.28480069406247993,2017-02
2311306,Quixadá,CE,2017,2,1.0,inpe_bdq_aqua_ref,climatology_regional_intensity12,0.17088041643748794,2017-02
2311405,Quixeramobim,CE,2017,2,3.0,inpe_bdq_aqua_ref,climatology_regional_intensity12,0.6835216657499518,2017-02
2311959,Salitre,CE,2017,2,0.0,inpe_bdq_legacy,climatology_regional_intensity12,0.05696013881249598,2017-02
2312106,Santana do Cariri,CE,2017,2,0.0,inpe_bdq_legacy,climatology_regional_intensity12,0.28480069406247993,2017-02
2312908,Sobral,CE,2017,2,0.0,inpe_bdq_aqua_ref,climatology_regional_intensity12,0.11392027762499196,2017-02
2313302,Tauá,CE,2017,2,0.0,inpe_bdq_aqua_ref,climatology_regional_intensity12,0.22784055524998392,2017-02
2313401,Tianguá,CE,2017,2,0.0,inpe_bdq_aqua_ref,climatology_regional_intensity12,0.22784055524998392,2017-02
2300101,Abaiara,CE,2017,3,0.0,inpe_bdq_legacy,climatology_municipal,0.0,2017-03
2300200,Acaraú,CE,2017,3,1.0,inpe_bdq_aqua_ref,climatology_municipal,0.7692307692307693,2017-03
2301307,Araripe,CE,2017,3,0.0,inpe_bdq_legacy,climatology_municipal,0.0,2017-03
2301604,Assaré,CE,2017,3,0.0,inpe_bdq_legacy,climatology_municipal,0.0,2017-03
2301901,Barbalha,CE,2017,3,0.0,inpe_bdq_aqua_ref,climatology_municipal,0.0,2017-03
2302503,Brejo Santo,CE,2017,3,0.0,inpe_bdq_legacy,climatology_municipal,0.0,2017-03
2302701,Campos Sales,CE,2017,3,0.0,inpe_bdq_aqua_ref,climatology_municipal,0.0,2017-03
2304103,Crateús,CE,2017,3,0.0,inpe_bdq_aqua_ref,climatology_municipal,0.15384615384615385,2017-03
2304202,Crato,CE,2017,3,0.0,inpe_bdq_legacy,climatology_municipal,0.15384615384615385,2017-03
2304400,Fortaleza,CE,2017,3,0.0,inpe_bdq_aqua_ref,climatology_municipal,0.0,2017-03
2305100,Guaramiranga,CE,2017,3,0.0,inpe_bdq_aqua_ref,climatology_municipal,0.0,2017-03
2305506,Iguatu,CE,2017,3,0.0,inpe_bdq_aqua_ref,climatology_municipal,0.23076923076923078,2017-03
2306405,Itapipoca,CE,2017,3,0.0,inpe_bdq_aqua_ref,climatology_municipal,0.07692307692307693,2017-03
2306900,Jaguaribe,CE,2017,3,0.0,inpe_bdq_aqua_ref,climatology_municipal,0.07692307692307693,2017-03
2307007,Jaguaruana,CE,2017,3,0.0,inpe_bdq_aqua_ref,climatology_municipal,0.07692307692307693,2017-03
2307106,Jardim,CE,2017,3,0.0,inpe_bdq_legacy,climatology_municipal,0.07692307692307693,2017-03
2307205,Jati,CE,2017,3,0.0,inpe_bdq_legacy,climatology_municipal,0.0,2017-03
2307304,Juazeiro do Norte,CE,2017,3,0.0,inpe_bdq_legacy,climatology_municipal,0.15384615384615385,2017-03
2308401,Missão Velha,CE,2017,3,0.0,inpe_bdq_legacy,climatology_municipal,0.3076923076923077,2017-03
2308708,Morada Nova,CE,2017,3,0.0,inpe_bdq_aqua_ref,climatology_municipal,0.15384615384615385,2017-03
2309201,Nova Olinda,CE,2017,3,0.0,inpe_bdq_legacy,climatology_municipal,0.0,2017-03
2310605,Penaforte,CE,2017,3,0.0,inpe_bdq_legacy,climatology_municipal,0.0,2017-03
2311108,Porteiras,CE,2017,3,0.0,inpe_bdq_legacy,climatology_municipal,0.0,2017-03
2311207,Potengi,CE,2017,3,0.0,inpe_bdq_legacy,climatology_municipal,0.0,2017-03
2311306,Quixadá,CE,2017,3,0.0,inpe_bdq_aqua_ref,climatology_municipal,0.15384615384615385,2017-03
2311405,Quixeramobim,CE,2017,3,0.0,inpe_bdq_aqua_ref,climatology_municipal,0.23076923076923078,2017-03
2311959,Salitre,CE,2017,3,0.0,inpe_bdq_legacy,climatology_municipal,0.07692307692307693,2017-03
2312106,Santana do Cariri,CE,2017,3,0.0,inpe_bdq_legacy,climatology_municipal,0.0,2017-03
2312908,Sobral,CE,2017,3,0.0,inpe_bdq_aqua_ref,climatology_municipal,0.0,2017-03
2313302,Tauá,CE,2017,3,0.0,inpe_bdq_aqua_ref,climatology_municipal,0.0,2017-03
2313401,Tianguá,CE,2017,3,0.0,inpe_bdq_aqua_ref,climatology_municipal,0.0,2017-03
2300101,Abaiara,CE,2017,3,0.0,inpe_bdq_legacy,climatology_regional_intensity12,0.0,2017-03
2300200,Acaraú,CE,2017,3,1.0,inpe_bdq_aqua_ref,climatology_regional_intensity12,0.5721598149407119,2017-03
2301307,Araripe,CE,2017,3,0.0,inpe_bdq_legacy,climatology_regional_intensity12,0.0,2017-03
2301604,Assaré,CE,2017,3,0.0,inpe_bdq_legacy,climatology_regional_intensity12,0.0,2017-03
2301901,Barbalha,CE,2017,3,0.0,inpe_bdq_aqua_ref,climatology_regional_intensity12,0.0,2017-03
2302503,Brejo Santo,CE,2017,3,0.0,inpe_bdq_legacy,climatology_regional_intensity12,0.0,2017-03
2302701,Campos Sales,CE,2017,3,0.0,inpe_bdq_aqua_ref,climatology_regional_intensity12,0.0,2017-03
2304103,Crateús,CE,2017,3,0.0,inpe_bdq_aqua_ref,climatology_regional_intensity12,0.11443196298814239,2017-03
2304202,Crato,CE,2017,3,0.0,inpe_bdq_legacy,climatology_regional_intensity12,0.11443196298814239,2017-03
2304400,Fortaleza,CE,2017,3,0.0,inpe_bdq_aqua_ref,climatology_regional_intensity12,0.0,2017-03
2305100,Guaramiranga,CE,2017,3,0.0,inpe_bdq_aqua_ref,climatology_regional_intensity12,0.0,2017-03
2305506,Iguatu,CE,2017,3,0.0,inpe_bdq_aqua_ref,climatology_regional_intensity12,0.17164794448221357,2017-03
2306405,Itapipoca,CE,2017,3,0.0,inpe_bdq_aqua_ref,climatology_regional_intensity12,0.05721598149407119,2017-03
2306900,Jaguaribe,CE,2017,3,0.0,inpe_bdq_aqua_ref,climatology_regional_intensity12,0.05721598149407119,2017-03
2307007,Jaguaruana,CE,2017,3,0.0,inpe_bdq_aqua_ref,climatology_regional_intensity12,0.05721598149407119,2017-03
2307106,Jardim,CE,2017,3,0.0,inpe_bdq_legacy,climatology_regional_intensity12,0.05721598149407119,2017-03
2307205,Jati,CE,2017,3,0.0,inpe_bdq_legacy,climatology_regional_intensity12,0.0,2017-03
2307304,Juazeiro do Norte,CE,2017,3,0.0,inpe_bdq_legacy,climatology_regional_intensity12,0.11443196298814239,2017-03
2308401,Missão Velha,CE,2017,3,0.0,inpe_bdq_legacy,climatology_regional_intensity12,0.22886392597628477,2017-03
2308708,Morada Nova,CE,2017,3,0.0,inpe_bdq_aqua_ref,climatology_regional_intensity12,0.11443196298814239,2017-03
2309201,Nova Olinda,CE,2017,3,0.0,inpe_bdq_legacy,climatology_regional_intensity12,0.0,2017-03
2310605,Penaforte,CE,2017,3,0.0,inpe_bdq_legacy,climatology_regional_intensity12,0.0,2017-03
2311108,Porteiras,CE,2017,3,0.0,inpe_bdq_legacy,climatology_regional_intensity12,0.0,2017-03
2311207,Potengi,CE,2017,3,0.0,inpe_bdq_legacy,climatology_regional_intensity12,0.0,2017-03
2311306,Quixadá,CE,2017,3,0.0,inpe_bdq_aqua_ref,climatology_regional_intensity12,0.11443196298814239,2017-03
2311405,Quixeramobim,CE,2017,3,0.0,inpe_bdq_aqua_ref,climatology_regional_intensity12,0.17164794448221357,2017-03
2311959,Salitre,CE,2017,3,0.0,inpe_bdq_legacy,climatology_regional_intensity12,0.05721598149407119,2017-03
2312106,Santana do Cariri,CE,2017,3,0.0,inpe_bdq_legacy,climatology_regional_intensity12,0.0,2017-03
2312908,Sobral,CE,2017,3,0.0,inpe_bdq_aqua_ref,climatology_regional_intensity12,0.0,2017-03
2313302,Tauá,CE,2017,3,0.0,inpe_bdq_aqua_ref,climatology_regional_intensity12,0.0,2017-03
2313401,Tianguá,CE,2017,3,0.0,inpe_bdq_aqua_ref,climatology_regional_intensity12,0.0,2017-03
2300101,Abaiara,CE,2017,4,0.0,inpe_bdq_legacy,climatology_municipal,0.0,2017-04
2300200,Acaraú,CE,2017,4,0.0,inpe_bdq_aqua_ref,climatology_municipal,0.0,2017-04
2301307,Araripe,CE,2017,4,0.0,inpe_bdq_legacy,climatology_municipal,0.0,2017-04
2301604,Assaré,CE,2017,4,0.0,inpe_bdq_legacy,climatology_municipal,0.0,2017-04
2301901,Barbalha,CE,2017,4,0.0,inpe_bdq_aqua_ref,climatology_municipal,0.0,2017-04
2302503,Brejo Santo,CE,2017,4,0.0,inpe_bdq_legacy,climatology_municipal,0.0,2017-04
2302701,Campos Sales,CE,2017,4,0.0,inpe_bdq_aqua_ref,climatology_municipal,0.0,2017-04
2304103,Crateús,CE,2017,4,0.0,inpe_bdq_aqua_ref,climatology_municipal,0.15384615384615385,2017-04
2304202,Crato,CE,2017,4,0.0,inpe_bdq_legacy,climatology_municipal,0.0,2017-04
2304400,Fortaleza,CE,2017,4,0.0,inpe_bdq_aqua_ref,climatology_municipal,0.0,2017-04
2305100,Guaramiranga,CE,2017,4,0.0,inpe_bdq_aqua_ref,climatology_municipal,0.0,2017-04
2305506,Iguatu,CE,2017,4,0.0,inpe_bdq_aqua_ref,climatology_municipal,0.07692307692307693,2017-04
2306405,Itapipoca,CE,2017,4,0.0,inpe_bdq_aqua_ref,climatology_municipal,0.0,2017-04
2306900,Jaguaribe,CE,2017,4,0.0,inpe_bdq_aqua_ref,climatology_municipal,0.15384615384615385,2017-04
2307007,Jaguaruana,CE,2017,4,0.0,inpe_bdq_aqua_ref,climatology_municipal,0.0,2017-04
2307106,Jardim,CE,2017,4,0.0,inpe_bdq_legacy,climatology_municipal,0.0,2017-04
2307205,Jati,CE,2017,4,0.0,inpe_bdq_legacy,climatology_municipal,0.0,2017-04
2307304,Juazeiro do Norte,CE,2017,4,0.0,inpe_bdq_legacy,climatology_municipal,0.0,2017-04
2308401,Missão Velha,CE,2017,4,2.0,inpe_bdq_legacy,climatology_municipal,0.15384615384615385,2017-04
2308708,Morada Nova,CE,2017,4,0.0,inpe_bdq_aqua_ref,climatology_municipal,0.07692307692307693,2017-04
2309201,Nova Olinda,CE,2017,4,0.0,inpe_bdq_legacy,climatology_municipal,0.0,2017-04
2310605,Penaforte,CE,2017,4,0.0,inpe_bdq_legacy,climatology_municipal,0.0,2017-04
2311108,Porteiras,CE,2017,4,0.0,inpe_bdq_legacy,climatology_municipal,0.0,2017-04
2311207,Potengi,CE,2017,4,0.0,inpe_bdq_legacy,climatology_municipal,0.0,2017-04
2311306,Quixadá,CE,2017,4,0.0,inpe_bdq_aqua_ref,climatology_municipal,0.15384615384615385,2017-04
2311405,Quixeramobim,CE,2017,4,0.0,inpe_bdq_aqua_ref,climatology_municipal,0.07692307692307693,2017-04
2311959,Salitre,CE,2017,4,0.0,inpe_bdq_legacy,climatology_municipal,0.07692307692307693,2017-04
2312106,Santana do Cariri,CE,2017,4,0.0,inpe_bdq_legacy,climatology_municipal,0.0,2017-04
2312908,Sobral,CE,2017,4,0.0,inpe_bdq_aqua_ref,climatology_municipal,0.0,2017-04
2313302,Tauá,CE,2017,4,0.0,inpe_bdq_aqua_ref,climatology_municipal,0.07692307692307693,2017-04
2313401,Tianguá,CE,2017,4,0.0,inpe_bdq_aqua_ref,climatology_municipal,0.0,2017-04
2300101,Abaiara,CE,2017,4,0.0,inpe_bdq_legacy,climatology_regional_intensity12,0.0,2017-04
2300200,Acaraú,CE,2017,4,0.0,inpe_bdq_aqua_ref,climatology_regional_intensity12,0.0,2017-04
2301307,Araripe,CE,2017,4,0.0,inpe_bdq_legacy,climatology_regional_intensity12,0.0,2017-04
2301604,Assaré,CE,2017,4,0.0,inpe_bdq_legacy,climatology_regional_intensity12,0.0,2017-04
2301901,Barbalha,CE,2017,4,0.0,inpe_bdq_aqua_ref,climatology_regional_intensity12,0.0,2017-04
2302503,Brejo Santo,CE,2017,4,0.0,inpe_bdq_legacy,climatology_regional_intensity12,0.0,2017-04
2302701,Campos Sales,CE,2017,4,0.0,inpe_bdq_aqua_ref,climatology_regional_intensity12,0.0,2017-04
2304103,Crateús,CE,2017,4,0.0,inpe_bdq_aqua_ref,climatology_regional_intensity12,0.11457211269208972,2017-04
2304202,Crato,CE,2017,4,0.0,inpe_bdq_legacy,climatology_regional_intensity12,0.0,2017-04
2304400,Fortaleza,CE,2017,4,0.0,inpe_bdq_aqua_ref,climatology_regional_intensity12,0.0,2017-04
2305100,Guaramiranga,CE,2017,4,0.0,inpe_bdq_aqua_ref,climatology_regional_intensity12,0.0,2017-04
2305506,Iguatu,CE,2017,4,0.0,inpe_bdq_aqua_ref,climatology_regional_intensity12,0.05728605634604486,2017-04
2306405,Itapipoca,CE,2017,4,0.0,inpe_bdq_aqua_ref,climatology_regional_intensity12,0.0,2017-04
2306900,Jaguaribe,CE,2017,4,0.0,inpe_bdq_aqua_ref,climatology_regional_intensity12,0.11457211269208972,2017-04
2307007,Jaguaruana,CE,2017,4,0.0,inpe_bdq_aqua_ref,climatology_regional_intensity12,0.0,2017-04
2307106,Jardim,CE,2017,4,0.0,inpe_bdq_legacy,climatology_regional_intensity12,0.0,2017-04
2307205,Jati,CE,2017,4,0.0,inpe_bdq_legacy,climatology_regional_intensity12,0.0,2017-04
2307304,Juazeiro do Norte,CE,2017,4,0.0,inpe_bdq_legacy,climatology_regional_intensity12,0.0,2017-04
2308401,Missão Velha,CE,2017,4,2.0,inpe_bdq_legacy,climatology_regional_intensity12,0.11457211269208972,2017-04
2308708,Morada Nova,CE,2017,4,0.0,inpe_bdq_aqua_ref,climatology_regional_intensity12,0.05728605634604486,2017-04
2309201,Nova Olinda,CE,2017,4,0.0,inpe_bdq_legacy,climatology_regional_intensity12,0.0,2017-04
2310605,Penaforte,CE,2017,4,0.0,inpe_bdq_legacy,climatology_regional_intensity12,0.0,2017-04
2311108,Porteiras,CE,2017,4,0.0,inpe_bdq_legacy,climatology_regional_intensity12,0.0,2017-04
2311207,Potengi,CE,2017,4,0.0,inpe_bdq_legacy,climatology_regional_intensity12,0.0,2017-04
2311306,Quixadá,CE,2017,4,0.0,inpe_bdq_aqua_ref,climatology_regional_intensity12,0.11457211269208972,2017-04
2311405,Quixeramobim,CE,2017,4,0.0,inpe_bdq_aqua_ref,climatology_regional_intensity12,0.05728605634604486,2017-04
2311959,Salitre,CE,2017,4,0.0,inpe_bdq_legacy,climatology_regional_intensity12,0.05728605634604486,2017-04
2312106,Santana do Cariri,CE,2017,4,0.0,inpe_bdq_legacy,climatology_regional_intensity12,0.0,2017-04
2312908,Sobral,CE,2017,4,0.0,inpe_bdq_aqua_ref,climatology_regional_intensity12,0.0,2017-04
2313302,Tauá,CE,2017,4,0.0,inpe_bdq_aqua_ref,climatology_regional_intensity12,0.05728605634604486,2017-04
2313401,Tianguá,CE,2017,4,0.0,inpe_bdq_aqua_ref,climatology_regional_intensity12,0.0,2017-04
2300101,Abaiara,CE,2017,5,0.0,inpe_bdq_legacy,climatology_municipal,0.0,2017-05
2300200,Acaraú,CE,2017,5,0.0,inpe_bdq_aqua_ref,climatology_municipal,0.07692307692307693,2017-05
2301307,Araripe,CE,2017,5,0.0,inpe_bdq_legacy,climatology_municipal,0.0,2017-05
2301604,Assaré,CE,2017,5,0.0,inpe_bdq_legacy,climatology_municipal,0.0,2017-05
2301901,Barbalha,CE,2017,5,0.0,inpe_bdq_aqua_ref,climatology_municipal,0.0,2017-05
2302503,Brejo Santo,CE,2017,5,0.0,inpe_bdq_legacy,climatology_municipal,0.07692307692307693,2017-05
2302701,Campos Sales,CE,2017,5,0.0,inpe_bdq_aqua_ref,climatology_municipal,0.0,2017-05
2304103,Crateús,CE,2017,5,0.0,inpe_bdq_aqua_ref,climatology_municipal,0.0,2017-05
2304202,Crato,CE,2017,5,0.0,inpe_bdq_legacy,climatology_municipal,0.07692307692307693,2017-05
2304400,Fortaleza,CE,2017,5,0.0,inpe_bdq_aqua_ref,climatology_municipal,0.0,2017-05
2305100,Guaramiranga,CE,2017,5,0.0,inpe_bdq_aqua_ref,climatology_municipal,0.0,2017-05
2305506,Iguatu,CE,2017,5,0.0,inpe_bdq_aqua_ref,climatology_municipal,0.0,2017-05
2306405,Itapipoca,CE,2017,5,1.0,inpe_bdq_aqua_ref,climatology_municipal,0.07692307692307693,2017-05
2306900,Jaguaribe,CE,2017,5,0.0,inpe_bdq_aqua_ref,climatology_municipal,0.0,2017-05
2307007,Jaguaruana,CE,2017,5,0.0,inpe_bdq_aqua_ref,climatology_municipal,0.07692307692307693,2017-05
2307106,Jardim,CE,2017,5,0.0,inpe_bdq_legacy,climatology_municipal,0.0,2017-05
2307205,Jati,CE,2017,5,0.0,inpe_bdq_legacy,climatology_municipal,0.0,2017-05
2307304,Juazeiro do Norte,CE,2017,5,0.0,inpe_bdq_legacy,climatology_municipal,0.0,2017-05
2308401,Missão Velha,CE,2017,5,0.0,inpe_bdq_legacy,climatology_municipal,0.0,2017-05
2308708,Morada Nova,CE,2017,5,0.0,inpe_bdq_aqua_ref,climatology_municipal,0.15384615384615385,2017-05
2309201,Nova Olinda,CE,2017,5,0.0,inpe_bdq_legacy,climatology_municipal,0.23076923076923078,2017-05
2310605,Penaforte,CE,2017,5,0.0,inpe_bdq_legacy,climatology_municipal,0.0,2017-05
2311108,Porteiras,CE,2017,5,0.0,inpe_bdq_legacy,climatology_municipal,0.07692307692307693,2017-05
2311207,Potengi,CE,2017,5,0.0,inpe_bdq_legacy,climatology_municipal,0.07692307692307693,2017-05
2311306,Quixadá,CE,2017,5,0.0,inpe_bdq_aqua_ref,climatology_municipal,0.23076923076923078,2017-05
2311405,Quixeramobim,CE,2017,5,0.0,inpe_bdq_aqua_ref,climatology_municipal,0.0,2017-05
2311959,Salitre,CE,2017,5,0.0,inpe_bdq_legacy,climatology_municipal,0.07692307692307693,2017-05
2312106,Santana do Cariri,CE,2017,5,0.0,inpe_bdq_legacy,climatology_municipal,0.0,2017-05
2312908,Sobral,CE,2017,5,0.0,inpe_bdq_aqua_ref,climatology_municipal,0.0,2017-05
2313302,Tauá,CE,2017,5,0.0,inpe_bdq_aqua_ref,climatology_municipal,0.0,2017-05
2313401,Tianguá,CE,2017,5,0.0,inpe_bdq_aqua_ref,climatology_municipal,0.0,2017-05
2300101,Abaiara,CE,2017,5,0.0,inpe_bdq_legacy,climatology_regional_intensity12,0.0,2017-05
2300200,Acaraú,CE,2017,5,0.0,inpe_bdq_aqua_ref,climatology_regional_intensity12,0.05708976564663448,2017-05
2301307,Araripe,CE,2017,5,0.0,inpe_bdq_legacy,climatology_regional_intensity12,0.0,2017-05
2301604,Assaré,CE,2017,5,0.0,inpe_bdq_legacy,climatology_regional_intensity12,0.0,2017-05
2301901,Barbalha,CE,2017,5,0.0,inpe_bdq_aqua_ref,climatology_regional_intensity12,0.0,2017-05
2302503,Brejo Santo,CE,2017,5,0.0,inpe_bdq_legacy,climatology_regional_intensity12,0.05708976564663448,2017-05
2302701,Campos Sales,CE,2017,5,0.0,inpe_bdq_aqua_ref,climatology_regional_intensity12,0.0,2017-05
2304103,Crateús,CE,2017,5,0.0,inpe_bdq_aqua_ref,climatology_regional_intensity12,0.0,2017-05
2304202,Crato,CE,2017,5,0.0,inpe_bdq_legacy,climatology_regional_intensity12,0.05708976564663448,2017-05
2304400,Fortaleza,CE,2017,5,0.0,inpe_bdq_aqua_ref,climatology_regional_intensity12,0.0,2017-05
2305100,Guaramiranga,CE,2017,5,0.0,inpe_bdq_aqua_ref,climatology_regional_intensity12,0.0,2017-05
2305506,Iguatu,CE,2017,5,0.0,inpe_bdq_aqua_ref,climatology_regional_intensity12,0.0,2017-05
2306405,Itapipoca,CE,2017,5,1.0,inpe_bdq_aqua_ref,climatology_regional_intensity12,0.05708976564663448,2017-05
2306900,Jaguaribe,CE,2017,5,0.0,inpe_bdq_aqua_ref,climatology_regional_intensity12,0.0,2017-05
2307007,Jaguaruana,CE,2017,5,0.0,inpe_bdq_aqua_ref,climatology_regional_intensity12,0.05708976564663448,2017-05
2307106,Jardim,CE,2017,5,0.0,inpe_bdq_legacy,climatology_regional_intensity12,0.0,2017-05
2307205,Jati,CE,2017,5,0.0,inpe_bdq_legacy,climatology_regional_intensity12,0.0,2017-05
2307304,Juazeiro do Norte,CE,2017,5,0.0,inpe_bdq_legacy,climatology_regional_intensity12,0.0,2017-05
2308401,Missão Velha,CE,2017,5,0.0,inpe_bdq_legacy,climatology_regional_intensity12,0.0,2017-05
2308708,Morada Nova,CE,2017,5,0.0,inpe_bdq_aqua_ref,climatology_regional_intensity12,0.11417953129326897,2017-05
2309201,Nova Olinda,CE,2017,5,0.0,inpe_bdq_legacy,climatology_regional_intensity12,0.17126929693990345,2017-05
2310605,Penaforte,CE,2017,5,0.0,inpe_bdq_legacy,climatology_regional_intensity12,0.0,2017-05
2311108,Porteiras,CE,2017,5,0.0,inpe_bdq_legacy,climatology_regional_intensity12,0.05708976564663448,2017-05
2311207,Potengi,CE,2017,5,0.0,inpe_bdq_legacy,climatology_regional_intensity12,0.05708976564663448,2017-05
2311306,Quixadá,CE,2017,5,0.0,inpe_bdq_aqua_ref,climatology_regional_intensity12,0.17126929693990345,2017-05
2311405,Quixeramobim,CE,2017,5,0.0,inpe_bdq_aqua_ref,climatology_regional_intensity12,0.0,2017-05
2311959,Salitre,CE,2017,5,0.0,inpe_bdq_legacy,climatology_regional_intensity12,0.05708976564663448,2017-05
2312106,Santana do Cariri,CE,2017,5,0.0,inpe_bdq_legacy,climatology_regional_intensity12,0.0,2017-05
2312908,Sobral,CE,2017,5,0.0,inpe_bdq_aqua_ref,climatology_regional_intensity12,0.0,2017-05
2313302,Tauá,CE,2017,5,0.0,inpe_bdq_aqua_ref,climatology_regional_intensity12,0.0,2017-05
2313401,Tianguá,CE,2017,5,0.0,inpe_bdq_aqua_ref,climatology_regional_intensity12,0.0,2017-05
2300101,Abaiara,CE,2017,6,0.0,inpe_bdq_legacy,climatology_municipal,0.0,2017-06
2300200,Acaraú,CE,2017,6,0.0,inpe_bdq_aqua_ref,climatology_municipal,0.6153846153846154,2017-06
2301307,Araripe,CE,2017,6,0.0,inpe_bdq_legacy,climatology_municipal,0.07692307692307693,2017-06
2301604,Assaré,CE,2017,6,0.0,inpe_bdq_legacy,climatology_municipal,0.0,2017-06
2301901,Barbalha,CE,2017,6,0.0,inpe_bdq_aqua_ref,climatology_municipal,0.0,2017-06
2302503,Brejo Santo,CE,2017,6,0.0,inpe_bdq_legacy,climatology_municipal,0.0,2017-06
2302701,Campos Sales,CE,2017,6,0.0,inpe_bdq_aqua_ref,climatology_municipal,0.0,2017-06
2304103,Crateús,CE,2017,6,0.0,inpe_bdq_aqua_ref,climatology_municipal,0.0,2017-06
2304202,Crato,CE,2017,6,0.0,inpe_bdq_legacy,climatology_municipal,0.07692307692307693,2017-06
2304400,Fortaleza,CE,2017,6,0.0,inpe_bdq_aqua_ref,climatology_municipal,0.0,2017-06
2305100,Guaramiranga,CE,2017,6,0.0,inpe_bdq_aqua_ref,climatology_municipal,0.0,2017-06
2305506,Iguatu,CE,2017,6,0.0,inpe_bdq_aqua_ref,climatology_municipal,0.07692307692307693,2017-06
2306405,Itapipoca,CE,2017,6,0.0,inpe_bdq_aqua_ref,climatology_municipal,0.6923076923076923,2017-06
2306900,Jaguaribe,CE,2017,6,0.0,inpe_bdq_aqua_ref,climatology_municipal,0.07692307692307693,2017-06
2307007,Jaguaruana,CE,2017,6,0.0,inpe_bdq_aqua_ref,climatology_municipal,0.0,2017-06
2307106,Jardim,CE,2017,6,0.0,inpe_bdq_legacy,climatology_municipal,0.0,2017-06
2307205,Jati,CE,2017,6,0.0,inpe_bdq_legacy,climatology_municipal,0.0,2017-06
2307304,Juazeiro do Norte,CE,2017,6,0.0,inpe_bdq_legacy,climatology_municipal,0.0,2017-06
2308401,Missão Velha,CE,2017,6,0.0,inpe_bdq_legacy,climatology_municipal,0.15384615384615385,2017-06
2308708,Morada Nova,CE,2017,6,0.0,inpe_bdq_aqua_ref,climatology_municipal,0.15384615384615385,2017-06
2309201,Nova Olinda,CE,2017,6,0.0,inpe_bdq_legacy,climatology_municipal,0.0,2017-06
2310605,Penaforte,CE,2017,6,0.0,inpe_bdq_legacy,climatology_municipal,0.0,2017-06
2311108,Porteiras,CE,2017,6,0.0,inpe_bdq_legacy,climatology_municipal,0.07692307692307693,2017-06
2311207,Potengi,CE,2017,6,0.0,inpe_bdq_legacy,climatology_municipal,0.0,2017-06
2311306,Quixadá,CE,2017,6,0.0,inpe_bdq_aqua_ref,climatology_municipal,0.07692307692307693,2017-06
2311405,Quixeramobim,CE,2017,6,0.0,inpe_bdq_aqua_ref,climatology_municipal,0.23076923076923078,2017-06
2311959,Salitre,CE,2017,6,1.0,inpe_bdq_legacy,climatology_municipal,0.07692307692307693,2017-06
2312106,Santana do Cariri,CE,2017,6,0.0,inpe_bdq_legacy,climatology_municipal,0.0,2017-06
2312908,Sobral,CE,2017,6,1.0,inpe_bdq_aqua_ref,climatology_municipal,0.23076923076923078,2017-06
2313302,Tauá,CE,2017,6,0.0,inpe_bdq_aqua_ref,climatology_municipal,0.0,2017-06
2313401,Tianguá,CE,2017,6,0.0,inpe_bdq_aqua_ref,climatology_municipal,0.15384615384615385,2017-06
2300101,Abaiara,CE,2017,6,0.0,inpe_bdq_legacy,climatology_regional_intensity12,0.0,2017-06
2300200,Acaraú,CE,2017,6,0.0,inpe_bdq_aqua_ref,climatology_regional_intensity12,0.45672441723146023,2017-06
2301307,Araripe,CE,2017,6,0.0,inpe_bdq_legacy,climatology_regional_intensity12,0.05709055215393253,2017-06
2301604,Assaré,CE,2017,6,0.0,inpe_bdq_legacy,climatology_regional_intensity12,0.0,2017-06
2301901,Barbalha,CE,2017,6,0.0,inpe_bdq_aqua_ref,climatology_regional_intensity12,0.0,2017-06
2302503,Brejo Santo,CE,2017,6,0.0,inpe_bdq_legacy,climatology_regional_intensity12,0.0,2017-06
2302701,Campos Sales,CE,2017,6,0.0,inpe_bdq_aqua_ref,climatology_regional_intensity12,0.0,2017-06
2304103,Crateús,CE,2017,6,0.0,inpe_bdq_aqua_ref,climatology_regional_intensity12,0.0,2017-06
2304202,Crato,CE,2017,6,0.0,inpe_bdq_legacy,climatology_regional_intensity12,0.05709055215393253,2017-06
2304400,Fortaleza,CE,2017,6,0.0,inpe_bdq_aqua_ref,climatology_regional_intensity12,0.0,2017-06
2305100,Guaramiranga,CE,2017,6,0.0,inpe_bdq_aqua_ref,climatology_regional_intensity12,0.0,2017-06
2305506,Iguatu,CE,2017,6,0.0,inpe_bdq_aqua_ref,climatology_regional_intensity12,0.05709055215393253,2017-06
2306405,Itapipoca,CE,2017,6,0.0,inpe_bdq_aqua_ref,climatology_regional_intensity12,0.5138149693853927,2017-06
2306900,Jaguaribe,CE,2017,6,0.0,inpe_bdq_aqua_ref,climatology_regional_intensity12,0.05709055215393253,2017-06
2307007,Jaguaruana,CE,2017,6,0.0,inpe_bdq_aqua_ref,climatology_regional_intensity12,0.0,2017-06
2307106,Jardim,CE,2017,6,0.0,inpe_bdq_legacy,climatology_regional_intensity12,0.0,2017-06
2307205,Jati,CE,2017,6,0.0,inpe_bdq_legacy,climatology_regional_intensity12,0.0,2017-06
2307304,Juazeiro do Norte,CE,2017,6,0.0,inpe_bdq_legacy,climatology_regional_intensity12,0.0,2017-06
2308401,Missão Velha,CE,2017,6,0.0,inpe_bdq_legacy,climatology_regional_intensity12,0.11418110430786506,2017-06
2308708,Morada Nova,CE,2017,6,0.0,inpe_bdq_aqua_ref,climatology_regional_intensity12,0.11418110430786506,2017-06
2309201,Nova Olinda,CE,2017,6,0.0,inpe_bdq_legacy,climatology_regional_intensity12,0.0,2017-06
2310605,Penaforte,CE,2017,6,0.0,inpe_bdq_legacy,climatology_regional_intensity12,0.0,2017-06
2311108,Porteiras,CE,2017,6,0.0,inpe_bdq_legacy,climatology_regional_intensity12,0.05709055215393253,2017-06
2311207,Potengi,CE,2017,6,0.0,inpe_bdq_legacy,climatology_regional_intensity12,0.0,2017-06
2311306,Quixadá,CE,2017,6,0.0,inpe_bdq_aqua_ref,climatology_regional_intensity12,0.05709055215393253,2017-06
2311405,Quixeramobim,CE,2017,6,0.0,inpe_bdq_aqua_ref,climatology_regional_intensity12,0.1712716564617976,2017-06
2311959,Salitre,CE,2017,6,1.0,inpe_bdq_legacy,climatology_regional_intensity12,0.05709055215393253,2017-06
2312106,Santana do Cariri,CE,2017,6,0.0,inpe_bdq_legacy,climatology_regional_intensity12,0.0,2017-06
2312908,Sobral,CE,2017,6,1.0,inpe_bdq_aqua_ref,climatology_regional_intensity12,0.1712716564617976,2017-06
2313302,Tauá,CE,2017,6,0.0,inpe_bdq_aqua_ref,climatology_regional_intensity12,0.0,2017-06
2313401,Tianguá,CE,2017,6,0.0,inpe_bdq_aqua_ref,climatology_regional_intensity12,0.11418110430786506,2017-06
2300101,Abaiara,CE,2017,7,0.0,inpe_bdq_legacy,climatology_municipal,0.15384615384615385,2017-07
2300200,Acaraú,CE,2017,7,4.0,inpe_bdq_aqua_ref,climatology_municipal,1.3076923076923077,2017-07
2301307,Araripe,CE,2017,7,0.0,inpe_bdq_legacy,climatology_municipal,0.38461538461538464,2017-07
2301604,Assaré,CE,2017,7,0.0,inpe_bdq_legacy,climatology_municipal,0.07692307692307693,2017-07
2301901,Barbalha,CE,2017,7,0.0,inpe_bdq_aqua_ref,climatology_municipal,0.07142857142857142,2017-07
2302503,Brejo Santo,CE,2017,7,0.0,inpe_bdq_legacy,climatology_municipal,0.23076923076923078,2017-07
2302701,Campos Sales,CE,2017,7,0.0,inpe_bdq_aqua_ref,climatology_municipal,0.0,2017-07
2304103,Crateús,CE,2017,7,0.0,inpe_bdq_aqua_ref,climatology_municipal,0.6153846153846154,2017-07
2304202,Crato,CE,2017,7,0.0,inpe_bdq_legacy,climatology_municipal,0.0,2017-07
2304400,Fortaleza,CE,2017,7,0.0,inpe_bdq_aqua_ref,climatology_municipal,0.07692307692307693,2017-07
2305100,Guaramiranga,CE,2017,7,0.0,inpe_bdq_aqua_ref,climatology_municipal,0.0,2017-07
2305506,Iguatu,CE,2017,7,1.0,inpe_bdq_aqua_ref,climatology_municipal,0.6923076923076923,2017-07
2306405,Itapipoca,CE,2017,7,0.0,inpe_bdq_aqua_ref,climatology_municipal,0.9230769230769231,2017-07
2306900,Jaguaribe,CE,2017,7,0.0,inpe_bdq_aqua_ref,climatology_municipal,0.15384615384615385,2017-07
2307007,Jaguaruana,CE,2017,7,0.0,inpe_bdq_aqua_ref,climatology_municipal,0.3076923076923077,2017-07
2307106,Jardim,CE,2017,7,0.0,inpe_bdq_legacy,climatology_municipal,0.0,2017-07
2307205,Jati,CE,2017,7,0.0,inpe_bdq_legacy,climatology_municipal,0.0,2017-07
2307304,Juazeiro do Norte,CE,2017,7,0.0,inpe_bdq_legacy,climatology_municipal,0.3076923076923077,2017-07
2308401,Missão Velha,CE,2017,7,0.0,inpe_bdq_legacy,climatology_municipal,0.15384615384615385,2017-07
2308708,Morada Nova,CE,2017,7,0.0,inpe_bdq_aqua_ref,climatology_municipal,0.0,2017-07
2309201,Nova Olinda,CE,2017,7,0.0,inpe_bdq_legacy,climatology_municipal,0.5384615384615384,2017-07
2310605,Penaforte,CE,2017,7,0.0,inpe_bdq_legacy,climatology_municipal,0.0,2017-07
2311108,Porteiras,CE,2017,7,0.0,inpe_bdq_legacy,climatology_municipal,0.23076923076923078,2017-07
2311207,Potengi,CE,2017,7,0.0,inpe_bdq_legacy,climatology_municipal,0.15384615384615385,2017-07
2311306,Quixadá,CE,2017,7,1.0,inpe_bdq_aqua_ref,climatology_municipal,0.46153846153846156,2017-07
2311405,Quixeramobim,CE,2017,7,0.0,inpe_bdq_aqua_ref,climatology_municipal,0.46153846153846156,2017-07
2311959,Salitre,CE,2017,7,0.0,inpe_bdq_legacy,climatology_municipal,0.0,2017-07
2312106,Santana do Cariri,CE,2017,7,0.0,inpe_bdq_legacy,climatology_municipal,0.3076923076923077,2017-07
2312908,Sobral,CE,2017,7,0.0,inpe_bdq_aqua_ref,climatology_municipal,0.7692307692307693,2017-07
2313302,Tauá,CE,2017,7,0.0,inpe_bdq_aqua_ref,climatology_municipal,0.3076923076923077,2017-07
2313401,Tianguá,CE,2017,7,0.0,inpe_bdq_aqua_ref,climatology_municipal,0.38461538461538464,2017-07
2300101,Abaiara,CE,2017,7,0.0,inpe_bdq_legacy,climatology_regional_intensity12,0.11418634800289074,2017-07
2300200,Acaraú,CE,2017,7,4.0,inpe_bdq_aqua_ref,climatology_regional_intensity12,0.9705839580245712,2017-07
2301307,Araripe,CE,2017,7,0.0,inpe_bdq_legacy,climatology_regional_intensity12,0.28546587000722684,2017-07
2301604,Assaré,CE,2017,7,0.0,inpe_bdq_legacy,climatology_regional_intensity12,0.05709317400144537,2017-07
2301901,Barbalha,CE,2017,7,0.0,inpe_bdq_aqua_ref,climatology_regional_intensity12,0.053015090144199264,2017-07
2302503,Brejo Santo,CE,2017,7,0.0,inpe_bdq_legacy,climatology_regional_intensity12,0.1712795220043361,2017-07
2302701,Campos Sales,CE,2017,7,0.0,inpe_bdq_aqua_ref,climatology_regional_intensity12,0.0,2017-07
2304103,Crateús,CE,2017,7,0.0,inpe_bdq_aqua_ref,climatology_regional_intensity12,0.45674539201156295,2017-07
2304202,Crato,CE,2017,7,0.0,inpe_bdq_legacy,climatology_regional_intensity12,0.0,2017-07
2304400,Fortaleza,CE,2017,7,0.0,inpe_bdq_aqua_ref,climatology_regional_intensity12,0.05709317400144537,2017-07
2305100,Guaramiranga,CE,2017,7,0.0,inpe_bdq_aqua_ref,climatology_regional_intensity12,0.0,2017-07
2305506,Iguatu,CE,2017,7,1.0,inpe_bdq_aqua_ref,climatology_regional_intensity12,0.5138385660130083,2017-07
2306405,Itapipoca,CE,2017,7,0.0,inpe_bdq_aqua_ref,climatology_regional_intensity12,0.6851180880173444,2017-07
2306900,Jaguaribe,CE,2017,7,0.0,inpe_bdq_aqua_ref,climatology_regional_intensity12,0.11418634800289074,2017-07
2307007,Jaguaruana,CE,2017,7,0.0,inpe_bdq_aqua_ref,climatology_regional_intensity12,0.22837269600578147,2017-07
2307106,Jardim,CE,2017,7,0.0,inpe_bdq_legacy,climatology_regional_intensity12,0.0,2017-07
2307205,Jati,CE,2017,7,0.0,inpe_bdq_legacy,climatology_regional_intensity12,0.0,2017-07
2307304,Juazeiro do Norte,CE,2017,7,0.0,inpe_bdq_legacy,climatology_regional_intensity12,0.22837269600578147,2017-07
2308401,Missão Velha,CE,2017,7,0.0,inpe_bdq_legacy,climatology_regional_intensity12,0.11418634800289074,2017-07
2308708,Morada Nova,CE,2017,7,0.0,inpe_bdq_aqua_ref,climatology_regional_intensity12,0.0,2017-07
2309201,Nova Olinda,CE,2017,7,0.0,inpe_bdq_legacy,climatology_regional_intensity12,0.3996522180101175,2017-07
2310605,Penaforte,CE,2017,7,0.0,inpe_bdq_legacy,climatology_regional_intensity12,0.0,2017-07
2311108,Porteiras,CE,2017,7,0.0,inpe_bdq_legacy,climatology_regional_intensity12,0.1712795220043361,2017-07
2311207,Potengi,CE,2017,7,0.0,inpe_bdq_legacy,climatology_regional_intensity12,0.11418634800289074,2017-07
2311306,Quixadá,CE,2017,7,1.0,inpe_bdq_aqua_ref,climatology_regional_intensity12,0.3425590440086722,2017-07
2311405,Quixeramobim,CE,2017,7,0.0,inpe_bdq_aqua_ref,climatology_regional_intensity12,0.3425590440086722,2017-07
2311959,Salitre,CE,2017,7,0.0,inpe_bdq_legacy,climatology_regional_intensity12,0.0,2017-07
2312106,Santana do Cariri,CE,2017,7,0.0,inpe_bdq_legacy,climatology_regional_intensity12,0.22837269600578147,2017-07
2312908,Sobral,CE,2017,7,0.0,inpe_bdq_aqua_ref,climatology_regional_intensity12,0.5709317400144537,2017-07
2313302,Tauá,CE,2017,7,0.0,inpe_bdq_aqua_ref,climatology_regional_intensity12,0.22837269600578147,2017-07
2313401,Tianguá,CE,2017,7,0.0,inpe_bdq_aqua_ref,climatology_regional_intensity12,0.28546587000722684,2017-07
2300101,Abaiara,CE,2017,8,0.0,inpe_bdq_legacy,climatology_municipal,0.23076923076923078,2017-08
2300200,Acaraú,CE,2017,8,0.0,inpe_bdq_aqua_ref,climatology_municipal,1.0769230769230769,2017-08
2301307,Araripe,CE,2017,8,11.0,inpe_bdq_legacy,climatology_municipal,0.42857142857142855,2017-08
2301604,Assaré,CE,2017,8,0.0,inpe_bdq_legacy,climatology_municipal,1.0,2017-08
2301901,Barbalha,CE,2017,8,4.0,inpe_bdq_aqua_ref,climatology_municipal,0.7857142857142857,2017-08
2302503,Brejo Santo,CE,2017,8,0.0,inpe_bdq_legacy,climatology_municipal,0.23076923076923078,2017-08
2302701,Campos Sales,CE,2017,8,0.0,inpe_bdq_aqua_ref,climatology_municipal,0.23076923076923078,2017-08
2304103,Crateús,CE,2017,8,0.0,inpe_bdq_aqua_ref,climatology_municipal,2.6153846153846154,2017-08
2304202,Crato,CE,2017,8,0.0,inpe_bdq_legacy,climatology_municipal,1.7857142857142858,2017-08
2305100,Guaramiranga,CE,2017,8,0.0,inpe_bdq_aqua_ref,climatology_municipal,0.0,2017-08
2305506,Iguatu,CE,2017,8,5.0,inpe_bdq_aqua_ref,climatology_municipal,1.1538461538461537,2017-08
2306405,Itapipoca,CE,2017,8,2.0,inpe_bdq_aqua_ref,climatology_municipal,3.5384615384615383,2017-08
2306900,Jaguaribe,CE,2017,8,2.0,inpe_bdq_aqua_ref,climatology_municipal,0.5384615384615384,2017-08
2307007,Jaguaruana,CE,2017,8,0.0,inpe_bdq_aqua_ref,climatology_municipal,0.5555555555555556,2017-08
2307106,Jardim,CE,2017,8,1.0,inpe_bdq_legacy,climatology_municipal,0.07692307692307693,2017-08
2307205,Jati,CE,2017,8,0.0,inpe_bdq_legacy,climatology_municipal,0.0,2017-08
2307304,Juazeiro do Norte,CE,2017,8,1.0,inpe_bdq_legacy,climatology_municipal,0.9166666666666666,2017-08
2308401,Missão Velha,CE,2017,8,2.0,inpe_bdq_legacy,climatology_municipal,0.38461538461538464,2017-08
2308708,Morada Nova,CE,2017,8,1.0,inpe_bdq_aqua_ref,climatology_municipal,1.2307692307692308,2017-08
2309201,Nova Olinda,CE,2017,8,0.0,inpe_bdq_legacy,climatology_municipal,0.23076923076923078,2017-08
2310605,Penaforte,CE,2017,8,0.0,inpe_bdq_legacy,climatology_municipal,0.0,2017-08
2311108,Porteiras,CE,2017,8,0.0,inpe_bdq_legacy,climatology_municipal,0.0,2017-08
2311207,Potengi,CE,2017,8,0.0,inpe_bdq_legacy,climatology_municipal,0.0,2017-08
2311306,Quixadá,CE,2017,8,0.0,inpe_bdq_aqua_ref,climatology_municipal,0.7692307692307693,2017-08
2311405,Quixeramobim,CE,2017,8,0.0,inpe_bdq_aqua_ref,climatology_municipal,1.0769230769230769,2017-08
2311959,Salitre,CE,2017,8,2.0,inpe_bdq_legacy,climatology_municipal,0.21428571428571427,2017-08
2312106,Santana do Cariri,CE,2017,8,0.0,inpe_bdq_legacy,climatology_municipal,0.8571428571428571,2017-08
2312908,Sobral,CE,2017,8,2.0,inpe_bdq_aqua_ref,climatology_municipal,7.846153846153846,2017-08
2313302,Tauá,CE,2017,8,0.0,inpe_bdq_aqua_ref,climatology_municipal,0.38461538461538464,2017-08
2313401,Tianguá,CE,2017,8,1.0,inpe_bdq_aqua_ref,climatology_municipal,1.1538461538461537,2017-08
2300101,Abaiara,CE,2017,8,0.0,inpe_bdq_legacy,climatology_regional_intensity12,0.17034629815823205,2017-08
2300200,Acaraú,CE,2017,8,0.0,inpe_bdq_aqua_ref,climatology_regional_intensity12,0.7949493914050827,2017-08
2301307,Araripe,CE,2017,8,11.0,inpe_bdq_legacy,climatology_regional_intensity12,0.316357410865288,2017-08
2301604,Assaré,CE,2017,8,0.0,inpe_bdq_legacy,climatology_regional_intensity12,0.7381672920190054,2017-08
2301901,Barbalha,CE,2017,8,4.0,inpe_bdq_aqua_ref,climatology_regional_intensity12,0.5799885865863614,2017-08
2302503,Brejo Santo,CE,2017,8,0.0,inpe_bdq_legacy,climatology_regional_intensity12,0.17034629815823205,2017-08
2302701,Campos Sales,CE,2017,8,0.0,inpe_bdq_aqua_ref,climatology_regional_intensity12,0.17034629815823205,2017-08
2304103,Crateús,CE,2017,8,0.0,inpe_bdq_aqua_ref,climatology_regional_intensity12,1.9305913791266296,2017-08
2304202,Crato,CE,2017,8,0.0,inpe_bdq_legacy,climatology_regional_intensity12,1.3181558786053669,2017-08
2305100,Guaramiranga,CE,2017,8,0.0,inpe_bdq_aqua_ref,climatology_regional_intensity12,0.0,2017-08
2305506,Iguatu,CE,2017,8,5.0,inpe_bdq_aqua_ref,climatology_regional_intensity12,0.8517314907911601,2017-08
2306405,Itapipoca,CE,2017,8,2.0,inpe_bdq_aqua_ref,climatology_regional_intensity12,2.6119765717595578,2017-08
2306900,Jaguaribe,CE,2017,8,2.0,inpe_bdq_aqua_ref,climatology_regional_intensity12,0.39747469570254135,2017-08
2307007,Jaguaruana,CE,2017,8,0.0,inpe_bdq_aqua_ref,climatology_regional_intensity12,0.41009294001055857,2017-08
2307106,Jardim,CE,2017,8,1.0,inpe_bdq_legacy,climatology_regional_intensity12,0.056782099386077346,2017-08
2307205,Jati,CE,2017,8,0.0,inpe_bdq_legacy,climatology_regional_intensity12,0.0,2017-08
2307304,Juazeiro do Norte,CE,2017,8,1.0,inpe_bdq_legacy,climatology_regional_intensity12,0.6766533510174216,2017-08
2308401,Missão Velha,CE,2017,8,2.0,inpe_bdq_legacy,climatology_regional_intensity12,0.2839104969303867,2017-08
2308708,Morada Nova,CE,2017,8,1.0,inpe_bdq_aqua_ref,climatology_regional_intensity12,0.9085135901772375,2017-08
2309201,Nova Olinda,CE,2017,8,0.0,inpe_bdq_legacy,climatology_regional_intensity12,0.17034629815823205,2017-08
2310605,Penaforte,CE,2017,8,0.0,inpe_bdq_legacy,climatology_regional_intensity12,0.0,2017-08
2311108,Porteiras,CE,2017,8,0.0,inpe_bdq_legacy,climatology_regional_intensity12,0.0,2017-08
2311207,Potengi,CE,2017,8,0.0,inpe_bdq_legacy,climatology_regional_intensity12,0.0,2017-08
2311306,Quixadá,CE,2017,8,0.0,inpe_bdq_aqua_ref,climatology_regional_intensity12,0.5678209938607734,2017-08
2311405,Quixeramobim,CE,2017,8,0.0,inpe_bdq_aqua_ref,climatology_regional_intensity12,0.7949493914050827,2017-08
2311959,Salitre,CE,2017,8,2.0,inpe_bdq_legacy,climatology_regional_intensity12,0.158178705432644,2017-08
2312106,Santana do Cariri,CE,2017,8,0.0,inpe_bdq_legacy,climatology_regional_intensity12,0.632714821730576,2017-08
2312908,Sobral,CE,2017,8,2.0,inpe_bdq_aqua_ref,climatology_regional_intensity12,5.791774137379889,2017-08
2313302,Tauá,CE,2017,8,0.0,inpe_bdq_aqua_ref,climatology_regional_intensity12,0.2839104969303867,2017-08
2313401,Tianguá,CE,2017,8,1.0,inpe_bdq_aqua_ref,climatology_regional_intensity12,0.8517314907911601,2017-08
2300101,Abaiara,CE,2017,9,0.0,inpe_bdq_legacy,climatology_municipal,0.38461538461538464,2017-09
2300200,Acaraú,CE,2017,9,5.0,inpe_bdq_aqua_ref,climatology_municipal,1.8461538461538463,2017-09
2301307,Araripe,CE,2017,9,16.0,inpe_bdq_legacy,climatology_municipal,6.714285714285714,2017-09
2301604,Assaré,CE,2017,9,0.0,inpe_bdq_legacy,climatology_municipal,1.4285714285714286,2017-09
2301901,Barbalha,CE,2017,9,1.0,inpe_bdq_aqua_ref,climatology_municipal,2.5714285714285716,2017-09
2302503,Brejo Santo,CE,2017,9,0.0,inpe_bdq_legacy,climatology_municipal,1.2857142857142858,2017-09
2302701,Campos Sales,CE,2017,9,0.0,inpe_bdq_aqua_ref,climatology_municipal,1.6428571428571428,2017-09
2304103,Crateús,CE,2017,9,5.0,inpe_bdq_aqua_ref,climatology_municipal,3.076923076923077,2017-09
2304202,Crato,CE,2017,9,6.0,inpe_bdq_legacy,climatology_municipal,3.642857142857143,2017-09
2305100,Guaramiranga,CE,2017,9,0.0,inpe_bdq_aqua_ref,climatology_municipal,0.0,2017-09
2305506,Iguatu,CE,2017,9,8.0,inpe_bdq_aqua_ref,climatology_municipal,3.4615384615384617,2017-09
2306405,Itapipoca,CE,2017,9,8.0,inpe_bdq_aqua_ref,climatology_municipal,3.076923076923077,2017-09
2306900,Jaguaribe,CE,2017,9,1.0,inpe_bdq_aqua_ref,climatology_municipal,0.5384615384615384,2017-09
2307007,Jaguaruana,CE,2017,9,0.0,inpe_bdq_aqua_ref,climatology_municipal,0.8888888888888888,2017-09
2307106,Jardim,CE,2017,9,0.0,inpe_bdq_legacy,climatology_municipal,1.8461538461538463,2017-09
2307205,Jati,CE,2017,9,0.0,inpe_bdq_legacy,climatology_municipal,0.5714285714285714,2017-09
2307304,Juazeiro do Norte,CE,2017,9,0.0,inpe_bdq_legacy,climatology_municipal,1.0,2017-09
2308401,Missão Velha,CE,2017,9,0.0,inpe_bdq_legacy,climatology_municipal,3.142857142857143,2017-09
2308708,Morada Nova,CE,2017,9,0.0,inpe_bdq_aqua_ref,climatology_municipal,1.4615384615384615,2017-09
2309201,Nova Olinda,CE,2017,9,0.0,inpe_bdq_legacy,climatology_municipal,0.9230769230769231,2017-09
2310605,Penaforte,CE,2017,9,0.0,inpe_bdq_legacy,climatology_municipal,0.0,2017-09
2311108,Porteiras,CE,2017,9,0.0,inpe_bdq_legacy,climatology_municipal,1.2727272727272727,2017-09
2311207,Potengi,CE,2017,9,0.0,inpe_bdq_legacy,climatology_municipal,1.3571428571428572,2017-09
2311306,Quixadá,CE,2017,9,3.0,inpe_bdq_aqua_ref,climatology_municipal,3.5384615384615383,2017-09
2311405,Quixeramobim,CE,2017,9,4.0,inpe_bdq_aqua_ref,climatology_municipal,2.923076923076923,2017-09
2311959,Salitre,CE,2017,9,1.0,inpe_bdq_legacy,climatology_municipal,1.7142857142857142,2017-09
2312106,Santana do Cariri,CE,2017,9,0.0,inpe_bdq_legacy,climatology_municipal,4.071428571428571,2017-09
2312908,Sobral,CE,2017,9,12.0,inpe_bdq_aqua_ref,climatology_municipal,9.692307692307692,2017-09
2313302,Tauá,CE,2017,9,0.0,inpe_bdq_aqua_ref,climatology_municipal,2.5384615384615383,2017-09
2313401,Tianguá,CE,2017,9,1.0,inpe_bdq_aqua_ref,climatology_municipal,1.2307692307692308,2017-09
2300101,Abaiara,CE,2017,9,0.0,inpe_bdq_legacy,climatology_regional_intensity12,0.2746329154525181,2017-09
2300200,Acaraú,CE,2017,9,5.0,inpe_bdq_aqua_ref,climatology_regional_intensity12,1.318237994172087,2017-09
2301307,Araripe,CE,2017,9,16.0,inpe_bdq_legacy,climatology_regional_intensity12,4.794306038328244,2017-09
2301604,Assaré,CE,2017,9,0.0,inpe_bdq_legacy,climatology_regional_intensity12,1.0200651145379245,2017-09
2301901,Barbalha,CE,2017,9,1.0,inpe_bdq_aqua_ref,climatology_regional_intensity12,1.836117206168264,2017-09
2302503,Brejo Santo,CE,2017,9,0.0,inpe_bdq_legacy,climatology_regional_intensity12,0.918058603084132,2017-09
2302701,Campos Sales,CE,2017,9,0.0,inpe_bdq_aqua_ref,climatology_regional_intensity12,1.173074881718613,2017-09
2304103,Crateús,CE,2017,9,5.0,inpe_bdq_aqua_ref,climatology_regional_intensity12,2.197063323620145,2017-09
2304202,Crato,CE,2017,9,6.0,inpe_bdq_legacy,climatology_regional_intensity12,2.601166042071707,2017-09
2305100,Guaramiranga,CE,2017,9,0.0,inpe_bdq_aqua_ref,climatology_regional_intensity12,0.0,2017-09
2305506,Iguatu,CE,2017,9,8.0,inpe_bdq_aqua_ref,climatology_regional_intensity12,2.471696239072663,2017-09
2306405,Itapipoca,CE,2017,9,8.0,inpe_bdq_aqua_ref,climatology_regional_intensity12,2.197063323620145,2017-09
2306900,Jaguaribe,CE,2017,9,1.0,inpe_bdq_aqua_ref,climatology_regional_intensity12,0.3844860816335253,2017-09
2307007,Jaguaruana,CE,2017,9,0.0,inpe_bdq_aqua_ref,climatology_regional_intensity12,0.6347071823791529,2017-09
2307106,Jardim,CE,2017,9,0.0,inpe_bdq_legacy,climatology_regional_intensity12,1.318237994172087,2017-09
2307205,Jati,CE,2017,9,0.0,inpe_bdq_legacy,climatology_regional_intensity12,0.4080260458151697,2017-09
2307304,Juazeiro do Norte,CE,2017,9,0.0,inpe_bdq_legacy,climatology_regional_intensity12,0.7140455801765471,2017-09
2308401,Missão Velha,CE,2017,9,0.0,inpe_bdq_legacy,climatology_regional_intensity12,2.2441432519834335,2017-09
2308708,Morada Nova,CE,2017,9,0.0,inpe_bdq_aqua_ref,climatology_regional_intensity12,1.0436050787195688,2017-09
2309201,Nova Olinda,CE,2017,9,0.0,inpe_bdq_legacy,climatology_regional_intensity12,0.6591189970860435,2017-09
2310605,Penaforte,CE,2017,9,0.0,inpe_bdq_legacy,climatology_regional_intensity12,0.0,2017-09
2311108,Porteiras,CE,2017,9,0.0,inpe_bdq_legacy,climatology_regional_intensity12,0.90878528386106,2017-09
2311207,Potengi,CE,2017,9,0.0,inpe_bdq_legacy,climatology_regional_intensity12,0.9690618588110282,2017-09
2311306,Quixadá,CE,2017,9,3.0,inpe_bdq_aqua_ref,climatology_regional_intensity12,2.5266228221631666,2017-09
2311405,Quixeramobim,CE,2017,9,4.0,inpe_bdq_aqua_ref,climatology_regional_intensity12,2.0872101574391375,2017-09
2311959,Salitre,CE,2017,9,1.0,inpe_bdq_legacy,climatology_regional_intensity12,1.2240781374455092,2017-09
2312106,Santana do Cariri,CE,2017,9,0.0,inpe_bdq_legacy,climatology_regional_intensity12,2.9071855764330845,2017-09
2312908,Sobral,CE,2017,9,12.0,inpe_bdq_aqua_ref,climatology_regional_intensity12,6.9207494694034555,2017-09
2313302,Tauá,CE,2017,9,0.0,inpe_bdq_aqua_ref,climatology_regional_intensity12,1.8125772419866193,2017-09
2313401,Tianguá,CE,2017,9,1.0,inpe_bdq_aqua_ref,climatology_regional_intensity12,0.878825329448058,2017-09
2300101,Abaiara,CE,2017,10,0.0,inpe_bdq_legacy,climatology_municipal,0.7857142857142857,2017-10
2300200,Acaraú,CE,2017,10,5.0,inpe_bdq_aqua_ref,climatology_municipal,1.8461538461538463,2017-10
2301307,Araripe,CE,2017,10,46.0,inpe_bdq_legacy,climatology_municipal,10.357142857142858,2017-10
2301604,Assaré,CE,2017,10,3.0,inpe_bdq_legacy,climatology_municipal,3.357142857142857,2017-10
2301901,Barbalha,CE,2017,10,3.0,inpe_bdq_aqua_ref,climatology_municipal,2.4285714285714284,2017-10
2302503,Brejo Santo,CE,2017,10,5.0,inpe_bdq_legacy,climatology_municipal,3.0714285714285716,2017-10
2302701,Campos Sales,CE,2017,10,2.0,inpe_bdq_aqua_ref,climatology_municipal,3.0,2017-10
2304103,Crateús,CE,2017,10,34.0,inpe_bdq_aqua_ref,climatology_municipal,46.30769230769231,2017-10
2304202,Crato,CE,2017,10,9.0,inpe_bdq_legacy,climatology_municipal,9.5,2017-10
2305100,Guaramiranga,CE,2017,10,0.0,inpe_bdq_aqua_ref,climatology_municipal,0.09090909090909091,2017-10
2305506,Iguatu,CE,2017,10,1.0,inpe_bdq_aqua_ref,climatology_municipal,3.6923076923076925,2017-10
2306405,Itapipoca,CE,2017,10,2.0,inpe_bdq_aqua_ref,climatology_municipal,2.769230769230769,2017-10
2306900,Jaguaribe,CE,2017,10,2.0,inpe_bdq_aqua_ref,climatology_municipal,1.8461538461538463,2017-10
2307007,Jaguaruana,CE,2017,10,0.0,inpe_bdq_aqua_ref,climatology_municipal,1.0,2017-10
2307106,Jardim,CE,2017,10,0.0,inpe_bdq_legacy,climatology_municipal,2.642857142857143,2017-10
2307205,Jati,CE,2017,10,1.0,inpe_bdq_legacy,climatology_municipal,3.142857142857143,2017-10
2307304,Juazeiro do Norte,CE,2017,10,2.0,inpe_bdq_legacy,climatology_municipal,2.75,2017-10
2308401,Missão Velha,CE,2017,10,0.0,inpe_bdq_legacy,climatology_municipal,5.5,2017-10
2308708,Morada Nova,CE,2017,10,1.0,inpe_bdq_aqua_ref,climatology_municipal,5.615384615384615,2017-10
2309201,Nova Olinda,CE,2017,10,0.0,inpe_bdq_legacy,climatology_municipal,1.0714285714285714,2017-10
2310605,Penaforte,CE,2017,10,0.0,inpe_bdq_legacy,climatology_municipal,0.23076923076923078,2017-10
2311108,Porteiras,CE,2017,10,0.0,inpe_bdq_legacy,climatology_municipal,1.0833333333333333,2017-10
2311207,Potengi,CE,2017,10,4.0,inpe_bdq_legacy,climatology_municipal,1.3571428571428572,2017-10
2311306,Quixadá,CE,2017,10,20.0,inpe_bdq_aqua_ref,climatology_municipal,19.923076923076923,2017-10
2311405,Quixeramobim,CE,2017,10,15.0,inpe_bdq_aqua_ref,climatology_municipal,42.30769230769231,2017-10
2311959,Salitre,CE,2017,10,4.0,inpe_bdq_legacy,climatology_municipal,4.357142857142857,2017-10
2312106,Santana do Cariri,CE,2017,10,15.0,inpe_bdq_legacy,climatology_municipal,6.642857142857143,2017-10
2312908,Sobral,CE,2017,10,24.0,inpe_bdq_aqua_ref,climatology_municipal,16.615384615384617,2017-10
2313302,Tauá,CE,2017,10,4.0,inpe_bdq_aqua_ref,climatology_municipal,9.0,2017-10
2313401,Tianguá,CE,2017,10,1.0,inpe_bdq_aqua_ref,climatology_municipal,3.3846153846153846,2017-10
2300101,Abaiara,CE,2017,10,0.0,inpe_bdq_legacy,climatology_regional_intensity12,0.5520306048632799,2017-10
2300200,Acaraú,CE,2017,10,5.0,inpe_bdq_aqua_ref,climatology_regional_intensity12,1.2970789037347,2017-10
2301307,Araripe,CE,2017,10,46.0,inpe_bdq_legacy,climatology_regional_intensity12,7.276767064106872,2017-10
2301604,Assaré,CE,2017,10,3.0,inpe_bdq_legacy,climatology_regional_intensity12,2.358676220779469,2017-10
2301901,Barbalha,CE,2017,10,3.0,inpe_bdq_aqua_ref,climatology_regional_intensity12,1.706276415031956,2017-10
2302503,Brejo Santo,CE,2017,10,5.0,inpe_bdq_legacy,climatology_regional_intensity12,2.1579378190110035,2017-10
2302701,Campos Sales,CE,2017,10,2.0,inpe_bdq_aqua_ref,climatology_regional_intensity12,2.107753218568887,2017-10
2304103,Crateús,CE,2017,10,34.0,inpe_bdq_aqua_ref,climatology_regional_intensity12,32.53506250201205,2017-10
2304202,Crato,CE,2017,10,9.0,inpe_bdq_legacy,climatology_regional_intensity12,6.674551858801475,2017-10
2305100,Guaramiranga,CE,2017,10,0.0,inpe_bdq_aqua_ref,climatology_regional_intensity12,0.06387130965360265,2017-10
2305506,Iguatu,CE,2017,10,1.0,inpe_bdq_aqua_ref,climatology_regional_intensity12,2.5941578074694,2017-10
2306405,Itapipoca,CE,2017,10,2.0,inpe_bdq_aqua_ref,climatology_regional_intensity12,1.9456183556020497,2017-10
2306900,Jaguaribe,CE,2017,10,2.0,inpe_bdq_aqua_ref,climatology_regional_intensity12,1.2970789037347,2017-10
2307007,Jaguaruana,CE,2017,10,0.0,inpe_bdq_aqua_ref,climatology_regional_intensity12,0.702584406189629,2017-10
2307106,Jardim,CE,2017,10,0.0,inpe_bdq_legacy,climatology_regional_intensity12,1.8568302163583053,2017-10
2307205,Jati,CE,2017,10,1.0,inpe_bdq_legacy,climatology_regional_intensity12,2.2081224194531197,2017-10
2307304,Juazeiro do Norte,CE,2017,10,2.0,inpe_bdq_legacy,climatology_regional_intensity12,1.9321071170214799,2017-10
2308401,Missão Velha,CE,2017,10,0.0,inpe_bdq_legacy,climatology_regional_intensity12,3.8642142340429597,2017-10
2308708,Morada Nova,CE,2017,10,1.0,inpe_bdq_aqua_ref,climatology_regional_intensity12,3.945281665526378,2017-10
2309201,Nova Olinda,CE,2017,10,0.0,inpe_bdq_legacy,climatology_regional_intensity12,0.7527690066317454,2017-10
2310605,Penaforte,CE,2017,10,0.0,inpe_bdq_legacy,climatology_regional_intensity12,0.1621348629668375,2017-10
2311108,Porteiras,CE,2017,10,0.0,inpe_bdq_legacy,climatology_regional_intensity12,0.7611331067054314,2017-10
2311207,Potengi,CE,2017,10,4.0,inpe_bdq_legacy,climatology_regional_intensity12,0.9535074084002109,2017-10
2311306,Quixadá,CE,2017,10,20.0,inpe_bdq_aqua_ref,climatology_regional_intensity12,13.997643169470301,2017-10
2311405,Quixeramobim,CE,2017,10,15.0,inpe_bdq_aqua_ref,climatology_regional_intensity12,29.724724877253536,2017-10
2311959,Salitre,CE,2017,10,4.0,inpe_bdq_legacy,climatology_regional_intensity12,3.061260626969098,2017-10
2312106,Santana do Cariri,CE,2017,10,15.0,inpe_bdq_legacy,climatology_regional_intensity12,4.667167841116822,2017-10
2312908,Sobral,CE,2017,10,24.0,inpe_bdq_aqua_ref,climatology_regional_intensity12,11.673710133612298,2017-10
2313302,Tauá,CE,2017,10,4.0,inpe_bdq_aqua_ref,climatology_regional_intensity12,6.323259655706662,2017-10
2313401,Tianguá,CE,2017,10,1.0,inpe_bdq_aqua_ref,climatology_regional_intensity12,2.3779779901802827,2017-10
2300101,Abaiara,CE,2017,11,4.0,inpe_bdq_legacy,climatology_municipal,3.0,2017-11
2300200,Acaraú,CE,2017,11,11.0,inpe_bdq_aqua_ref,climatology_municipal,9.846153846153847,2017-11
2301307,Araripe,CE,2017,11,3.0,inpe_bdq_legacy,climatology_municipal,15.5,2017-11
2301604,Assaré,CE,2017,11,4.0,inpe_bdq_legacy,climatology_municipal,5.714285714285714,2017-11
2301901,Barbalha,CE,2017,11,2.0,inpe_bdq_aqua_ref,climatology_municipal,5.785714285714286,2017-11
2302503,Brejo Santo,CE,2017,11,3.0,inpe_bdq_legacy,climatology_municipal,5.928571428571429,2017-11
2302701,Campos Sales,CE,2017,11,1.0,inpe_bdq_aqua_ref,climatology_municipal,3.5,2017-11
2304103,Crateús,CE,2017,11,23.0,inpe_bdq_aqua_ref,climatology_municipal,65.6923076923077,2017-11
2304202,Crato,CE,2017,11,3.0,inpe_bdq_legacy,climatology_municipal,11.285714285714286,2017-11
2305100,Guaramiranga,CE,2017,11,0.0,inpe_bdq_aqua_ref,climatology_municipal,0.6363636363636364,2017-11
2305506,Iguatu,CE,2017,11,6.0,inpe_bdq_aqua_ref,climatology_municipal,7.6923076923076925,2017-11
2306405,Itapipoca,CE,2017,11,16.0,inpe_bdq_aqua_ref,climatology_municipal,25.23076923076923,2017-11
2306900,Jaguaribe,CE,2017,11,8.0,inpe_bdq_aqua_ref,climatology_municipal,3.769230769230769,2017-11
2307007,Jaguaruana,CE,2017,11,0.0,inpe_bdq_aqua_ref,climatology_municipal,0.5555555555555556,2017-11
2307106,Jardim,CE,2017,11,1.0,inpe_bdq_legacy,climatology_municipal,4.0,2017-11
2307205,Jati,CE,2017,11,2.0,inpe_bdq_legacy,climatology_municipal,2.857142857142857,2017-11
2307304,Juazeiro do Norte,CE,2017,11,3.0,inpe_bdq_legacy,climatology_municipal,4.333333333333333,2017-11
2308401,Missão Velha,CE,2017,11,9.0,inpe_bdq_legacy,climatology_municipal,11.428571428571429,2017-11
2308708,Morada Nova,CE,2017,11,0.0,inpe_bdq_aqua_ref,climatology_municipal,5.6923076923076925,2017-11
2309201,Nova Olinda,CE,2017,11,4.0,inpe_bdq_legacy,climatology_municipal,4.357142857142857,2017-11
2310605,Penaforte,CE,2017,11,0.0,inpe_bdq_legacy,climatology_municipal,0.35714285714285715,2017-11
2311108,Porteiras,CE,2017,11,1.0,inpe_bdq_legacy,climatology_municipal,2.0833333333333335,2017-11
2311207,Potengi,CE,2017,11,1.0,inpe_bdq_legacy,climatology_municipal,3.2857142857142856,2017-11
2311306,Quixadá,CE,2017,11,10.0,inpe_bdq_aqua_ref,climatology_municipal,27.846153846153847,2017-11
2311405,Quixeramobim,CE,2017,11,29.0,inpe_bdq_aqua_ref,climatology_municipal,60.23076923076923,2017-11
2311959,Salitre,CE,2017,11,8.0,inpe_bdq_legacy,climatology_municipal,10.142857142857142,2017-11
2312106,Santana do Cariri,CE,2017,11,6.0,inpe_bdq_legacy,climatology_municipal,14.5,2017-11
2312908,Sobral,CE,2017,11,16.0,inpe_bdq_aqua_ref,climatology_municipal,37.61538461538461,2017-11
2313302,Tauá,CE,2017,11,6.0,inpe_bdq_aqua_ref,climatology_municipal,17.46153846153846,2017-11
2313401,Tianguá,CE,2017,11,1.0,inpe_bdq_aqua_ref,climatology_municipal,11.538461538461538,2017-11
2300101,Abaiara,CE,2017,11,4.0,inpe_bdq_legacy,climatology_regional_intensity12,1.978129251777231,2017-11
2300200,Acaraú,CE,2017,11,11.0,inpe_bdq_aqua_ref,climatology_regional_intensity12,6.492321646858605,2017-11
2301307,Araripe,CE,2017,11,3.0,inpe_bdq_legacy,climatology_regional_intensity12,10.220334467515695,2017-11
2301604,Assaré,CE,2017,11,4.0,inpe_bdq_legacy,climatology_regional_intensity12,3.76786524148044,2017-11
2301901,Barbalha,CE,2017,11,2.0,inpe_bdq_aqua_ref,climatology_regional_intensity12,3.8149635569989457,2017-11
2302503,Brejo Santo,CE,2017,11,3.0,inpe_bdq_legacy,climatology_regional_intensity12,3.909160188035957,2017-11
2302701,Campos Sales,CE,2017,11,1.0,inpe_bdq_aqua_ref,climatology_regional_intensity12,2.3078174604067696,2017-11
2304103,Crateús,CE,2017,11,23.0,inpe_bdq_aqua_ref,climatology_regional_intensity12,43.31595848763475,2017-11
2304202,Crato,CE,2017,11,3.0,inpe_bdq_legacy,climatology_regional_intensity12,7.44153385192387,2017-11
2305100,Guaramiranga,CE,2017,11,0.0,inpe_bdq_aqua_ref,climatology_regional_intensity12,0.41960317461941266,2017-11
2305506,Iguatu,CE,2017,11,6.0,inpe_bdq_aqua_ref,climatology_regional_intensity12,5.072126286608285,2017-11
2306405,Itapipoca,CE,2017,11,16.0,inpe_bdq_aqua_ref,climatology_regional_intensity12,16.636574220075175,2017-11
2306900,Jaguaribe,CE,2017,11,8.0,inpe_bdq_aqua_ref,climatology_regional_intensity12,2.4853418804380594,2017-11
2307007,Jaguaruana,CE,2017,11,0.0,inpe_bdq_aqua_ref,climatology_regional_intensity12,0.36632023181059836,2017-11
2307106,Jardim,CE,2017,11,1.0,inpe_bdq_legacy,climatology_regional_intensity12,2.637505669036308,2017-11
2307205,Jati,CE,2017,11,2.0,inpe_bdq_legacy,climatology_regional_intensity12,1.88393262074022,2017-11
2307304,Juazeiro do Norte,CE,2017,11,3.0,inpe_bdq_legacy,climatology_regional_intensity12,2.857297808122667,2017-11
2308401,Missão Velha,CE,2017,11,9.0,inpe_bdq_legacy,climatology_regional_intensity12,7.53573048296088,2017-11
2308708,Morada Nova,CE,2017,11,0.0,inpe_bdq_aqua_ref,climatology_regional_intensity12,3.753373452090131,2017-11
2309201,Nova Olinda,CE,2017,11,4.0,inpe_bdq_legacy,climatology_regional_intensity12,2.8729972466288354,2017-11
2310605,Penaforte,CE,2017,11,0.0,inpe_bdq_legacy,climatology_regional_intensity12,0.2354915775925275,2017-11
2311108,Porteiras,CE,2017,11,1.0,inpe_bdq_legacy,climatology_regional_intensity12,1.3737008692897439,2017-11
2311207,Potengi,CE,2017,11,1.0,inpe_bdq_legacy,climatology_regional_intensity12,2.166522513851253,2017-11
2311306,Quixadá,CE,2017,11,10.0,inpe_bdq_aqua_ref,climatology_regional_intensity12,18.361097157521993,2017-11
2311405,Quixeramobim,CE,2017,11,29.0,inpe_bdq_aqua_ref,climatology_regional_intensity12,39.71474882414287,2017-11
2311959,Salitre,CE,2017,11,8.0,inpe_bdq_legacy,climatology_regional_intensity12,6.687960803627781,2017-11
2312106,Santana do Cariri,CE,2017,11,6.0,inpe_bdq_legacy,climatology_regional_intensity12,9.560958050256616,2017-11
2312908,Sobral,CE,2017,11,16.0,inpe_bdq_aqua_ref,climatology_regional_intensity12,24.80269754151451,2017-11
2313302,Tauá,CE,2017,11,6.0,inpe_bdq_aqua_ref,climatology_regional_intensity12,11.513726670600805,2017-11
2313401,Tianguá,CE,2017,11,1.0,inpe_bdq_aqua_ref,climatology_regional_intensity12,7.608189429912427,2017-11
2300101,Abaiara,CE,2017,12,4.0,inpe_bdq_legacy,climatology_municipal,2.142857142857143,2017-12
2300200,Acaraú,CE,2017,12,44.0,inpe_bdq_aqua_ref,climatology_municipal,41.61538461538461,2017-12
2301307,Araripe,CE,2017,12,7.0,inpe_bdq_legacy,climatology_municipal,6.642857142857143,2017-12
2301604,Assaré,CE,2017,12,2.0,inpe_bdq_legacy,climatology_municipal,5.428571428571429,2017-12
2301901,Barbalha,CE,2017,12,2.0,inpe_bdq_aqua_ref,climatology_municipal,2.2142857142857144,2017-12
2302503,Brejo Santo,CE,2017,12,2.0,inpe_bdq_legacy,climatology_municipal,2.5,2017-12
2302701,Campos Sales,CE,2017,12,0.0,inpe_bdq_aqua_ref,climatology_municipal,1.5714285714285714,2017-12
2304103,Crateús,CE,2017,12,15.0,inpe_bdq_aqua_ref,climatology_municipal,31.692307692307693,2017-12
2304202,Crato,CE,2017,12,4.0,inpe_bdq_legacy,climatology_municipal,6.785714285714286,2017-12
2305100,Guaramiranga,CE,2017,12,0.0,inpe_bdq_aqua_ref,climatology_municipal,0.09090909090909091,2017-12
2305506,Iguatu,CE,2017,12,4.0,inpe_bdq_aqua_ref,climatology_municipal,4.538461538461538,2017-12
2306405,Itapipoca,CE,2017,12,79.0,inpe_bdq_aqua_ref,climatology_municipal,73.3076923076923,2017-12
2306900,Jaguaribe,CE,2017,12,2.0,inpe_bdq_aqua_ref,climatology_municipal,2.3846153846153846,2017-12
2307007,Jaguaruana,CE,2017,12,0.0,inpe_bdq_aqua_ref,climatology_municipal,0.8888888888888888,2017-12
2307106,Jardim,CE,2017,12,0.0,inpe_bdq_legacy,climatology_municipal,4.285714285714286,2017-12
2307205,Jati,CE,2017,12,0.0,inpe_bdq_legacy,climatology_municipal,0.7857142857142857,2017-12
2307304,Juazeiro do Norte,CE,2017,12,1.0,inpe_bdq_legacy,climatology_municipal,1.1666666666666667,2017-12
2308401,Missão Velha,CE,2017,12,13.0,inpe_bdq_legacy,climatology_municipal,7.571428571428571,2017-12
2308708,Morada Nova,CE,2017,12,4.0,inpe_bdq_aqua_ref,climatology_municipal,5.846153846153846,2017-12
2309201,Nova Olinda,CE,2017,12,6.0,inpe_bdq_legacy,climatology_municipal,3.2857142857142856,2017-12
2310605,Penaforte,CE,2017,12,0.0,inpe_bdq_legacy,climatology_municipal,0.42857142857142855,2017-12
2311108,Porteiras,CE,2017,12,0.0,inpe_bdq_legacy,climatology_municipal,2.1666666666666665,2017-12
2311207,Potengi,CE,2017,12,2.0,inpe_bdq_legacy,climatology_municipal,1.5714285714285714,2017-12
2311306,Quixadá,CE,2017,12,16.0,inpe_bdq_aqua_ref,climatology_municipal,13.615384615384615,2017-12
2311405,Quixeramobim,CE,2017,12,7.0,inpe_bdq_aqua_ref,climatology_municipal,37.53846153846154,2017-12
2311959,Salitre,CE,2017,12,0.0,inpe_bdq_legacy,climatology_municipal,4.5,2017-12
2312106,Santana do Cariri,CE,2017,12,11.0,inpe_bdq_legacy,climatology_municipal,11.928571428571429,2017-12
2312908,Sobral,CE,2017,12,13.0,inpe_bdq_aqua_ref,climatology_municipal,22.23076923076923,2017-12
2313302,Tauá,CE,2017,12,2.0,inpe_bdq_aqua_ref,climatology_municipal,10.461538461538462,2017-12
2313401,Tianguá,CE,2017,12,5.0,inpe_bdq_aqua_ref,climatology_municipal,14.153846153846153,2017-12
2300101,Abaiara,CE,2017,12,4.0,inpe_bdq_legacy,climatology_regional_intensity12,1.354997815992875,2017-12
2300200,Acaraú,CE,2017,12,44.0,inpe_bdq_aqua_ref,climatology_regional_intensity12,26.3147524572565,2017-12
2301307,Araripe,CE,2017,12,7.0,inpe_bdq_legacy,climatology_regional_intensity12,4.200493229577913,2017-12
2301604,Assaré,CE,2017,12,2.0,inpe_bdq_legacy,climatology_regional_intensity12,3.432661133848617,2017-12
2301901,Barbalha,CE,2017,12,2.0,inpe_bdq_aqua_ref,climatology_regional_intensity12,1.4001644098593042,2017-12
2302503,Brejo Santo,CE,2017,12,2.0,inpe_bdq_legacy,climatology_regional_intensity12,1.5808307853250207,2017-12
2302701,Campos Sales,CE,2017,12,0.0,inpe_bdq_aqua_ref,climatology_regional_intensity12,0.9936650650614417,2017-12
2304103,Crateús,CE,2017,12,15.0,inpe_bdq_aqua_ref,climatology_regional_intensity12,20.040070263197187,2017-12
2304202,Crato,CE,2017,12,4.0,inpe_bdq_legacy,climatology_regional_intensity12,4.290826417310771,2017-12
2305100,Guaramiranga,CE,2017,12,0.0,inpe_bdq_aqua_ref,climatology_regional_intensity12,0.05748475583000076,2017-12
2305506,Iguatu,CE,2017,12,4.0,inpe_bdq_aqua_ref,climatology_regional_intensity12,2.8698158872054225,2017-12
2306405,Itapipoca,CE,2017,12,79.0,inpe_bdq_aqua_ref,climatology_regional_intensity12,46.35482272045369,2017-12
2306900,Jaguaribe,CE,2017,12,2.0,inpe_bdq_aqua_ref,climatology_regional_intensity12,1.507869364463866,2017-12
2307007,Jaguaruana,CE,2017,12,0.0,inpe_bdq_aqua_ref,climatology_regional_intensity12,0.562073168115563,2017-12
2307106,Jardim,CE,2017,12,0.0,inpe_bdq_legacy,climatology_regional_intensity12,2.70999563198575,2017-12
2307205,Jati,CE,2017,12,0.0,inpe_bdq_legacy,climatology_regional_intensity12,0.49683253253072085,2017-12
2307304,Juazeiro do Norte,CE,2017,12,1.0,inpe_bdq_legacy,climatology_regional_intensity12,0.7377210331516765,2017-12
2308401,Missão Velha,CE,2017,12,13.0,inpe_bdq_legacy,climatology_regional_intensity12,4.787658949841491,2017-12
2308708,Morada Nova,CE,2017,12,4.0,inpe_bdq_aqua_ref,climatology_regional_intensity12,3.69671199029851,2017-12
2309201,Nova Olinda,CE,2017,12,6.0,inpe_bdq_legacy,climatology_regional_intensity12,2.0776633178557415,2017-12
2310605,Penaforte,CE,2017,12,0.0,inpe_bdq_legacy,climatology_regional_intensity12,0.270999563198575,2017-12
2311108,Porteiras,CE,2017,12,0.0,inpe_bdq_legacy,climatology_regional_intensity12,1.3700533472816847,2017-12
2311207,Potengi,CE,2017,12,2.0,inpe_bdq_legacy,climatology_regional_intensity12,0.9936650650614417,2017-12
2311306,Quixadá,CE,2017,12,16.0,inpe_bdq_aqua_ref,climatology_regional_intensity12,8.609447661616267,2017-12
2311405,Quixeramobim,CE,2017,12,7.0,inpe_bdq_aqua_ref,climatology_regional_intensity12,23.736782253495697,2017-12
2311959,Salitre,CE,2017,12,0.0,inpe_bdq_legacy,climatology_regional_intensity12,2.8454954135850374,2017-12
2312106,Santana do Cariri,CE,2017,12,11.0,inpe_bdq_legacy,climatology_regional_intensity12,7.542821175693671,2017-12
2312908,Sobral,CE,2017,12,13.0,inpe_bdq_aqua_ref,climatology_regional_intensity12,14.057233752582492,2017-12
2313302,Tauá,CE,2017,12,2.0,inpe_bdq_aqua_ref,climatology_regional_intensity12,6.6151688247447025,2017-12
2313401,Tianguá,CE,2017,12,5.0,inpe_bdq_aqua_ref,climatology_regional_intensity12,8.949934292301656,2017-12
2300101,Abaiara,CE,2018,1,0.0,inpe_bdq_legacy,climatology_municipal,0.07142857142857142,2018-01
2300200,Acaraú,CE,2018,1,1.0,inpe_bdq_aqua_ref,climatology_municipal,7.071428571428571,2018-01
2301307,Araripe,CE,2018,1,2.0,inpe_bdq_legacy,climatology_municipal,1.5,2018-01
2301604,Assaré,CE,2018,1,0.0,inpe_bdq_legacy,climatology_municipal,2.2857142857142856,2018-01
2301901,Barbalha,CE,2018,1,0.0,inpe_bdq_aqua_ref,climatology_municipal,0.5714285714285714,2018-01
2302503,Brejo Santo,CE,2018,1,0.0,inpe_bdq_legacy,climatology_municipal,0.5,2018-01
2302701,Campos Sales,CE,2018,1,0.0,inpe_bdq_aqua_ref,climatology_municipal,0.35714285714285715,2018-01
2304103,Crateús,CE,2018,1,1.0,inpe_bdq_aqua_ref,climatology_municipal,3.5714285714285716,2018-01
2304202,Crato,CE,2018,1,0.0,inpe_bdq_legacy,climatology_municipal,1.0714285714285714,2018-01
2304400,Fortaleza,CE,2018,1,0.0,inpe_bdq_aqua_ref,climatology_municipal,0.14285714285714285,2018-01
2305100,Guaramiranga,CE,2018,1,0.0,inpe_bdq_aqua_ref,climatology_municipal,0.0,2018-01
2305506,Iguatu,CE,2018,1,0.0,inpe_bdq_aqua_ref,climatology_municipal,1.1428571428571428,2018-01
2306405,Itapipoca,CE,2018,1,4.0,inpe_bdq_aqua_ref,climatology_municipal,8.214285714285714,2018-01
2306900,Jaguaribe,CE,2018,1,0.0,inpe_bdq_aqua_ref,climatology_municipal,1.0,2018-01
2307007,Jaguaruana,CE,2018,1,0.0,inpe_bdq_aqua_ref,climatology_municipal,0.7857142857142857,2018-01
2307106,Jardim,CE,2018,1,0.0,inpe_bdq_legacy,climatology_municipal,0.5,2018-01
2307205,Jati,CE,2018,1,2.0,inpe_bdq_legacy,climatology_municipal,0.21428571428571427,2018-01
2307304,Juazeiro do Norte,CE,2018,1,1.0,inpe_bdq_legacy,climatology_municipal,0.14285714285714285,2018-01
2308401,Missão Velha,CE,2018,1,1.0,inpe_bdq_legacy,climatology_municipal,1.2857142857142858,2018-01
2308708,Morada Nova,CE,2018,1,2.0,inpe_bdq_aqua_ref,climatology_municipal,1.2857142857142858,2018-01
2309201,Nova Olinda,CE,2018,1,0.0,inpe_bdq_legacy,climatology_municipal,0.2857142857142857,2018-01
2310605,Penaforte,CE,2018,1,0.0,inpe_bdq_legacy,climatology_municipal,0.07142857142857142,2018-01
2311108,Porteiras,CE,2018,1,1.0,inpe_bdq_legacy,climatology_municipal,0.21428571428571427,2018-01
2311207,Potengi,CE,2018,1,0.0,inpe_bdq_legacy,climatology_municipal,1.0,2018-01
2311306,Quixadá,CE,2018,1,1.0,inpe_bdq_aqua_ref,climatology_municipal,2.142857142857143,2018-01
2311405,Quixeramobim,CE,2018,1,3.0,inpe_bdq_aqua_ref,climatology_municipal,6.785714285714286,2018-01
2311959,Salitre,CE,2018,1,0.0,inpe_bdq_legacy,climatology_municipal,0.7142857142857143,2018-01
2312106,Santana do Cariri,CE,2018,1,3.0,inpe_bdq_legacy,climatology_municipal,4.0,2018-01
2312908,Sobral,CE,2018,1,2.0,inpe_bdq_aqua_ref,climatology_municipal,2.642857142857143,2018-01
2313302,Tauá,CE,2018,1,1.0,inpe_bdq_aqua_ref,climatology_municipal,1.2857142857142858,2018-01
2313401,Tianguá,CE,2018,1,0.0,inpe_bdq_aqua_ref,climatology_municipal,0.8571428571428571,2018-01
2300101,Abaiara,CE,2018,1,0.0,inpe_bdq_legacy,climatology_regional_intensity12,0.05312530608208834,2018-01
2300200,Acaraú,CE,2018,1,1.0,inpe_bdq_aqua_ref,climatology_regional_intensity12,5.259405302126746,2018-01
2301307,Araripe,CE,2018,1,2.0,inpe_bdq_legacy,climatology_regional_intensity12,1.1156314277238553,2018-01
2301604,Assaré,CE,2018,1,0.0,inpe_bdq_legacy,climatology_regional_intensity12,1.7000097946268269,2018-01
2301901,Barbalha,CE,2018,1,0.0,inpe_bdq_aqua_ref,climatology_regional_intensity12,0.4250024486567067,2018-01
2302503,Brejo Santo,CE,2018,1,0.0,inpe_bdq_legacy,climatology_regional_intensity12,0.3718771425746184,2018-01
2302701,Campos Sales,CE,2018,1,0.0,inpe_bdq_aqua_ref,climatology_regional_intensity12,0.2656265304104417,2018-01
2304103,Crateús,CE,2018,1,1.0,inpe_bdq_aqua_ref,climatology_regional_intensity12,2.656265304104417,2018-01
2304202,Crato,CE,2018,1,0.0,inpe_bdq_legacy,climatology_regional_intensity12,0.7968795912313251,2018-01
2304400,Fortaleza,CE,2018,1,0.0,inpe_bdq_aqua_ref,climatology_regional_intensity12,0.10625061216417668,2018-01
2305100,Guaramiranga,CE,2018,1,0.0,inpe_bdq_aqua_ref,climatology_regional_intensity12,0.0,2018-01
2305506,Iguatu,CE,2018,1,0.0,inpe_bdq_aqua_ref,climatology_regional_intensity12,0.8500048973134134,2018-01
2306405,Itapipoca,CE,2018,1,4.0,inpe_bdq_aqua_ref,climatology_regional_intensity12,6.109410199440159,2018-01
2306900,Jaguaribe,CE,2018,1,0.0,inpe_bdq_aqua_ref,climatology_regional_intensity12,0.7437542851492368,2018-01
2307007,Jaguaruana,CE,2018,1,0.0,inpe_bdq_aqua_ref,climatology_regional_intensity12,0.5843783669029717,2018-01
2307106,Jardim,CE,2018,1,0.0,inpe_bdq_legacy,climatology_regional_intensity12,0.3718771425746184,2018-01
2307205,Jati,CE,2018,1,2.0,inpe_bdq_legacy,climatology_regional_intensity12,0.159375918246265,2018-01
2307304,Juazeiro do Norte,CE,2018,1,1.0,inpe_bdq_legacy,climatology_regional_intensity12,0.10625061216417668,2018-01
2308401,Missão Velha,CE,2018,1,1.0,inpe_bdq_legacy,climatology_regional_intensity12,0.9562555094775902,2018-01
2308708,Morada Nova,CE,2018,1,2.0,inpe_bdq_aqua_ref,climatology_regional_intensity12,0.9562555094775902,2018-01
2309201,Nova Olinda,CE,2018,1,0.0,inpe_bdq_legacy,climatology_regional_intensity12,0.21250122432835336,2018-01
2310605,Penaforte,CE,2018,1,0.0,inpe_bdq_legacy,climatology_regional_intensity12,0.05312530608208834,2018-01
2311108,Porteiras,CE,2018,1,1.0,inpe_bdq_legacy,climatology_regional_intensity12,0.159375918246265,2018-01
2311207,Potengi,CE,2018,1,0.0,inpe_bdq_legacy,climatology_regional_intensity12,0.7437542851492368,2018-01
2311306,Quixadá,CE,2018,1,1.0,inpe_bdq_aqua_ref,climatology_regional_intensity12,1.5937591824626502,2018-01
2311405,Quixeramobim,CE,2018,1,3.0,inpe_bdq_aqua_ref,climatology_regional_intensity12,5.046904077798392,2018-01
2311959,Salitre,CE,2018,1,0.0,inpe_bdq_legacy,climatology_regional_intensity12,0.5312530608208834,2018-01
2312106,Santana do Cariri,CE,2018,1,3.0,inpe_bdq_legacy,climatology_regional_intensity12,2.975017140596947,2018-01
2312908,Sobral,CE,2018,1,2.0,inpe_bdq_aqua_ref,climatology_regional_intensity12,1.9656363250372686,2018-01
2313302,Tauá,CE,2018,1,1.0,inpe_bdq_aqua_ref,climatology_regional_intensity12,0.9562555094775902,2018-01
2313401,Tianguá,CE,2018,1,0.0,inpe_bdq_aqua_ref,climatology_regional_intensity12,0.63750367298506,2018-01
2300101,Abaiara,CE,2018,2,0.0,inpe_bdq_legacy,climatology_municipal,0.0,2018-02
2300200,Acaraú,CE,2018,2,0.0,inpe_bdq_aqua_ref,climatology_municipal,0.5,2018-02
2301307,Araripe,CE,2018,2,0.0,inpe_bdq_legacy,climatology_municipal,0.14285714285714285,2018-02
2301604,Assaré,CE,2018,2,0.0,inpe_bdq_legacy,climatology_municipal,0.35714285714285715,2018-02
2301901,Barbalha,CE,2018,2,0.0,inpe_bdq_aqua_ref,climatology_municipal,0.21428571428571427,2018-02
2302503,Brejo Santo,CE,2018,2,0.0,inpe_bdq_legacy,climatology_municipal,0.07142857142857142,2018-02
2302701,Campos Sales,CE,2018,2,0.0,inpe_bdq_aqua_ref,climatology_municipal,0.0,2018-02
2304103,Crateús,CE,2018,2,0.0,inpe_bdq_aqua_ref,climatology_municipal,0.0,2018-02
2304202,Crato,CE,2018,2,0.0,inpe_bdq_legacy,climatology_municipal,0.21428571428571427,2018-02
2304400,Fortaleza,CE,2018,2,0.0,inpe_bdq_aqua_ref,climatology_municipal,0.14285714285714285,2018-02
2305100,Guaramiranga,CE,2018,2,0.0,inpe_bdq_aqua_ref,climatology_municipal,0.0,2018-02
2305506,Iguatu,CE,2018,2,0.0,inpe_bdq_aqua_ref,climatology_municipal,0.14285714285714285,2018-02
2306405,Itapipoca,CE,2018,2,0.0,inpe_bdq_aqua_ref,climatology_municipal,0.2857142857142857,2018-02
2306900,Jaguaribe,CE,2018,2,0.0,inpe_bdq_aqua_ref,climatology_municipal,0.21428571428571427,2018-02
2307007,Jaguaruana,CE,2018,2,0.0,inpe_bdq_aqua_ref,climatology_municipal,0.21428571428571427,2018-02
2307106,Jardim,CE,2018,2,1.0,inpe_bdq_legacy,climatology_municipal,0.0,2018-02
2307205,Jati,CE,2018,2,0.0,inpe_bdq_legacy,climatology_municipal,0.21428571428571427,2018-02
2307304,Juazeiro do Norte,CE,2018,2,0.0,inpe_bdq_legacy,climatology_municipal,0.0,2018-02
2308401,Missão Velha,CE,2018,2,0.0,inpe_bdq_legacy,climatology_municipal,0.14285714285714285,2018-02
2308708,Morada Nova,CE,2018,2,0.0,inpe_bdq_aqua_ref,climatology_municipal,0.5714285714285714,2018-02
2309201,Nova Olinda,CE,2018,2,0.0,inpe_bdq_legacy,climatology_municipal,0.0,2018-02
2310605,Penaforte,CE,2018,2,0.0,inpe_bdq_legacy,climatology_municipal,0.14285714285714285,2018-02
2311108,Porteiras,CE,2018,2,0.0,inpe_bdq_legacy,climatology_municipal,0.14285714285714285,2018-02
2311207,Potengi,CE,2018,2,0.0,inpe_bdq_legacy,climatology_municipal,0.42857142857142855,2018-02
2311306,Quixadá,CE,2018,2,0.0,inpe_bdq_aqua_ref,climatology_municipal,0.2857142857142857,2018-02
2311405,Quixeramobim,CE,2018,2,0.0,inpe_bdq_aqua_ref,climatology_municipal,1.0714285714285714,2018-02
2311959,Salitre,CE,2018,2,0.0,inpe_bdq_legacy,climatology_municipal,0.07142857142857142,2018-02
2312106,Santana do Cariri,CE,2018,2,0.0,inpe_bdq_legacy,climatology_municipal,0.35714285714285715,2018-02
2312908,Sobral,CE,2018,2,0.0,inpe_bdq_aqua_ref,climatology_municipal,0.14285714285714285,2018-02
2313302,Tauá,CE,2018,2,0.0,inpe_bdq_aqua_ref,climatology_municipal,0.2857142857142857,2018-02
2313401,Tianguá,CE,2018,2,0.0,inpe_bdq_aqua_ref,climatology_municipal,0.2857142857142857,2018-02
2300101,Abaiara,CE,2018,2,0.0,inpe_bdq_legacy,climatology_regional_intensity12,0.0,2018-02
2300200,Acaraú,CE,2018,2,0.0,inpe_bdq_aqua_ref,climatology_regional_intensity12,0.37500557359531705,2018-02
2301307,Araripe,CE,2018,2,0.0,inpe_bdq_legacy,climatology_regional_intensity12,0.10714444959866201,2018-02
2301604,Assaré,CE,2018,2,0.0,inpe_bdq_legacy,climatology_regional_intensity12,0.26786112399665507,2018-02
2301901,Barbalha,CE,2018,2,0.0,inpe_bdq_aqua_ref,climatology_regional_intensity12,0.160716674397993,2018-02
2302503,Brejo Santo,CE,2018,2,0.0,inpe_bdq_legacy,climatology_regional_intensity12,0.053572224799331006,2018-02
2302701,Campos Sales,CE,2018,2,0.0,inpe_bdq_aqua_ref,climatology_regional_intensity12,0.0,2018-02
2304103,Crateús,CE,2018,2,0.0,inpe_bdq_aqua_ref,climatology_regional_intensity12,0.0,2018-02
2304202,Crato,CE,2018,2,0.0,inpe_bdq_legacy,climatology_regional_intensity12,0.160716674397993,2018-02
2304400,Fortaleza,CE,2018,2,0.0,inpe_bdq_aqua_ref,climatology_regional_intensity12,0.10714444959866201,2018-02
2305100,Guaramiranga,CE,2018,2,0.0,inpe_bdq_aqua_ref,climatology_regional_intensity12,0.0,2018-02
2305506,Iguatu,CE,2018,2,0.0,inpe_bdq_aqua_ref,climatology_regional_intensity12,0.10714444959866201,2018-02
2306405,Itapipoca,CE,2018,2,0.0,inpe_bdq_aqua_ref,climatology_regional_intensity12,0.21428889919732402,2018-02
2306900,Jaguaribe,CE,2018,2,0.0,inpe_bdq_aqua_ref,climatology_regional_intensity12,0.160716674397993,2018-02
2307007,Jaguaruana,CE,2018,2,0.0,inpe_bdq_aqua_ref,climatology_regional_intensity12,0.160716674397993,2018-02
2307106,Jardim,CE,2018,2,1.0,inpe_bdq_legacy,climatology_regional_intensity12,0.0,2018-02
2307205,Jati,CE,2018,2,0.0,inpe_bdq_legacy,climatology_regional_intensity12,0.160716674397993,2018-02
2307304,Juazeiro do Norte,CE,2018,2,0.0,inpe_bdq_legacy,climatology_regional_intensity12,0.0,2018-02
2308401,Missão Velha,CE,2018,2,0.0,inpe_bdq_legacy,climatology_regional_intensity12,0.10714444959866201,2018-02
2308708,Morada Nova,CE,2018,2,0.0,inpe_bdq_aqua_ref,climatology_regional_intensity12,0.42857779839464805,2018-02
2309201,Nova Olinda,CE,2018,2,0.0,inpe_bdq_legacy,climatology_regional_intensity12,0.0,2018-02
2310605,Penaforte,CE,2018,2,0.0,inpe_bdq_legacy,climatology_regional_intensity12,0.10714444959866201,2018-02
2311108,Porteiras,CE,2018,2,0.0,inpe_bdq_legacy,climatology_regional_intensity12,0.10714444959866201,2018-02
2311207,Potengi,CE,2018,2,0.0,inpe_bdq_legacy,climatology_regional_intensity12,0.321433348795986,2018-02
2311306,Quixadá,CE,2018,2,0.0,inpe_bdq_aqua_ref,climatology_regional_intensity12,0.21428889919732402,2018-02
2311405,Quixeramobim,CE,2018,2,0.0,inpe_bdq_aqua_ref,climatology_regional_intensity12,0.8035833719899651,2018-02
2311959,Salitre,CE,2018,2,0.0,inpe_bdq_legacy,climatology_regional_intensity12,0.053572224799331006,2018-02
2312106,Santana do Cariri,CE,2018,2,0.0,inpe_bdq_legacy,climatology_regional_intensity12,0.26786112399665507,2018-02
2312908,Sobral,CE,2018,2,0.0,inpe_bdq_aqua_ref,climatology_regional_intensity12,0.10714444959866201,2018-02
2313302,Tauá,CE,2018,2,0.0,inpe_bdq_aqua_ref,climatology_regional_intensity12,0.21428889919732402,2018-02
2313401,Tianguá,CE,2018,2,0.0,inpe_bdq_aqua_ref,climatology_regional_intensity12,0.21428889919732402,2018-02
2300101,Abaiara,CE,2018,3,0.0,inpe_bdq_legacy,climatology_municipal,0.0,2018-03
2300200,Acaraú,CE,2018,3,0.0,inpe_bdq_aqua_ref,climatology_municipal,0.7857142857142857,2018-03
2301307,Araripe,CE,2018,3,0.0,inpe_bdq_legacy,climatology_municipal,0.0,2018-03
2301604,Assaré,CE,2018,3,0.0,inpe_bdq_legacy,climatology_municipal,0.0,2018-03
2301901,Barbalha,CE,2018,3,0.0,inpe_bdq_aqua_ref,climatology_municipal,0.0,2018-03
2302503,Brejo Santo,CE,2018,3,0.0,inpe_bdq_legacy,climatology_municipal,0.0,2018-03
2302701,Campos Sales,CE,2018,3,0.0,inpe_bdq_aqua_ref,climatology_municipal,0.0,2018-03
2304103,Crateús,CE,2018,3,0.0,inpe_bdq_aqua_ref,climatology_municipal,0.14285714285714285,2018-03
2304202,Crato,CE,2018,3,0.0,inpe_bdq_legacy,climatology_municipal,0.14285714285714285,2018-03
2304400,Fortaleza,CE,2018,3,0.0,inpe_bdq_aqua_ref,climatology_municipal,0.0,2018-03
2305100,Guaramiranga,CE,2018,3,0.0,inpe_bdq_aqua_ref,climatology_municipal,0.0,2018-03
2305506,Iguatu,CE,2018,3,1.0,inpe_bdq_aqua_ref,climatology_municipal,0.21428571428571427,2018-03
2306405,Itapipoca,CE,2018,3,0.0,inpe_bdq_aqua_ref,climatology_municipal,0.07142857142857142,2018-03
2306900,Jaguaribe,CE,2018,3,0.0,inpe_bdq_aqua_ref,climatology_municipal,0.07142857142857142,2018-03
2307007,Jaguaruana,CE,2018,3,0.0,inpe_bdq_aqua_ref,climatology_municipal,0.07142857142857142,2018-03
2307106,Jardim,CE,2018,3,0.0,inpe_bdq_legacy,climatology_municipal,0.07142857142857142,2018-03
2307205,Jati,CE,2018,3,0.0,inpe_bdq_legacy,climatology_municipal,0.0,2018-03
2307304,Juazeiro do Norte,CE,2018,3,0.0,inpe_bdq_legacy,climatology_municipal,0.14285714285714285,2018-03
2308401,Missão Velha,CE,2018,3,0.0,inpe_bdq_legacy,climatology_municipal,0.2857142857142857,2018-03
2308708,Morada Nova,CE,2018,3,0.0,inpe_bdq_aqua_ref,climatology_municipal,0.14285714285714285,2018-03
2309201,Nova Olinda,CE,2018,3,0.0,inpe_bdq_legacy,climatology_municipal,0.0,2018-03
2310605,Penaforte,CE,2018,3,0.0,inpe_bdq_legacy,climatology_municipal,0.0,2018-03
2311108,Porteiras,CE,2018,3,0.0,inpe_bdq_legacy,climatology_municipal,0.0,2018-03
2311207,Potengi,CE,2018,3,0.0,inpe_bdq_legacy,climatology_municipal,0.0,2018-03
2311306,Quixadá,CE,2018,3,0.0,inpe_bdq_aqua_ref,climatology_municipal,0.14285714285714285,2018-03
2311405,Quixeramobim,CE,2018,3,2.0,inpe_bdq_aqua_ref,climatology_municipal,0.21428571428571427,2018-03
2311959,Salitre,CE,2018,3,0.0,inpe_bdq_legacy,climatology_municipal,0.07142857142857142,2018-03
2312106,Santana do Cariri,CE,2018,3,0.0,inpe_bdq_legacy,climatology_municipal,0.0,2018-03
2312908,Sobral,CE,2018,3,1.0,inpe_bdq_aqua_ref,climatology_municipal,0.0,2018-03
2313302,Tauá,CE,2018,3,0.0,inpe_bdq_aqua_ref,climatology_municipal,0.0,2018-03
2313401,Tianguá,CE,2018,3,0.0,inpe_bdq_aqua_ref,climatology_municipal,0.0,2018-03
2300101,Abaiara,CE,2018,3,0.0,inpe_bdq_legacy,climatology_regional_intensity12,0.0,2018-03
2300200,Acaraú,CE,2018,3,0.0,inpe_bdq_aqua_ref,climatology_regional_intensity12,0.5854555408078418,2018-03
2301307,Araripe,CE,2018,3,0.0,inpe_bdq_legacy,climatology_regional_intensity12,0.0,2018-03
2301604,Assaré,CE,2018,3,0.0,inpe_bdq_legacy,climatology_regional_intensity12,0.0,2018-03
2301901,Barbalha,CE,2018,3,0.0,inpe_bdq_aqua_ref,climatology_regional_intensity12,0.0,2018-03
2302503,Brejo Santo,CE,2018,3,0.0,inpe_bdq_legacy,climatology_regional_intensity12,0.0,2018-03
2302701,Campos Sales,CE,2018,3,0.0,inpe_bdq_aqua_ref,climatology_regional_intensity12,0.0,2018-03
2304103,Crateús,CE,2018,3,0.0,inpe_bdq_aqua_ref,climatology_regional_intensity12,0.10644646196506215,2018-03
2304202,Crato,CE,2018,3,0.0,inpe_bdq_legacy,climatology_regional_intensity12,0.10644646196506215,2018-03
2304400,Fortaleza,CE,2018,3,0.0,inpe_bdq_aqua_ref,climatology_regional_intensity12,0.0,2018-03
2305100,Guaramiranga,CE,2018,3,0.0,inpe_bdq_aqua_ref,climatology_regional_intensity12,0.0,2018-03
2305506,Iguatu,CE,2018,3,1.0,inpe_bdq_aqua_ref,climatology_regional_intensity12,0.15966969294759323,2018-03
2306405,Itapipoca,CE,2018,3,0.0,inpe_bdq_aqua_ref,climatology_regional_intensity12,0.053223230982531074,2018-03
2306900,Jaguaribe,CE,2018,3,0.0,inpe_bdq_aqua_ref,climatology_regional_intensity12,0.053223230982531074,2018-03
2307007,Jaguaruana,CE,2018,3,0.0,inpe_bdq_aqua_ref,climatology_regional_intensity12,0.053223230982531074,2018-03
2307106,Jardim,CE,2018,3,0.0,inpe_bdq_legacy,climatology_regional_intensity12,0.053223230982531074,2018-03
2307205,Jati,CE,2018,3,0.0,inpe_bdq_legacy,climatology_regional_intensity12,0.0,2018-03
2307304,Juazeiro do Norte,CE,2018,3,0.0,inpe_bdq_legacy,climatology_regional_intensity12,0.10644646196506215,2018-03
2308401,Missão Velha,CE,2018,3,0.0,inpe_bdq_legacy,climatology_regional_intensity12,0.2128929239301243,2018-03
2308708,Morada Nova,CE,2018,3,0.0,inpe_bdq_aqua_ref,climatology_regional_intensity12,0.10644646196506215,2018-03
2309201,Nova Olinda,CE,2018,3,0.0,inpe_bdq_legacy,climatology_regional_intensity12,0.0,2018-03
2310605,Penaforte,CE,2018,3,0.0,inpe_bdq_legacy,climatology_regional_intensity12,0.0,2018-03
2311108,Porteiras,CE,2018,3,0.0,inpe_bdq_legacy,climatology_regional_intensity12,0.0,2018-03
2311207,Potengi,CE,2018,3,0.0,inpe_bdq_legacy,climatology_regional_intensity12,0.0,2018-03
2311306,Quixadá,CE,2018,3,0.0,inpe_bdq_aqua_ref,climatology_regional_intensity12,0.10644646196506215,2018-03
2311405,Quixeramobim,CE,2018,3,2.0,inpe_bdq_aqua_ref,climatology_regional_intensity12,0.15966969294759323,2018-03
2311959,Salitre,CE,2018,3,0.0,inpe_bdq_legacy,climatology_regional_intensity12,0.053223230982531074,2018-03
2312106,Santana do Cariri,CE,2018,3,0.0,inpe_bdq_legacy,climatology_regional_intensity12,0.0,2018-03
2312908,Sobral,CE,2018,3,1.0,inpe_bdq_aqua_ref,climatology_regional_intensity12,0.0,2018-03
2313302,Tauá,CE,2018,3,0.0,inpe_bdq_aqua_ref,climatology_regional_intensity12,0.0,2018-03
2313401,Tianguá,CE,2018,3,0.0,inpe_bdq_aqua_ref,climatology_regional_intensity12,0.0,2018-03
2300101,Abaiara,CE,2018,4,0.0,inpe_bdq_legacy,climatology_municipal,0.0,2018-04
2300200,Acaraú,CE,2018,4,0.0,inpe_bdq_aqua_ref,climatology_municipal,0.0,2018-04
2301307,Araripe,CE,2018,4,0.0,inpe_bdq_legacy,climatology_municipal,0.0,2018-04
2301604,Assaré,CE,2018,4,0.0,inpe_bdq_legacy,climatology_municipal,0.0,2018-04
2301901,Barbalha,CE,2018,4,0.0,inpe_bdq_aqua_ref,climatology_municipal,0.0,2018-04
2302503,Brejo Santo,CE,2018,4,0.0,inpe_bdq_legacy,climatology_municipal,0.0,2018-04
2302701,Campos Sales,CE,2018,4,0.0,inpe_bdq_aqua_ref,climatology_municipal,0.0,2018-04
2304103,Crateús,CE,2018,4,0.0,inpe_bdq_aqua_ref,climatology_municipal,0.14285714285714285,2018-04
2304202,Crato,CE,2018,4,0.0,inpe_bdq_legacy,climatology_municipal,0.0,2018-04
2304400,Fortaleza,CE,2018,4,0.0,inpe_bdq_aqua_ref,climatology_municipal,0.0,2018-04
2305100,Guaramiranga,CE,2018,4,0.0,inpe_bdq_aqua_ref,climatology_municipal,0.0,2018-04
2305506,Iguatu,CE,2018,4,0.0,inpe_bdq_aqua_ref,climatology_municipal,0.07142857142857142,2018-04
2306405,Itapipoca,CE,2018,4,0.0,inpe_bdq_aqua_ref,climatology_municipal,0.0,2018-04
2306900,Jaguaribe,CE,2018,4,0.0,inpe_bdq_aqua_ref,climatology_municipal,0.14285714285714285,2018-04
2307007,Jaguaruana,CE,2018,4,0.0,inpe_bdq_aqua_ref,climatology_municipal,0.0,2018-04
2307106,Jardim,CE,2018,4,0.0,inpe_bdq_legacy,climatology_municipal,0.0,2018-04
2307205,Jati,CE,2018,4,0.0,inpe_bdq_legacy,climatology_municipal,0.0,2018-04
2307304,Juazeiro do Norte,CE,2018,4,0.0,inpe_bdq_legacy,climatology_municipal,0.0,2018-04
2308401,Missão Velha,CE,2018,4,0.0,inpe_bdq_legacy,climatology_municipal,0.2857142857142857,2018-04
2308708,Morada Nova,CE,2018,4,0.0,inpe_bdq_aqua_ref,climatology_municipal,0.07142857142857142,2018-04
2309201,Nova Olinda,CE,2018,4,0.0,inpe_bdq_legacy,climatology_municipal,0.0,2018-04
2310605,Penaforte,CE,2018,4,0.0,inpe_bdq_legacy,climatology_municipal,0.0,2018-04
2311108,Porteiras,CE,2018,4,0.0,inpe_bdq_legacy,climatology_municipal,0.0,2018-04
2311207,Potengi,CE,2018,4,0.0,inpe_bdq_legacy,climatology_municipal,0.0,2018-04
2311306,Quixadá,CE,2018,4,0.0,inpe_bdq_aqua_ref,climatology_municipal,0.14285714285714285,2018-04
2311405,Quixeramobim,CE,2018,4,0.0,inpe_bdq_aqua_ref,climatology_municipal,0.07142857142857142,2018-04
2311959,Salitre,CE,2018,4,0.0,inpe_bdq_legacy,climatology_municipal,0.07142857142857142,2018-04
2312106,Santana do Cariri,CE,2018,4,0.0,inpe_bdq_legacy,climatology_municipal,0.0,2018-04
2312908,Sobral,CE,2018,4,0.0,inpe_bdq_aqua_ref,climatology_municipal,0.0,2018-04
2313302,Tauá,CE,2018,4,0.0,inpe_bdq_aqua_ref,climatology_municipal,0.07142857142857142,2018-04
2313401,Tianguá,CE,2018,4,0.0,inpe_bdq_aqua_ref,climatology_municipal,0.0,2018-04
2300101,Abaiara,CE,2018,4,0.0,inpe_bdq_legacy,climatology_regional_intensity12,0.0,2018-04
2300200,Acaraú,CE,2018,4,0.0,inpe_bdq_aqua_ref,climatology_regional_intensity12,0.0,2018-04
2301307,Araripe,CE,2018,4,0.0,inpe_bdq_legacy,climatology_regional_intensity12,0.0,2018-04
2301604,Assaré,CE,2018,4,0.0,inpe_bdq_legacy,climatology_regional_intensity12,0.0,2018-04
2301901,Barbalha,CE,2018,4,0.0,inpe_bdq_aqua_ref,climatology_regional_intensity12,0.0,2018-04
2302503,Brejo Santo,CE,2018,4,0.0,inpe_bdq_legacy,climatology_regional_intensity12,0.0,2018-04
2302701,Campos Sales,CE,2018,4,0.0,inpe_bdq_aqua_ref,climatology_regional_intensity12,0.0,2018-04
2304103,Crateús,CE,2018,4,0.0,inpe_bdq_aqua_ref,climatology_regional_intensity12,0.10680398503273208,2018-04
2304202,Crato,CE,2018,4,0.0,inpe_bdq_legacy,climatology_regional_intensity12,0.0,2018-04
2304400,Fortaleza,CE,2018,4,0.0,inpe_bdq_aqua_ref,climatology_regional_intensity12,0.0,2018-04
2305100,Guaramiranga,CE,2018,4,0.0,inpe_bdq_aqua_ref,climatology_regional_intensity12,0.0,2018-04
2305506,Iguatu,CE,2018,4,0.0,inpe_bdq_aqua_ref,climatology_regional_intensity12,0.05340199251636604,2018-04
2306405,Itapipoca,CE,2018,4,0.0,inpe_bdq_aqua_ref,climatology_regional_intensity12,0.0,2018-04
2306900,Jaguaribe,CE,2018,4,0.0,inpe_bdq_aqua_ref,climatology_regional_intensity12,0.10680398503273208,2018-04
2307007,Jaguaruana,CE,2018,4,0.0,inpe_bdq_aqua_ref,climatology_regional_intensity12,0.0,2018-04
2307106,Jardim,CE,2018,4,0.0,inpe_bdq_legacy,climatology_regional_intensity12,0.0,2018-04
2307205,Jati,CE,2018,4,0.0,inpe_bdq_legacy,climatology_regional_intensity12,0.0,2018-04
2307304,Juazeiro do Norte,CE,2018,4,0.0,inpe_bdq_legacy,climatology_regional_intensity12,0.0,2018-04
2308401,Missão Velha,CE,2018,4,0.0,inpe_bdq_legacy,climatology_regional_intensity12,0.21360797006546417,2018-04
2308708,Morada Nova,CE,2018,4,0.0,inpe_bdq_aqua_ref,climatology_regional_intensity12,0.05340199251636604,2018-04
2309201,Nova Olinda,CE,2018,4,0.0,inpe_bdq_legacy,climatology_regional_intensity12,0.0,2018-04
2310605,Penaforte,CE,2018,4,0.0,inpe_bdq_legacy,climatology_regional_intensity12,0.0,2018-04
2311108,Porteiras,CE,2018,4,0.0,inpe_bdq_legacy,climatology_regional_intensity12,0.0,2018-04
2311207,Potengi,CE,2018,4,0.0,inpe_bdq_legacy,climatology_regional_intensity12,0.0,2018-04
2311306,Quixadá,CE,2018,4,0.0,inpe_bdq_aqua_ref,climatology_regional_intensity12,0.10680398503273208,2018-04
2311405,Quixeramobim,CE,2018,4,0.0,inpe_bdq_aqua_ref,climatology_regional_intensity12,0.05340199251636604,2018-04
2311959,Salitre,CE,2018,4,0.0,inpe_bdq_legacy,climatology_regional_intensity12,0.05340199251636604,2018-04
2312106,Santana do Cariri,CE,2018,4,0.0,inpe_bdq_legacy,climatology_regional_intensity12,0.0,2018-04
2312908,Sobral,CE,2018,4,0.0,inpe_bdq_aqua_ref,climatology_regional_intensity12,0.0,2018-04
2313302,Tauá,CE,2018,4,0.0,inpe_bdq_aqua_ref,climatology_regional_intensity12,0.05340199251636604,2018-04
2313401,Tianguá,CE,2018,4,0.0,inpe_bdq_aqua_ref,climatology_regional_intensity12,0.0,2018-04
2300101,Abaiara,CE,2018,5,0.0,inpe_bdq_legacy,climatology_municipal,0.0,2018-05
2300200,Acaraú,CE,2018,5,0.0,inpe_bdq_aqua_ref,climatology_municipal,0.07142857142857142,2018-05
2301307,Araripe,CE,2018,5,0.0,inpe_bdq_legacy,climatology_municipal,0.0,2018-05
2301604,Assaré,CE,2018,5,0.0,inpe_bdq_legacy,climatology_municipal,0.0,2018-05
2301901,Barbalha,CE,2018,5,0.0,inpe_bdq_aqua_ref,climatology_municipal,0.0,2018-05
2302503,Brejo Santo,CE,2018,5,0.0,inpe_bdq_legacy,climatology_municipal,0.07142857142857142,2018-05
2302701,Campos Sales,CE,2018,5,0.0,inpe_bdq_aqua_ref,climatology_municipal,0.0,2018-05
2304103,Crateús,CE,2018,5,0.0,inpe_bdq_aqua_ref,climatology_municipal,0.0,2018-05
2304202,Crato,CE,2018,5,0.0,inpe_bdq_legacy,climatology_municipal,0.07142857142857142,2018-05
2304400,Fortaleza,CE,2018,5,0.0,inpe_bdq_aqua_ref,climatology_municipal,0.0,2018-05
2305100,Guaramiranga,CE,2018,5,0.0,inpe_bdq_aqua_ref,climatology_municipal,0.0,2018-05
2305506,Iguatu,CE,2018,5,0.0,inpe_bdq_aqua_ref,climatology_municipal,0.0,2018-05
2306405,Itapipoca,CE,2018,5,0.0,inpe_bdq_aqua_ref,climatology_municipal,0.14285714285714285,2018-05
2306900,Jaguaribe,CE,2018,5,0.0,inpe_bdq_aqua_ref,climatology_municipal,0.0,2018-05
2307007,Jaguaruana,CE,2018,5,0.0,inpe_bdq_aqua_ref,climatology_municipal,0.07142857142857142,2018-05
2307106,Jardim,CE,2018,5,0.0,inpe_bdq_legacy,climatology_municipal,0.0,2018-05
2307205,Jati,CE,2018,5,0.0,inpe_bdq_legacy,climatology_municipal,0.0,2018-05
2307304,Juazeiro do Norte,CE,2018,5,0.0,inpe_bdq_legacy,climatology_municipal,0.0,2018-05
2308401,Missão Velha,CE,2018,5,0.0,inpe_bdq_legacy,climatology_municipal,0.0,2018-05
2308708,Morada Nova,CE,2018,5,0.0,inpe_bdq_aqua_ref,climatology_municipal,0.14285714285714285,2018-05
2309201,Nova Olinda,CE,2018,5,0.0,inpe_bdq_legacy,climatology_municipal,0.21428571428571427,2018-05
2310605,Penaforte,CE,2018,5,0.0,inpe_bdq_legacy,climatology_municipal,0.0,2018-05
2311108,Porteiras,CE,2018,5,0.0,inpe_bdq_legacy,climatology_municipal,0.07142857142857142,2018-05
2311207,Potengi,CE,2018,5,0.0,inpe_bdq_legacy,climatology_municipal,0.07142857142857142,2018-05
2311306,Quixadá,CE,2018,5,0.0,inpe_bdq_aqua_ref,climatology_municipal,0.21428571428571427,2018-05
2311405,Quixeramobim,CE,2018,5,0.0,inpe_bdq_aqua_ref,climatology_municipal,0.0,2018-05
2311959,Salitre,CE,2018,5,0.0,inpe_bdq_legacy,climatology_municipal,0.07142857142857142,2018-05
2312106,Santana do Cariri,CE,2018,5,0.0,inpe_bdq_legacy,climatology_municipal,0.0,2018-05
2312908,Sobral,CE,2018,5,0.0,inpe_bdq_aqua_ref,climatology_municipal,0.0,2018-05
2313302,Tauá,CE,2018,5,0.0,inpe_bdq_aqua_ref,climatology_municipal,0.0,2018-05
2313401,Tianguá,CE,2018,5,0.0,inpe_bdq_aqua_ref,climatology_municipal,0.0,2018-05
2300101,Abaiara,CE,2018,5,0.0,inpe_bdq_legacy,climatology_regional_intensity12,0.0,2018-05
2300200,Acaraú,CE,2018,5,0.0,inpe_bdq_aqua_ref,climatology_regional_intensity12,0.053283182737043806,2018-05
2301307,Araripe,CE,2018,5,0.0,inpe_bdq_legacy,climatology_regional_intensity12,0.0,2018-05
2301604,Assaré,CE,2018,5,0.0,inpe_bdq_legacy,climatology_regional_intensity12,0.0,2018-05
2301901,Barbalha,CE,2018,5,0.0,inpe_bdq_aqua_ref,climatology_regional_intensity12,0.0,2018-05
2302503,Brejo Santo,CE,2018,5,0.0,inpe_bdq_legacy,climatology_regional_intensity12,0.053283182737043806,2018-05
2302701,Campos Sales,CE,2018,5,0.0,inpe_bdq_aqua_ref,climatology_regional_intensity12,0.0,2018-05
2304103,Crateús,CE,2018,5,0.0,inpe_bdq_aqua_ref,climatology_regional_intensity12,0.0,2018-05
2304202,Crato,CE,2018,5,0.0,inpe_bdq_legacy,climatology_regional_intensity12,0.053283182737043806,2018-05
2304400,Fortaleza,CE,2018,5,0.0,inpe_bdq_aqua_ref,climatology_regional_intensity12,0.0,2018-05
2305100,Guaramiranga,CE,2018,5,0.0,inpe_bdq_aqua_ref,climatology_regional_intensity12,0.0,2018-05
2305506,Iguatu,CE,2018,5,0.0,inpe_bdq_aqua_ref,climatology_regional_intensity12,0.0,2018-05
2306405,Itapipoca,CE,2018,5,0.0,inpe_bdq_aqua_ref,climatology_regional_intensity12,0.10656636547408761,2018-05
2306900,Jaguaribe,CE,2018,5,0.0,inpe_bdq_aqua_ref,climatology_regional_intensity12,0.0,2018-05
2307007,Jaguaruana,CE,2018,5,0.0,inpe_bdq_aqua_ref,climatology_regional_intensity12,0.053283182737043806,2018-05
2307106,Jardim,CE,2018,5,0.0,inpe_bdq_legacy,climatology_regional_intensity12,0.0,2018-05
2307205,Jati,CE,2018,5,0.0,inpe_bdq_legacy,climatology_regional_intensity12,0.0,2018-05
2307304,Juazeiro do Norte,CE,2018,5,0.0,inpe_bdq_legacy,climatology_regional_intensity12,0.0,2018-05
2308401,Missão Velha,CE,2018,5,0.0,inpe_bdq_legacy,climatology_regional_intensity12,0.0,2018-05
2308708,Morada Nova,CE,2018,5,0.0,inpe_bdq_aqua_ref,climatology_regional_intensity12,0.10656636547408761,2018-05
2309201,Nova Olinda,CE,2018,5,0.0,inpe_bdq_legacy,climatology_regional_intensity12,0.15984954821113143,2018-05
2310605,Penaforte,CE,2018,5,0.0,inpe_bdq_legacy,climatology_regional_intensity12,0.0,2018-05
2311108,Porteiras,CE,2018,5,0.0,inpe_bdq_legacy,climatology_regional_intensity12,0.053283182737043806,2018-05
2311207,Potengi,CE,2018,5,0.0,inpe_bdq_legacy,climatology_regional_intensity12,0.053283182737043806,2018-05
2311306,Quixadá,CE,2018,5,0.0,inpe_bdq_aqua_ref,climatology_regional_intensity12,0.15984954821113143,2018-05
2311405,Quixeramobim,CE,2018,5,0.0,inpe_bdq_aqua_ref,climatology_regional_intensity12,0.0,2018-05
2311959,Salitre,CE,2018,5,0.0,inpe_bdq_legacy,climatology_regional_intensity12,0.053283182737043806,2018-05
2312106,Santana do Cariri,CE,2018,5,0.0,inpe_bdq_legacy,climatology_regional_intensity12,0.0,2018-05
2312908,Sobral,CE,2018,5,0.0,inpe_bdq_aqua_ref,climatology_regional_intensity12,0.0,2018-05
2313302,Tauá,CE,2018,5,0.0,inpe_bdq_aqua_ref,climatology_regional_intensity12,0.0,2018-05
2313401,Tianguá,CE,2018,5,0.0,inpe_bdq_aqua_ref,climatology_regional_intensity12,0.0,2018-05
2300101,Abaiara,CE,2018,6,0.0,inpe_bdq_legacy,climatology_municipal,0.0,2018-06
2300200,Acaraú,CE,2018,6,0.0,inpe_bdq_aqua_ref,climatology_municipal,0.5714285714285714,2018-06
2301307,Araripe,CE,2018,6,0.0,inpe_bdq_legacy,climatology_municipal,0.07142857142857142,2018-06
2301604,Assaré,CE,2018,6,0.0,inpe_bdq_legacy,climatology_municipal,0.0,2018-06
2301901,Barbalha,CE,2018,6,0.0,inpe_bdq_aqua_ref,climatology_municipal,0.0,2018-06
2302503,Brejo Santo,CE,2018,6,0.0,inpe_bdq_legacy,climatology_municipal,0.0,2018-06
2302701,Campos Sales,CE,2018,6,0.0,inpe_bdq_aqua_ref,climatology_municipal,0.0,2018-06
2304103,Crateús,CE,2018,6,2.0,inpe_bdq_aqua_ref,climatology_municipal,0.0,2018-06
2304202,Crato,CE,2018,6,0.0,inpe_bdq_legacy,climatology_municipal,0.07142857142857142,2018-06
2304400,Fortaleza,CE,2018,6,0.0,inpe_bdq_aqua_ref,climatology_municipal,0.0,2018-06
2305100,Guaramiranga,CE,2018,6,0.0,inpe_bdq_aqua_ref,climatology_municipal,0.0,2018-06
2305506,Iguatu,CE,2018,6,2.0,inpe_bdq_aqua_ref,climatology_municipal,0.07142857142857142,2018-06
2306405,Itapipoca,CE,2018,6,0.0,inpe_bdq_aqua_ref,climatology_municipal,0.6428571428571429,2018-06
2306900,Jaguaribe,CE,2018,6,0.0,inpe_bdq_aqua_ref,climatology_municipal,0.07142857142857142,2018-06
2307007,Jaguaruana,CE,2018,6,0.0,inpe_bdq_aqua_ref,climatology_municipal,0.0,2018-06
2307106,Jardim,CE,2018,6,0.0,inpe_bdq_legacy,climatology_municipal,0.0,2018-06
2307205,Jati,CE,2018,6,0.0,inpe_bdq_legacy,climatology_municipal,0.0,2018-06
2307304,Juazeiro do Norte,CE,2018,6,0.0,inpe_bdq_legacy,climatology_municipal,0.0,2018-06
2308401,Missão Velha,CE,2018,6,0.0,inpe_bdq_legacy,climatology_municipal,0.14285714285714285,2018-06
2308708,Morada Nova,CE,2018,6,0.0,inpe_bdq_aqua_ref,climatology_municipal,0.14285714285714285,2018-06
2309201,Nova Olinda,CE,2018,6,0.0,inpe_bdq_legacy,climatology_municipal,0.0,2018-06
2310605,Penaforte,CE,2018,6,0.0,inpe_bdq_legacy,climatology_municipal,0.0,2018-06
2311108,Porteiras,CE,2018,6,0.0,inpe_bdq_legacy,climatology_municipal,0.07142857142857142,2018-06
2311207,Potengi,CE,2018,6,0.0,inpe_bdq_legacy,climatology_municipal,0.0,2018-06
2311306,Quixadá,CE,2018,6,0.0,inpe_bdq_aqua_ref,climatology_municipal,0.07142857142857142,2018-06
2311405,Quixeramobim,CE,2018,6,0.0,inpe_bdq_aqua_ref,climatology_municipal,0.21428571428571427,2018-06
2311959,Salitre,CE,2018,6,0.0,inpe_bdq_legacy,climatology_municipal,0.14285714285714285,2018-06
2312106,Santana do Cariri,CE,2018,6,0.0,inpe_bdq_legacy,climatology_municipal,0.0,2018-06
2312908,Sobral,CE,2018,6,0.0,inpe_bdq_aqua_ref,climatology_municipal,0.2857142857142857,2018-06
2313302,Tauá,CE,2018,6,0.0,inpe_bdq_aqua_ref,climatology_municipal,0.0,2018-06
2313401,Tianguá,CE,2018,6,0.0,inpe_bdq_aqua_ref,climatology_municipal,0.14285714285714285,2018-06
2300101,Abaiara,CE,2018,6,0.0,inpe_bdq_legacy,climatology_regional_intensity12,0.0,2018-06
2300200,Acaraú,CE,2018,6,0.0,inpe_bdq_aqua_ref,climatology_regional_intensity12,0.4258066394245825,2018-06
2301307,Araripe,CE,2018,6,0.0,inpe_bdq_legacy,climatology_regional_intensity12,0.053225829928072815,2018-06
2301604,Assaré,CE,2018,6,0.0,inpe_bdq_legacy,climatology_regional_intensity12,0.0,2018-06
2301901,Barbalha,CE,2018,6,0.0,inpe_bdq_aqua_ref,climatology_regional_intensity12,0.0,2018-06
2302503,Brejo Santo,CE,2018,6,0.0,inpe_bdq_legacy,climatology_regional_intensity12,0.0,2018-06
2302701,Campos Sales,CE,2018,6,0.0,inpe_bdq_aqua_ref,climatology_regional_intensity12,0.0,2018-06
2304103,Crateús,CE,2018,6,2.0,inpe_bdq_aqua_ref,climatology_regional_intensity12,0.0,2018-06
2304202,Crato,CE,2018,6,0.0,inpe_bdq_legacy,climatology_regional_intensity12,0.053225829928072815,2018-06
2304400,Fortaleza,CE,2018,6,0.0,inpe_bdq_aqua_ref,climatology_regional_intensity12,0.0,2018-06
2305100,Guaramiranga,CE,2018,6,0.0,inpe_bdq_aqua_ref,climatology_regional_intensity12,0.0,2018-06
2305506,Iguatu,CE,2018,6,2.0,inpe_bdq_aqua_ref,climatology_regional_intensity12,0.053225829928072815,2018-06
2306405,Itapipoca,CE,2018,6,0.0,inpe_bdq_aqua_ref,climatology_regional_intensity12,0.4790324693526554,2018-06
2306900,Jaguaribe,CE,2018,6,0.0,inpe_bdq_aqua_ref,climatology_regional_intensity12,0.053225829928072815,2018-06
2307007,Jaguaruana,CE,2018,6,0.0,inpe_bdq_aqua_ref,climatology_regional_intensity12,0.0,2018-06
2307106,Jardim,CE,2018,6,0.0,inpe_bdq_legacy,climatology_regional_intensity12,0.0,2018-06
2307205,Jati,CE,2018,6,0.0,inpe_bdq_legacy,climatology_regional_intensity12,0.0,2018-06
2307304,Juazeiro do Norte,CE,2018,6,0.0,inpe_bdq_legacy,climatology_regional_intensity12,0.0,2018-06
2308401,Missão Velha,CE,2018,6,0.0,inpe_bdq_legacy,climatology_regional_intensity12,0.10645165985614563,2018-06
2308708,Morada Nova,CE,2018,6,0.0,inpe_bdq_aqua_ref,climatology_regional_intensity12,0.10645165985614563,2018-06
2309201,Nova Olinda,CE,2018,6,0.0,inpe_bdq_legacy,climatology_regional_intensity12,0.0,2018-06
2310605,Penaforte,CE,2018,6,0.0,inpe_bdq_legacy,climatology_regional_intensity12,0.0,2018-06
2311108,Porteiras,CE,2018,6,0.0,inpe_bdq_legacy,climatology_regional_intensity12,0.053225829928072815,2018-06
2311207,Potengi,CE,2018,6,0.0,inpe_bdq_legacy,climatology_regional_intensity12,0.0,2018-06
2311306,Quixadá,CE,2018,6,0.0,inpe_bdq_aqua_ref,climatology_regional_intensity12,0.053225829928072815,2018-06
2311405,Quixeramobim,CE,2018,6,0.0,inpe_bdq_aqua_ref,climatology_regional_intensity12,0.15967748978421845,2018-06
2311959,Salitre,CE,2018,6,0.0,inpe_bdq_legacy,climatology_regional_intensity12,0.10645165985614563,2018-06
2312106,Santana do Cariri,CE,2018,6,0.0,inpe_bdq_legacy,climatology_regional_intensity12,0.0,2018-06
2312908,Sobral,CE,2018,6,0.0,inpe_bdq_aqua_ref,climatology_regional_intensity12,0.21290331971229126,2018-06
2313302,Tauá,CE,2018,6,0.0,inpe_bdq_aqua_ref,climatology_regional_intensity12,0.0,2018-06
2313401,Tianguá,CE,2018,6,0.0,inpe_bdq_aqua_ref,climatology_regional_intensity12,0.10645165985614563,2018-06
2300101,Abaiara,CE,2018,7,1.0,inpe_bdq_legacy,climatology_municipal,0.14285714285714285,2018-07
2300200,Acaraú,CE,2018,7,0.0,inpe_bdq_aqua_ref,climatology_municipal,1.5,2018-07
2301307,Araripe,CE,2018,7,0.0,inpe_bdq_legacy,climatology_municipal,0.35714285714285715,2018-07
2301604,Assaré,CE,2018,7,0.0,inpe_bdq_legacy,climatology_municipal,0.07142857142857142,2018-07
2301901,Barbalha,CE,2018,7,0.0,inpe_bdq_aqua_ref,climatology_municipal,0.06666666666666667,2018-07
2302503,Brejo Santo,CE,2018,7,0.0,inpe_bdq_legacy,climatology_municipal,0.21428571428571427,2018-07
2302701,Campos Sales,CE,2018,7,0.0,inpe_bdq_aqua_ref,climatology_municipal,0.0,2018-07
2304103,Crateús,CE,2018,7,1.0,inpe_bdq_aqua_ref,climatology_municipal,0.5714285714285714,2018-07
2304202,Crato,CE,2018,7,0.0,inpe_bdq_legacy,climatology_municipal,0.0,2018-07
2304400,Fortaleza,CE,2018,7,0.0,inpe_bdq_aqua_ref,climatology_municipal,0.07142857142857142,2018-07
2305100,Guaramiranga,CE,2018,7,0.0,inpe_bdq_aqua_ref,climatology_municipal,0.0,2018-07
2305506,Iguatu,CE,2018,7,3.0,inpe_bdq_aqua_ref,climatology_municipal,0.7142857142857143,2018-07
2306405,Itapipoca,CE,2018,7,0.0,inpe_bdq_aqua_ref,climatology_municipal,0.8571428571428571,2018-07
2306900,Jaguaribe,CE,2018,7,0.0,inpe_bdq_aqua_ref,climatology_municipal,0.14285714285714285,2018-07
2307007,Jaguaruana,CE,2018,7,0.0,inpe_bdq_aqua_ref,climatology_municipal,0.2857142857142857,2018-07
2307106,Jardim,CE,2018,7,0.0,inpe_bdq_legacy,climatology_municipal,0.0,2018-07
2307205,Jati,CE,2018,7,0.0,inpe_bdq_legacy,climatology_municipal,0.0,2018-07
2307304,Juazeiro do Norte,CE,2018,7,0.0,inpe_bdq_legacy,climatology_municipal,0.2857142857142857,2018-07
2308401,Missão Velha,CE,2018,7,0.0,inpe_bdq_legacy,climatology_municipal,0.14285714285714285,2018-07
2308708,Morada Nova,CE,2018,7,0.0,inpe_bdq_aqua_ref,climatology_municipal,0.0,2018-07
2309201,Nova Olinda,CE,2018,7,0.0,inpe_bdq_legacy,climatology_municipal,0.5,2018-07
2310605,Penaforte,CE,2018,7,0.0,inpe_bdq_legacy,climatology_municipal,0.0,2018-07
2311108,Porteiras,CE,2018,7,0.0,inpe_bdq_legacy,climatology_municipal,0.21428571428571427,2018-07
2311207,Potengi,CE,2018,7,0.0,inpe_bdq_legacy,climatology_municipal,0.14285714285714285,2018-07
2311306,Quixadá,CE,2018,7,0.0,inpe_bdq_aqua_ref,climatology_municipal,0.5,2018-07
2311405,Quixeramobim,CE,2018,7,0.0,inpe_bdq_aqua_ref,climatology_municipal,0.42857142857142855,2018-07
2311959,Salitre,CE,2018,7,0.0,inpe_bdq_legacy,climatology_municipal,0.0,2018-07
2312106,Santana do Cariri,CE,2018,7,0.0,inpe_bdq_legacy,climatology_municipal,0.2857142857142857,2018-07
2312908,Sobral,CE,2018,7,2.0,inpe_bdq_aqua_ref,climatology_municipal,0.7142857142857143,2018-07
2313302,Tauá,CE,2018,7,0.0,inpe_bdq_aqua_ref,climatology_municipal,0.2857142857142857,2018-07
2313401,Tianguá,CE,2018,7,0.0,inpe_bdq_aqua_ref,climatology_municipal,0.35714285714285715,2018-07
2300101,Abaiara,CE,2018,7,1.0,inpe_bdq_legacy,climatology_regional_intensity12,0.10668800051081033,2018-07
2300200,Acaraú,CE,2018,7,0.0,inpe_bdq_aqua_ref,climatology_regional_intensity12,1.1202240053635086,2018-07
2301307,Araripe,CE,2018,7,0.0,inpe_bdq_legacy,climatology_regional_intensity12,0.26672000127702583,2018-07
2301604,Assaré,CE,2018,7,0.0,inpe_bdq_legacy,climatology_regional_intensity12,0.053344000255405165,2018-07
2301901,Barbalha,CE,2018,7,0.0,inpe_bdq_aqua_ref,climatology_regional_intensity12,0.04978773357171149,2018-07
2302503,Brejo Santo,CE,2018,7,0.0,inpe_bdq_legacy,climatology_regional_intensity12,0.1600320007662155,2018-07
2302701,Campos Sales,CE,2018,7,0.0,inpe_bdq_aqua_ref,climatology_regional_intensity12,0.0,2018-07
2304103,Crateús,CE,2018,7,1.0,inpe_bdq_aqua_ref,climatology_regional_intensity12,0.4267520020432413,2018-07
2304202,Crato,CE,2018,7,0.0,inpe_bdq_legacy,climatology_regional_intensity12,0.0,2018-07
2304400,Fortaleza,CE,2018,7,0.0,inpe_bdq_aqua_ref,climatology_regional_intensity12,0.053344000255405165,2018-07
2305100,Guaramiranga,CE,2018,7,0.0,inpe_bdq_aqua_ref,climatology_regional_intensity12,0.0,2018-07
2305506,Iguatu,CE,2018,7,3.0,inpe_bdq_aqua_ref,climatology_regional_intensity12,0.5334400025540517,2018-07
2306405,Itapipoca,CE,2018,7,0.0,inpe_bdq_aqua_ref,climatology_regional_intensity12,0.640128003064862,2018-07
2306900,Jaguaribe,CE,2018,7,0.0,inpe_bdq_aqua_ref,climatology_regional_intensity12,0.10668800051081033,2018-07
2307007,Jaguaruana,CE,2018,7,0.0,inpe_bdq_aqua_ref,climatology_regional_intensity12,0.21337600102162066,2018-07
2307106,Jardim,CE,2018,7,0.0,inpe_bdq_legacy,climatology_regional_intensity12,0.0,2018-07
2307205,Jati,CE,2018,7,0.0,inpe_bdq_legacy,climatology_regional_intensity12,0.0,2018-07
2307304,Juazeiro do Norte,CE,2018,7,0.0,inpe_bdq_legacy,climatology_regional_intensity12,0.21337600102162066,2018-07
2308401,Missão Velha,CE,2018,7,0.0,inpe_bdq_legacy,climatology_regional_intensity12,0.10668800051081033,2018-07
2308708,Morada Nova,CE,2018,7,0.0,inpe_bdq_aqua_ref,climatology_regional_intensity12,0.0,2018-07
2309201,Nova Olinda,CE,2018,7,0.0,inpe_bdq_legacy,climatology_regional_intensity12,0.3734080017878362,2018-07
2310605,Penaforte,CE,2018,7,0.0,inpe_bdq_legacy,climatology_regional_intensity12,0.0,2018-07
2311108,Porteiras,CE,2018,7,0.0,inpe_bdq_legacy,climatology_regional_intensity12,0.1600320007662155,2018-07
2311207,Potengi,CE,2018,7,0.0,inpe_bdq_legacy,climatology_regional_intensity12,0.10668800051081033,2018-07
2311306,Quixadá,CE,2018,7,0.0,inpe_bdq_aqua_ref,climatology_regional_intensity12,0.3734080017878362,2018-07
2311405,Quixeramobim,CE,2018,7,0.0,inpe_bdq_aqua_ref,climatology_regional_intensity12,0.320064001532431,2018-07
2311959,Salitre,CE,2018,7,0.0,inpe_bdq_legacy,climatology_regional_intensity12,0.0,2018-07
2312106,Santana do Cariri,CE,2018,7,0.0,inpe_bdq_legacy,climatology_regional_intensity12,0.21337600102162066,2018-07
2312908,Sobral,CE,2018,7,2.0,inpe_bdq_aqua_ref,climatology_regional_intensity12,0.5334400025540517,2018-07
2313302,Tauá,CE,2018,7,0.0,inpe_bdq_aqua_ref,climatology_regional_intensity12,0.21337600102162066,2018-07
2313401,Tianguá,CE,2018,7,0.0,inpe_bdq_aqua_ref,climatology_regional_intensity12,0.26672000127702583,2018-07
2300101,Abaiara,CE,2018,8,0.0,inpe_bdq_legacy,climatology_municipal,0.21428571428571427,2018-08
2300200,Acaraú,CE,2018,8,5.0,inpe_bdq_aqua_ref,climatology_municipal,1.0,2018-08
2301307,Araripe,CE,2018,8,0.0,inpe_bdq_legacy,climatology_municipal,1.1333333333333333,2018-08
2301604,Assaré,CE,2018,8,1.0,inpe_bdq_legacy,climatology_municipal,0.9285714285714286,2018-08
2301901,Barbalha,CE,2018,8,1.0,inpe_bdq_aqua_ref,climatology_municipal,1.0,2018-08
2302503,Brejo Santo,CE,2018,8,0.0,inpe_bdq_legacy,climatology_municipal,0.21428571428571427,2018-08
2302701,Campos Sales,CE,2018,8,0.0,inpe_bdq_aqua_ref,climatology_municipal,0.21428571428571427,2018-08
2304103,Crateús,CE,2018,8,1.0,inpe_bdq_aqua_ref,climatology_municipal,2.4285714285714284,2018-08
2304202,Crato,CE,2018,8,1.0,inpe_bdq_legacy,climatology_municipal,1.6666666666666667,2018-08
2305100,Guaramiranga,CE,2018,8,0.0,inpe_bdq_aqua_ref,climatology_municipal,0.0,2018-08
2305506,Iguatu,CE,2018,8,2.0,inpe_bdq_aqua_ref,climatology_municipal,1.4285714285714286,2018-08
2306405,Itapipoca,CE,2018,8,2.0,inpe_bdq_aqua_ref,climatology_municipal,3.4285714285714284,2018-08
2306900,Jaguaribe,CE,2018,8,0.0,inpe_bdq_aqua_ref,climatology_municipal,0.6428571428571429,2018-08
2307007,Jaguaruana,CE,2018,8,5.0,inpe_bdq_aqua_ref,climatology_municipal,0.5,2018-08
2307106,Jardim,CE,2018,8,0.0,inpe_bdq_legacy,climatology_municipal,0.14285714285714285,2018-08
2307205,Jati,CE,2018,8,0.0,inpe_bdq_legacy,climatology_municipal,0.0,2018-08
2307304,Juazeiro do Norte,CE,2018,8,0.0,inpe_bdq_legacy,climatology_municipal,0.9230769230769231,2018-08
2308401,Missão Velha,CE,2018,8,0.0,inpe_bdq_legacy,climatology_municipal,0.5,2018-08
2308708,Morada Nova,CE,2018,8,5.0,inpe_bdq_aqua_ref,climatology_municipal,1.2142857142857142,2018-08
2309201,Nova Olinda,CE,2018,8,1.0,inpe_bdq_legacy,climatology_municipal,0.21428571428571427,2018-08
2310605,Penaforte,CE,2018,8,0.0,inpe_bdq_legacy,climatology_municipal,0.0,2018-08
2311108,Porteiras,CE,2018,8,0.0,inpe_bdq_legacy,climatology_municipal,0.0,2018-08
2311207,Potengi,CE,2018,8,0.0,inpe_bdq_legacy,climatology_municipal,0.0,2018-08
2311306,Quixadá,CE,2018,8,5.0,inpe_bdq_aqua_ref,climatology_municipal,0.7142857142857143,2018-08
2311405,Quixeramobim,CE,2018,8,4.0,inpe_bdq_aqua_ref,climatology_municipal,1.0,2018-08
2311959,Salitre,CE,2018,8,0.0,inpe_bdq_legacy,climatology_municipal,0.3333333333333333,2018-08
2312106,Santana do Cariri,CE,2018,8,0.0,inpe_bdq_legacy,climatology_municipal,0.8,2018-08
2312908,Sobral,CE,2018,8,2.0,inpe_bdq_aqua_ref,climatology_municipal,7.428571428571429,2018-08
2313302,Tauá,CE,2018,8,0.0,inpe_bdq_aqua_ref,climatology_municipal,0.35714285714285715,2018-08
2313401,Tianguá,CE,2018,8,0.0,inpe_bdq_aqua_ref,climatology_municipal,1.1428571428571428,2018-08
2300101,Abaiara,CE,2018,8,0.0,inpe_bdq_legacy,climatology_regional_intensity12,0.160231973638847,2018-08
2300200,Acaraú,CE,2018,8,5.0,inpe_bdq_aqua_ref,climatology_regional_intensity12,0.7477492103146194,2018-08
2301307,Araripe,CE,2018,8,0.0,inpe_bdq_legacy,climatology_regional_intensity12,0.8474491050232352,2018-08
2301604,Assaré,CE,2018,8,1.0,inpe_bdq_legacy,climatology_regional_intensity12,0.6943385524350038,2018-08
2301901,Barbalha,CE,2018,8,1.0,inpe_bdq_aqua_ref,climatology_regional_intensity12,0.7477492103146194,2018-08
2302503,Brejo Santo,CE,2018,8,0.0,inpe_bdq_legacy,climatology_regional_intensity12,0.160231973638847,2018-08
2302701,Campos Sales,CE,2018,8,0.0,inpe_bdq_aqua_ref,climatology_regional_intensity12,0.160231973638847,2018-08
2304103,Crateús,CE,2018,8,1.0,inpe_bdq_aqua_ref,climatology_regional_intensity12,1.8159623679069326,2018-08
2304202,Crato,CE,2018,8,1.0,inpe_bdq_legacy,climatology_regional_intensity12,1.246248683857699,2018-08
2305100,Guaramiranga,CE,2018,8,0.0,inpe_bdq_aqua_ref,climatology_regional_intensity12,0.0,2018-08
2305506,Iguatu,CE,2018,8,2.0,inpe_bdq_aqua_ref,climatology_regional_intensity12,1.0682131575923135,2018-08
2306405,Itapipoca,CE,2018,8,2.0,inpe_bdq_aqua_ref,climatology_regional_intensity12,2.563711578221552,2018-08
2306900,Jaguaribe,CE,2018,8,0.0,inpe_bdq_aqua_ref,climatology_regional_intensity12,0.48069592091654106,2018-08
2307007,Jaguaruana,CE,2018,8,5.0,inpe_bdq_aqua_ref,climatology_regional_intensity12,0.3738746051573097,2018-08
2307106,Jardim,CE,2018,8,0.0,inpe_bdq_legacy,climatology_regional_intensity12,0.10682131575923133,2018-08
2307205,Jati,CE,2018,8,0.0,inpe_bdq_legacy,climatology_regional_intensity12,0.0,2018-08
2307304,Juazeiro do Norte,CE,2018,8,0.0,inpe_bdq_legacy,climatology_regional_intensity12,0.6902300402904179,2018-08
2308401,Missão Velha,CE,2018,8,0.0,inpe_bdq_legacy,climatology_regional_intensity12,0.3738746051573097,2018-08
2308708,Morada Nova,CE,2018,8,5.0,inpe_bdq_aqua_ref,climatology_regional_intensity12,0.9079811839534663,2018-08
2309201,Nova Olinda,CE,2018,8,1.0,inpe_bdq_legacy,climatology_regional_intensity12,0.160231973638847,2018-08
2310605,Penaforte,CE,2018,8,0.0,inpe_bdq_legacy,climatology_regional_intensity12,0.0,2018-08
2311108,Porteiras,CE,2018,8,0.0,inpe_bdq_legacy,climatology_regional_intensity12,0.0,2018-08
2311207,Potengi,CE,2018,8,0.0,inpe_bdq_legacy,climatology_regional_intensity12,0.0,2018-08
2311306,Quixadá,CE,2018,8,5.0,inpe_bdq_aqua_ref,climatology_regional_intensity12,0.5341065787961568,2018-08
2311405,Quixeramobim,CE,2018,8,4.0,inpe_bdq_aqua_ref,climatology_regional_intensity12,0.7477492103146194,2018-08
2311959,Salitre,CE,2018,8,0.0,inpe_bdq_legacy,climatology_regional_intensity12,0.24924973677153978,2018-08
2312106,Santana do Cariri,CE,2018,8,0.0,inpe_bdq_legacy,climatology_regional_intensity12,0.5981993682516955,2018-08
2312908,Sobral,CE,2018,8,2.0,inpe_bdq_aqua_ref,climatology_regional_intensity12,5.55470841948003,2018-08
2313302,Tauá,CE,2018,8,0.0,inpe_bdq_aqua_ref,climatology_regional_intensity12,0.2670532893980784,2018-08
2313401,Tianguá,CE,2018,8,0.0,inpe_bdq_aqua_ref,climatology_regional_intensity12,0.8545705260738506,2018-08
2300101,Abaiara,CE,2018,9,0.0,inpe_bdq_legacy,climatology_municipal,0.35714285714285715,2018-09
2300200,Acaraú,CE,2018,9,2.0,inpe_bdq_aqua_ref,climatology_municipal,2.0714285714285716,2018-09
2301307,Araripe,CE,2018,9,8.0,inpe_bdq_legacy,climatology_municipal,7.333333333333333,2018-09
2301604,Assaré,CE,2018,9,0.0,inpe_bdq_legacy,climatology_municipal,1.3333333333333333,2018-09
2301901,Barbalha,CE,2018,9,5.0,inpe_bdq_aqua_ref,climatology_municipal,2.466666666666667,2018-09
2302503,Brejo Santo,CE,2018,9,3.0,inpe_bdq_legacy,climatology_municipal,1.2,2018-09
2302701,Campos Sales,CE,2018,9,0.0,inpe_bdq_aqua_ref,climatology_municipal,1.5333333333333334,2018-09
2304103,Crateús,CE,2018,9,2.0,inpe_bdq_aqua_ref,climatology_municipal,3.2142857142857144,2018-09
2304202,Crato,CE,2018,9,4.0,inpe_bdq_legacy,climatology_municipal,3.8,2018-09
2305100,Guaramiranga,CE,2018,9,0.0,inpe_bdq_aqua_ref,climatology_municipal,0.0,2018-09
2305506,Iguatu,CE,2018,9,7.0,inpe_bdq_aqua_ref,climatology_municipal,3.7857142857142856,2018-09
2306405,Itapipoca,CE,2018,9,8.0,inpe_bdq_aqua_ref,climatology_municipal,3.4285714285714284,2018-09
2306900,Jaguaribe,CE,2018,9,7.0,inpe_bdq_aqua_ref,climatology_municipal,0.5714285714285714,2018-09
2307007,Jaguaruana,CE,2018,9,0.0,inpe_bdq_aqua_ref,climatology_municipal,0.8,2018-09
2307106,Jardim,CE,2018,9,0.0,inpe_bdq_legacy,climatology_municipal,1.7142857142857142,2018-09
2307205,Jati,CE,2018,9,2.0,inpe_bdq_legacy,climatology_municipal,0.5333333333333333,2018-09
2307304,Juazeiro do Norte,CE,2018,9,1.0,inpe_bdq_legacy,climatology_municipal,0.9230769230769231,2018-09
2308401,Missão Velha,CE,2018,9,2.0,inpe_bdq_legacy,climatology_municipal,2.933333333333333,2018-09
2308708,Morada Nova,CE,2018,9,0.0,inpe_bdq_aqua_ref,climatology_municipal,1.3571428571428572,2018-09
2309201,Nova Olinda,CE,2018,9,0.0,inpe_bdq_legacy,climatology_municipal,0.8571428571428571,2018-09
2310605,Penaforte,CE,2018,9,0.0,inpe_bdq_legacy,climatology_municipal,0.0,2018-09
2311108,Porteiras,CE,2018,9,1.0,inpe_bdq_legacy,climatology_municipal,1.1666666666666667,2018-09
2311207,Potengi,CE,2018,9,0.0,inpe_bdq_legacy,climatology_municipal,1.2666666666666666,2018-09
2311306,Quixadá,CE,2018,9,1.0,inpe_bdq_aqua_ref,climatology_municipal,3.5,2018-09
2311405,Quixeramobim,CE,2018,9,5.0,inpe_bdq_aqua_ref,climatology_municipal,3.0,2018-09
2311959,Salitre,CE,2018,9,0.0,inpe_bdq_legacy,climatology_municipal,1.6666666666666667,2018-09
2312106,Santana do Cariri,CE,2018,9,1.0,inpe_bdq_legacy,climatology_municipal,3.8,2018-09
2312908,Sobral,CE,2018,9,16.0,inpe_bdq_aqua_ref,climatology_municipal,9.857142857142858,2018-09
2313302,Tauá,CE,2018,9,2.0,inpe_bdq_aqua_ref,climatology_municipal,2.357142857142857,2018-09
2313401,Tianguá,CE,2018,9,0.0,inpe_bdq_aqua_ref,climatology_municipal,1.2142857142857142,2018-09
2300101,Abaiara,CE,2018,9,0.0,inpe_bdq_legacy,climatology_regional_intensity12,0.2671438040228038,2018-09
2300200,Acaraú,CE,2018,9,2.0,inpe_bdq_aqua_ref,climatology_regional_intensity12,1.549434063332262,2018-09
2301307,Araripe,CE,2018,9,8.0,inpe_bdq_legacy,climatology_regional_intensity12,5.485352775934904,2018-09
2301604,Assaré,CE,2018,9,0.0,inpe_bdq_legacy,climatology_regional_intensity12,0.9973368683518007,2018-09
2301901,Barbalha,CE,2018,9,5.0,inpe_bdq_aqua_ref,climatology_regional_intensity12,1.8450732064508315,2018-09
2302503,Brejo Santo,CE,2018,9,3.0,inpe_bdq_legacy,climatology_regional_intensity12,0.8976031815166207,2018-09
2302701,Campos Sales,CE,2018,9,0.0,inpe_bdq_aqua_ref,climatology_regional_intensity12,1.146937398604571,2018-09
2304103,Crateús,CE,2018,9,2.0,inpe_bdq_aqua_ref,climatology_regional_intensity12,2.404294236205234,2018-09
2304202,Crato,CE,2018,9,4.0,inpe_bdq_legacy,climatology_regional_intensity12,2.842410074802632,2018-09
2305100,Guaramiranga,CE,2018,9,0.0,inpe_bdq_aqua_ref,climatology_regional_intensity12,0.0,2018-09
2305506,Iguatu,CE,2018,9,7.0,inpe_bdq_aqua_ref,climatology_regional_intensity12,2.83172432264172,2018-09
2306405,Itapipoca,CE,2018,9,8.0,inpe_bdq_aqua_ref,climatology_regional_intensity12,2.564580518618916,2018-09
2306900,Jaguaribe,CE,2018,9,7.0,inpe_bdq_aqua_ref,climatology_regional_intensity12,0.427430086436486,2018-09
2307007,Jaguaruana,CE,2018,9,0.0,inpe_bdq_aqua_ref,climatology_regional_intensity12,0.5984021210110805,2018-09
2307106,Jardim,CE,2018,9,0.0,inpe_bdq_legacy,climatology_regional_intensity12,1.282290259309458,2018-09
2307205,Jati,CE,2018,9,2.0,inpe_bdq_legacy,climatology_regional_intensity12,0.3989347473407203,2018-09
2307304,Juazeiro do Norte,CE,2018,9,1.0,inpe_bdq_legacy,climatology_regional_intensity12,0.690463985782016,2018-09
2308401,Missão Velha,CE,2018,9,2.0,inpe_bdq_legacy,climatology_regional_intensity12,2.1941411103739616,2018-09
2308708,Morada Nova,CE,2018,9,0.0,inpe_bdq_aqua_ref,climatology_regional_intensity12,1.0151464552866545,2018-09
2309201,Nova Olinda,CE,2018,9,0.0,inpe_bdq_legacy,climatology_regional_intensity12,0.641145129654729,2018-09
2310605,Penaforte,CE,2018,9,0.0,inpe_bdq_legacy,climatology_regional_intensity12,0.0,2018-09
2311108,Porteiras,CE,2018,9,1.0,inpe_bdq_legacy,climatology_regional_intensity12,0.8726697598078257,2018-09
2311207,Potengi,CE,2018,9,0.0,inpe_bdq_legacy,climatology_regional_intensity12,0.9474700249342107,2018-09
2311306,Quixadá,CE,2018,9,1.0,inpe_bdq_aqua_ref,climatology_regional_intensity12,2.618009279423477,2018-09
2311405,Quixeramobim,CE,2018,9,5.0,inpe_bdq_aqua_ref,climatology_regional_intensity12,2.244007953791552,2018-09
2311959,Salitre,CE,2018,9,0.0,inpe_bdq_legacy,climatology_regional_intensity12,1.246671085439751,2018-09
2312106,Santana do Cariri,CE,2018,9,1.0,inpe_bdq_legacy,climatology_regional_intensity12,2.842410074802632,2018-09
2312908,Sobral,CE,2018,9,16.0,inpe_bdq_aqua_ref,climatology_regional_intensity12,7.3731689910293845,2018-09
2313302,Tauá,CE,2018,9,2.0,inpe_bdq_aqua_ref,climatology_regional_intensity12,1.763149106550505,2018-09
2313401,Tianguá,CE,2018,9,0.0,inpe_bdq_aqua_ref,climatology_regional_intensity12,0.9082889336775327,2018-09
2300101,Abaiara,CE,2018,10,0.0,inpe_bdq_legacy,climatology_municipal,0.7333333333333333,2018-10
2300200,Acaraú,CE,2018,10,0.0,inpe_bdq_aqua_ref,climatology_municipal,2.0714285714285716,2018-10
2301307,Araripe,CE,2018,10,8.0,inpe_bdq_legacy,climatology_municipal,12.733333333333333,2018-10
2301604,Assaré,CE,2018,10,2.0,inpe_bdq_legacy,climatology_municipal,3.3333333333333335,2018-10
2301901,Barbalha,CE,2018,10,5.0,inpe_bdq_aqua_ref,climatology_municipal,2.466666666666667,2018-10
2302503,Brejo Santo,CE,2018,10,1.0,inpe_bdq_legacy,climatology_municipal,3.2,2018-10
2302701,Campos Sales,CE,2018,10,1.0,inpe_bdq_aqua_ref,climatology_municipal,2.933333333333333,2018-10
2304103,Crateús,CE,2018,10,28.0,inpe_bdq_aqua_ref,climatology_municipal,45.42857142857143,2018-10
2304202,Crato,CE,2018,10,6.0,inpe_bdq_legacy,climatology_municipal,9.466666666666667,2018-10
2305100,Guaramiranga,CE,2018,10,0.0,inpe_bdq_aqua_ref,climatology_municipal,0.08333333333333333,2018-10
2305506,Iguatu,CE,2018,10,0.0,inpe_bdq_aqua_ref,climatology_municipal,3.5,2018-10
2306405,Itapipoca,CE,2018,10,7.0,inpe_bdq_aqua_ref,climatology_municipal,2.7142857142857144,2018-10
2306900,Jaguaribe,CE,2018,10,2.0,inpe_bdq_aqua_ref,climatology_municipal,1.8571428571428572,2018-10
2307007,Jaguaruana,CE,2018,10,0.0,inpe_bdq_aqua_ref,climatology_municipal,0.9,2018-10
2307106,Jardim,CE,2018,10,3.0,inpe_bdq_legacy,climatology_municipal,2.466666666666667,2018-10
2307205,Jati,CE,2018,10,0.0,inpe_bdq_legacy,climatology_municipal,3.0,2018-10
2307304,Juazeiro do Norte,CE,2018,10,2.0,inpe_bdq_legacy,climatology_municipal,2.6923076923076925,2018-10
2308401,Missão Velha,CE,2018,10,8.0,inpe_bdq_legacy,climatology_municipal,5.133333333333334,2018-10
2308708,Morada Nova,CE,2018,10,1.0,inpe_bdq_aqua_ref,climatology_municipal,5.285714285714286,2018-10
2309201,Nova Olinda,CE,2018,10,0.0,inpe_bdq_legacy,climatology_municipal,1.0,2018-10
2310605,Penaforte,CE,2018,10,0.0,inpe_bdq_legacy,climatology_municipal,0.21428571428571427,2018-10
2311108,Porteiras,CE,2018,10,0.0,inpe_bdq_legacy,climatology_municipal,1.0,2018-10
2311207,Potengi,CE,2018,10,4.0,inpe_bdq_legacy,climatology_municipal,1.5333333333333334,2018-10
2311306,Quixadá,CE,2018,10,13.0,inpe_bdq_aqua_ref,climatology_municipal,19.928571428571427,2018-10
2311405,Quixeramobim,CE,2018,10,5.0,inpe_bdq_aqua_ref,climatology_municipal,40.357142857142854,2018-10
2311959,Salitre,CE,2018,10,4.0,inpe_bdq_legacy,climatology_municipal,4.333333333333333,2018-10
2312106,Santana do Cariri,CE,2018,10,5.0,inpe_bdq_legacy,climatology_municipal,7.2,2018-10
2312908,Sobral,CE,2018,10,6.0,inpe_bdq_aqua_ref,climatology_municipal,17.142857142857142,2018-10
2313302,Tauá,CE,2018,10,2.0,inpe_bdq_aqua_ref,climatology_municipal,8.642857142857142,2018-10
2313401,Tianguá,CE,2018,10,1.0,inpe_bdq_aqua_ref,climatology_municipal,3.2142857142857144,2018-10
2300101,Abaiara,CE,2018,10,0.0,inpe_bdq_legacy,climatology_regional_intensity12,0.5523507933857463,2018-10
2300200,Acaraú,CE,2018,10,0.0,inpe_bdq_aqua_ref,climatology_regional_intensity12,1.5602116566415565,2018-10
2301307,Araripe,CE,2018,10,8.0,inpe_bdq_legacy,climatology_regional_intensity12,9.59081832151614,2018-10
2301604,Assaré,CE,2018,10,2.0,inpe_bdq_legacy,climatology_regional_intensity12,2.5106854244806653,2018-10
2301901,Barbalha,CE,2018,10,5.0,inpe_bdq_aqua_ref,climatology_regional_intensity12,1.8579072141156925,2018-10
2302503,Brejo Santo,CE,2018,10,1.0,inpe_bdq_legacy,climatology_regional_intensity12,2.410258007501439,2018-10
2302701,Campos Sales,CE,2018,10,1.0,inpe_bdq_aqua_ref,climatology_regional_intensity12,2.2094031735429853,2018-10
2304103,Crateús,CE,2018,10,28.0,inpe_bdq_aqua_ref,climatology_regional_intensity12,34.217055642207924,2018-10
2304202,Crato,CE,2018,10,6.0,inpe_bdq_legacy,climatology_regional_intensity12,7.13034660552509,2018-10
2305100,Guaramiranga,CE,2018,10,0.0,inpe_bdq_aqua_ref,climatology_regional_intensity12,0.06276713561201663,2018-10
2305506,Iguatu,CE,2018,10,0.0,inpe_bdq_aqua_ref,climatology_regional_intensity12,2.636219695704699,2018-10
2306405,Itapipoca,CE,2018,10,7.0,inpe_bdq_aqua_ref,climatology_regional_intensity12,2.0444152742199706,2018-10
2306900,Jaguaribe,CE,2018,10,2.0,inpe_bdq_aqua_ref,climatology_regional_intensity12,1.398810450782085,2018-10
2307007,Jaguaruana,CE,2018,10,0.0,inpe_bdq_aqua_ref,climatology_regional_intensity12,0.6778850646097797,2018-10
2307106,Jardim,CE,2018,10,3.0,inpe_bdq_legacy,climatology_regional_intensity12,1.8579072141156925,2018-10
2307205,Jati,CE,2018,10,0.0,inpe_bdq_legacy,climatology_regional_intensity12,2.259616882032599,2018-10
2307304,Juazeiro do Norte,CE,2018,10,2.0,inpe_bdq_legacy,climatology_regional_intensity12,2.02786130438823,2018-10
2308401,Missão Velha,CE,2018,10,8.0,inpe_bdq_legacy,climatology_regional_intensity12,3.866455553700225,2018-10
2308708,Morada Nova,CE,2018,10,1.0,inpe_bdq_aqua_ref,climatology_regional_intensity12,3.981229744533626,2018-10
2309201,Nova Olinda,CE,2018,10,0.0,inpe_bdq_legacy,climatology_regional_intensity12,0.7532056273441996,2018-10
2310605,Penaforte,CE,2018,10,0.0,inpe_bdq_legacy,climatology_regional_intensity12,0.16140120585947135,2018-10
2311108,Porteiras,CE,2018,10,0.0,inpe_bdq_legacy,climatology_regional_intensity12,0.7532056273441996,2018-10
2311207,Potengi,CE,2018,10,4.0,inpe_bdq_legacy,climatology_regional_intensity12,1.1549152952611061,2018-10
2311306,Quixadá,CE,2018,10,13.0,inpe_bdq_aqua_ref,climatology_regional_intensity12,15.010312144930834,2018-10
2311405,Quixeramobim,CE,2018,10,5.0,inpe_bdq_aqua_ref,climatology_regional_intensity12,30.39722710353377,2018-10
2311959,Salitre,CE,2018,10,4.0,inpe_bdq_legacy,climatology_regional_intensity12,3.2638910518248645,2018-10
2312106,Santana do Cariri,CE,2018,10,5.0,inpe_bdq_legacy,climatology_regional_intensity12,5.423080516878238,2018-10
2312908,Sobral,CE,2018,10,6.0,inpe_bdq_aqua_ref,climatology_regional_intensity12,12.912096468757706,2018-10
2313302,Tauá,CE,2018,10,2.0,inpe_bdq_aqua_ref,climatology_regional_intensity12,6.50984863633201,2018-10
2313401,Tianguá,CE,2018,10,1.0,inpe_bdq_aqua_ref,climatology_regional_intensity12,2.42101808789207,2018-10
2300101,Abaiara,CE,2018,11,2.0,inpe_bdq_legacy,climatology_municipal,3.066666666666667,2018-11
2300200,Acaraú,CE,2018,11,0.0,inpe_bdq_aqua_ref,climatology_municipal,9.928571428571429,2018-11
2301307,Araripe,CE,2018,11,7.0,inpe_bdq_legacy,climatology_municipal,14.666666666666666,2018-11
2301604,Assaré,CE,2018,11,0.0,inpe_bdq_legacy,climatology_municipal,5.6,2018-11
2301901,Barbalha,CE,2018,11,0.0,inpe_bdq_aqua_ref,climatology_municipal,5.533333333333333,2018-11
2302503,Brejo Santo,CE,2018,11,0.0,inpe_bdq_legacy,climatology_municipal,5.733333333333333,2018-11
2302701,Campos Sales,CE,2018,11,1.0,inpe_bdq_aqua_ref,climatology_municipal,3.3333333333333335,2018-11
2304103,Crateús,CE,2018,11,42.0,inpe_bdq_aqua_ref,climatology_municipal,62.642857142857146,2018-11
2304202,Crato,CE,2018,11,8.0,inpe_bdq_legacy,climatology_municipal,10.733333333333333,2018-11
2305100,Guaramiranga,CE,2018,11,0.0,inpe_bdq_aqua_ref,climatology_municipal,0.5833333333333334,2018-11
2305506,Iguatu,CE,2018,11,8.0,inpe_bdq_aqua_ref,climatology_municipal,7.571428571428571,2018-11
2306405,Itapipoca,CE,2018,11,9.0,inpe_bdq_aqua_ref,climatology_municipal,24.571428571428573,2018-11
2306900,Jaguaribe,CE,2018,11,1.0,inpe_bdq_aqua_ref,climatology_municipal,4.071428571428571,2018-11
2307007,Jaguaruana,CE,2018,11,0.0,inpe_bdq_aqua_ref,climatology_municipal,0.5,2018-11
2307106,Jardim,CE,2018,11,0.0,inpe_bdq_legacy,climatology_municipal,3.8,2018-11
2307205,Jati,CE,2018,11,1.0,inpe_bdq_legacy,climatology_municipal,2.8,2018-11
2307304,Juazeiro do Norte,CE,2018,11,0.0,inpe_bdq_legacy,climatology_municipal,4.230769230769231,2018-11
2308401,Missão Velha,CE,2018,11,4.0,inpe_bdq_legacy,climatology_municipal,11.266666666666667,2018-11
2308708,Morada Nova,CE,2018,11,0.0,inpe_bdq_aqua_ref,climatology_municipal,5.285714285714286,2018-11
2309201,Nova Olinda,CE,2018,11,1.0,inpe_bdq_legacy,climatology_municipal,4.333333333333333,2018-11
2310605,Penaforte,CE,2018,11,0.0,inpe_bdq_legacy,climatology_municipal,0.3333333333333333,2018-11
2311108,Porteiras,CE,2018,11,1.0,inpe_bdq_legacy,climatology_municipal,2.0,2018-11
2311207,Potengi,CE,2018,11,0.0,inpe_bdq_legacy,climatology_municipal,3.1333333333333333,2018-11
2311306,Quixadá,CE,2018,11,13.0,inpe_bdq_aqua_ref,climatology_municipal,26.571428571428573,2018-11
2311405,Quixeramobim,CE,2018,11,14.0,inpe_bdq_aqua_ref,climatology_municipal,58.0,2018-11
2311959,Salitre,CE,2018,11,1.0,inpe_bdq_legacy,climatology_municipal,10.0,2018-11
2312106,Santana do Cariri,CE,2018,11,3.0,inpe_bdq_legacy,climatology_municipal,13.933333333333334,2018-11
2312908,Sobral,CE,2018,11,7.0,inpe_bdq_aqua_ref,climatology_municipal,36.07142857142857,2018-11
2313302,Tauá,CE,2018,11,3.0,inpe_bdq_aqua_ref,climatology_municipal,16.642857142857142,2018-11
2313401,Tianguá,CE,2018,11,4.0,inpe_bdq_aqua_ref,climatology_municipal,10.785714285714286,2018-11
2300101,Abaiara,CE,2018,11,2.0,inpe_bdq_legacy,climatology_regional_intensity12,2.0872715639687116,2018-11
2300200,Acaraú,CE,2018,11,0.0,inpe_bdq_aqua_ref,climatology_regional_intensity12,6.757703743594354,2018-11
2301307,Araripe,CE,2018,11,7.0,inpe_bdq_legacy,climatology_regional_intensity12,9.982603132024273,2018-11
2301604,Assaré,CE,2018,11,0.0,inpe_bdq_legacy,climatology_regional_intensity12,3.811539377681995,2018-11
2301901,Barbalha,CE,2018,11,0.0,inpe_bdq_aqua_ref,climatology_regional_intensity12,3.7661639089000665,2018-11
2302503,Brejo Santo,CE,2018,11,0.0,inpe_bdq_legacy,climatology_regional_intensity12,3.9022903152458523,2018-11
2302701,Campos Sales,CE,2018,11,1.0,inpe_bdq_aqua_ref,climatology_regional_intensity12,2.268773439096426,2018-11
2304103,Crateús,CE,2018,11,42.0,inpe_bdq_aqua_ref,climatology_regional_intensity12,42.63673513044783,2018-11
2304202,Crato,CE,2018,11,8.0,inpe_bdq_legacy,climatology_regional_intensity12,7.30545047389049,2018-11
2305100,Guaramiranga,CE,2018,11,0.0,inpe_bdq_aqua_ref,climatology_regional_intensity12,0.39703535184187455,2018-11
2305506,Iguatu,CE,2018,11,8.0,inpe_bdq_aqua_ref,climatology_regional_intensity12,5.153356811661881,2018-11
2306405,Itapipoca,CE,2018,11,9.0,inpe_bdq_aqua_ref,climatology_regional_intensity12,16.724101351053655,2018-11
2306900,Jaguaribe,CE,2018,11,1.0,inpe_bdq_aqua_ref,climatology_regional_intensity12,2.771144700610634,2018-11
2307007,Jaguaruana,CE,2018,11,0.0,inpe_bdq_aqua_ref,climatology_regional_intensity12,0.34031601586446386,2018-11
2307106,Jardim,CE,2018,11,0.0,inpe_bdq_legacy,climatology_regional_intensity12,2.586401720569925,2018-11
2307205,Jati,CE,2018,11,1.0,inpe_bdq_legacy,climatology_regional_intensity12,1.9057696888409974,2018-11
2307304,Juazeiro do Norte,CE,2018,11,0.0,inpe_bdq_legacy,climatology_regional_intensity12,2.8795970573146943,2018-11
2308401,Missão Velha,CE,2018,11,4.0,inpe_bdq_legacy,climatology_regional_intensity12,7.668454224145919,2018-11
2308708,Morada Nova,CE,2018,11,0.0,inpe_bdq_aqua_ref,climatology_regional_intensity12,3.5976264534243323,2018-11
2309201,Nova Olinda,CE,2018,11,1.0,inpe_bdq_legacy,climatology_regional_intensity12,2.9494054708253534,2018-11
2310605,Penaforte,CE,2018,11,0.0,inpe_bdq_legacy,climatology_regional_intensity12,0.22687734390964256,2018-11
2311108,Porteiras,CE,2018,11,1.0,inpe_bdq_legacy,climatology_regional_intensity12,1.3612640634578554,2018-11
2311207,Potengi,CE,2018,11,0.0,inpe_bdq_legacy,climatology_regional_intensity12,2.1326470327506404,2018-11
2311306,Quixadá,CE,2018,11,13.0,inpe_bdq_aqua_ref,climatology_regional_intensity12,18.08536541451151,2018-11
2311405,Quixeramobim,CE,2018,11,14.0,inpe_bdq_aqua_ref,climatology_regional_intensity12,39.47665784027781,2018-11
2311959,Salitre,CE,2018,11,1.0,inpe_bdq_legacy,climatology_regional_intensity12,6.806320317289277,2018-11
2312106,Santana do Cariri,CE,2018,11,3.0,inpe_bdq_legacy,climatology_regional_intensity12,9.48347297542306,2018-11
2312908,Sobral,CE,2018,11,7.0,inpe_bdq_aqua_ref,climatology_regional_intensity12,24.55136971593632,2018-11
2313302,Tauá,CE,2018,11,3.0,inpe_bdq_aqua_ref,climatology_regional_intensity12,11.327661670917154,2018-11
2313401,Tianguá,CE,2018,11,4.0,inpe_bdq_aqua_ref,climatology_regional_intensity12,7.341102627933435,2018-11
2300101,Abaiara,CE,2018,12,1.0,inpe_bdq_legacy,climatology_municipal,2.2666666666666666,2018-12
2300200,Acaraú,CE,2018,12,12.0,inpe_bdq_aqua_ref,climatology_municipal,41.785714285714285,2018-12
2301307,Araripe,CE,2018,12,5.0,inpe_bdq_legacy,climatology_municipal,6.666666666666667,2018-12
2301604,Assaré,CE,2018,12,5.0,inpe_bdq_legacy,climatology_municipal,5.2,2018-12
2301901,Barbalha,CE,2018,12,0.0,inpe_bdq_aqua_ref,climatology_municipal,2.2,2018-12
2302503,Brejo Santo,CE,2018,12,0.0,inpe_bdq_legacy,climatology_municipal,2.466666666666667,2018-12
2302701,Campos Sales,CE,2018,12,0.0,inpe_bdq_aqua_ref,climatology_municipal,1.4666666666666666,2018-12
2304103,Crateús,CE,2018,12,9.0,inpe_bdq_aqua_ref,climatology_municipal,30.5,2018-12
2304202,Crato,CE,2018,12,5.0,inpe_bdq_legacy,climatology_municipal,6.6,2018-12
2305100,Guaramiranga,CE,2018,12,0.0,inpe_bdq_aqua_ref,climatology_municipal,0.08333333333333333,2018-12
2305506,Iguatu,CE,2018,12,0.0,inpe_bdq_aqua_ref,climatology_municipal,4.5,2018-12
2306405,Itapipoca,CE,2018,12,25.0,inpe_bdq_aqua_ref,climatology_municipal,73.71428571428571,2018-12
2306900,Jaguaribe,CE,2018,12,0.0,inpe_bdq_aqua_ref,climatology_municipal,2.357142857142857,2018-12
2307007,Jaguaruana,CE,2018,12,1.0,inpe_bdq_aqua_ref,climatology_municipal,0.8,2018-12
2307106,Jardim,CE,2018,12,0.0,inpe_bdq_legacy,climatology_municipal,4.0,2018-12
2307205,Jati,CE,2018,12,0.0,inpe_bdq_legacy,climatology_municipal,0.7333333333333333,2018-12
2307304,Juazeiro do Norte,CE,2018,12,0.0,inpe_bdq_legacy,climatology_municipal,1.1538461538461537,2018-12
2308401,Missão Velha,CE,2018,12,0.0,inpe_bdq_legacy,climatology_municipal,7.933333333333334,2018-12
2308708,Morada Nova,CE,2018,12,2.0,inpe_bdq_aqua_ref,climatology_municipal,5.714285714285714,2018-12
2309201,Nova Olinda,CE,2018,12,0.0,inpe_bdq_legacy,climatology_municipal,3.466666666666667,2018-12
2310605,Penaforte,CE,2018,12,0.0,inpe_bdq_legacy,climatology_municipal,0.4,2018-12
2311108,Porteiras,CE,2018,12,0.0,inpe_bdq_legacy,climatology_municipal,2.0,2018-12
2311207,Potengi,CE,2018,12,1.0,inpe_bdq_legacy,climatology_municipal,1.6,2018-12
2311306,Quixadá,CE,2018,12,4.0,inpe_bdq_aqua_ref,climatology_municipal,13.785714285714286,2018-12
2311405,Quixeramobim,CE,2018,12,10.0,inpe_bdq_aqua_ref,climatology_municipal,35.357142857142854,2018-12
2311959,Salitre,CE,2018,12,0.0,inpe_bdq_legacy,climatology_municipal,4.2,2018-12
2312106,Santana do Cariri,CE,2018,12,0.0,inpe_bdq_legacy,climatology_municipal,11.866666666666667,2018-12
2312908,Sobral,CE,2018,12,7.0,inpe_bdq_aqua_ref,climatology_municipal,21.571428571428573,2018-12
2313302,Tauá,CE,2018,12,2.0,inpe_bdq_aqua_ref,climatology_municipal,9.857142857142858,2018-12
2313401,Tianguá,CE,2018,12,19.0,inpe_bdq_aqua_ref,climatology_municipal,13.5,2018-12
2300101,Abaiara,CE,2018,12,1.0,inpe_bdq_legacy,climatology_regional_intensity12,1.4636410356108915,2018-12
2300200,Acaraú,CE,2018,12,12.0,inpe_bdq_aqua_ref,climatology_regional_intensity12,26.982037998919274,2018-12
2301307,Araripe,CE,2018,12,5.0,inpe_bdq_legacy,climatology_regional_intensity12,4.304826575326152,2018-12
2301604,Assaré,CE,2018,12,5.0,inpe_bdq_legacy,climatology_regional_intensity12,3.3577647287543986,2018-12
2301901,Barbalha,CE,2018,12,0.0,inpe_bdq_aqua_ref,climatology_regional_intensity12,1.4205927698576304,2018-12
2302503,Brejo Santo,CE,2018,12,0.0,inpe_bdq_legacy,climatology_regional_intensity12,1.5927858328706763,2018-12
2302701,Campos Sales,CE,2018,12,0.0,inpe_bdq_aqua_ref,climatology_regional_intensity12,0.9470618465717534,2018-12
2304103,Crateús,CE,2018,12,9.0,inpe_bdq_aqua_ref,climatology_regional_intensity12,19.694581582117145,2018-12
2304202,Crato,CE,2018,12,5.0,inpe_bdq_legacy,climatology_regional_intensity12,4.2617783095728905,2018-12
2305100,Guaramiranga,CE,2018,12,0.0,inpe_bdq_aqua_ref,climatology_regional_intensity12,0.053810332191576896,2018-12
2305506,Iguatu,CE,2018,12,0.0,inpe_bdq_aqua_ref,climatology_regional_intensity12,2.9057579383451526,2018-12
2306405,Itapipoca,CE,2018,12,25.0,inpe_bdq_aqua_ref,climatology_regional_intensity12,47.59908241860631,2018-12
2306900,Jaguaribe,CE,2018,12,0.0,inpe_bdq_aqua_ref,climatology_regional_intensity12,1.5220636819903182,2018-12
2307007,Jaguaruana,CE,2018,12,1.0,inpe_bdq_aqua_ref,climatology_regional_intensity12,0.5165791890391382,2018-12
2307106,Jardim,CE,2018,12,0.0,inpe_bdq_legacy,climatology_regional_intensity12,2.582895945195691,2018-12
2307205,Jati,CE,2018,12,0.0,inpe_bdq_legacy,climatology_regional_intensity12,0.4735309232858767,2018-12
2307304,Juazeiro do Norte,CE,2018,12,0.0,inpe_bdq_legacy,climatology_regional_intensity12,0.7450661380372186,2018-12
2308401,Missão Velha,CE,2018,12,0.0,inpe_bdq_legacy,climatology_regional_intensity12,5.1227436246381215,2018-12
2308708,Morada Nova,CE,2018,12,2.0,inpe_bdq_aqua_ref,climatology_regional_intensity12,3.689851350279559,2018-12
2309201,Nova Olinda,CE,2018,12,0.0,inpe_bdq_legacy,climatology_regional_intensity12,2.2385098191695993,2018-12
2310605,Penaforte,CE,2018,12,0.0,inpe_bdq_legacy,climatology_regional_intensity12,0.2582895945195691,2018-12
2311108,Porteiras,CE,2018,12,0.0,inpe_bdq_legacy,climatology_regional_intensity12,1.2914479725978456,2018-12
2311207,Potengi,CE,2018,12,1.0,inpe_bdq_legacy,climatology_regional_intensity12,1.0331583780782765,2018-12
2311306,Quixadá,CE,2018,12,4.0,inpe_bdq_aqua_ref,climatology_regional_intensity12,8.901766382549436,2018-12
2311405,Quixeramobim,CE,2018,12,10.0,inpe_bdq_aqua_ref,climatology_regional_intensity12,22.83095522985477,2018-12
2311959,Salitre,CE,2018,12,0.0,inpe_bdq_legacy,climatology_regional_intensity12,2.7120407424554758,2018-12
2312106,Santana do Cariri,CE,2018,12,0.0,inpe_bdq_legacy,climatology_regional_intensity12,7.662591304080551,2018-12
2312908,Sobral,CE,2018,12,7.0,inpe_bdq_aqua_ref,climatology_regional_intensity12,13.929188847305335,2018-12
2313302,Tauá,CE,2018,12,2.0,inpe_bdq_aqua_ref,climatology_regional_intensity12,6.364993579232239,2018-12
2313401,Tianguá,CE,2018,12,19.0,inpe_bdq_aqua_ref,climatology_regional_intensity12,8.717273815035458,2018-12
2300101,Abaiara,CE,2019,1,0.0,inpe_bdq_legacy,climatology_municipal,0.06666666666666667,2019-01
2300200,Acaraú,CE,2019,1,0.0,inpe_bdq_aqua_ref,climatology_municipal,6.666666666666667,2019-01
2301307,Araripe,CE,2019,1,1.0,inpe_bdq_legacy,climatology_municipal,1.5333333333333334,2019-01
2301604,Assaré,CE,2019,1,0.0,inpe_bdq_legacy,climatology_municipal,2.1333333333333333,2019-01
2301901,Barbalha,CE,2019,1,0.0,inpe_bdq_aqua_ref,climatology_municipal,0.5333333333333333,2019-01
2302503,Brejo Santo,CE,2019,1,0.0,inpe_bdq_legacy,climatology_municipal,0.4666666666666667,2019-01
2302701,Campos Sales,CE,2019,1,1.0,inpe_bdq_aqua_ref,climatology_municipal,0.3333333333333333,2019-01
2304103,Crateús,CE,2019,1,9.0,inpe_bdq_aqua_ref,climatology_municipal,3.4,2019-01
2304202,Crato,CE,2019,1,0.0,inpe_bdq_legacy,climatology_municipal,1.0,2019-01
2304400,Fortaleza,CE,2019,1,0.0,inpe_bdq_aqua_ref,climatology_municipal,0.13333333333333333,2019-01
2305100,Guaramiranga,CE,2019,1,0.0,inpe_bdq_aqua_ref,climatology_municipal,0.0,2019-01
2305506,Iguatu,CE,2019,1,6.0,inpe_bdq_aqua_ref,climatology_municipal,1.0666666666666667,2019-01
2306405,Itapipoca,CE,2019,1,5.0,inpe_bdq_aqua_ref,climatology_municipal,7.933333333333334,2019-01
2306900,Jaguaribe,CE,2019,1,0.0,inpe_bdq_aqua_ref,climatology_municipal,0.9333333333333333,2019-01
2307007,Jaguaruana,CE,2019,1,0.0,inpe_bdq_aqua_ref,climatology_municipal,0.7333333333333333,2019-01
2307106,Jardim,CE,2019,1,0.0,inpe_bdq_legacy,climatology_municipal,0.4666666666666667,2019-01
2307205,Jati,CE,2019,1,0.0,inpe_bdq_legacy,climatology_municipal,0.3333333333333333,2019-01
2307304,Juazeiro do Norte,CE,2019,1,0.0,inpe_bdq_legacy,climatology_municipal,0.2,2019-01
2308401,Missão Velha,CE,2019,1,0.0,inpe_bdq_legacy,climatology_municipal,1.2666666666666666,2019-01
2308708,Morada Nova,CE,2019,1,4.0,inpe_bdq_aqua_ref,climatology_municipal,1.3333333333333333,2019-01
2309201,Nova Olinda,CE,2019,1,0.0,inpe_bdq_legacy,climatology_municipal,0.26666666666666666,2019-01
2310605,Penaforte,CE,2019,1,0.0,inpe_bdq_legacy,climatology_municipal,0.06666666666666667,2019-01
2311108,Porteiras,CE,2019,1,0.0,inpe_bdq_legacy,climatology_municipal,0.26666666666666666,2019-01
2311207,Potengi,CE,2019,1,0.0,inpe_bdq_legacy,climatology_municipal,0.9333333333333333,2019-01
2311306,Quixadá,CE,2019,1,3.0,inpe_bdq_aqua_ref,climatology_municipal,2.066666666666667,2019-01
2311405,Quixeramobim,CE,2019,1,2.0,inpe_bdq_aqua_ref,climatology_municipal,6.533333333333333,2019-01
2311959,Salitre,CE,2019,1,0.0,inpe_bdq_legacy,climatology_municipal,0.6666666666666666,2019-01
2312106,Santana do Cariri,CE,2019,1,2.0,inpe_bdq_legacy,climatology_municipal,3.933333333333333,2019-01
2312908,Sobral,CE,2019,1,1.0,inpe_bdq_aqua_ref,climatology_municipal,2.6,2019-01
2313302,Tauá,CE,2019,1,1.0,inpe_bdq_aqua_ref,climatology_municipal,1.2666666666666666,2019-01
2313401,Tianguá,CE,2019,1,2.0,inpe_bdq_aqua_ref,climatology_municipal,0.8,2019-01
2300101,Abaiara,CE,2019,1,0.0,inpe_bdq_legacy,climatology_regional_intensity12,0.035542645464240026,2019-01
2300200,Acaraú,CE,2019,1,0.0,inpe_bdq_aqua_ref,climatology_regional_intensity12,3.554264546424003,2019-01
2301307,Araripe,CE,2019,1,1.0,inpe_bdq_legacy,climatology_regional_intensity12,0.8174808456775207,2019-01
2301604,Assaré,CE,2019,1,0.0,inpe_bdq_legacy,climatology_regional_intensity12,1.1373646548556808,2019-01
2301901,Barbalha,CE,2019,1,0.0,inpe_bdq_aqua_ref,climatology_regional_intensity12,0.2843411637139202,2019-01
2302503,Brejo Santo,CE,2019,1,0.0,inpe_bdq_legacy,climatology_regional_intensity12,0.2487985182496802,2019-01
2302701,Campos Sales,CE,2019,1,1.0,inpe_bdq_aqua_ref,climatology_regional_intensity12,0.17771322732120012,2019-01
2304103,Crateús,CE,2019,1,9.0,inpe_bdq_aqua_ref,climatology_regional_intensity12,1.8126749186762412,2019-01
2304202,Crato,CE,2019,1,0.0,inpe_bdq_legacy,climatology_regional_intensity12,0.5331396819636004,2019-01
2304400,Fortaleza,CE,2019,1,0.0,inpe_bdq_aqua_ref,climatology_regional_intensity12,0.07108529092848005,2019-01
2305100,Guaramiranga,CE,2019,1,0.0,inpe_bdq_aqua_ref,climatology_regional_intensity12,0.0,2019-01
2305506,Iguatu,CE,2019,1,6.0,inpe_bdq_aqua_ref,climatology_regional_intensity12,0.5686823274278404,2019-01
2306405,Itapipoca,CE,2019,1,5.0,inpe_bdq_aqua_ref,climatology_regional_intensity12,4.229574810244563,2019-01
2306900,Jaguaribe,CE,2019,1,0.0,inpe_bdq_aqua_ref,climatology_regional_intensity12,0.4975970364993604,2019-01
2307007,Jaguaruana,CE,2019,1,0.0,inpe_bdq_aqua_ref,climatology_regional_intensity12,0.39096910010664027,2019-01
2307106,Jardim,CE,2019,1,0.0,inpe_bdq_legacy,climatology_regional_intensity12,0.2487985182496802,2019-01
2307205,Jati,CE,2019,1,0.0,inpe_bdq_legacy,climatology_regional_intensity12,0.17771322732120012,2019-01
2307304,Juazeiro do Norte,CE,2019,1,0.0,inpe_bdq_legacy,climatology_regional_intensity12,0.10662793639272009,2019-01
2308401,Missão Velha,CE,2019,1,0.0,inpe_bdq_legacy,climatology_regional_intensity12,0.6753102638205605,2019-01
2308708,Morada Nova,CE,2019,1,4.0,inpe_bdq_aqua_ref,climatology_regional_intensity12,0.7108529092848005,2019-01
2309201,Nova Olinda,CE,2019,1,0.0,inpe_bdq_legacy,climatology_regional_intensity12,0.1421705818569601,2019-01
2310605,Penaforte,CE,2019,1,0.0,inpe_bdq_legacy,climatology_regional_intensity12,0.035542645464240026,2019-01
2311108,Porteiras,CE,2019,1,0.0,inpe_bdq_legacy,climatology_regional_intensity12,0.1421705818569601,2019-01
2311207,Potengi,CE,2019,1,0.0,inpe_bdq_legacy,climatology_regional_intensity12,0.4975970364993604,2019-01
2311306,Quixadá,CE,2019,1,3.0,inpe_bdq_aqua_ref,climatology_regional_intensity12,1.101822009391441,2019-01
2311405,Quixeramobim,CE,2019,1,2.0,inpe_bdq_aqua_ref,climatology_regional_intensity12,3.4831792554955223,2019-01
2311959,Salitre,CE,2019,1,0.0,inpe_bdq_legacy,climatology_regional_intensity12,0.35542645464240025,2019-01
2312106,Santana do Cariri,CE,2019,1,2.0,inpe_bdq_legacy,climatology_regional_intensity12,2.0970160823901614,2019-01
2312908,Sobral,CE,2019,1,1.0,inpe_bdq_aqua_ref,climatology_regional_intensity12,1.3861631731053612,2019-01
2313302,Tauá,CE,2019,1,1.0,inpe_bdq_aqua_ref,climatology_regional_intensity12,0.6753102638205605,2019-01
2313401,Tianguá,CE,2019,1,2.0,inpe_bdq_aqua_ref,climatology_regional_intensity12,0.42651174557088034,2019-01
2300101,Abaiara,CE,2019,2,0.0,inpe_bdq_legacy,climatology_municipal,0.0,2019-02
2300200,Acaraú,CE,2019,2,0.0,inpe_bdq_aqua_ref,climatology_municipal,0.4666666666666667,2019-02
2301307,Araripe,CE,2019,2,0.0,inpe_bdq_legacy,climatology_municipal,0.13333333333333333,2019-02
2301604,Assaré,CE,2019,2,0.0,inpe_bdq_legacy,climatology_municipal,0.3333333333333333,2019-02
2301901,Barbalha,CE,2019,2,0.0,inpe_bdq_aqua_ref,climatology_municipal,0.2,2019-02
2302503,Brejo Santo,CE,2019,2,0.0,inpe_bdq_legacy,climatology_municipal,0.06666666666666667,2019-02
2302701,Campos Sales,CE,2019,2,1.0,inpe_bdq_aqua_ref,climatology_municipal,0.0,2019-02
2304103,Crateús,CE,2019,2,2.0,inpe_bdq_aqua_ref,climatology_municipal,0.0,2019-02
2304202,Crato,CE,2019,2,1.0,inpe_bdq_legacy,climatology_municipal,0.2,2019-02
2304400,Fortaleza,CE,2019,2,0.0,inpe_bdq_aqua_ref,climatology_municipal,0.13333333333333333,2019-02
2305100,Guaramiranga,CE,2019,2,0.0,inpe_bdq_aqua_ref,climatology_municipal,0.0,2019-02
2305506,Iguatu,CE,2019,2,0.0,inpe_bdq_aqua_ref,climatology_municipal,0.13333333333333333,2019-02
2306405,Itapipoca,CE,2019,2,0.0,inpe_bdq_aqua_ref,climatology_municipal,0.26666666666666666,2019-02
2306900,Jaguaribe,CE,2019,2,0.0,inpe_bdq_aqua_ref,climatology_municipal,0.2,2019-02
2307007,Jaguaruana,CE,2019,2,0.0,inpe_bdq_aqua_ref,climatology_municipal,0.2,2019-02
2307106,Jardim,CE,2019,2,0.0,inpe_bdq_legacy,climatology_municipal,0.06666666666666667,2019-02
2307205,Jati,CE,2019,2,0.0,inpe_bdq_legacy,climatology_municipal,0.2,2019-02
2307304,Juazeiro do Norte,CE,2019,2,0.0,inpe_bdq_legacy,climatology_municipal,0.0,2019-02
2308401,Missão Velha,CE,2019,2,0.0,inpe_bdq_legacy,climatology_municipal,0.13333333333333333,2019-02
2308708,Morada Nova,CE,2019,2,0.0,inpe_bdq_aqua_ref,climatology_municipal,0.5333333333333333,2019-02
2309201,Nova Olinda,CE,2019,2,0.0,inpe_bdq_legacy,climatology_municipal,0.0,2019-02
2310605,Penaforte,CE,2019,2,0.0,inpe_bdq_legacy,climatology_municipal,0.13333333333333333,2019-02
2311108,Porteiras,CE,2019,2,0.0,inpe_bdq_legacy,climatology_municipal,0.13333333333333333,2019-02
2311207,Potengi,CE,2019,2,0.0,inpe_bdq_legacy,climatology_municipal,0.4,2019-02
2311306,Quixadá,CE,2019,2,0.0,inpe_bdq_aqua_ref,climatology_municipal,0.26666666666666666,2019-02
2311405,Quixeramobim,CE,2019,2,0.0,inpe_bdq_aqua_ref,climatology_municipal,1.0,2019-02
2311959,Salitre,CE,2019,2,0.0,inpe_bdq_legacy,climatology_municipal,0.06666666666666667,2019-02
2312106,Santana do Cariri,CE,2019,2,0.0,inpe_bdq_legacy,climatology_municipal,0.3333333333333333,2019-02
2312908,Sobral,CE,2019,2,0.0,inpe_bdq_aqua_ref,climatology_municipal,0.13333333333333333,2019-02
2313302,Tauá,CE,2019,2,0.0,inpe_bdq_aqua_ref,climatology_municipal,0.26666666666666666,2019-02
2313401,Tianguá,CE,2019,2,0.0,inpe_bdq_aqua_ref,climatology_municipal,0.26666666666666666,2019-02
2300101,Abaiara,CE,2019,2,0.0,inpe_bdq_legacy,climatology_regional_intensity12,0.0,2019-02
2300200,Acaraú,CE,2019,2,0.0,inpe_bdq_aqua_ref,climatology_regional_intensity12,0.25389736577962696,2019-02
2301307,Araripe,CE,2019,2,0.0,inpe_bdq_legacy,climatology_regional_intensity12,0.07254210450846485,2019-02
2301604,Assaré,CE,2019,2,0.0,inpe_bdq_legacy,climatology_regional_intensity12,0.1813552612711621,2019-02
2301901,Barbalha,CE,2019,2,0.0,inpe_bdq_aqua_ref,climatology_regional_intensity12,0.10881315676269727,2019-02
2302503,Brejo Santo,CE,2019,2,0.0,inpe_bdq_legacy,climatology_regional_intensity12,0.036271052254232425,2019-02
2302701,Campos Sales,CE,2019,2,1.0,inpe_bdq_aqua_ref,climatology_regional_intensity12,0.0,2019-02
2304103,Crateús,CE,2019,2,2.0,inpe_bdq_aqua_ref,climatology_regional_intensity12,0.0,2019-02
2304202,Crato,CE,2019,2,1.0,inpe_bdq_legacy,climatology_regional_intensity12,0.10881315676269727,2019-02
2304400,Fortaleza,CE,2019,2,0.0,inpe_bdq_aqua_ref,climatology_regional_intensity12,0.07254210450846485,2019-02
2305100,Guaramiranga,CE,2019,2,0.0,inpe_bdq_aqua_ref,climatology_regional_intensity12,0.0,2019-02
2305506,Iguatu,CE,2019,2,0.0,inpe_bdq_aqua_ref,climatology_regional_intensity12,0.07254210450846485,2019-02
2306405,Itapipoca,CE,2019,2,0.0,inpe_bdq_aqua_ref,climatology_regional_intensity12,0.1450842090169297,2019-02
2306900,Jaguaribe,CE,2019,2,0.0,inpe_bdq_aqua_ref,climatology_regional_intensity12,0.10881315676269727,2019-02
2307007,Jaguaruana,CE,2019,2,0.0,inpe_bdq_aqua_ref,climatology_regional_intensity12,0.10881315676269727,2019-02
2307106,Jardim,CE,2019,2,0.0,inpe_bdq_legacy,climatology_regional_intensity12,0.036271052254232425,2019-02
2307205,Jati,CE,2019,2,0.0,inpe_bdq_legacy,climatology_regional_intensity12,0.10881315676269727,2019-02
2307304,Juazeiro do Norte,CE,2019,2,0.0,inpe_bdq_legacy,climatology_regional_intensity12,0.0,2019-02
2308401,Missão Velha,CE,2019,2,0.0,inpe_bdq_legacy,climatology_regional_intensity12,0.07254210450846485,2019-02
2308708,Morada Nova,CE,2019,2,0.0,inpe_bdq_aqua_ref,climatology_regional_intensity12,0.2901684180338594,2019-02
2309201,Nova Olinda,CE,2019,2,0.0,inpe_bdq_legacy,climatology_regional_intensity12,0.0,2019-02
2310605,Penaforte,CE,2019,2,0.0,inpe_bdq_legacy,climatology_regional_intensity12,0.07254210450846485,2019-02
2311108,Porteiras,CE,2019,2,0.0,inpe_bdq_legacy,climatology_regional_intensity12,0.07254210450846485,2019-02
2311207,Potengi,CE,2019,2,0.0,inpe_bdq_legacy,climatology_regional_intensity12,0.21762631352539455,2019-02
2311306,Quixadá,CE,2019,2,0.0,inpe_bdq_aqua_ref,climatology_regional_intensity12,0.1450842090169297,2019-02
2311405,Quixeramobim,CE,2019,2,0.0,inpe_bdq_aqua_ref,climatology_regional_intensity12,0.5440657838134864,2019-02
2311959,Salitre,CE,2019,2,0.0,inpe_bdq_legacy,climatology_regional_intensity12,0.036271052254232425,2019-02
2312106,Santana do Cariri,CE,2019,2,0.0,inpe_bdq_legacy,climatology_regional_intensity12,0.1813552612711621,2019-02
2312908,Sobral,CE,2019,2,0.0,inpe_bdq_aqua_ref,climatology_regional_intensity12,0.07254210450846485,2019-02
2313302,Tauá,CE,2019,2,0.0,inpe_bdq_aqua_ref,climatology_regional_intensity12,0.1450842090169297,2019-02
2313401,Tianguá,CE,2019,2,0.0,inpe_bdq_aqua_ref,climatology_regional_intensity12,0.1450842090169297,2019-02
2300101,Abaiara,CE,2019,3,0.0,inpe_bdq_legacy,climatology_municipal,0.0,2019-03
2300200,Acaraú,CE,2019,3,0.0,inpe_bdq_aqua_ref,climatology_municipal,0.7333333333333333,2019-03
2301307,Araripe,CE,2019,3,0.0,inpe_bdq_legacy,climatology_municipal,0.0,2019-03
2301604,Assaré,CE,2019,3,0.0,inpe_bdq_legacy,climatology_municipal,0.0,2019-03
2301901,Barbalha,CE,2019,3,0.0,inpe_bdq_aqua_ref,climatology_municipal,0.0,2019-03
2302503,Brejo Santo,CE,2019,3,0.0,inpe_bdq_legacy,climatology_municipal,0.0,2019-03
2302701,Campos Sales,CE,2019,3,0.0,inpe_bdq_aqua_ref,climatology_municipal,0.0,2019-03
2304103,Crateús,CE,2019,3,0.0,inpe_bdq_aqua_ref,climatology_municipal,0.13333333333333333,2019-03
2304202,Crato,CE,2019,3,0.0,inpe_bdq_legacy,climatology_municipal,0.13333333333333333,2019-03
2304400,Fortaleza,CE,2019,3,0.0,inpe_bdq_aqua_ref,climatology_municipal,0.0,2019-03
2305100,Guaramiranga,CE,2019,3,0.0,inpe_bdq_aqua_ref,climatology_municipal,0.0,2019-03
2305506,Iguatu,CE,2019,3,0.0,inpe_bdq_aqua_ref,climatology_municipal,0.26666666666666666,2019-03
2306405,Itapipoca,CE,2019,3,0.0,inpe_bdq_aqua_ref,climatology_municipal,0.06666666666666667,2019-03
2306900,Jaguaribe,CE,2019,3,0.0,inpe_bdq_aqua_ref,climatology_municipal,0.06666666666666667,2019-03
2307007,Jaguaruana,CE,2019,3,0.0,inpe_bdq_aqua_ref,climatology_municipal,0.06666666666666667,2019-03
2307106,Jardim,CE,2019,3,0.0,inpe_bdq_legacy,climatology_municipal,0.06666666666666667,2019-03
2307205,Jati,CE,2019,3,0.0,inpe_bdq_legacy,climatology_municipal,0.0,2019-03
2307304,Juazeiro do Norte,CE,2019,3,0.0,inpe_bdq_legacy,climatology_municipal,0.13333333333333333,2019-03
2308401,Missão Velha,CE,2019,3,1.0,inpe_bdq_legacy,climatology_municipal,0.26666666666666666,2019-03
2308708,Morada Nova,CE,2019,3,0.0,inpe_bdq_aqua_ref,climatology_municipal,0.13333333333333333,2019-03
2309201,Nova Olinda,CE,2019,3,0.0,inpe_bdq_legacy,climatology_municipal,0.0,2019-03
2310605,Penaforte,CE,2019,3,0.0,inpe_bdq_legacy,climatology_municipal,0.0,2019-03
2311108,Porteiras,CE,2019,3,0.0,inpe_bdq_legacy,climatology_municipal,0.0,2019-03
2311207,Potengi,CE,2019,3,0.0,inpe_bdq_legacy,climatology_municipal,0.0,2019-03
2311306,Quixadá,CE,2019,3,0.0,inpe_bdq_aqua_ref,climatology_municipal,0.13333333333333333,2019-03
2311405,Quixeramobim,CE,2019,3,0.0,inpe_bdq_aqua_ref,climatology_municipal,0.3333333333333333,2019-03
2311959,Salitre,CE,2019,3,0.0,inpe_bdq_legacy,climatology_municipal,0.06666666666666667,2019-03
2312106,Santana do Cariri,CE,2019,3,0.0,inpe_bdq_legacy,climatology_municipal,0.0,2019-03
2312908,Sobral,CE,2019,3,0.0,inpe_bdq_aqua_ref,climatology_municipal,0.06666666666666667,2019-03
2313302,Tauá,CE,2019,3,0.0,inpe_bdq_aqua_ref,climatology_municipal,0.0,2019-03
2313401,Tianguá,CE,2019,3,0.0,inpe_bdq_aqua_ref,climatology_municipal,0.0,2019-03
2300101,Abaiara,CE,2019,3,0.0,inpe_bdq_legacy,climatology_regional_intensity12,0.0,2019-03
2300200,Acaraú,CE,2019,3,0.0,inpe_bdq_aqua_ref,climatology_regional_intensity12,0.40096517659097214,2019-03
2301307,Araripe,CE,2019,3,0.0,inpe_bdq_legacy,climatology_regional_intensity12,0.0,2019-03
2301604,Assaré,CE,2019,3,0.0,inpe_bdq_legacy,climatology_regional_intensity12,0.0,2019-03
2301901,Barbalha,CE,2019,3,0.0,inpe_bdq_aqua_ref,climatology_regional_intensity12,0.0,2019-03
2302503,Brejo Santo,CE,2019,3,0.0,inpe_bdq_legacy,climatology_regional_intensity12,0.0,2019-03
2302701,Campos Sales,CE,2019,3,0.0,inpe_bdq_aqua_ref,climatology_regional_intensity12,0.0,2019-03
2304103,Crateús,CE,2019,3,0.0,inpe_bdq_aqua_ref,climatology_regional_intensity12,0.07290275938017676,2019-03
2304202,Crato,CE,2019,3,0.0,inpe_bdq_legacy,climatology_regional_intensity12,0.07290275938017676,2019-03
2304400,Fortaleza,CE,2019,3,0.0,inpe_bdq_aqua_ref,climatology_regional_intensity12,0.0,2019-03
2305100,Guaramiranga,CE,2019,3,0.0,inpe_bdq_aqua_ref,climatology_regional_intensity12,0.0,2019-03
2305506,Iguatu,CE,2019,3,0.0,inpe_bdq_aqua_ref,climatology_regional_intensity12,0.14580551876035353,2019-03
2306405,Itapipoca,CE,2019,3,0.0,inpe_bdq_aqua_ref,climatology_regional_intensity12,0.03645137969008838,2019-03
2306900,Jaguaribe,CE,2019,3,0.0,inpe_bdq_aqua_ref,climatology_regional_intensity12,0.03645137969008838,2019-03
2307007,Jaguaruana,CE,2019,3,0.0,inpe_bdq_aqua_ref,climatology_regional_intensity12,0.03645137969008838,2019-03
2307106,Jardim,CE,2019,3,0.0,inpe_bdq_legacy,climatology_regional_intensity12,0.03645137969008838,2019-03
2307205,Jati,CE,2019,3,0.0,inpe_bdq_legacy,climatology_regional_intensity12,0.0,2019-03
2307304,Juazeiro do Norte,CE,2019,3,0.0,inpe_bdq_legacy,climatology_regional_intensity12,0.07290275938017676,2019-03
2308401,Missão Velha,CE,2019,3,1.0,inpe_bdq_legacy,climatology_regional_intensity12,0.14580551876035353,2019-03
2308708,Morada Nova,CE,2019,3,0.0,inpe_bdq_aqua_ref,climatology_regional_intensity12,0.07290275938017676,2019-03
2309201,Nova Olinda,CE,2019,3,0.0,inpe_bdq_legacy,climatology_regional_intensity12,0.0,2019-03
2310605,Penaforte,CE,2019,3,0.0,inpe_bdq_legacy,climatology_regional_intensity12,0.0,2019-03
2311108,Porteiras,CE,2019,3,0.0,inpe_bdq_legacy,climatology_regional_intensity12,0.0,2019-03
2311207,Potengi,CE,2019,3,0.0,inpe_bdq_legacy,climatology_regional_intensity12,0.0,2019-03
2311306,Quixadá,CE,2019,3,0.0,inpe_bdq_aqua_ref,climatology_regional_intensity12,0.07290275938017676,2019-03
2311405,Quixeramobim,CE,2019,3,0.0,inpe_bdq_aqua_ref,climatology_regional_intensity12,0.1822568984504419,2019-03
2311959,Salitre,CE,2019,3,0.0,inpe_bdq_legacy,climatology_regional_intensity12,0.03645137969008838,2019-03
2312106,Santana do Cariri,CE,2019,3,0.0,inpe_bdq_legacy,climatology_regional_intensity12,0.0,2019-03
2312908,Sobral,CE,2019,3,0.0,inpe_bdq_aqua_ref,climatology_regional_intensity12,0.03645137969008838,2019-03
2313302,Tauá,CE,2019,3,0.0,inpe_bdq_aqua_ref,climatology_regional_intensity12,0.0,2019-03
2313401,Tianguá,CE,2019,3,0.0,inpe_bdq_aqua_ref,climatology_regional_intensity12,0.0,2019-03
2300101,Abaiara,CE,2019,4,0.0,inpe_bdq_legacy,climatology_municipal,0.0,2019-04
2300200,Acaraú,CE,2019,4,0.0,inpe_bdq_aqua_ref,climatology_municipal,0.0,2019-04
2301307,Araripe,CE,2019,4,0.0,inpe_bdq_legacy,climatology_municipal,0.0,2019-04
2301604,Assaré,CE,2019,4,0.0,inpe_bdq_legacy,climatology_municipal,0.0,2019-04
2301901,Barbalha,CE,2019,4,0.0,inpe_bdq_aqua_ref,climatology_municipal,0.0,2019-04
2302503,Brejo Santo,CE,2019,4,0.0,inpe_bdq_legacy,climatology_municipal,0.0,2019-04
2302701,Campos Sales,CE,2019,4,0.0,inpe_bdq_aqua_ref,climatology_municipal,0.0,2019-04
2304103,Crateús,CE,2019,4,0.0,inpe_bdq_aqua_ref,climatology_municipal,0.13333333333333333,2019-04
2304202,Crato,CE,2019,4,0.0,inpe_bdq_legacy,climatology_municipal,0.0,2019-04
2304400,Fortaleza,CE,2019,4,0.0,inpe_bdq_aqua_ref,climatology_municipal,0.0,2019-04
2305100,Guaramiranga,CE,2019,4,0.0,inpe_bdq_aqua_ref,climatology_municipal,0.0,2019-04
2305506,Iguatu,CE,2019,4,0.0,inpe_bdq_aqua_ref,climatology_municipal,0.06666666666666667,2019-04
2306405,Itapipoca,CE,2019,4,0.0,inpe_bdq_aqua_ref,climatology_municipal,0.0,2019-04
2306900,Jaguaribe,CE,2019,4,0.0,inpe_bdq_aqua_ref,climatology_municipal,0.13333333333333333,2019-04
2307007,Jaguaruana,CE,2019,4,0.0,inpe_bdq_aqua_ref,climatology_municipal,0.0,2019-04
2307106,Jardim,CE,2019,4,0.0,inpe_bdq_legacy,climatology_municipal,0.0,2019-04
2307205,Jati,CE,2019,4,0.0,inpe_bdq_legacy,climatology_municipal,0.0,2019-04
2307304,Juazeiro do Norte,CE,2019,4,0.0,inpe_bdq_legacy,climatology_municipal,0.0,2019-04
2308401,Missão Velha,CE,2019,4,0.0,inpe_bdq_legacy,climatology_municipal,0.26666666666666666,2019-04
2308708,Morada Nova,CE,2019,4,0.0,inpe_bdq_aqua_ref,climatology_municipal,0.06666666666666667,2019-04
2309201,Nova Olinda,CE,2019,4,0.0,inpe_bdq_legacy,climatology_municipal,0.0,2019-04
2310605,Penaforte,CE,2019,4,0.0,inpe_bdq_legacy,climatology_municipal,0.0,2019-04
2311108,Porteiras,CE,2019,4,0.0,inpe_bdq_legacy,climatology_municipal,0.0,2019-04
2311207,Potengi,CE,2019,4,0.0,inpe_bdq_legacy,climatology_municipal,0.0,2019-04
2311306,Quixadá,CE,2019,4,0.0,inpe_bdq_aqua_ref,climatology_municipal,0.13333333333333333,2019-04
2311405,Quixeramobim,CE,2019,4,0.0,inpe_bdq_aqua_ref,climatology_municipal,0.06666666666666667,2019-04
2311959,Salitre,CE,2019,4,0.0,inpe_bdq_legacy,climatology_municipal,0.06666666666666667,2019-04
2312106,Santana do Cariri,CE,2019,4,0.0,inpe_bdq_legacy,climatology_municipal,0.0,2019-04
2312908,Sobral,CE,2019,4,0.0,inpe_bdq_aqua_ref,climatology_municipal,0.0,2019-04
2313302,Tauá,CE,2019,4,0.0,inpe_bdq_aqua_ref,climatology_municipal,0.06666666666666667,2019-04
2313401,Tianguá,CE,2019,4,0.0,inpe_bdq_aqua_ref,climatology_municipal,0.0,2019-04
2300101,Abaiara,CE,2019,4,0.0,inpe_bdq_legacy,climatology_regional_intensity12,0.0,2019-04
2300200,Acaraú,CE,2019,4,0.0,inpe_bdq_aqua_ref,climatology_regional_intensity12,0.0,2019-04
2301307,Araripe,CE,2019,4,0.0,inpe_bdq_legacy,climatology_regional_intensity12,0.0,2019-04
2301604,Assaré,CE,2019,4,0.0,inpe_bdq_legacy,climatology_regional_intensity12,0.0,2019-04
2301901,Barbalha,CE,2019,4,0.0,inpe_bdq_aqua_ref,climatology_regional_intensity12,0.0,2019-04
2302503,Brejo Santo,CE,2019,4,0.0,inpe_bdq_legacy,climatology_regional_intensity12,0.0,2019-04
2302701,Campos Sales,CE,2019,4,0.0,inpe_bdq_aqua_ref,climatology_regional_intensity12,0.0,2019-04
2304103,Crateús,CE,2019,4,0.0,inpe_bdq_aqua_ref,climatology_regional_intensity12,0.07255778232346204,2019-04
2304202,Crato,CE,2019,4,0.0,inpe_bdq_legacy,climatology_regional_intensity12,0.0,2019-04
2304400,Fortaleza,CE,2019,4,0.0,inpe_bdq_aqua_ref,climatology_regional_intensity12,0.0,2019-04
2305100,Guaramiranga,CE,2019,4,0.0,inpe_bdq_aqua_ref,climatology_regional_intensity12,0.0,2019-04
2305506,Iguatu,CE,2019,4,0.0,inpe_bdq_aqua_ref,climatology_regional_intensity12,0.03627889116173102,2019-04
2306405,Itapipoca,CE,2019,4,0.0,inpe_bdq_aqua_ref,climatology_regional_intensity12,0.0,2019-04
2306900,Jaguaribe,CE,2019,4,0.0,inpe_bdq_aqua_ref,climatology_regional_intensity12,0.07255778232346204,2019-04
2307007,Jaguaruana,CE,2019,4,0.0,inpe_bdq_aqua_ref,climatology_regional_intensity12,0.0,2019-04
2307106,Jardim,CE,2019,4,0.0,inpe_bdq_legacy,climatology_regional_intensity12,0.0,2019-04
2307205,Jati,CE,2019,4,0.0,inpe_bdq_legacy,climatology_regional_intensity12,0.0,2019-04
2307304,Juazeiro do Norte,CE,2019,4,0.0,inpe_bdq_legacy,climatology_regional_intensity12,0.0,2019-04
2308401,Missão Velha,CE,2019,4,0.0,inpe_bdq_legacy,climatology_regional_intensity12,0.14511556464692407,2019-04
2308708,Morada Nova,CE,2019,4,0.0,inpe_bdq_aqua_ref,climatology_regional_intensity12,0.03627889116173102,2019-04
2309201,Nova Olinda,CE,2019,4,0.0,inpe_bdq_legacy,climatology_regional_intensity12,0.0,2019-04
2310605,Penaforte,CE,2019,4,0.0,inpe_bdq_legacy,climatology_regional_intensity12,0.0,2019-04
2311108,Porteiras,CE,2019,4,0.0,inpe_bdq_legacy,climatology_regional_intensity12,0.0,2019-04
2311207,Potengi,CE,2019,4,0.0,inpe_bdq_legacy,climatology_regional_intensity12,0.0,2019-04
2311306,Quixadá,CE,2019,4,0.0,inpe_bdq_aqua_ref,climatology_regional_intensity12,0.07255778232346204,2019-04
2311405,Quixeramobim,CE,2019,4,0.0,inpe_bdq_aqua_ref,climatology_regional_intensity12,0.03627889116173102,2019-04
2311959,Salitre,CE,2019,4,0.0,inpe_bdq_legacy,climatology_regional_intensity12,0.03627889116173102,2019-04
2312106,Santana do Cariri,CE,2019,4,0.0,inpe_bdq_legacy,climatology_regional_intensity12,0.0,2019-04
2312908,Sobral,CE,2019,4,0.0,inpe_bdq_aqua_ref,climatology_regional_intensity12,0.0,2019-04
2313302,Tauá,CE,2019,4,0.0,inpe_bdq_aqua_ref,climatology_regional_intensity12,0.03627889116173102,2019-04
2313401,Tianguá,CE,2019,4,0.0,inpe_bdq_aqua_ref,climatology_regional_intensity12,0.0,2019-04
2300101,Abaiara,CE,2019,5,1.0,inpe_bdq_legacy,climatology_municipal,0.0,2019-05
2300200,Acaraú,CE,2019,5,0.0,inpe_bdq_aqua_ref,climatology_municipal,0.06666666666666667,2019-05
2301307,Araripe,CE,2019,5,0.0,inpe_bdq_legacy,climatology_municipal,0.0,2019-05
2301604,Assaré,CE,2019,5,0.0,inpe_bdq_legacy,climatology_municipal,0.0,2019-05
2301901,Barbalha,CE,2019,5,0.0,inpe_bdq_aqua_ref,climatology_municipal,0.0,2019-05
2302503,Brejo Santo,CE,2019,5,0.0,inpe_bdq_legacy,climatology_municipal,0.06666666666666667,2019-05
2302701,Campos Sales,CE,2019,5,0.0,inpe_bdq_aqua_ref,climatology_municipal,0.0,2019-05
2304103,Crateús,CE,2019,5,0.0,inpe_bdq_aqua_ref,climatology_municipal,0.0,2019-05
2304202,Crato,CE,2019,5,0.0,inpe_bdq_legacy,climatology_municipal,0.06666666666666667,2019-05
2304400,Fortaleza,CE,2019,5,0.0,inpe_bdq_aqua_ref,climatology_municipal,0.0,2019-05
2305100,Guaramiranga,CE,2019,5,0.0,inpe_bdq_aqua_ref,climatology_municipal,0.0,2019-05
2305506,Iguatu,CE,2019,5,0.0,inpe_bdq_aqua_ref,climatology_municipal,0.0,2019-05
2306405,Itapipoca,CE,2019,5,0.0,inpe_bdq_aqua_ref,climatology_municipal,0.13333333333333333,2019-05
2306900,Jaguaribe,CE,2019,5,0.0,inpe_bdq_aqua_ref,climatology_municipal,0.0,2019-05
2307007,Jaguaruana,CE,2019,5,0.0,inpe_bdq_aqua_ref,climatology_municipal,0.06666666666666667,2019-05
2307106,Jardim,CE,2019,5,0.0,inpe_bdq_legacy,climatology_municipal,0.0,2019-05
2307205,Jati,CE,2019,5,0.0,inpe_bdq_legacy,climatology_municipal,0.0,2019-05
2307304,Juazeiro do Norte,CE,2019,5,0.0,inpe_bdq_legacy,climatology_municipal,0.0,2019-05
2308401,Missão Velha,CE,2019,5,0.0,inpe_bdq_legacy,climatology_municipal,0.0,2019-05
2308708,Morada Nova,CE,2019,5,2.0,inpe_bdq_aqua_ref,climatology_municipal,0.13333333333333333,2019-05
2309201,Nova Olinda,CE,2019,5,0.0,inpe_bdq_legacy,climatology_municipal,0.2,2019-05
2310605,Penaforte,CE,2019,5,0.0,inpe_bdq_legacy,climatology_municipal,0.0,2019-05
2311108,Porteiras,CE,2019,5,0.0,inpe_bdq_legacy,climatology_municipal,0.06666666666666667,2019-05
2311207,Potengi,CE,2019,5,0.0,inpe_bdq_legacy,climatology_municipal,0.06666666666666667,2019-05
2311306,Quixadá,CE,2019,5,0.0,inpe_bdq_aqua_ref,climatology_municipal,0.2,2019-05
2311405,Quixeramobim,CE,2019,5,0.0,inpe_bdq_aqua_ref,climatology_municipal,0.0,2019-05
2311959,Salitre,CE,2019,5,0.0,inpe_bdq_legacy,climatology_municipal,0.06666666666666667,2019-05
2312106,Santana do Cariri,CE,2019,5,0.0,inpe_bdq_legacy,climatology_municipal,0.0,2019-05
2312908,Sobral,CE,2019,5,0.0,inpe_bdq_aqua_ref,climatology_municipal,0.0,2019-05
2313302,Tauá,CE,2019,5,0.0,inpe_bdq_aqua_ref,climatology_municipal,0.0,2019-05
2313401,Tianguá,CE,2019,5,0.0,inpe_bdq_aqua_ref,climatology_municipal,0.0,2019-05
2300101,Abaiara,CE,2019,5,1.0,inpe_bdq_legacy,climatology_regional_intensity12,0.0,2019-05
2300200,Acaraú,CE,2019,5,0.0,inpe_bdq_aqua_ref,climatology_regional_intensity12,0.036280884644564124,2019-05
2301307,Araripe,CE,2019,5,0.0,inpe_bdq_legacy,climatology_regional_intensity12,0.0,2019-05
2301604,Assaré,CE,2019,5,0.0,inpe_bdq_legacy,climatology_regional_intensity12,0.0,2019-05
2301901,Barbalha,CE,2019,5,0.0,inpe_bdq_aqua_ref,climatology_regional_intensity12,0.0,2019-05
2302503,Brejo Santo,CE,2019,5,0.0,inpe_bdq_legacy,climatology_regional_intensity12,0.036280884644564124,2019-05
2302701,Campos Sales,CE,2019,5,0.0,inpe_bdq_aqua_ref,climatology_regional_intensity12,0.0,2019-05
2304103,Crateús,CE,2019,5,0.0,inpe_bdq_aqua_ref,climatology_regional_intensity12,0.0,2019-05
2304202,Crato,CE,2019,5,0.0,inpe_bdq_legacy,climatology_regional_intensity12,0.036280884644564124,2019-05
2304400,Fortaleza,CE,2019,5,0.0,inpe_bdq_aqua_ref,climatology_regional_intensity12,0.0,2019-05
2305100,Guaramiranga,CE,2019,5,0.0,inpe_bdq_aqua_ref,climatology_regional_intensity12,0.0,2019-05
2305506,Iguatu,CE,2019,5,0.0,inpe_bdq_aqua_ref,climatology_regional_intensity12,0.0,2019-05
2306405,Itapipoca,CE,2019,5,0.0,inpe_bdq_aqua_ref,climatology_regional_intensity12,0.07256176928912825,2019-05
2306900,Jaguaribe,CE,2019,5,0.0,inpe_bdq_aqua_ref,climatology_regional_intensity12,0.0,2019-05
2307007,Jaguaruana,CE,2019,5,0.0,inpe_bdq_aqua_ref,climatology_regional_intensity12,0.036280884644564124,2019-05
2307106,Jardim,CE,2019,5,0.0,inpe_bdq_legacy,climatology_regional_intensity12,0.0,2019-05
2307205,Jati,CE,2019,5,0.0,inpe_bdq_legacy,climatology_regional_intensity12,0.0,2019-05
2307304,Juazeiro do Norte,CE,2019,5,0.0,inpe_bdq_legacy,climatology_regional_intensity12,0.0,2019-05
2308401,Missão Velha,CE,2019,5,0.0,inpe_bdq_legacy,climatology_regional_intensity12,0.0,2019-05
2308708,Morada Nova,CE,2019,5,2.0,inpe_bdq_aqua_ref,climatology_regional_intensity12,0.07256176928912825,2019-05
2309201,Nova Olinda,CE,2019,5,0.0,inpe_bdq_legacy,climatology_regional_intensity12,0.10884265393369237,2019-05
2310605,Penaforte,CE,2019,5,0.0,inpe_bdq_legacy,climatology_regional_intensity12,0.0,2019-05
2311108,Porteiras,CE,2019,5,0.0,inpe_bdq_legacy,climatology_regional_intensity12,0.036280884644564124,2019-05
2311207,Potengi,CE,2019,5,0.0,inpe_bdq_legacy,climatology_regional_intensity12,0.036280884644564124,2019-05
2311306,Quixadá,CE,2019,5,0.0,inpe_bdq_aqua_ref,climatology_regional_intensity12,0.10884265393369237,2019-05
2311405,Quixeramobim,CE,2019,5,0.0,inpe_bdq_aqua_ref,climatology_regional_intensity12,0.0,2019-05
2311959,Salitre,CE,2019,5,0.0,inpe_bdq_legacy,climatology_regional_intensity12,0.036280884644564124,2019-05
2312106,Santana do Cariri,CE,2019,5,0.0,inpe_bdq_legacy,climatology_regional_intensity12,0.0,2019-05
2312908,Sobral,CE,2019,5,0.0,inpe_bdq_aqua_ref,climatology_regional_intensity12,0.0,2019-05
2313302,Tauá,CE,2019,5,0.0,inpe_bdq_aqua_ref,climatology_regional_intensity12,0.0,2019-05
2313401,Tianguá,CE,2019,5,0.0,inpe_bdq_aqua_ref,climatology_regional_intensity12,0.0,2019-05
2300101,Abaiara,CE,2019,6,0.0,inpe_bdq_legacy,climatology_municipal,0.0,2019-06
2300200,Acaraú,CE,2019,6,0.0,inpe_bdq_aqua_ref,climatology_municipal,0.5333333333333333,2019-06
2301307,Araripe,CE,2019,6,0.0,inpe_bdq_legacy,climatology_municipal,0.06666666666666667,2019-06
2301604,Assaré,CE,2019,6,0.0,inpe_bdq_legacy,climatology_municipal,0.0,2019-06
2301901,Barbalha,CE,2019,6,2.0,inpe_bdq_aqua_ref,climatology_municipal,0.0,2019-06
2302503,Brejo Santo,CE,2019,6,0.0,inpe_bdq_legacy,climatology_municipal,0.0,2019-06
2302701,Campos Sales,CE,2019,6,0.0,inpe_bdq_aqua_ref,climatology_municipal,0.0,2019-06
2304103,Crateús,CE,2019,6,1.0,inpe_bdq_aqua_ref,climatology_municipal,0.13333333333333333,2019-06
2304202,Crato,CE,2019,6,0.0,inpe_bdq_legacy,climatology_municipal,0.06666666666666667,2019-06
2304400,Fortaleza,CE,2019,6,0.0,inpe_bdq_aqua_ref,climatology_municipal,0.0,2019-06
2305100,Guaramiranga,CE,2019,6,0.0,inpe_bdq_aqua_ref,climatology_municipal,0.0,2019-06
2305506,Iguatu,CE,2019,6,0.0,inpe_bdq_aqua_ref,climatology_municipal,0.2,2019-06
2306405,Itapipoca,CE,2019,6,1.0,inpe_bdq_aqua_ref,climatology_municipal,0.6,2019-06
2306900,Jaguaribe,CE,2019,6,0.0,inpe_bdq_aqua_ref,climatology_municipal,0.06666666666666667,2019-06
2307007,Jaguaruana,CE,2019,6,0.0,inpe_bdq_aqua_ref,climatology_municipal,0.0,2019-06
2307106,Jardim,CE,2019,6,0.0,inpe_bdq_legacy,climatology_municipal,0.0,2019-06
2307205,Jati,CE,2019,6,0.0,inpe_bdq_legacy,climatology_municipal,0.0,2019-06
2307304,Juazeiro do Norte,CE,2019,6,0.0,inpe_bdq_legacy,climatology_municipal,0.0,2019-06
2308401,Missão Velha,CE,2019,6,0.0,inpe_bdq_legacy,climatology_municipal,0.13333333333333333,2019-06
2308708,Morada Nova,CE,2019,6,1.0,inpe_bdq_aqua_ref,climatology_municipal,0.13333333333333333,2019-06
2309201,Nova Olinda,CE,2019,6,0.0,inpe_bdq_legacy,climatology_municipal,0.0,2019-06
2310605,Penaforte,CE,2019,6,0.0,inpe_bdq_legacy,climatology_municipal,0.0,2019-06
2311108,Porteiras,CE,2019,6,0.0,inpe_bdq_legacy,climatology_municipal,0.06666666666666667,2019-06
2311207,Potengi,CE,2019,6,0.0,inpe_bdq_legacy,climatology_municipal,0.0,2019-06
2311306,Quixadá,CE,2019,6,0.0,inpe_bdq_aqua_ref,climatology_municipal,0.06666666666666667,2019-06
2311405,Quixeramobim,CE,2019,6,0.0,inpe_bdq_aqua_ref,climatology_municipal,0.2,2019-06
2311959,Salitre,CE,2019,6,0.0,inpe_bdq_legacy,climatology_municipal,0.13333333333333333,2019-06
2312106,Santana do Cariri,CE,2019,6,0.0,inpe_bdq_legacy,climatology_municipal,0.0,2019-06
2312908,Sobral,CE,2019,6,0.0,inpe_bdq_aqua_ref,climatology_municipal,0.26666666666666666,2019-06
2313302,Tauá,CE,2019,6,2.0,inpe_bdq_aqua_ref,climatology_municipal,0.0,2019-06
2313401,Tianguá,CE,2019,6,0.0,inpe_bdq_aqua_ref,climatology_municipal,0.13333333333333333,2019-06
2300101,Abaiara,CE,2019,6,0.0,inpe_bdq_legacy,climatology_regional_intensity12,0.0,2019-06
2300200,Acaraú,CE,2019,6,0.0,inpe_bdq_aqua_ref,climatology_regional_intensity12,0.29162385515559974,2019-06
2301307,Araripe,CE,2019,6,0.0,inpe_bdq_legacy,climatology_regional_intensity12,0.03645298189444997,2019-06
2301604,Assaré,CE,2019,6,0.0,inpe_bdq_legacy,climatology_regional_intensity12,0.0,2019-06
2301901,Barbalha,CE,2019,6,2.0,inpe_bdq_aqua_ref,climatology_regional_intensity12,0.0,2019-06
2302503,Brejo Santo,CE,2019,6,0.0,inpe_bdq_legacy,climatology_regional_intensity12,0.0,2019-06
2302701,Campos Sales,CE,2019,6,0.0,inpe_bdq_aqua_ref,climatology_regional_intensity12,0.0,2019-06
2304103,Crateús,CE,2019,6,1.0,inpe_bdq_aqua_ref,climatology_regional_intensity12,0.07290596378889994,2019-06
2304202,Crato,CE,2019,6,0.0,inpe_bdq_legacy,climatology_regional_intensity12,0.03645298189444997,2019-06
2304400,Fortaleza,CE,2019,6,0.0,inpe_bdq_aqua_ref,climatology_regional_intensity12,0.0,2019-06
2305100,Guaramiranga,CE,2019,6,0.0,inpe_bdq_aqua_ref,climatology_regional_intensity12,0.0,2019-06
2305506,Iguatu,CE,2019,6,0.0,inpe_bdq_aqua_ref,climatology_regional_intensity12,0.1093589456833499,2019-06
2306405,Itapipoca,CE,2019,6,1.0,inpe_bdq_aqua_ref,climatology_regional_intensity12,0.3280768370500497,2019-06
2306900,Jaguaribe,CE,2019,6,0.0,inpe_bdq_aqua_ref,climatology_regional_intensity12,0.03645298189444997,2019-06
2307007,Jaguaruana,CE,2019,6,0.0,inpe_bdq_aqua_ref,climatology_regional_intensity12,0.0,2019-06
2307106,Jardim,CE,2019,6,0.0,inpe_bdq_legacy,climatology_regional_intensity12,0.0,2019-06
2307205,Jati,CE,2019,6,0.0,inpe_bdq_legacy,climatology_regional_intensity12,0.0,2019-06
2307304,Juazeiro do Norte,CE,2019,6,0.0,inpe_bdq_legacy,climatology_regional_intensity12,0.0,2019-06
2308401,Missão Velha,CE,2019,6,0.0,inpe_bdq_legacy,climatology_regional_intensity12,0.07290596378889994,2019-06
2308708,Morada Nova,CE,2019,6,1.0,inpe_bdq_aqua_ref,climatology_regional_intensity12,0.07290596378889994,2019-06
2309201,Nova Olinda,CE,2019,6,0.0,inpe_bdq_legacy,climatology_regional_intensity12,0.0,2019-06
2310605,Penaforte,CE,2019,6,0.0,inpe_bdq_legacy,climatology_regional_intensity12,0.0,2019-06
2311108,Porteiras,CE,2019,6,0.0,inpe_bdq_legacy,climatology_regional_intensity12,0.03645298189444997,2019-06
2311207,Potengi,CE,2019,6,0.0,inpe_bdq_legacy,climatology_regional_intensity12,0.0,2019-06
2311306,Quixadá,CE,2019,6,0.0,inpe_bdq_aqua_ref,climatology_regional_intensity12,0.03645298189444997,2019-06
2311405,Quixeramobim,CE,2019,6,0.0,inpe_bdq_aqua_ref,climatology_regional_intensity12,0.1093589456833499,2019-06
2311959,Salitre,CE,2019,6,0.0,inpe_bdq_legacy,climatology_regional_intensity12,0.07290596378889994,2019-06
2312106,Santana do Cariri,CE,2019,6,0.0,inpe_bdq_legacy,climatology_regional_intensity12,0.0,2019-06
2312908,Sobral,CE,2019,6,0.0,inpe_bdq_aqua_ref,climatology_regional_intensity12,0.14581192757779987,2019-06
2313302,Tauá,CE,2019,6,2.0,inpe_bdq_aqua_ref,climatology_regional_intensity12,0.0,2019-06
2313401,Tianguá,CE,2019,6,0.0,inpe_bdq_aqua_ref,climatology_regional_intensity12,0.07290596378889994,2019-06
2300101,Abaiara,CE,2019,7,0.0,inpe_bdq_legacy,climatology_municipal,0.2,2019-07
2300200,Acaraú,CE,2019,7,0.0,inpe_bdq_aqua_ref,climatology_municipal,1.4,2019-07
2301307,Araripe,CE,2019,7,1.0,inpe_bdq_legacy,climatology_municipal,0.3333333333333333,2019-07
2301604,Assaré,CE,2019,7,0.0,inpe_bdq_legacy,climatology_municipal,0.06666666666666667,2019-07
2301901,Barbalha,CE,2019,7,0.0,inpe_bdq_aqua_ref,climatology_municipal,0.0625,2019-07
2302503,Brejo Santo,CE,2019,7,0.0,inpe_bdq_legacy,climatology_municipal,0.2,2019-07
2302701,Campos Sales,CE,2019,7,0.0,inpe_bdq_aqua_ref,climatology_municipal,0.0,2019-07
2304103,Crateús,CE,2019,7,0.0,inpe_bdq_aqua_ref,climatology_municipal,0.6,2019-07
2304202,Crato,CE,2019,7,0.0,inpe_bdq_legacy,climatology_municipal,0.0,2019-07
2304400,Fortaleza,CE,2019,7,0.0,inpe_bdq_aqua_ref,climatology_municipal,0.06666666666666667,2019-07
2305100,Guaramiranga,CE,2019,7,0.0,inpe_bdq_aqua_ref,climatology_municipal,0.0,2019-07
2305506,Iguatu,CE,2019,7,1.0,inpe_bdq_aqua_ref,climatology_municipal,0.8666666666666667,2019-07
2306405,Itapipoca,CE,2019,7,0.0,inpe_bdq_aqua_ref,climatology_municipal,0.8,2019-07
2306900,Jaguaribe,CE,2019,7,0.0,inpe_bdq_aqua_ref,climatology_municipal,0.13333333333333333,2019-07
2307007,Jaguaruana,CE,2019,7,0.0,inpe_bdq_aqua_ref,climatology_municipal,0.26666666666666666,2019-07
2307106,Jardim,CE,2019,7,0.0,inpe_bdq_legacy,climatology_municipal,0.0,2019-07
2307205,Jati,CE,2019,7,0.0,inpe_bdq_legacy,climatology_municipal,0.0,2019-07
2307304,Juazeiro do Norte,CE,2019,7,1.0,inpe_bdq_legacy,climatology_municipal,0.26666666666666666,2019-07
2308401,Missão Velha,CE,2019,7,0.0,inpe_bdq_legacy,climatology_municipal,0.13333333333333333,2019-07
2308708,Morada Nova,CE,2019,7,0.0,inpe_bdq_aqua_ref,climatology_municipal,0.0,2019-07
2309201,Nova Olinda,CE,2019,7,0.0,inpe_bdq_legacy,climatology_municipal,0.4666666666666667,2019-07
2310605,Penaforte,CE,2019,7,0.0,inpe_bdq_legacy,climatology_municipal,0.0,2019-07
2311108,Porteiras,CE,2019,7,0.0,inpe_bdq_legacy,climatology_municipal,0.2,2019-07
2311207,Potengi,CE,2019,7,0.0,inpe_bdq_legacy,climatology_municipal,0.13333333333333333,2019-07
2311306,Quixadá,CE,2019,7,0.0,inpe_bdq_aqua_ref,climatology_municipal,0.4666666666666667,2019-07
2311405,Quixeramobim,CE,2019,7,0.0,inpe_bdq_aqua_ref,climatology_municipal,0.4,2019-07
2311959,Salitre,CE,2019,7,0.0,inpe_bdq_legacy,climatology_municipal,0.0,2019-07
2312106,Santana do Cariri,CE,2019,7,0.0,inpe_bdq_legacy,climatology_municipal,0.26666666666666666,2019-07
2312908,Sobral,CE,2019,7,0.0,inpe_bdq_aqua_ref,climatology_municipal,0.8,2019-07
2313302,Tauá,CE,2019,7,0.0,inpe_bdq_aqua_ref,climatology_municipal,0.26666666666666666,2019-07
2313401,Tianguá,CE,2019,7,0.0,inpe_bdq_aqua_ref,climatology_municipal,0.3333333333333333,2019-07
2300101,Abaiara,CE,2019,7,0.0,inpe_bdq_legacy,climatology_regional_intensity12,0.10986104871140126,2019-07
2300200,Acaraú,CE,2019,7,0.0,inpe_bdq_aqua_ref,climatology_regional_intensity12,0.7690273409798087,2019-07
2301307,Araripe,CE,2019,7,1.0,inpe_bdq_legacy,climatology_regional_intensity12,0.1831017478523354,2019-07
2301604,Assaré,CE,2019,7,0.0,inpe_bdq_legacy,climatology_regional_intensity12,0.03662034957046709,2019-07
2301901,Barbalha,CE,2019,7,0.0,inpe_bdq_aqua_ref,climatology_regional_intensity12,0.03433157772231289,2019-07
2302503,Brejo Santo,CE,2019,7,0.0,inpe_bdq_legacy,climatology_regional_intensity12,0.10986104871140126,2019-07
2302701,Campos Sales,CE,2019,7,0.0,inpe_bdq_aqua_ref,climatology_regional_intensity12,0.0,2019-07
2304103,Crateús,CE,2019,7,0.0,inpe_bdq_aqua_ref,climatology_regional_intensity12,0.32958314613420375,2019-07
2304202,Crato,CE,2019,7,0.0,inpe_bdq_legacy,climatology_regional_intensity12,0.0,2019-07
2304400,Fortaleza,CE,2019,7,0.0,inpe_bdq_aqua_ref,climatology_regional_intensity12,0.03662034957046709,2019-07
2305100,Guaramiranga,CE,2019,7,0.0,inpe_bdq_aqua_ref,climatology_regional_intensity12,0.0,2019-07
2305506,Iguatu,CE,2019,7,1.0,inpe_bdq_aqua_ref,climatology_regional_intensity12,0.4760645444160721,2019-07
2306405,Itapipoca,CE,2019,7,0.0,inpe_bdq_aqua_ref,climatology_regional_intensity12,0.43944419484560504,2019-07
2306900,Jaguaribe,CE,2019,7,0.0,inpe_bdq_aqua_ref,climatology_regional_intensity12,0.07324069914093417,2019-07
2307007,Jaguaruana,CE,2019,7,0.0,inpe_bdq_aqua_ref,climatology_regional_intensity12,0.14648139828186835,2019-07
2307106,Jardim,CE,2019,7,0.0,inpe_bdq_legacy,climatology_regional_intensity12,0.0,2019-07
2307205,Jati,CE,2019,7,0.0,inpe_bdq_legacy,climatology_regional_intensity12,0.0,2019-07
2307304,Juazeiro do Norte,CE,2019,7,1.0,inpe_bdq_legacy,climatology_regional_intensity12,0.14648139828186835,2019-07
2308401,Missão Velha,CE,2019,7,0.0,inpe_bdq_legacy,climatology_regional_intensity12,0.07324069914093417,2019-07
2308708,Morada Nova,CE,2019,7,0.0,inpe_bdq_aqua_ref,climatology_regional_intensity12,0.0,2019-07
2309201,Nova Olinda,CE,2019,7,0.0,inpe_bdq_legacy,climatology_regional_intensity12,0.2563424469932696,2019-07
2310605,Penaforte,CE,2019,7,0.0,inpe_bdq_legacy,climatology_regional_intensity12,0.0,2019-07
2311108,Porteiras,CE,2019,7,0.0,inpe_bdq_legacy,climatology_regional_intensity12,0.10986104871140126,2019-07
2311207,Potengi,CE,2019,7,0.0,inpe_bdq_legacy,climatology_regional_intensity12,0.07324069914093417,2019-07
2311306,Quixadá,CE,2019,7,0.0,inpe_bdq_aqua_ref,climatology_regional_intensity12,0.2563424469932696,2019-07
2311405,Quixeramobim,CE,2019,7,0.0,inpe_bdq_aqua_ref,climatology_regional_intensity12,0.21972209742280252,2019-07
2311959,Salitre,CE,2019,7,0.0,inpe_bdq_legacy,climatology_regional_intensity12,0.0,2019-07
2312106,Santana do Cariri,CE,2019,7,0.0,inpe_bdq_legacy,climatology_regional_intensity12,0.14648139828186835,2019-07
2312908,Sobral,CE,2019,7,0.0,inpe_bdq_aqua_ref,climatology_regional_intensity12,0.43944419484560504,2019-07
2313302,Tauá,CE,2019,7,0.0,inpe_bdq_aqua_ref,climatology_regional_intensity12,0.14648139828186835,2019-07
2313401,Tianguá,CE,2019,7,0.0,inpe_bdq_aqua_ref,climatology_regional_intensity12,0.1831017478523354,2019-07
2300101,Abaiara,CE,2019,8,4.0,inpe_bdq_legacy,climatology_municipal,0.2,2019-08
2300200,Acaraú,CE,2019,8,4.0,inpe_bdq_aqua_ref,climatology_municipal,1.2666666666666666,2019-08
2301307,Araripe,CE,2019,8,1.0,inpe_bdq_legacy,climatology_municipal,1.0625,2019-08
2301604,Assaré,CE,2019,8,4.0,inpe_bdq_legacy,climatology_municipal,0.9333333333333333,2019-08
2301901,Barbalha,CE,2019,8,3.0,inpe_bdq_aqua_ref,climatology_municipal,1.0,2019-08
2302503,Brejo Santo,CE,2019,8,0.0,inpe_bdq_legacy,climatology_municipal,0.2,2019-08
2302701,Campos Sales,CE,2019,8,0.0,inpe_bdq_aqua_ref,climatology_municipal,0.2,2019-08
2304103,Crateús,CE,2019,8,3.0,inpe_bdq_aqua_ref,climatology_municipal,2.3333333333333335,2019-08
2304202,Crato,CE,2019,8,1.0,inpe_bdq_legacy,climatology_municipal,1.625,2019-08
2304400,Fortaleza,CE,2019,8,0.0,inpe_bdq_aqua_ref,climatology_municipal,0.46153846153846156,2019-08
2305100,Guaramiranga,CE,2019,8,0.0,inpe_bdq_aqua_ref,climatology_municipal,0.0,2019-08
2305506,Iguatu,CE,2019,8,0.0,inpe_bdq_aqua_ref,climatology_municipal,1.4666666666666666,2019-08
2306405,Itapipoca,CE,2019,8,1.0,inpe_bdq_aqua_ref,climatology_municipal,3.3333333333333335,2019-08
2306900,Jaguaribe,CE,2019,8,5.0,inpe_bdq_aqua_ref,climatology_municipal,0.6,2019-08
2307007,Jaguaruana,CE,2019,8,3.0,inpe_bdq_aqua_ref,climatology_municipal,0.9090909090909091,2019-08
2307106,Jardim,CE,2019,8,0.0,inpe_bdq_legacy,climatology_municipal,0.13333333333333333,2019-08
2307205,Jati,CE,2019,8,0.0,inpe_bdq_legacy,climatology_municipal,0.0,2019-08
2307304,Juazeiro do Norte,CE,2019,8,0.0,inpe_bdq_legacy,climatology_municipal,0.8571428571428571,2019-08
2308401,Missão Velha,CE,2019,8,3.0,inpe_bdq_legacy,climatology_municipal,0.4666666666666667,2019-08
2308708,Morada Nova,CE,2019,8,1.0,inpe_bdq_aqua_ref,climatology_municipal,1.4666666666666666,2019-08
2309201,Nova Olinda,CE,2019,8,0.0,inpe_bdq_legacy,climatology_municipal,0.26666666666666666,2019-08
2310605,Penaforte,CE,2019,8,0.0,inpe_bdq_legacy,climatology_municipal,0.0,2019-08
2311108,Porteiras,CE,2019,8,0.0,inpe_bdq_legacy,climatology_municipal,0.0,2019-08
2311207,Potengi,CE,2019,8,0.0,inpe_bdq_legacy,climatology_municipal,0.0,2019-08
2311306,Quixadá,CE,2019,8,0.0,inpe_bdq_aqua_ref,climatology_municipal,1.0,2019-08
2311405,Quixeramobim,CE,2019,8,0.0,inpe_bdq_aqua_ref,climatology_municipal,1.2,2019-08
2311959,Salitre,CE,2019,8,0.0,inpe_bdq_legacy,climatology_municipal,0.3125,2019-08
2312106,Santana do Cariri,CE,2019,8,0.0,inpe_bdq_legacy,climatology_municipal,0.75,2019-08
2312908,Sobral,CE,2019,8,1.0,inpe_bdq_aqua_ref,climatology_municipal,7.066666666666666,2019-08
2313302,Tauá,CE,2019,8,2.0,inpe_bdq_aqua_ref,climatology_municipal,0.3333333333333333,2019-08
2313401,Tianguá,CE,2019,8,0.0,inpe_bdq_aqua_ref,climatology_municipal,1.0666666666666667,2019-08
2300101,Abaiara,CE,2019,8,4.0,inpe_bdq_legacy,climatology_regional_intensity12,0.10919227942780617,2019-08
2300200,Acaraú,CE,2019,8,4.0,inpe_bdq_aqua_ref,climatology_regional_intensity12,0.6915511030427723,2019-08
2301307,Araripe,CE,2019,8,1.0,inpe_bdq_legacy,climatology_regional_intensity12,0.5800839844602202,2019-08
2301604,Assaré,CE,2019,8,4.0,inpe_bdq_legacy,climatology_regional_intensity12,0.5095639706630954,2019-08
2301901,Barbalha,CE,2019,8,3.0,inpe_bdq_aqua_ref,climatology_regional_intensity12,0.5459613971390308,2019-08
2302503,Brejo Santo,CE,2019,8,0.0,inpe_bdq_legacy,climatology_regional_intensity12,0.10919227942780617,2019-08
2302701,Campos Sales,CE,2019,8,0.0,inpe_bdq_aqua_ref,climatology_regional_intensity12,0.10919227942780617,2019-08
2304103,Crateús,CE,2019,8,3.0,inpe_bdq_aqua_ref,climatology_regional_intensity12,1.2739099266577387,2019-08
2304202,Crato,CE,2019,8,1.0,inpe_bdq_legacy,climatology_regional_intensity12,0.887187270350925,2019-08
2304400,Fortaleza,CE,2019,8,0.0,inpe_bdq_aqua_ref,climatology_regional_intensity12,0.2519821832949373,2019-08
2305100,Guaramiranga,CE,2019,8,0.0,inpe_bdq_aqua_ref,climatology_regional_intensity12,0.0,2019-08
2305506,Iguatu,CE,2019,8,0.0,inpe_bdq_aqua_ref,climatology_regional_intensity12,0.8007433824705784,2019-08
2306405,Itapipoca,CE,2019,8,1.0,inpe_bdq_aqua_ref,climatology_regional_intensity12,1.8198713237967694,2019-08
2306900,Jaguaribe,CE,2019,8,5.0,inpe_bdq_aqua_ref,climatology_regional_intensity12,0.3275768382834185,2019-08
2307007,Jaguaruana,CE,2019,8,3.0,inpe_bdq_aqua_ref,climatology_regional_intensity12,0.49632854285366435,2019-08
2307106,Jardim,CE,2019,8,0.0,inpe_bdq_legacy,climatology_regional_intensity12,0.07279485295187077,2019-08
2307205,Jati,CE,2019,8,0.0,inpe_bdq_legacy,climatology_regional_intensity12,0.0,2019-08
2307304,Juazeiro do Norte,CE,2019,8,0.0,inpe_bdq_legacy,climatology_regional_intensity12,0.46796691183345496,2019-08
2308401,Missão Velha,CE,2019,8,3.0,inpe_bdq_legacy,climatology_regional_intensity12,0.2547819853315477,2019-08
2308708,Morada Nova,CE,2019,8,1.0,inpe_bdq_aqua_ref,climatology_regional_intensity12,0.8007433824705784,2019-08
2309201,Nova Olinda,CE,2019,8,0.0,inpe_bdq_legacy,climatology_regional_intensity12,0.14558970590374154,2019-08
2310605,Penaforte,CE,2019,8,0.0,inpe_bdq_legacy,climatology_regional_intensity12,0.0,2019-08
2311108,Porteiras,CE,2019,8,0.0,inpe_bdq_legacy,climatology_regional_intensity12,0.0,2019-08
2311207,Potengi,CE,2019,8,0.0,inpe_bdq_legacy,climatology_regional_intensity12,0.0,2019-08
2311306,Quixadá,CE,2019,8,0.0,inpe_bdq_aqua_ref,climatology_regional_intensity12,0.5459613971390308,2019-08
2311405,Quixeramobim,CE,2019,8,0.0,inpe_bdq_aqua_ref,climatology_regional_intensity12,0.655153676566837,2019-08
2311959,Salitre,CE,2019,8,0.0,inpe_bdq_legacy,climatology_regional_intensity12,0.17061293660594712,2019-08
2312106,Santana do Cariri,CE,2019,8,0.0,inpe_bdq_legacy,climatology_regional_intensity12,0.40947104785427313,2019-08
2312908,Sobral,CE,2019,8,1.0,inpe_bdq_aqua_ref,climatology_regional_intensity12,3.8581272064491507,2019-08
2313302,Tauá,CE,2019,8,2.0,inpe_bdq_aqua_ref,climatology_regional_intensity12,0.18198713237967692,2019-08
2313401,Tianguá,CE,2019,8,0.0,inpe_bdq_aqua_ref,climatology_regional_intensity12,0.5823588236149662,2019-08
2300101,Abaiara,CE,2019,9,0.0,inpe_bdq_legacy,climatology_municipal,0.3333333333333333,2019-09
2300200,Acaraú,CE,2019,9,0.0,inpe_bdq_aqua_ref,climatology_municipal,2.066666666666667,2019-09
2301307,Araripe,CE,2019,9,9.0,inpe_bdq_legacy,climatology_municipal,7.375,2019-09
2301604,Assaré,CE,2019,9,0.0,inpe_bdq_legacy,climatology_municipal,1.25,2019-09
2301901,Barbalha,CE,2019,9,4.0,inpe_bdq_aqua_ref,climatology_municipal,2.625,2019-09
2302503,Brejo Santo,CE,2019,9,2.0,inpe_bdq_legacy,climatology_municipal,1.3125,2019-09
2302701,Campos Sales,CE,2019,9,0.0,inpe_bdq_aqua_ref,climatology_municipal,1.4375,2019-09
2304103,Crateús,CE,2019,9,3.0,inpe_bdq_aqua_ref,climatology_municipal,3.1333333333333333,2019-09
2304202,Crato,CE,2019,9,0.0,inpe_bdq_legacy,climatology_municipal,3.8125,2019-09
2304400,Fortaleza,CE,2019,9,0.0,inpe_bdq_aqua_ref,climatology_municipal,0.6153846153846154,2019-09
2305100,Guaramiranga,CE,2019,9,0.0,inpe_bdq_aqua_ref,climatology_municipal,0.0,2019-09
2305506,Iguatu,CE,2019,9,9.0,inpe_bdq_aqua_ref,climatology_municipal,4.0,2019-09
2306405,Itapipoca,CE,2019,9,2.0,inpe_bdq_aqua_ref,climatology_municipal,3.7333333333333334,2019-09
2306900,Jaguaribe,CE,2019,9,3.0,inpe_bdq_aqua_ref,climatology_municipal,1.0,2019-09
2307007,Jaguaruana,CE,2019,9,2.0,inpe_bdq_aqua_ref,climatology_municipal,0.7272727272727273,2019-09
2307106,Jardim,CE,2019,9,0.0,inpe_bdq_legacy,climatology_municipal,1.6,2019-09
2307205,Jati,CE,2019,9,0.0,inpe_bdq_legacy,climatology_municipal,0.625,2019-09
2307304,Juazeiro do Norte,CE,2019,9,2.0,inpe_bdq_legacy,climatology_municipal,0.9285714285714286,2019-09
2308401,Missão Velha,CE,2019,9,8.0,inpe_bdq_legacy,climatology_municipal,2.875,2019-09
2308708,Morada Nova,CE,2019,9,2.0,inpe_bdq_aqua_ref,climatology_municipal,1.2666666666666666,2019-09
2309201,Nova Olinda,CE,2019,9,0.0,inpe_bdq_legacy,climatology_municipal,0.8,2019-09
2310605,Penaforte,CE,2019,9,0.0,inpe_bdq_legacy,climatology_municipal,0.0,2019-09
2311108,Porteiras,CE,2019,9,0.0,inpe_bdq_legacy,climatology_municipal,1.1538461538461537,2019-09
2311207,Potengi,CE,2019,9,0.0,inpe_bdq_legacy,climatology_municipal,1.1875,2019-09
2311306,Quixadá,CE,2019,9,6.0,inpe_bdq_aqua_ref,climatology_municipal,3.3333333333333335,2019-09
2311405,Quixeramobim,CE,2019,9,5.0,inpe_bdq_aqua_ref,climatology_municipal,3.1333333333333333,2019-09
2311959,Salitre,CE,2019,9,0.0,inpe_bdq_legacy,climatology_municipal,1.5625,2019-09
2312106,Santana do Cariri,CE,2019,9,3.0,inpe_bdq_legacy,climatology_municipal,3.625,2019-09
2312908,Sobral,CE,2019,9,13.0,inpe_bdq_aqua_ref,climatology_municipal,10.266666666666667,2019-09
2313302,Tauá,CE,2019,9,0.0,inpe_bdq_aqua_ref,climatology_municipal,2.3333333333333335,2019-09
2313401,Tianguá,CE,2019,9,5.0,inpe_bdq_aqua_ref,climatology_municipal,1.1333333333333333,2019-09
2300101,Abaiara,CE,2019,9,0.0,inpe_bdq_legacy,climatology_regional_intensity12,0.1822196305125399,2019-09
2300200,Acaraú,CE,2019,9,0.0,inpe_bdq_aqua_ref,climatology_regional_intensity12,1.1297617091777474,2019-09
2301307,Araripe,CE,2019,9,9.0,inpe_bdq_legacy,climatology_regional_intensity12,4.031609325089946,2019-09
2301604,Assaré,CE,2019,9,0.0,inpe_bdq_legacy,climatology_regional_intensity12,0.6833236144220246,2019-09
2301901,Barbalha,CE,2019,9,4.0,inpe_bdq_aqua_ref,climatology_regional_intensity12,1.4349795902862517,2019-09
2302503,Brejo Santo,CE,2019,9,2.0,inpe_bdq_legacy,climatology_regional_intensity12,0.7174897951431258,2019-09
2302701,Campos Sales,CE,2019,9,0.0,inpe_bdq_aqua_ref,climatology_regional_intensity12,0.7858221565853283,2019-09
2304103,Crateús,CE,2019,9,3.0,inpe_bdq_aqua_ref,climatology_regional_intensity12,1.712864526817875,2019-09
2304202,Crato,CE,2019,9,0.0,inpe_bdq_legacy,climatology_regional_intensity12,2.084137023987175,2019-09
2304400,Fortaleza,CE,2019,9,0.0,inpe_bdq_aqua_ref,climatology_regional_intensity12,0.3364054717154583,2019-09
2305100,Guaramiranga,CE,2019,9,0.0,inpe_bdq_aqua_ref,climatology_regional_intensity12,0.0,2019-09
2305506,Iguatu,CE,2019,9,9.0,inpe_bdq_aqua_ref,climatology_regional_intensity12,2.186635566150479,2019-09
2306405,Itapipoca,CE,2019,9,2.0,inpe_bdq_aqua_ref,climatology_regional_intensity12,2.0408598617404468,2019-09
2306900,Jaguaribe,CE,2019,9,3.0,inpe_bdq_aqua_ref,climatology_regional_intensity12,0.5466588915376197,2019-09
2307007,Jaguaruana,CE,2019,9,2.0,inpe_bdq_aqua_ref,climatology_regional_intensity12,0.39757010293645073,2019-09
2307106,Jardim,CE,2019,9,0.0,inpe_bdq_legacy,climatology_regional_intensity12,0.8746542264601915,2019-09
2307205,Jati,CE,2019,9,0.0,inpe_bdq_legacy,climatology_regional_intensity12,0.3416618072110123,2019-09
2307304,Juazeiro do Norte,CE,2019,9,2.0,inpe_bdq_legacy,climatology_regional_intensity12,0.5076118278563612,2019-09
2308401,Missão Velha,CE,2019,9,8.0,inpe_bdq_legacy,climatology_regional_intensity12,1.5716443131706566,2019-09
2308708,Morada Nova,CE,2019,9,2.0,inpe_bdq_aqua_ref,climatology_regional_intensity12,0.6924345959476516,2019-09
2309201,Nova Olinda,CE,2019,9,0.0,inpe_bdq_legacy,climatology_regional_intensity12,0.43732711323009577,2019-09
2310605,Penaforte,CE,2019,9,0.0,inpe_bdq_legacy,climatology_regional_intensity12,0.0,2019-09
2311108,Porteiras,CE,2019,9,0.0,inpe_bdq_legacy,climatology_regional_intensity12,0.6307602594664842,2019-09
2311207,Potengi,CE,2019,9,0.0,inpe_bdq_legacy,climatology_regional_intensity12,0.6491574337009234,2019-09
2311306,Quixadá,CE,2019,9,6.0,inpe_bdq_aqua_ref,climatology_regional_intensity12,1.822196305125399,2019-09
2311405,Quixeramobim,CE,2019,9,5.0,inpe_bdq_aqua_ref,climatology_regional_intensity12,1.712864526817875,2019-09
2311959,Salitre,CE,2019,9,0.0,inpe_bdq_legacy,climatology_regional_intensity12,0.8541545180275308,2019-09
2312106,Santana do Cariri,CE,2019,9,3.0,inpe_bdq_legacy,climatology_regional_intensity12,1.9816384818238715,2019-09
2312908,Sobral,CE,2019,9,13.0,inpe_bdq_aqua_ref,climatology_regional_intensity12,5.61236461978623,2019-09
2313302,Tauá,CE,2019,9,0.0,inpe_bdq_aqua_ref,climatology_regional_intensity12,1.2755374135877795,2019-09
2313401,Tianguá,CE,2019,9,5.0,inpe_bdq_aqua_ref,climatology_regional_intensity12,0.6195467437426356,2019-09
2300101,Abaiara,CE,2019,10,5.0,inpe_bdq_legacy,climatology_municipal,0.6875,2019-10
2300200,Acaraú,CE,2019,10,0.0,inpe_bdq_aqua_ref,climatology_municipal,1.9333333333333333,2019-10
2301307,Araripe,CE,2019,10,4.0,inpe_bdq_legacy,climatology_municipal,12.4375,2019-10
2301604,Assaré,CE,2019,10,5.0,inpe_bdq_legacy,climatology_municipal,3.25,2019-10
2301901,Barbalha,CE,2019,10,11.0,inpe_bdq_aqua_ref,climatology_municipal,2.625,2019-10
2302503,Brejo Santo,CE,2019,10,4.0,inpe_bdq_legacy,climatology_municipal,3.0625,2019-10
2302701,Campos Sales,CE,2019,10,1.0,inpe_bdq_aqua_ref,climatology_municipal,2.8125,2019-10
2304103,Crateús,CE,2019,10,26.0,inpe_bdq_aqua_ref,climatology_municipal,44.266666666666666,2019-10
2304202,Crato,CE,2019,10,9.0,inpe_bdq_legacy,climatology_municipal,9.25,2019-10
2304400,Fortaleza,CE,2019,10,0.0,inpe_bdq_aqua_ref,climatology_municipal,0.9230769230769231,2019-10
2305100,Guaramiranga,CE,2019,10,0.0,inpe_bdq_aqua_ref,climatology_municipal,0.07692307692307693,2019-10
2305506,Iguatu,CE,2019,10,9.0,inpe_bdq_aqua_ref,climatology_municipal,3.2666666666666666,2019-10
2306405,Itapipoca,CE,2019,10,4.0,inpe_bdq_aqua_ref,climatology_municipal,3.0,2019-10
2306900,Jaguaribe,CE,2019,10,4.0,inpe_bdq_aqua_ref,climatology_municipal,1.8666666666666667,2019-10
2307007,Jaguaruana,CE,2019,10,6.0,inpe_bdq_aqua_ref,climatology_municipal,0.8181818181818182,2019-10
2307106,Jardim,CE,2019,10,6.0,inpe_bdq_legacy,climatology_municipal,2.5,2019-10
2307205,Jati,CE,2019,10,5.0,inpe_bdq_legacy,climatology_municipal,2.8125,2019-10
2307304,Juazeiro do Norte,CE,2019,10,7.0,inpe_bdq_legacy,climatology_municipal,2.642857142857143,2019-10
2308401,Missão Velha,CE,2019,10,6.0,inpe_bdq_legacy,climatology_municipal,5.3125,2019-10
2308708,Morada Nova,CE,2019,10,0.0,inpe_bdq_aqua_ref,climatology_municipal,5.0,2019-10
2309201,Nova Olinda,CE,2019,10,1.0,inpe_bdq_legacy,climatology_municipal,0.9375,2019-10
2310605,Penaforte,CE,2019,10,0.0,inpe_bdq_legacy,climatology_municipal,0.2,2019-10
2311108,Porteiras,CE,2019,10,1.0,inpe_bdq_legacy,climatology_municipal,0.9285714285714286,2019-10
2311207,Potengi,CE,2019,10,8.0,inpe_bdq_legacy,climatology_municipal,1.6875,2019-10
2311306,Quixadá,CE,2019,10,10.0,inpe_bdq_aqua_ref,climatology_municipal,19.466666666666665,2019-10
2311405,Quixeramobim,CE,2019,10,31.0,inpe_bdq_aqua_ref,climatology_municipal,38.0,2019-10
2311959,Salitre,CE,2019,10,1.0,inpe_bdq_legacy,climatology_municipal,4.3125,2019-10
2312106,Santana do Cariri,CE,2019,10,9.0,inpe_bdq_legacy,climatology_municipal,7.0625,2019-10
2312908,Sobral,CE,2019,10,10.0,inpe_bdq_aqua_ref,climatology_municipal,16.4,2019-10
2313302,Tauá,CE,2019,10,8.0,inpe_bdq_aqua_ref,climatology_municipal,8.2,2019-10
2313401,Tianguá,CE,2019,10,11.0,inpe_bdq_aqua_ref,climatology_municipal,3.066666666666667,2019-10
2300101,Abaiara,CE,2019,10,5.0,inpe_bdq_legacy,climatology_regional_intensity12,0.37564029753453276,2019-10
2300200,Acaraú,CE,2019,10,0.0,inpe_bdq_aqua_ref,climatology_regional_intensity12,1.0563460488243832,2019-10
2301307,Araripe,CE,2019,10,4.0,inpe_bdq_legacy,climatology_regional_intensity12,6.795674473579275,2019-10
2301604,Assaré,CE,2019,10,5.0,inpe_bdq_legacy,climatology_regional_intensity12,1.7757541337996097,2019-10
2301901,Barbalha,CE,2019,10,11.0,inpe_bdq_aqua_ref,climatology_regional_intensity12,1.4342629542227616,2019-10
2302503,Brejo Santo,CE,2019,10,4.0,inpe_bdq_legacy,climatology_regional_intensity12,1.673306779926555,2019-10
2302701,Campos Sales,CE,2019,10,1.0,inpe_bdq_aqua_ref,climatology_regional_intensity12,1.536710308095816,2019-10
2304103,Crateús,CE,2019,10,26.0,inpe_bdq_aqua_ref,climatology_regional_intensity12,24.18668194549622,2019-10
2304202,Crato,CE,2019,10,9.0,inpe_bdq_legacy,climatology_regional_intensity12,5.05406945773735,2019-10
2304400,Fortaleza,CE,2019,10,0.0,inpe_bdq_aqua_ref,climatology_regional_intensity12,0.5043562036827294,2019-10
2305100,Guaramiranga,CE,2019,10,0.0,inpe_bdq_aqua_ref,climatology_regional_intensity12,0.042029683640227446,2019-10
2305506,Iguatu,CE,2019,10,9.0,inpe_bdq_aqua_ref,climatology_regional_intensity12,1.784860565254992,2019-10
2306405,Itapipoca,CE,2019,10,4.0,inpe_bdq_aqua_ref,climatology_regional_intensity12,1.6391576619688704,2019-10
2306900,Jaguaribe,CE,2019,10,4.0,inpe_bdq_aqua_ref,climatology_regional_intensity12,1.0199203230028526,2019-10
2307007,Jaguaruana,CE,2019,10,6.0,inpe_bdq_aqua_ref,climatology_regional_intensity12,0.44704299871878284,2019-10
2307106,Jardim,CE,2019,10,6.0,inpe_bdq_legacy,climatology_regional_intensity12,1.365964718307392,2019-10
2307205,Jati,CE,2019,10,5.0,inpe_bdq_legacy,climatology_regional_intensity12,1.536710308095816,2019-10
2307304,Juazeiro do Norte,CE,2019,10,7.0,inpe_bdq_legacy,climatology_regional_intensity12,1.4440198450678143,2019-10
2308401,Missão Velha,CE,2019,10,6.0,inpe_bdq_legacy,climatology_regional_intensity12,2.902675026403208,2019-10
2308708,Morada Nova,CE,2019,10,0.0,inpe_bdq_aqua_ref,climatology_regional_intensity12,2.731929436614784,2019-10
2309201,Nova Olinda,CE,2019,10,1.0,inpe_bdq_legacy,climatology_regional_intensity12,0.512236769365272,2019-10
2310605,Penaforte,CE,2019,10,0.0,inpe_bdq_legacy,climatology_regional_intensity12,0.10927717746459137,2019-10
2311108,Porteiras,CE,2019,10,1.0,inpe_bdq_legacy,climatology_regional_intensity12,0.5073583239427456,2019-10
2311207,Potengi,CE,2019,10,8.0,inpe_bdq_legacy,climatology_regional_intensity12,0.9220261848574896,2019-10
2311306,Quixadá,CE,2019,10,10.0,inpe_bdq_aqua_ref,climatology_regional_intensity12,10.636311939886891,2019-10
2311405,Quixeramobim,CE,2019,10,31.0,inpe_bdq_aqua_ref,climatology_regional_intensity12,20.762663718272357,2019-10
2311959,Salitre,CE,2019,10,1.0,inpe_bdq_legacy,climatology_regional_intensity12,2.356289139080251,2019-10
2312106,Santana do Cariri,CE,2019,10,9.0,inpe_bdq_legacy,climatology_regional_intensity12,3.8588503292183822,2019-10
2312908,Sobral,CE,2019,10,10.0,inpe_bdq_aqua_ref,climatology_regional_intensity12,8.96072855209649,2019-10
2313302,Tauá,CE,2019,10,8.0,inpe_bdq_aqua_ref,climatology_regional_intensity12,4.480364276048245,2019-10
2313401,Tianguá,CE,2019,10,11.0,inpe_bdq_aqua_ref,climatology_regional_intensity12,1.675583387790401,2019-10
2300101,Abaiara,CE,2019,11,2.0,inpe_bdq_legacy,climatology_municipal,3.0,2019-11
2300200,Acaraú,CE,2019,11,5.0,inpe_bdq_aqua_ref,climatology_municipal,9.266666666666667,2019-11
2301307,Araripe,CE,2019,11,9.0,inpe_bdq_legacy,climatology_municipal,14.1875,2019-11
2301604,Assaré,CE,2019,11,3.0,inpe_bdq_legacy,climatology_municipal,5.25,2019-11
2301901,Barbalha,CE,2019,11,7.0,inpe_bdq_aqua_ref,climatology_municipal,5.1875,2019-11
2302503,Brejo Santo,CE,2019,11,1.0,inpe_bdq_legacy,climatology_municipal,5.375,2019-11
2302701,Campos Sales,CE,2019,11,1.0,inpe_bdq_aqua_ref,climatology_municipal,3.1875,2019-11
2304103,Crateús,CE,2019,11,54.0,inpe_bdq_aqua_ref,climatology_municipal,61.266666666666666,2019-11
2304202,Crato,CE,2019,11,11.0,inpe_bdq_legacy,climatology_municipal,10.5625,2019-11
2304400,Fortaleza,CE,2019,11,2.0,inpe_bdq_aqua_ref,climatology_municipal,1.2307692307692308,2019-11
2305100,Guaramiranga,CE,2019,11,0.0,inpe_bdq_aqua_ref,climatology_municipal,0.5384615384615384,2019-11
2305506,Iguatu,CE,2019,11,19.0,inpe_bdq_aqua_ref,climatology_municipal,7.6,2019-11
2306405,Itapipoca,CE,2019,11,20.0,inpe_bdq_aqua_ref,climatology_municipal,23.533333333333335,2019-11
2306900,Jaguaribe,CE,2019,11,3.0,inpe_bdq_aqua_ref,climatology_municipal,3.8666666666666667,2019-11
2307007,Jaguaruana,CE,2019,11,0.0,inpe_bdq_aqua_ref,climatology_municipal,0.45454545454545453,2019-11
2307106,Jardim,CE,2019,11,3.0,inpe_bdq_legacy,climatology_municipal,3.5625,2019-11
2307205,Jati,CE,2019,11,0.0,inpe_bdq_legacy,climatology_municipal,2.6875,2019-11
2307304,Juazeiro do Norte,CE,2019,11,0.0,inpe_bdq_legacy,climatology_municipal,3.9285714285714284,2019-11
2308401,Missão Velha,CE,2019,11,4.0,inpe_bdq_legacy,climatology_municipal,10.8125,2019-11
2308708,Morada Nova,CE,2019,11,6.0,inpe_bdq_aqua_ref,climatology_municipal,4.933333333333334,2019-11
2309201,Nova Olinda,CE,2019,11,3.0,inpe_bdq_legacy,climatology_municipal,4.125,2019-11
2310605,Penaforte,CE,2019,11,0.0,inpe_bdq_legacy,climatology_municipal,0.3125,2019-11
2311108,Porteiras,CE,2019,11,0.0,inpe_bdq_legacy,climatology_municipal,1.9285714285714286,2019-11
2311207,Potengi,CE,2019,11,1.0,inpe_bdq_legacy,climatology_municipal,2.9375,2019-11
2311306,Quixadá,CE,2019,11,27.0,inpe_bdq_aqua_ref,climatology_municipal,25.666666666666668,2019-11
2311405,Quixeramobim,CE,2019,11,24.0,inpe_bdq_aqua_ref,climatology_municipal,55.06666666666667,2019-11
2311959,Salitre,CE,2019,11,4.0,inpe_bdq_legacy,climatology_municipal,9.4375,2019-11
2312106,Santana do Cariri,CE,2019,11,2.0,inpe_bdq_legacy,climatology_municipal,13.25,2019-11
2312908,Sobral,CE,2019,11,17.0,inpe_bdq_aqua_ref,climatology_municipal,34.13333333333333,2019-11
2313302,Tauá,CE,2019,11,4.0,inpe_bdq_aqua_ref,climatology_municipal,15.733333333333333,2019-11
2313401,Tianguá,CE,2019,11,2.0,inpe_bdq_aqua_ref,climatology_municipal,10.333333333333334,2019-11
2300101,Abaiara,CE,2019,11,2.0,inpe_bdq_legacy,climatology_regional_intensity12,1.871668690133074,2019-11
2300200,Acaraú,CE,2019,11,5.0,inpe_bdq_aqua_ref,climatology_regional_intensity12,5.7813766206332735,2019-11
2301307,Araripe,CE,2019,11,9.0,inpe_bdq_legacy,climatology_regional_intensity12,8.851433180420996,2019-11
2301604,Assaré,CE,2019,11,3.0,inpe_bdq_legacy,climatology_regional_intensity12,3.2754202077328793,2019-11
2301901,Barbalha,CE,2019,11,7.0,inpe_bdq_aqua_ref,climatology_regional_intensity12,3.236427110021774,2019-11
2302503,Brejo Santo,CE,2019,11,1.0,inpe_bdq_legacy,climatology_regional_intensity12,3.3534064031550908,2019-11
2302701,Campos Sales,CE,2019,11,1.0,inpe_bdq_aqua_ref,climatology_regional_intensity12,1.988647983266391,2019-11
2304103,Crateús,CE,2019,11,54.0,inpe_bdq_aqua_ref,climatology_regional_intensity12,38.22363391627322,2019-11
2304202,Crato,CE,2019,11,11.0,inpe_bdq_legacy,climatology_regional_intensity12,6.589833513176864,2019-11
2304400,Fortaleza,CE,2019,11,2.0,inpe_bdq_aqua_ref,climatology_regional_intensity12,0.7678640780033125,2019-11
2305100,Guaramiranga,CE,2019,11,0.0,inpe_bdq_aqua_ref,climatology_regional_intensity12,0.33594053412644914,2019-11
2305506,Iguatu,CE,2019,11,19.0,inpe_bdq_aqua_ref,climatology_regional_intensity12,4.741560681670454,2019-11
2306405,Itapipoca,CE,2019,11,20.0,inpe_bdq_aqua_ref,climatology_regional_intensity12,14.682201058155004,2019-11
2306900,Jaguaribe,CE,2019,11,3.0,inpe_bdq_aqua_ref,climatology_regional_intensity12,2.4123729783937398,2019-11
2307007,Jaguaruana,CE,2019,11,0.0,inpe_bdq_aqua_ref,climatology_regional_intensity12,0.28358616517167784,2019-11
2307106,Jardim,CE,2019,11,3.0,inpe_bdq_legacy,climatology_regional_intensity12,2.222606569533025,2019-11
2307205,Jati,CE,2019,11,0.0,inpe_bdq_legacy,climatology_regional_intensity12,1.6767032015775454,2019-11
2307304,Juazeiro do Norte,CE,2019,11,0.0,inpe_bdq_legacy,climatology_regional_intensity12,2.4509947132695014,2019-11
2308401,Missão Velha,CE,2019,11,4.0,inpe_bdq_legacy,climatology_regional_intensity12,6.745805904021287,2019-11
2308708,Morada Nova,CE,2019,11,6.0,inpe_bdq_aqua_ref,climatology_regional_intensity12,3.077855179329944,2019-11
2309201,Nova Olinda,CE,2019,11,3.0,inpe_bdq_legacy,climatology_regional_intensity12,2.5735444489329766,2019-11
2310605,Penaforte,CE,2019,11,0.0,inpe_bdq_legacy,climatology_regional_intensity12,0.19496548855552853,2019-11
2311108,Porteiras,CE,2019,11,0.0,inpe_bdq_legacy,climatology_regional_intensity12,1.203215586514119,2019-11
2311207,Potengi,CE,2019,11,1.0,inpe_bdq_legacy,climatology_regional_intensity12,1.8326755924219682,2019-11
2311306,Quixadá,CE,2019,11,27.0,inpe_bdq_aqua_ref,climatology_regional_intensity12,16.013165460027412,2019-11
2311405,Quixeramobim,CE,2019,11,24.0,inpe_bdq_aqua_ref,climatology_regional_intensity12,34.355518623331534,2019-11
2311959,Salitre,CE,2019,11,4.0,inpe_bdq_legacy,climatology_regional_intensity12,5.887957754376962,2019-11
2312106,Santana do Cariri,CE,2019,11,2.0,inpe_bdq_legacy,climatology_regional_intensity12,8.266536714754409,2019-11
2312908,Sobral,CE,2019,11,17.0,inpe_bdq_aqua_ref,climatology_regional_intensity12,21.29543042995853,2019-11
2313302,Tauá,CE,2019,11,4.0,inpe_bdq_aqua_ref,climatology_regional_intensity12,9.81586246380901,2019-11
2313401,Tianguá,CE,2019,11,2.0,inpe_bdq_aqua_ref,climatology_regional_intensity12,6.446858821569477,2019-11
2300101,Abaiara,CE,2019,12,1.0,inpe_bdq_legacy,climatology_municipal,2.1875,2019-12
2300200,Acaraú,CE,2019,12,7.0,inpe_bdq_aqua_ref,climatology_municipal,39.8,2019-12
2301307,Araripe,CE,2019,12,4.0,inpe_bdq_legacy,climatology_municipal,6.5625,2019-12
2301604,Assaré,CE,2019,12,1.0,inpe_bdq_legacy,climatology_municipal,5.1875,2019-12
2301901,Barbalha,CE,2019,12,8.0,inpe_bdq_aqua_ref,climatology_municipal,2.0625,2019-12
2302503,Brejo Santo,CE,2019,12,3.0,inpe_bdq_legacy,climatology_municipal,2.3125,2019-12
2302701,Campos Sales,CE,2019,12,0.0,inpe_bdq_aqua_ref,climatology_municipal,1.375,2019-12
2304103,Crateús,CE,2019,12,17.0,inpe_bdq_aqua_ref,climatology_municipal,29.066666666666666,2019-12
2304202,Crato,CE,2019,12,6.0,inpe_bdq_legacy,climatology_municipal,6.5,2019-12
2304400,Fortaleza,CE,2019,12,0.0,inpe_bdq_aqua_ref,climatology_municipal,0.15384615384615385,2019-12
2305100,Guaramiranga,CE,2019,12,0.0,inpe_bdq_aqua_ref,climatology_municipal,0.07692307692307693,2019-12
2305506,Iguatu,CE,2019,12,6.0,inpe_bdq_aqua_ref,climatology_municipal,4.2,2019-12
2306405,Itapipoca,CE,2019,12,25.0,inpe_bdq_aqua_ref,climatology_municipal,70.46666666666667,2019-12
2306900,Jaguaribe,CE,2019,12,5.0,inpe_bdq_aqua_ref,climatology_municipal,2.2,2019-12
2307007,Jaguaruana,CE,2019,12,0.0,inpe_bdq_aqua_ref,climatology_municipal,0.8181818181818182,2019-12
2307106,Jardim,CE,2019,12,5.0,inpe_bdq_legacy,climatology_municipal,3.75,2019-12
2307205,Jati,CE,2019,12,0.0,inpe_bdq_legacy,climatology_municipal,0.6875,2019-12
2307304,Juazeiro do Norte,CE,2019,12,0.0,inpe_bdq_legacy,climatology_municipal,1.0714285714285714,2019-12
2308401,Missão Velha,CE,2019,12,10.0,inpe_bdq_legacy,climatology_municipal,7.4375,2019-12
2308708,Morada Nova,CE,2019,12,5.0,inpe_bdq_aqua_ref,climatology_municipal,5.466666666666667,2019-12
2309201,Nova Olinda,CE,2019,12,1.0,inpe_bdq_legacy,climatology_municipal,3.25,2019-12
2310605,Penaforte,CE,2019,12,0.0,inpe_bdq_legacy,climatology_municipal,0.375,2019-12
2311108,Porteiras,CE,2019,12,8.0,inpe_bdq_legacy,climatology_municipal,1.8571428571428572,2019-12
2311207,Potengi,CE,2019,12,0.0,inpe_bdq_legacy,climatology_municipal,1.5625,2019-12
2311306,Quixadá,CE,2019,12,13.0,inpe_bdq_aqua_ref,climatology_municipal,13.133333333333333,2019-12
2311405,Quixeramobim,CE,2019,12,13.0,inpe_bdq_aqua_ref,climatology_municipal,33.666666666666664,2019-12
2311959,Salitre,CE,2019,12,0.0,inpe_bdq_legacy,climatology_municipal,3.9375,2019-12
2312106,Santana do Cariri,CE,2019,12,6.0,inpe_bdq_legacy,climatology_municipal,11.125,2019-12
2312908,Sobral,CE,2019,12,15.0,inpe_bdq_aqua_ref,climatology_municipal,20.6,2019-12
2313302,Tauá,CE,2019,12,5.0,inpe_bdq_aqua_ref,climatology_municipal,9.333333333333334,2019-12
2313401,Tianguá,CE,2019,12,7.0,inpe_bdq_aqua_ref,climatology_municipal,13.866666666666667,2019-12
2300101,Abaiara,CE,2019,12,1.0,inpe_bdq_legacy,climatology_regional_intensity12,1.5728808593614256,2019-12
2300200,Acaraú,CE,2019,12,7.0,inpe_bdq_aqua_ref,climatology_regional_intensity12,28.61744374975302,2019-12
2301307,Araripe,CE,2019,12,4.0,inpe_bdq_legacy,climatology_regional_intensity12,4.7186425780842765,2019-12
2301604,Assaré,CE,2019,12,1.0,inpe_bdq_legacy,climatology_regional_intensity12,3.729974609342809,2019-12
2301901,Barbalha,CE,2019,12,8.0,inpe_bdq_aqua_ref,climatology_regional_intensity12,1.4830019531122012,2019-12
2302503,Brejo Santo,CE,2019,12,3.0,inpe_bdq_legacy,climatology_regional_intensity12,1.6627597656106499,2019-12
2302701,Campos Sales,CE,2019,12,0.0,inpe_bdq_aqua_ref,climatology_regional_intensity12,0.9886679687414675,2019-12
2304103,Crateús,CE,2019,12,17.0,inpe_bdq_aqua_ref,climatology_regional_intensity12,20.899841666486296,2019-12
2304202,Crato,CE,2019,12,6.0,inpe_bdq_legacy,climatology_regional_intensity12,4.673703124959665,2019-12
2304400,Fortaleza,CE,2019,12,0.0,inpe_bdq_aqua_ref,climatology_regional_intensity12,0.11062019230673763,2019-12
2305100,Guaramiranga,CE,2019,12,0.0,inpe_bdq_aqua_ref,climatology_regional_intensity12,0.055310096153368814,2019-12
2305506,Iguatu,CE,2019,12,6.0,inpe_bdq_aqua_ref,climatology_regional_intensity12,3.0199312499739372,2019-12
2306405,Itapipoca,CE,2019,12,25.0,inpe_bdq_aqua_ref,climatology_regional_intensity12,50.66773541622939,2019-12
2306900,Jaguaribe,CE,2019,12,5.0,inpe_bdq_aqua_ref,climatology_regional_intensity12,1.5818687499863482,2019-12
2307007,Jaguaruana,CE,2019,12,0.0,inpe_bdq_aqua_ref,climatology_regional_intensity12,0.5882982954494683,2019-12
2307106,Jardim,CE,2019,12,5.0,inpe_bdq_legacy,climatology_regional_intensity12,2.6963671874767297,2019-12
2307205,Jati,CE,2019,12,0.0,inpe_bdq_legacy,climatology_regional_intensity12,0.4943339843707337,2019-12
2307304,Juazeiro do Norte,CE,2019,12,0.0,inpe_bdq_legacy,climatology_regional_intensity12,0.7703906249933513,2019-12
2308401,Missão Velha,CE,2019,12,10.0,inpe_bdq_legacy,climatology_regional_intensity12,5.3477949218288465,2019-12
2308708,Morada Nova,CE,2019,12,5.0,inpe_bdq_aqua_ref,climatology_regional_intensity12,3.9307041666327436,2019-12
2309201,Nova Olinda,CE,2019,12,1.0,inpe_bdq_legacy,climatology_regional_intensity12,2.3368515624798323,2019-12
2310605,Penaforte,CE,2019,12,0.0,inpe_bdq_legacy,climatology_regional_intensity12,0.2696367187476729,2019-12
2311108,Porteiras,CE,2019,12,8.0,inpe_bdq_legacy,climatology_regional_intensity12,1.3353437499884755,2019-12
2311207,Potengi,CE,2019,12,0.0,inpe_bdq_legacy,climatology_regional_intensity12,1.123486328115304,2019-12
2311306,Quixadá,CE,2019,12,13.0,inpe_bdq_aqua_ref,climatology_regional_intensity12,9.443277083251834,2019-12
2311405,Quixeramobim,CE,2019,12,13.0,inpe_bdq_aqua_ref,climatology_regional_intensity12,24.207385416457747,2019-12
2311959,Salitre,CE,2019,12,0.0,inpe_bdq_legacy,climatology_regional_intensity12,2.831185546850566,2019-12
2312106,Santana do Cariri,CE,2019,12,6.0,inpe_bdq_legacy,climatology_regional_intensity12,7.999222656180964,2019-12
2312908,Sobral,CE,2019,12,15.0,inpe_bdq_aqua_ref,climatology_regional_intensity12,14.812043749872169,2019-12
2313302,Tauá,CE,2019,12,5.0,inpe_bdq_aqua_ref,climatology_regional_intensity12,6.710958333275416,2019-12
2313401,Tianguá,CE,2019,12,7.0,inpe_bdq_aqua_ref,climatology_regional_intensity12,9.970566666580618,2019-12
2300101,Abaiara,CE,2020,1,0.0,inpe_bdq_legacy,climatology_municipal,0.0625,2020-01
2300200,Acaraú,CE,2020,1,0.0,inpe_bdq_aqua_ref,climatology_municipal,6.25,2020-01
2301307,Araripe,CE,2020,1,0.0,inpe_bdq_legacy,climatology_municipal,1.5,2020-01
2301604,Assaré,CE,2020,1,5.0,inpe_bdq_legacy,climatology_municipal,2.0,2020-01
2301901,Barbalha,CE,2020,1,0.0,inpe_bdq_aqua_ref,climatology_municipal,0.5,2020-01
2302503,Brejo Santo,CE,2020,1,0.0,inpe_bdq_legacy,climatology_municipal,0.4375,2020-01
2302701,Campos Sales,CE,2020,1,0.0,inpe_bdq_aqua_ref,climatology_municipal,0.375,2020-01
2304103,Crateús,CE,2020,1,0.0,inpe_bdq_aqua_ref,climatology_municipal,3.75,2020-01
2304202,Crato,CE,2020,1,0.0,inpe_bdq_legacy,climatology_municipal,0.9375,2020-01
2304400,Fortaleza,CE,2020,1,0.0,inpe_bdq_aqua_ref,climatology_municipal,0.125,2020-01
2305100,Guaramiranga,CE,2020,1,0.0,inpe_bdq_aqua_ref,climatology_municipal,0.0,2020-01
2305506,Iguatu,CE,2020,1,0.0,inpe_bdq_aqua_ref,climatology_municipal,1.375,2020-01
2306405,Itapipoca,CE,2020,1,0.0,inpe_bdq_aqua_ref,climatology_municipal,7.75,2020-01
2306900,Jaguaribe,CE,2020,1,0.0,inpe_bdq_aqua_ref,climatology_municipal,0.875,2020-01
2307007,Jaguaruana,CE,2020,1,0.0,inpe_bdq_aqua_ref,climatology_municipal,0.6875,2020-01
2307106,Jardim,CE,2020,1,1.0,inpe_bdq_legacy,climatology_municipal,0.4375,2020-01
2307205,Jati,CE,2020,1,0.0,inpe_bdq_legacy,climatology_municipal,0.3125,2020-01
2307304,Juazeiro do Norte,CE,2020,1,0.0,inpe_bdq_legacy,climatology_municipal,0.1875,2020-01
2308401,Missão Velha,CE,2020,1,0.0,inpe_bdq_legacy,climatology_municipal,1.1875,2020-01
2308708,Morada Nova,CE,2020,1,1.0,inpe_bdq_aqua_ref,climatology_municipal,1.5,2020-01
2309201,Nova Olinda,CE,2020,1,0.0,inpe_bdq_legacy,climatology_municipal,0.25,2020-01
2310605,Penaforte,CE,2020,1,0.0,inpe_bdq_legacy,climatology_municipal,0.0625,2020-01
2311108,Porteiras,CE,2020,1,0.0,inpe_bdq_legacy,climatology_municipal,0.25,2020-01
2311207,Potengi,CE,2020,1,0.0,inpe_bdq_legacy,climatology_municipal,0.875,2020-01
2311306,Quixadá,CE,2020,1,1.0,inpe_bdq_aqua_ref,climatology_municipal,2.125,2020-01
2311405,Quixeramobim,CE,2020,1,4.0,inpe_bdq_aqua_ref,climatology_municipal,6.25,2020-01
2311959,Salitre,CE,2020,1,0.0,inpe_bdq_legacy,climatology_municipal,0.625,2020-01
2312106,Santana do Cariri,CE,2020,1,4.0,inpe_bdq_legacy,climatology_municipal,3.8125,2020-01
2312908,Sobral,CE,2020,1,1.0,inpe_bdq_aqua_ref,climatology_municipal,2.5,2020-01
2313302,Tauá,CE,2020,1,0.0,inpe_bdq_aqua_ref,climatology_municipal,1.25,2020-01
2313401,Tianguá,CE,2020,1,0.0,inpe_bdq_aqua_ref,climatology_municipal,0.875,2020-01
2300101,Abaiara,CE,2020,1,0.0,inpe_bdq_legacy,climatology_regional_intensity12,0.04877849588501045,2020-01
2300200,Acaraú,CE,2020,1,0.0,inpe_bdq_aqua_ref,climatology_regional_intensity12,4.8778495885010456,2020-01
2301307,Araripe,CE,2020,1,0.0,inpe_bdq_legacy,climatology_regional_intensity12,1.1706839012402508,2020-01
2301604,Assaré,CE,2020,1,5.0,inpe_bdq_legacy,climatology_regional_intensity12,1.5609118683203345,2020-01
2301901,Barbalha,CE,2020,1,0.0,inpe_bdq_aqua_ref,climatology_regional_intensity12,0.3902279670800836,2020-01
2302503,Brejo Santo,CE,2020,1,0.0,inpe_bdq_legacy,climatology_regional_intensity12,0.3414494711950732,2020-01
2302701,Campos Sales,CE,2020,1,0.0,inpe_bdq_aqua_ref,climatology_regional_intensity12,0.2926709753100627,2020-01
2304103,Crateús,CE,2020,1,0.0,inpe_bdq_aqua_ref,climatology_regional_intensity12,2.926709753100627,2020-01
2304202,Crato,CE,2020,1,0.0,inpe_bdq_legacy,climatology_regional_intensity12,0.7316774382751567,2020-01
2304400,Fortaleza,CE,2020,1,0.0,inpe_bdq_aqua_ref,climatology_regional_intensity12,0.0975569917700209,2020-01
2305100,Guaramiranga,CE,2020,1,0.0,inpe_bdq_aqua_ref,climatology_regional_intensity12,0.0,2020-01
2305506,Iguatu,CE,2020,1,0.0,inpe_bdq_aqua_ref,climatology_regional_intensity12,1.07312690947023,2020-01
2306405,Itapipoca,CE,2020,1,0.0,inpe_bdq_aqua_ref,climatology_regional_intensity12,6.048533489741296,2020-01
2306900,Jaguaribe,CE,2020,1,0.0,inpe_bdq_aqua_ref,climatology_regional_intensity12,0.6828989423901464,2020-01
2307007,Jaguaruana,CE,2020,1,0.0,inpe_bdq_aqua_ref,climatology_regional_intensity12,0.536563454735115,2020-01
2307106,Jardim,CE,2020,1,1.0,inpe_bdq_legacy,climatology_regional_intensity12,0.3414494711950732,2020-01
2307205,Jati,CE,2020,1,0.0,inpe_bdq_legacy,climatology_regional_intensity12,0.24389247942505227,2020-01
2307304,Juazeiro do Norte,CE,2020,1,0.0,inpe_bdq_legacy,climatology_regional_intensity12,0.14633548765503135,2020-01
2308401,Missão Velha,CE,2020,1,0.0,inpe_bdq_legacy,climatology_regional_intensity12,0.9267914218151986,2020-01
2308708,Morada Nova,CE,2020,1,1.0,inpe_bdq_aqua_ref,climatology_regional_intensity12,1.1706839012402508,2020-01
2309201,Nova Olinda,CE,2020,1,0.0,inpe_bdq_legacy,climatology_regional_intensity12,0.1951139835400418,2020-01
2310605,Penaforte,CE,2020,1,0.0,inpe_bdq_legacy,climatology_regional_intensity12,0.04877849588501045,2020-01
2311108,Porteiras,CE,2020,1,0.0,inpe_bdq_legacy,climatology_regional_intensity12,0.1951139835400418,2020-01
2311207,Potengi,CE,2020,1,0.0,inpe_bdq_legacy,climatology_regional_intensity12,0.6828989423901464,2020-01
2311306,Quixadá,CE,2020,1,1.0,inpe_bdq_aqua_ref,climatology_regional_intensity12,1.6584688600903554,2020-01
2311405,Quixeramobim,CE,2020,1,4.0,inpe_bdq_aqua_ref,climatology_regional_intensity12,4.8778495885010456,2020-01
2311959,Salitre,CE,2020,1,0.0,inpe_bdq_legacy,climatology_regional_intensity12,0.48778495885010453,2020-01
2312106,Santana do Cariri,CE,2020,1,4.0,inpe_bdq_legacy,climatology_regional_intensity12,2.9754882489856374,2020-01
2312908,Sobral,CE,2020,1,1.0,inpe_bdq_aqua_ref,climatology_regional_intensity12,1.9511398354004181,2020-01
2313302,Tauá,CE,2020,1,0.0,inpe_bdq_aqua_ref,climatology_regional_intensity12,0.9755699177002091,2020-01
2313401,Tianguá,CE,2020,1,0.0,inpe_bdq_aqua_ref,climatology_regional_intensity12,0.6828989423901464,2020-01
2300101,Abaiara,CE,2020,2,0.0,inpe_bdq_legacy,climatology_municipal,0.0,2020-02
2300200,Acaraú,CE,2020,2,0.0,inpe_bdq_aqua_ref,climatology_municipal,0.4375,2020-02
2301307,Araripe,CE,2020,2,0.0,inpe_bdq_legacy,climatology_municipal,0.125,2020-02
2301604,Assaré,CE,2020,2,0.0,inpe_bdq_legacy,climatology_municipal,0.3125,2020-02
2301901,Barbalha,CE,2020,2,0.0,inpe_bdq_aqua_ref,climatology_municipal,0.1875,2020-02
2302503,Brejo Santo,CE,2020,2,0.0,inpe_bdq_legacy,climatology_municipal,0.0625,2020-02
2302701,Campos Sales,CE,2020,2,0.0,inpe_bdq_aqua_ref,climatology_municipal,0.0625,2020-02
2304103,Crateús,CE,2020,2,1.0,inpe_bdq_aqua_ref,climatology_municipal,0.125,2020-02
2304202,Crato,CE,2020,2,0.0,inpe_bdq_legacy,climatology_municipal,0.25,2020-02
2304400,Fortaleza,CE,2020,2,0.0,inpe_bdq_aqua_ref,climatology_municipal,0.125,2020-02
2305100,Guaramiranga,CE,2020,2,0.0,inpe_bdq_aqua_ref,climatology_municipal,0.0,2020-02
2305506,Iguatu,CE,2020,2,0.0,inpe_bdq_aqua_ref,climatology_municipal,0.125,2020-02
2306405,Itapipoca,CE,2020,2,0.0,inpe_bdq_aqua_ref,climatology_municipal,0.25,2020-02
2306900,Jaguaribe,CE,2020,2,0.0,inpe_bdq_aqua_ref,climatology_municipal,0.1875,2020-02
2307007,Jaguaruana,CE,2020,2,0.0,inpe_bdq_aqua_ref,climatology_municipal,0.1875,2020-02
2307106,Jardim,CE,2020,2,0.0,inpe_bdq_legacy,climatology_municipal,0.0625,2020-02
2307205,Jati,CE,2020,2,0.0,inpe_bdq_legacy,climatology_municipal,0.1875,2020-02
2307304,Juazeiro do Norte,CE,2020,2,0.0,inpe_bdq_legacy,climatology_municipal,0.0,2020-02
2308401,Missão Velha,CE,2020,2,0.0,inpe_bdq_legacy,climatology_municipal,0.125,2020-02
2308708,Morada Nova,CE,2020,2,0.0,inpe_bdq_aqua_ref,climatology_municipal,0.5,2020-02
2309201,Nova Olinda,CE,2020,2,0.0,inpe_bdq_legacy,climatology_municipal,0.0,2020-02
2310605,Penaforte,CE,2020,2,0.0,inpe_bdq_legacy,climatology_municipal,0.125,2020-02
2311108,Porteiras,CE,2020,2,0.0,inpe_bdq_legacy,climatology_municipal,0.125,2020-02
2311207,Potengi,CE,2020,2,0.0,inpe_bdq_legacy,climatology_municipal,0.375,2020-02
2311306,Quixadá,CE,2020,2,0.0,inpe_bdq_aqua_ref,climatology_municipal,0.25,2020-02
2311405,Quixeramobim,CE,2020,2,1.0,inpe_bdq_aqua_ref,climatology_municipal,0.9375,2020-02
2311959,Salitre,CE,2020,2,0.0,inpe_bdq_legacy,climatology_municipal,0.0625,2020-02
2312106,Santana do Cariri,CE,2020,2,0.0,inpe_bdq_legacy,climatology_municipal,0.3125,2020-02
2312908,Sobral,CE,2020,2,0.0,inpe_bdq_aqua_ref,climatology_municipal,0.125,2020-02
2313302,Tauá,CE,2020,2,0.0,inpe_bdq_aqua_ref,climatology_municipal,0.25,2020-02
2313401,Tianguá,CE,2020,2,0.0,inpe_bdq_aqua_ref,climatology_municipal,0.25,2020-02
2300101,Abaiara,CE,2020,2,0.0,inpe_bdq_legacy,climatology_regional_intensity12,0.0,2020-02
2300200,Acaraú,CE,2020,2,0.0,inpe_bdq_aqua_ref,climatology_regional_intensity12,0.3342165075341766,2020-02
2301307,Araripe,CE,2020,2,0.0,inpe_bdq_legacy,climatology_regional_intensity12,0.09549043072405046,2020-02
2301604,Assaré,CE,2020,2,0.0,inpe_bdq_legacy,climatology_regional_intensity12,0.23872607681012614,2020-02
2301901,Barbalha,CE,2020,2,0.0,inpe_bdq_aqua_ref,climatology_regional_intensity12,0.1432356460860757,2020-02
2302503,Brejo Santo,CE,2020,2,0.0,inpe_bdq_legacy,climatology_regional_intensity12,0.04774521536202523,2020-02
2302701,Campos Sales,CE,2020,2,0.0,inpe_bdq_aqua_ref,climatology_regional_intensity12,0.04774521536202523,2020-02
2304103,Crateús,CE,2020,2,1.0,inpe_bdq_aqua_ref,climatology_regional_intensity12,0.09549043072405046,2020-02
2304202,Crato,CE,2020,2,0.0,inpe_bdq_legacy,climatology_regional_intensity12,0.19098086144810092,2020-02
2304400,Fortaleza,CE,2020,2,0.0,inpe_bdq_aqua_ref,climatology_regional_intensity12,0.09549043072405046,2020-02
2305100,Guaramiranga,CE,2020,2,0.0,inpe_bdq_aqua_ref,climatology_regional_intensity12,0.0,2020-02
2305506,Iguatu,CE,2020,2,0.0,inpe_bdq_aqua_ref,climatology_regional_intensity12,0.09549043072405046,2020-02
2306405,Itapipoca,CE,2020,2,0.0,inpe_bdq_aqua_ref,climatology_regional_intensity12,0.19098086144810092,2020-02
2306900,Jaguaribe,CE,2020,2,0.0,inpe_bdq_aqua_ref,climatology_regional_intensity12,0.1432356460860757,2020-02
2307007,Jaguaruana,CE,2020,2,0.0,inpe_bdq_aqua_ref,climatology_regional_intensity12,0.1432356460860757,2020-02
2307106,Jardim,CE,2020,2,0.0,inpe_bdq_legacy,climatology_regional_intensity12,0.04774521536202523,2020-02
2307205,Jati,CE,2020,2,0.0,inpe_bdq_legacy,climatology_regional_intensity12,0.1432356460860757,2020-02
2307304,Juazeiro do Norte,CE,2020,2,0.0,inpe_bdq_legacy,climatology_regional_intensity12,0.0,2020-02
2308401,Missão Velha,CE,2020,2,0.0,inpe_bdq_legacy,climatology_regional_intensity12,0.09549043072405046,2020-02
2308708,Morada Nova,CE,2020,2,0.0,inpe_bdq_aqua_ref,climatology_regional_intensity12,0.38196172289620184,2020-02
2309201,Nova Olinda,CE,2020,2,0.0,inpe_bdq_legacy,climatology_regional_intensity12,0.0,2020-02
2310605,Penaforte,CE,2020,2,0.0,inpe_bdq_legacy,climatology_regional_intensity12,0.09549043072405046,2020-02
2311108,Porteiras,CE,2020,2,0.0,inpe_bdq_legacy,climatology_regional_intensity12,0.09549043072405046,2020-02
2311207,Potengi,CE,2020,2,0.0,inpe_bdq_legacy,climatology_regional_intensity12,0.2864712921721514,2020-02
2311306,Quixadá,CE,2020,2,0.0,inpe_bdq_aqua_ref,climatology_regional_intensity12,0.19098086144810092,2020-02
2311405,Quixeramobim,CE,2020,2,1.0,inpe_bdq_aqua_ref,climatology_regional_intensity12,0.7161782304303784,2020-02
2311959,Salitre,CE,2020,2,0.0,inpe_bdq_legacy,climatology_regional_intensity12,0.04774521536202523,2020-02
2312106,Santana do Cariri,CE,2020,2,0.0,inpe_bdq_legacy,climatology_regional_intensity12,0.23872607681012614,2020-02
2312908,Sobral,CE,2020,2,0.0,inpe_bdq_aqua_ref,climatology_regional_intensity12,0.09549043072405046,2020-02
2313302,Tauá,CE,2020,2,0.0,inpe_bdq_aqua_ref,climatology_regional_intensity12,0.19098086144810092,2020-02
2313401,Tianguá,CE,2020,2,0.0,inpe_bdq_aqua_ref,climatology_regional_intensity12,0.19098086144810092,2020-02
2300101,Abaiara,CE,2020,3,0.0,inpe_bdq_legacy,climatology_municipal,0.0,2020-03
2300200,Acaraú,CE,2020,3,0.0,inpe_bdq_aqua_ref,climatology_municipal,0.6875,2020-03
2301307,Araripe,CE,2020,3,0.0,inpe_bdq_legacy,climatology_municipal,0.0,2020-03
2301604,Assaré,CE,2020,3,0.0,inpe_bdq_legacy,climatology_municipal,0.0,2020-03
2301901,Barbalha,CE,2020,3,0.0,inpe_bdq_aqua_ref,climatology_municipal,0.0,2020-03
2302503,Brejo Santo,CE,2020,3,0.0,inpe_bdq_legacy,climatology_municipal,0.0,2020-03
2302701,Campos Sales,CE,2020,3,0.0,inpe_bdq_aqua_ref,climatology_municipal,0.0,2020-03
2304103,Crateús,CE,2020,3,0.0,inpe_bdq_aqua_ref,climatology_municipal,0.125,2020-03
2304202,Crato,CE,2020,3,0.0,inpe_bdq_legacy,climatology_municipal,0.125,2020-03
2304400,Fortaleza,CE,2020,3,0.0,inpe_bdq_aqua_ref,climatology_municipal,0.0,2020-03
2305100,Guaramiranga,CE,2020,3,0.0,inpe_bdq_aqua_ref,climatology_municipal,0.0,2020-03
2305506,Iguatu,CE,2020,3,0.0,inpe_bdq_aqua_ref,climatology_municipal,0.25,2020-03
2306405,Itapipoca,CE,2020,3,0.0,inpe_bdq_aqua_ref,climatology_municipal,0.0625,2020-03
2306900,Jaguaribe,CE,2020,3,0.0,inpe_bdq_aqua_ref,climatology_municipal,0.0625,2020-03
2307007,Jaguaruana,CE,2020,3,0.0,inpe_bdq_aqua_ref,climatology_municipal,0.0625,2020-03
2307106,Jardim,CE,2020,3,0.0,inpe_bdq_legacy,climatology_municipal,0.0625,2020-03
2307205,Jati,CE,2020,3,0.0,inpe_bdq_legacy,climatology_municipal,0.0,2020-03
2307304,Juazeiro do Norte,CE,2020,3,0.0,inpe_bdq_legacy,climatology_municipal,0.125,2020-03
2308401,Missão Velha,CE,2020,3,0.0,inpe_bdq_legacy,climatology_municipal,0.3125,2020-03
2308708,Morada Nova,CE,2020,3,0.0,inpe_bdq_aqua_ref,climatology_municipal,0.125,2020-03
2309201,Nova Olinda,CE,2020,3,0.0,inpe_bdq_legacy,climatology_municipal,0.0,2020-03
2310605,Penaforte,CE,2020,3,0.0,inpe_bdq_legacy,climatology_municipal,0.0,2020-03
2311108,Porteiras,CE,2020,3,0.0,inpe_bdq_legacy,climatology_municipal,0.0,2020-03
2311207,Potengi,CE,2020,3,0.0,inpe_bdq_legacy,climatology_municipal,0.0,2020-03
2311306,Quixadá,CE,2020,3,0.0,inpe_bdq_aqua_ref,climatology_municipal,0.125,2020-03
2311405,Quixeramobim,CE,2020,3,0.0,inpe_bdq_aqua_ref,climatology_municipal,0.3125,2020-03
2311959,Salitre,CE,2020,3,0.0,inpe_bdq_legacy,climatology_municipal,0.0625,2020-03
2312106,Santana do Cariri,CE,2020,3,0.0,inpe_bdq_legacy,climatology_municipal,0.0,2020-03
2312908,Sobral,CE,2020,3,0.0,inpe_bdq_aqua_ref,climatology_municipal,0.0625,2020-03
2313302,Tauá,CE,2020,3,0.0,inpe_bdq_aqua_ref,climatology_municipal,0.0,2020-03
2313401,Tianguá,CE,2020,3,0.0,inpe_bdq_aqua_ref,climatology_municipal,0.0,2020-03
2300101,Abaiara,CE,2020,3,0.0,inpe_bdq_legacy,climatology_regional_intensity12,0.0,2020-03
2300200,Acaraú,CE,2020,3,0.0,inpe_bdq_aqua_ref,climatology_regional_intensity12,0.5240837608135334,2020-03
2301307,Araripe,CE,2020,3,0.0,inpe_bdq_legacy,climatology_regional_intensity12,0.0,2020-03
2301604,Assaré,CE,2020,3,0.0,inpe_bdq_legacy,climatology_regional_intensity12,0.0,2020-03
2301901,Barbalha,CE,2020,3,0.0,inpe_bdq_aqua_ref,climatology_regional_intensity12,0.0,2020-03
2302503,Brejo Santo,CE,2020,3,0.0,inpe_bdq_legacy,climatology_regional_intensity12,0.0,2020-03
2302701,Campos Sales,CE,2020,3,0.0,inpe_bdq_aqua_ref,climatology_regional_intensity12,0.0,2020-03
2304103,Crateús,CE,2020,3,0.0,inpe_bdq_aqua_ref,climatology_regional_intensity12,0.09528795651155153,2020-03
2304202,Crato,CE,2020,3,0.0,inpe_bdq_legacy,climatology_regional_intensity12,0.09528795651155153,2020-03
2304400,Fortaleza,CE,2020,3,0.0,inpe_bdq_aqua_ref,climatology_regional_intensity12,0.0,2020-03
2305100,Guaramiranga,CE,2020,3,0.0,inpe_bdq_aqua_ref,climatology_regional_intensity12,0.0,2020-03
2305506,Iguatu,CE,2020,3,0.0,inpe_bdq_aqua_ref,climatology_regional_intensity12,0.19057591302310306,2020-03
2306405,Itapipoca,CE,2020,3,0.0,inpe_bdq_aqua_ref,climatology_regional_intensity12,0.047643978255775765,2020-03
2306900,Jaguaribe,CE,2020,3,0.0,inpe_bdq_aqua_ref,climatology_regional_intensity12,0.047643978255775765,2020-03
2307007,Jaguaruana,CE,2020,3,0.0,inpe_bdq_aqua_ref,climatology_regional_intensity12,0.047643978255775765,2020-03
2307106,Jardim,CE,2020,3,0.0,inpe_bdq_legacy,climatology_regional_intensity12,0.047643978255775765,2020-03
2307205,Jati,CE,2020,3,0.0,inpe_bdq_legacy,climatology_regional_intensity12,0.0,2020-03
2307304,Juazeiro do Norte,CE,2020,3,0.0,inpe_bdq_legacy,climatology_regional_intensity12,0.09528795651155153,2020-03
2308401,Missão Velha,CE,2020,3,0.0,inpe_bdq_legacy,climatology_regional_intensity12,0.23821989127887883,2020-03
2308708,Morada Nova,CE,2020,3,0.0,inpe_bdq_aqua_ref,climatology_regional_intensity12,0.09528795651155153,2020-03
2309201,Nova Olinda,CE,2020,3,0.0,inpe_bdq_legacy,climatology_regional_intensity12,0.0,2020-03
2310605,Penaforte,CE,2020,3,0.0,inpe_bdq_legacy,climatology_regional_intensity12,0.0,2020-03
2311108,Porteiras,CE,2020,3,0.0,inpe_bdq_legacy,climatology_regional_intensity12,0.0,2020-03
2311207,Potengi,CE,2020,3,0.0,inpe_bdq_legacy,climatology_regional_intensity12,0.0,2020-03
2311306,Quixadá,CE,2020,3,0.0,inpe_bdq_aqua_ref,climatology_regional_intensity12,0.09528795651155153,2020-03
2311405,Quixeramobim,CE,2020,3,0.0,inpe_bdq_aqua_ref,climatology_regional_intensity12,0.23821989127887883,2020-03
2311959,Salitre,CE,2020,3,0.0,inpe_bdq_legacy,climatology_regional_intensity12,0.047643978255775765,2020-03
2312106,Santana do Cariri,CE,2020,3,0.0,inpe_bdq_legacy,climatology_regional_intensity12,0.0,2020-03
2312908,Sobral,CE,2020,3,0.0,inpe_bdq_aqua_ref,climatology_regional_intensity12,0.047643978255775765,2020-03
2313302,Tauá,CE,2020,3,0.0,inpe_bdq_aqua_ref,climatology_regional_intensity12,0.0,2020-03
2313401,Tianguá,CE,2020,3,0.0,inpe_bdq_aqua_ref,climatology_regional_intensity12,0.0,2020-03
2300101,Abaiara,CE,2020,4,0.0,inpe_bdq_legacy,climatology_municipal,0.0,2020-04
2300200,Acaraú,CE,2020,4,0.0,inpe_bdq_aqua_ref,climatology_municipal,0.0,2020-04
2301307,Araripe,CE,2020,4,0.0,inpe_bdq_legacy,climatology_municipal,0.0,2020-04
2301604,Assaré,CE,2020,4,0.0,inpe_bdq_legacy,climatology_municipal,0.0,2020-04
2301901,Barbalha,CE,2020,4,0.0,inpe_bdq_aqua_ref,climatology_municipal,0.0,2020-04
2302503,Brejo Santo,CE,2020,4,0.0,inpe_bdq_legacy,climatology_municipal,0.0,2020-04
2302701,Campos Sales,CE,2020,4,0.0,inpe_bdq_aqua_ref,climatology_municipal,0.0,2020-04
2304103,Crateús,CE,2020,4,0.0,inpe_bdq_aqua_ref,climatology_municipal,0.125,2020-04
2304202,Crato,CE,2020,4,0.0,inpe_bdq_legacy,climatology_municipal,0.0,2020-04
2304400,Fortaleza,CE,2020,4,0.0,inpe_bdq_aqua_ref,climatology_municipal,0.0,2020-04
2305100,Guaramiranga,CE,2020,4,0.0,inpe_bdq_aqua_ref,climatology_municipal,0.0,2020-04
2305506,Iguatu,CE,2020,4,0.0,inpe_bdq_aqua_ref,climatology_municipal,0.0625,2020-04
2306405,Itapipoca,CE,2020,4,0.0,inpe_bdq_aqua_ref,climatology_municipal,0.0,2020-04
2306900,Jaguaribe,CE,2020,4,0.0,inpe_bdq_aqua_ref,climatology_municipal,0.125,2020-04
2307007,Jaguaruana,CE,2020,4,0.0,inpe_bdq_aqua_ref,climatology_municipal,0.0,2020-04
2307106,Jardim,CE,2020,4,0.0,inpe_bdq_legacy,climatology_municipal,0.0,2020-04
2307205,Jati,CE,2020,4,0.0,inpe_bdq_legacy,climatology_municipal,0.0,2020-04
2307304,Juazeiro do Norte,CE,2020,4,0.0,inpe_bdq_legacy,climatology_municipal,0.0,2020-04
2308401,Missão Velha,CE,2020,4,0.0,inpe_bdq_legacy,climatology_municipal,0.25,2020-04
2308708,Morada Nova,CE,2020,4,0.0,inpe_bdq_aqua_ref,climatology_municipal,0.0625,2020-04
2309201,Nova Olinda,CE,2020,4,0.0,inpe_bdq_legacy,climatology_municipal,0.0,2020-04
2310605,Penaforte,CE,2020,4,0.0,inpe_bdq_legacy,climatology_municipal,0.0,2020-04
2311108,Porteiras,CE,2020,4,0.0,inpe_bdq_legacy,climatology_municipal,0.0,2020-04
2311207,Potengi,CE,2020,4,0.0,inpe_bdq_legacy,climatology_municipal,0.0,2020-04
2311306,Quixadá,CE,2020,4,0.0,inpe_bdq_aqua_ref,climatology_municipal,0.125,2020-04
2311405,Quixeramobim,CE,2020,4,0.0,inpe_bdq_aqua_ref,climatology_municipal,0.0625,2020-04
2311959,Salitre,CE,2020,4,0.0,inpe_bdq_legacy,climatology_municipal,0.0625,2020-04
2312106,Santana do Cariri,CE,2020,4,0.0,inpe_bdq_legacy,climatology_municipal,0.0,2020-04
2312908,Sobral,CE,2020,4,0.0,inpe_bdq_aqua_ref,climatology_municipal,0.0,2020-04
2313302,Tauá,CE,2020,4,0.0,inpe_bdq_aqua_ref,climatology_municipal,0.0625,2020-04
2313401,Tianguá,CE,2020,4,0.0,inpe_bdq_aqua_ref,climatology_municipal,0.0,2020-04
2300101,Abaiara,CE,2020,4,0.0,inpe_bdq_legacy,climatology_regional_intensity12,0.0,2020-04
2300200,Acaraú,CE,2020,4,0.0,inpe_bdq_aqua_ref,climatology_regional_intensity12,0.0,2020-04
2301307,Araripe,CE,2020,4,0.0,inpe_bdq_legacy,climatology_regional_intensity12,0.0,2020-04
2301604,Assaré,CE,2020,4,0.0,inpe_bdq_legacy,climatology_regional_intensity12,0.0,2020-04
2301901,Barbalha,CE,2020,4,0.0,inpe_bdq_aqua_ref,climatology_regional_intensity12,0.0,2020-04
2302503,Brejo Santo,CE,2020,4,0.0,inpe_bdq_legacy,climatology_regional_intensity12,0.0,2020-04
2302701,Campos Sales,CE,2020,4,0.0,inpe_bdq_aqua_ref,climatology_regional_intensity12,0.0,2020-04
2304103,Crateús,CE,2020,4,0.0,inpe_bdq_aqua_ref,climatology_regional_intensity12,0.09518918585380562,2020-04
2304202,Crato,CE,2020,4,0.0,inpe_bdq_legacy,climatology_regional_intensity12,0.0,2020-04
2304400,Fortaleza,CE,2020,4,0.0,inpe_bdq_aqua_ref,climatology_regional_intensity12,0.0,2020-04
2305100,Guaramiranga,CE,2020,4,0.0,inpe_bdq_aqua_ref,climatology_regional_intensity12,0.0,2020-04
2305506,Iguatu,CE,2020,4,0.0,inpe_bdq_aqua_ref,climatology_regional_intensity12,0.04759459292690281,2020-04
2306405,Itapipoca,CE,2020,4,0.0,inpe_bdq_aqua_ref,climatology_regional_intensity12,0.0,2020-04
2306900,Jaguaribe,CE,2020,4,0.0,inpe_bdq_aqua_ref,climatology_regional_intensity12,0.09518918585380562,2020-04
2307007,Jaguaruana,CE,2020,4,0.0,inpe_bdq_aqua_ref,climatology_regional_intensity12,0.0,2020-04
2307106,Jardim,CE,2020,4,0.0,inpe_bdq_legacy,climatology_regional_intensity12,0.0,2020-04
2307205,Jati,CE,2020,4,0.0,inpe_bdq_legacy,climatology_regional_intensity12,0.0,2020-04
2307304,Juazeiro do Norte,CE,2020,4,0.0,inpe_bdq_legacy,climatology_regional_intensity12,0.0,2020-04
2308401,Missão Velha,CE,2020,4,0.0,inpe_bdq_legacy,climatology_regional_intensity12,0.19037837170761124,2020-04
2308708,Morada Nova,CE,2020,4,0.0,inpe_bdq_aqua_ref,climatology_regional_intensity12,0.04759459292690281,2020-04
2309201,Nova Olinda,CE,2020,4,0.0,inpe_bdq_legacy,climatology_regional_intensity12,0.0,2020-04
2310605,Penaforte,CE,2020,4,0.0,inpe_bdq_legacy,climatology_regional_intensity12,0.0,2020-04
2311108,Porteiras,CE,2020,4,0.0,inpe_bdq_legacy,climatology_regional_intensity12,0.0,2020-04
2311207,Potengi,CE,2020,4,0.0,inpe_bdq_legacy,climatology_regional_intensity12,0.0,2020-04
2311306,Quixadá,CE,2020,4,0.0,inpe_bdq_aqua_ref,climatology_regional_intensity12,0.09518918585380562,2020-04
2311405,Quixeramobim,CE,2020,4,0.0,inpe_bdq_aqua_ref,climatology_regional_intensity12,0.04759459292690281,2020-04
2311959,Salitre,CE,2020,4,0.0,inpe_bdq_legacy,climatology_regional_intensity12,0.04759459292690281,2020-04
2312106,Santana do Cariri,CE,2020,4,0.0,inpe_bdq_legacy,climatology_regional_intensity12,0.0,2020-04
2312908,Sobral,CE,2020,4,0.0,inpe_bdq_aqua_ref,climatology_regional_intensity12,0.0,2020-04
2313302,Tauá,CE,2020,4,0.0,inpe_bdq_aqua_ref,climatology_regional_intensity12,0.04759459292690281,2020-04
2313401,Tianguá,CE,2020,4,0.0,inpe_bdq_aqua_ref,climatology_regional_intensity12,0.0,2020-04
2300101,Abaiara,CE,2020,5,0.0,inpe_bdq_legacy,climatology_municipal,0.0625,2020-05
2300200,Acaraú,CE,2020,5,0.0,inpe_bdq_aqua_ref,climatology_municipal,0.0625,2020-05
2301307,Araripe,CE,2020,5,0.0,inpe_bdq_legacy,climatology_municipal,0.0,2020-05
2301604,Assaré,CE,2020,5,0.0,inpe_bdq_legacy,climatology_municipal,0.0,2020-05
2301901,Barbalha,CE,2020,5,0.0,inpe_bdq_aqua_ref,climatology_municipal,0.0,2020-05
2302503,Brejo Santo,CE,2020,5,0.0,inpe_bdq_legacy,climatology_municipal,0.0625,2020-05
2302701,Campos Sales,CE,2020,5,0.0,inpe_bdq_aqua_ref,climatology_municipal,0.0,2020-05
2304103,Crateús,CE,2020,5,0.0,inpe_bdq_aqua_ref,climatology_municipal,0.0,2020-05
2304202,Crato,CE,2020,5,0.0,inpe_bdq_legacy,climatology_municipal,0.0625,2020-05
2304400,Fortaleza,CE,2020,5,0.0,inpe_bdq_aqua_ref,climatology_municipal,0.0,2020-05
2305100,Guaramiranga,CE,2020,5,0.0,inpe_bdq_aqua_ref,climatology_municipal,0.0,2020-05
2305506,Iguatu,CE,2020,5,0.0,inpe_bdq_aqua_ref,climatology_municipal,0.0,2020-05
2306405,Itapipoca,CE,2020,5,0.0,inpe_bdq_aqua_ref,climatology_municipal,0.125,2020-05
2306900,Jaguaribe,CE,2020,5,0.0,inpe_bdq_aqua_ref,climatology_municipal,0.0,2020-05
2307007,Jaguaruana,CE,2020,5,0.0,inpe_bdq_aqua_ref,climatology_municipal,0.0625,2020-05
2307106,Jardim,CE,2020,5,3.0,inpe_bdq_legacy,climatology_municipal,0.0,2020-05
2307205,Jati,CE,2020,5,0.0,inpe_bdq_legacy,climatology_municipal,0.0,2020-05
2307304,Juazeiro do Norte,CE,2020,5,0.0,inpe_bdq_legacy,climatology_municipal,0.0,2020-05
2308401,Missão Velha,CE,2020,5,0.0,inpe_bdq_legacy,climatology_municipal,0.0,2020-05
2308708,Morada Nova,CE,2020,5,0.0,inpe_bdq_aqua_ref,climatology_municipal,0.25,2020-05
2309201,Nova Olinda,CE,2020,5,0.0,inpe_bdq_legacy,climatology_municipal,0.1875,2020-05
2310605,Penaforte,CE,2020,5,0.0,inpe_bdq_legacy,climatology_municipal,0.0,2020-05
2311108,Porteiras,CE,2020,5,0.0,inpe_bdq_legacy,climatology_municipal,0.0625,2020-05
2311207,Potengi,CE,2020,5,0.0,inpe_bdq_legacy,climatology_municipal,0.0625,2020-05
2311306,Quixadá,CE,2020,5,0.0,inpe_bdq_aqua_ref,climatology_municipal,0.1875,2020-05
2311405,Quixeramobim,CE,2020,5,0.0,inpe_bdq_aqua_ref,climatology_municipal,0.0,2020-05
2311959,Salitre,CE,2020,5,0.0,inpe_bdq_legacy,climatology_municipal,0.0625,2020-05
2312106,Santana do Cariri,CE,2020,5,0.0,inpe_bdq_legacy,climatology_municipal,0.0,2020-05
2312908,Sobral,CE,2020,5,0.0,inpe_bdq_aqua_ref,climatology_municipal,0.0,2020-05
2313302,Tauá,CE,2020,5,0.0,inpe_bdq_aqua_ref,climatology_municipal,0.0,2020-05
2313401,Tianguá,CE,2020,5,0.0,inpe_bdq_aqua_ref,climatology_municipal,0.0,2020-05
2300101,Abaiara,CE,2020,5,0.0,inpe_bdq_legacy,climatology_regional_intensity12,0.047596936237851856,2020-05
2300200,Acaraú,CE,2020,5,0.0,inpe_bdq_aqua_ref,climatology_regional_intensity12,0.047596936237851856,2020-05
2301307,Araripe,CE,2020,5,0.0,inpe_bdq_legacy,climatology_regional_intensity12,0.0,2020-05
2301604,Assaré,CE,2020,5,0.0,inpe_bdq_legacy,climatology_regional_intensity12,0.0,2020-05
2301901,Barbalha,CE,2020,5,0.0,inpe_bdq_aqua_ref,climatology_regional_intensity12,0.0,2020-05
2302503,Brejo Santo,CE,2020,5,0.0,inpe_bdq_legacy,climatology_regional_intensity12,0.047596936237851856,2020-05
2302701,Campos Sales,CE,2020,5,0.0,inpe_bdq_aqua_ref,climatology_regional_intensity12,0.0,2020-05
2304103,Crateús,CE,2020,5,0.0,inpe_bdq_aqua_ref,climatology_regional_intensity12,0.0,2020-05
2304202,Crato,CE,2020,5,0.0,inpe_bdq_legacy,climatology_regional_intensity12,0.047596936237851856,2020-05
2304400,Fortaleza,CE,2020,5,0.0,inpe_bdq_aqua_ref,climatology_regional_intensity12,0.0,2020-05
2305100,Guaramiranga,CE,2020,5,0.0,inpe_bdq_aqua_ref,climatology_regional_intensity12,0.0,2020-05
2305506,Iguatu,CE,2020,5,0.0,inpe_bdq_aqua_ref,climatology_regional_intensity12,0.0,2020-05
2306405,Itapipoca,CE,2020,5,0.0,inpe_bdq_aqua_ref,climatology_regional_intensity12,0.09519387247570371,2020-05
2306900,Jaguaribe,CE,2020,5,0.0,inpe_bdq_aqua_ref,climatology_regional_intensity12,0.0,2020-05
2307007,Jaguaruana,CE,2020,5,0.0,inpe_bdq_aqua_ref,climatology_regional_intensity12,0.047596936237851856,2020-05
2307106,Jardim,CE,2020,5,3.0,inpe_bdq_legacy,climatology_regional_intensity12,0.0,2020-05
2307205,Jati,CE,2020,5,0.0,inpe_bdq_legacy,climatology_regional_intensity12,0.0,2020-05
2307304,Juazeiro do Norte,CE,2020,5,0.0,inpe_bdq_legacy,climatology_regional_intensity12,0.0,2020-05
2308401,Missão Velha,CE,2020,5,0.0,inpe_bdq_legacy,climatology_regional_intensity12,0.0,2020-05
2308708,Morada Nova,CE,2020,5,0.0,inpe_bdq_aqua_ref,climatology_regional_intensity12,0.19038774495140742,2020-05
2309201,Nova Olinda,CE,2020,5,0.0,inpe_bdq_legacy,climatology_regional_intensity12,0.14279080871355557,2020-05
2310605,Penaforte,CE,2020,5,0.0,inpe_bdq_legacy,climatology_regional_intensity12,0.0,2020-05
2311108,Porteiras,CE,2020,5,0.0,inpe_bdq_legacy,climatology_regional_intensity12,0.047596936237851856,2020-05
2311207,Potengi,CE,2020,5,0.0,inpe_bdq_legacy,climatology_regional_intensity12,0.047596936237851856,2020-05
2311306,Quixadá,CE,2020,5,0.0,inpe_bdq_aqua_ref,climatology_regional_intensity12,0.14279080871355557,2020-05
2311405,Quixeramobim,CE,2020,5,0.0,inpe_bdq_aqua_ref,climatology_regional_intensity12,0.0,2020-05
2311959,Salitre,CE,2020,5,0.0,inpe_bdq_legacy,climatology_regional_intensity12,0.047596936237851856,2020-05
2312106,Santana do Cariri,CE,2020,5,0.0,inpe_bdq_legacy,climatology_regional_intensity12,0.0,2020-05
2312908,Sobral,CE,2020,5,0.0,inpe_bdq_aqua_ref,climatology_regional_intensity12,0.0,2020-05
2313302,Tauá,CE,2020,5,0.0,inpe_bdq_aqua_ref,climatology_regional_intensity12,0.0,2020-05
2313401,Tianguá,CE,2020,5,0.0,inpe_bdq_aqua_ref,climatology_regional_intensity12,0.0,2020-05
2300101,Abaiara,CE,2020,6,0.0,inpe_bdq_legacy,climatology_municipal,0.0,2020-06
2300200,Acaraú,CE,2020,6,0.0,inpe_bdq_aqua_ref,climatology_municipal,0.5,2020-06
2301307,Araripe,CE,2020,6,0.0,inpe_bdq_legacy,climatology_municipal,0.0625,2020-06
2301604,Assaré,CE,2020,6,0.0,inpe_bdq_legacy,climatology_municipal,0.0,2020-06
2301901,Barbalha,CE,2020,6,1.0,inpe_bdq_aqua_ref,climatology_municipal,0.125,2020-06
2302503,Brejo Santo,CE,2020,6,0.0,inpe_bdq_legacy,climatology_municipal,0.0,2020-06
2302701,Campos Sales,CE,2020,6,0.0,inpe_bdq_aqua_ref,climatology_municipal,0.0,2020-06
2304103,Crateús,CE,2020,6,2.0,inpe_bdq_aqua_ref,climatology_municipal,0.1875,2020-06
2304202,Crato,CE,2020,6,0.0,inpe_bdq_legacy,climatology_municipal,0.0625,2020-06
2304400,Fortaleza,CE,2020,6,0.0,inpe_bdq_aqua_ref,climatology_municipal,0.0,2020-06
2305100,Guaramiranga,CE,2020,6,0.0,inpe_bdq_aqua_ref,climatology_municipal,0.0,2020-06
2305506,Iguatu,CE,2020,6,0.0,inpe_bdq_aqua_ref,climatology_municipal,0.1875,2020-06
2306405,Itapipoca,CE,2020,6,0.0,inpe_bdq_aqua_ref,climatology_municipal,0.625,2020-06
2306900,Jaguaribe,CE,2020,6,1.0,inpe_bdq_aqua_ref,climatology_municipal,0.0625,2020-06
2307007,Jaguaruana,CE,2020,6,0.0,inpe_bdq_aqua_ref,climatology_municipal,0.0,2020-06
2307106,Jardim,CE,2020,6,1.0,inpe_bdq_legacy,climatology_municipal,0.0,2020-06
2307205,Jati,CE,2020,6,0.0,inpe_bdq_legacy,climatology_municipal,0.0,2020-06
2307304,Juazeiro do Norte,CE,2020,6,0.0,inpe_bdq_legacy,climatology_municipal,0.0,2020-06
2308401,Missão Velha,CE,2020,6,0.0,inpe_bdq_legacy,climatology_municipal,0.125,2020-06
2308708,Morada Nova,CE,2020,6,0.0,inpe_bdq_aqua_ref,climatology_municipal,0.1875,2020-06
2309201,Nova Olinda,CE,2020,6,0.0,inpe_bdq_legacy,climatology_municipal,0.0,2020-06
2310605,Penaforte,CE,2020,6,0.0,inpe_bdq_legacy,climatology_municipal,0.0,2020-06
2311108,Porteiras,CE,2020,6,0.0,inpe_bdq_legacy,climatology_municipal,0.0625,2020-06
2311207,Potengi,CE,2020,6,0.0,inpe_bdq_legacy,climatology_municipal,0.0,2020-06
2311306,Quixadá,CE,2020,6,0.0,inpe_bdq_aqua_ref,climatology_municipal,0.0625,2020-06
2311405,Quixeramobim,CE,2020,6,0.0,inpe_bdq_aqua_ref,climatology_municipal,0.1875,2020-06
2311959,Salitre,CE,2020,6,0.0,inpe_bdq_legacy,climatology_municipal,0.125,2020-06
2312106,Santana do Cariri,CE,2020,6,0.0,inpe_bdq_legacy,climatology_municipal,0.0,2020-06
2312908,Sobral,CE,2020,6,0.0,inpe_bdq_aqua_ref,climatology_municipal,0.25,2020-06
2313302,Tauá,CE,2020,6,0.0,inpe_bdq_aqua_ref,climatology_municipal,0.125,2020-06
2313401,Tianguá,CE,2020,6,0.0,inpe_bdq_aqua_ref,climatology_municipal,0.125,2020-06
2300101,Abaiara,CE,2020,6,0.0,inpe_bdq_legacy,climatology_regional_intensity12,0.0,2020-06
2300200,Acaraú,CE,2020,6,0.0,inpe_bdq_aqua_ref,climatology_regional_intensity12,0.38074049795234816,2020-06
2301307,Araripe,CE,2020,6,0.0,inpe_bdq_legacy,climatology_regional_intensity12,0.04759256224404352,2020-06
2301604,Assaré,CE,2020,6,0.0,inpe_bdq_legacy,climatology_regional_intensity12,0.0,2020-06
2301901,Barbalha,CE,2020,6,1.0,inpe_bdq_aqua_ref,climatology_regional_intensity12,0.09518512448808704,2020-06
2302503,Brejo Santo,CE,2020,6,0.0,inpe_bdq_legacy,climatology_regional_intensity12,0.0,2020-06
2302701,Campos Sales,CE,2020,6,0.0,inpe_bdq_aqua_ref,climatology_regional_intensity12,0.0,2020-06
2304103,Crateús,CE,2020,6,2.0,inpe_bdq_aqua_ref,climatology_regional_intensity12,0.14277768673213057,2020-06
2304202,Crato,CE,2020,6,0.0,inpe_bdq_legacy,climatology_regional_intensity12,0.04759256224404352,2020-06
2304400,Fortaleza,CE,2020,6,0.0,inpe_bdq_aqua_ref,climatology_regional_intensity12,0.0,2020-06
2305100,Guaramiranga,CE,2020,6,0.0,inpe_bdq_aqua_ref,climatology_regional_intensity12,0.0,2020-06
2305506,Iguatu,CE,2020,6,0.0,inpe_bdq_aqua_ref,climatology_regional_intensity12,0.14277768673213057,2020-06
2306405,Itapipoca,CE,2020,6,0.0,inpe_bdq_aqua_ref,climatology_regional_intensity12,0.4759256224404352,2020-06
2306900,Jaguaribe,CE,2020,6,1.0,inpe_bdq_aqua_ref,climatology_regional_intensity12,0.04759256224404352,2020-06
2307007,Jaguaruana,CE,2020,6,0.0,inpe_bdq_aqua_ref,climatology_regional_intensity12,0.0,2020-06
2307106,Jardim,CE,2020,6,1.0,inpe_bdq_legacy,climatology_regional_intensity12,0.0,2020-06
2307205,Jati,CE,2020,6,0.0,inpe_bdq_legacy,climatology_regional_intensity12,0.0,2020-06
2307304,Juazeiro do Norte,CE,2020,6,0.0,inpe_bdq_legacy,climatology_regional_intensity12,0.0,2020-06
2308401,Missão Velha,CE,2020,6,0.0,inpe_bdq_legacy,climatology_regional_intensity12,0.09518512448808704,2020-06
2308708,Morada Nova,CE,2020,6,0.0,inpe_bdq_aqua_ref,climatology_regional_intensity12,0.14277768673213057,2020-06
2309201,Nova Olinda,CE,2020,6,0.0,inpe_bdq_legacy,climatology_regional_intensity12,0.0,2020-06
2310605,Penaforte,CE,2020,6,0.0,inpe_bdq_legacy,climatology_regional_intensity12,0.0,2020-06
2311108,Porteiras,CE,2020,6,0.0,inpe_bdq_legacy,climatology_regional_intensity12,0.04759256224404352,2020-06
2311207,Potengi,CE,2020,6,0.0,inpe_bdq_legacy,climatology_regional_intensity12,0.0,2020-06
2311306,Quixadá,CE,2020,6,0.0,inpe_bdq_aqua_ref,climatology_regional_intensity12,0.04759256224404352,2020-06
2311405,Quixeramobim,CE,2020,6,0.0,inpe_bdq_aqua_ref,climatology_regional_intensity12,0.14277768673213057,2020-06
2311959,Salitre,CE,2020,6,0.0,inpe_bdq_legacy,climatology_regional_intensity12,0.09518512448808704,2020-06
2312106,Santana do Cariri,CE,2020,6,0.0,inpe_bdq_legacy,climatology_regional_intensity12,0.0,2020-06
2312908,Sobral,CE,2020,6,0.0,inpe_bdq_aqua_ref,climatology_regional_intensity12,0.19037024897617408,2020-06
2313302,Tauá,CE,2020,6,0.0,inpe_bdq_aqua_ref,climatology_regional_intensity12,0.09518512448808704,2020-06
2313401,Tianguá,CE,2020,6,0.0,inpe_bdq_aqua_ref,climatology_regional_intensity12,0.09518512448808704,2020-06
2300101,Abaiara,CE,2020,7,0.0,inpe_bdq_legacy,climatology_municipal,0.1875,2020-07
2300200,Acaraú,CE,2020,7,3.0,inpe_bdq_aqua_ref,climatology_municipal,1.3125,2020-07
2301307,Araripe,CE,2020,7,0.0,inpe_bdq_legacy,climatology_municipal,0.375,2020-07
2301604,Assaré,CE,2020,7,0.0,inpe_bdq_legacy,climatology_municipal,0.0625,2020-07
2301901,Barbalha,CE,2020,7,3.0,inpe_bdq_aqua_ref,climatology_municipal,0.058823529411764705,2020-07
2302503,Brejo Santo,CE,2020,7,1.0,inpe_bdq_legacy,climatology_municipal,0.1875,2020-07
2302701,Campos Sales,CE,2020,7,0.0,inpe_bdq_aqua_ref,climatology_municipal,0.0,2020-07
2304103,Crateús,CE,2020,7,0.0,inpe_bdq_aqua_ref,climatology_municipal,0.5625,2020-07
2304202,Crato,CE,2020,7,0.0,inpe_bdq_legacy,climatology_municipal,0.0,2020-07
2304400,Fortaleza,CE,2020,7,0.0,inpe_bdq_aqua_ref,climatology_municipal,0.0625,2020-07
2305100,Guaramiranga,CE,2020,7,0.0,inpe_bdq_aqua_ref,climatology_municipal,0.0,2020-07
2305506,Iguatu,CE,2020,7,3.0,inpe_bdq_aqua_ref,climatology_municipal,0.875,2020-07
2306405,Itapipoca,CE,2020,7,2.0,inpe_bdq_aqua_ref,climatology_municipal,0.75,2020-07
2306900,Jaguaribe,CE,2020,7,0.0,inpe_bdq_aqua_ref,climatology_municipal,0.125,2020-07
2307007,Jaguaruana,CE,2020,7,0.0,inpe_bdq_aqua_ref,climatology_municipal,0.25,2020-07
2307106,Jardim,CE,2020,7,1.0,inpe_bdq_legacy,climatology_municipal,0.0,2020-07
2307205,Jati,CE,2020,7,0.0,inpe_bdq_legacy,climatology_municipal,0.0,2020-07
2307304,Juazeiro do Norte,CE,2020,7,0.0,inpe_bdq_legacy,climatology_municipal,0.3125,2020-07
2308401,Missão Velha,CE,2020,7,0.0,inpe_bdq_legacy,climatology_municipal,0.125,2020-07
2308708,Morada Nova,CE,2020,7,0.0,inpe_bdq_aqua_ref,climatology_municipal,0.0,2020-07
2309201,Nova Olinda,CE,2020,7,1.0,inpe_bdq_legacy,climatology_municipal,0.4375,2020-07
2310605,Penaforte,CE,2020,7,0.0,inpe_bdq_legacy,climatology_municipal,0.0,2020-07
2311108,Porteiras,CE,2020,7,0.0,inpe_bdq_legacy,climatology_municipal,0.1875,2020-07
2311207,Potengi,CE,2020,7,0.0,inpe_bdq_legacy,climatology_municipal,0.125,2020-07
2311306,Quixadá,CE,2020,7,1.0,inpe_bdq_aqua_ref,climatology_municipal,0.4375,2020-07
2311405,Quixeramobim,CE,2020,7,0.0,inpe_bdq_aqua_ref,climatology_municipal,0.375,2020-07
2311959,Salitre,CE,2020,7,1.0,inpe_bdq_legacy,climatology_municipal,0.0,2020-07
2312106,Santana do Cariri,CE,2020,7,2.0,inpe_bdq_legacy,climatology_municipal,0.25,2020-07
2312908,Sobral,CE,2020,7,1.0,inpe_bdq_aqua_ref,climatology_municipal,0.75,2020-07
2313302,Tauá,CE,2020,7,0.0,inpe_bdq_aqua_ref,climatology_municipal,0.25,2020-07
2313401,Tianguá,CE,2020,7,0.0,inpe_bdq_aqua_ref,climatology_municipal,0.3125,2020-07
2300101,Abaiara,CE,2020,7,0.0,inpe_bdq_legacy,climatology_regional_intensity12,0.14242842972226877,2020-07
2300200,Acaraú,CE,2020,7,3.0,inpe_bdq_aqua_ref,climatology_regional_intensity12,0.9969990080558814,2020-07
2301307,Araripe,CE,2020,7,0.0,inpe_bdq_legacy,climatology_regional_intensity12,0.28485685944453754,2020-07
2301604,Assaré,CE,2020,7,0.0,inpe_bdq_legacy,climatology_regional_intensity12,0.047476143240756254,2020-07
2301901,Barbalha,CE,2020,7,3.0,inpe_bdq_aqua_ref,climatology_regional_intensity12,0.044683428932476475,2020-07
2302503,Brejo Santo,CE,2020,7,1.0,inpe_bdq_legacy,climatology_regional_intensity12,0.14242842972226877,2020-07
2302701,Campos Sales,CE,2020,7,0.0,inpe_bdq_aqua_ref,climatology_regional_intensity12,0.0,2020-07
2304103,Crateús,CE,2020,7,0.0,inpe_bdq_aqua_ref,climatology_regional_intensity12,0.4272852891668063,2020-07
2304202,Crato,CE,2020,7,0.0,inpe_bdq_legacy,climatology_regional_intensity12,0.0,2020-07
2304400,Fortaleza,CE,2020,7,0.0,inpe_bdq_aqua_ref,climatology_regional_intensity12,0.047476143240756254,2020-07
2305100,Guaramiranga,CE,2020,7,0.0,inpe_bdq_aqua_ref,climatology_regional_intensity12,0.0,2020-07
2305506,Iguatu,CE,2020,7,3.0,inpe_bdq_aqua_ref,climatology_regional_intensity12,0.6646660053705875,2020-07
2306405,Itapipoca,CE,2020,7,2.0,inpe_bdq_aqua_ref,climatology_regional_intensity12,0.5697137188890751,2020-07
2306900,Jaguaribe,CE,2020,7,0.0,inpe_bdq_aqua_ref,climatology_regional_intensity12,0.09495228648151251,2020-07
2307007,Jaguaruana,CE,2020,7,0.0,inpe_bdq_aqua_ref,climatology_regional_intensity12,0.18990457296302501,2020-07
2307106,Jardim,CE,2020,7,1.0,inpe_bdq_legacy,climatology_regional_intensity12,0.0,2020-07
2307205,Jati,CE,2020,7,0.0,inpe_bdq_legacy,climatology_regional_intensity12,0.0,2020-07
2307304,Juazeiro do Norte,CE,2020,7,0.0,inpe_bdq_legacy,climatology_regional_intensity12,0.23738071620378126,2020-07
2308401,Missão Velha,CE,2020,7,0.0,inpe_bdq_legacy,climatology_regional_intensity12,0.09495228648151251,2020-07
2308708,Morada Nova,CE,2020,7,0.0,inpe_bdq_aqua_ref,climatology_regional_intensity12,0.0,2020-07
2309201,Nova Olinda,CE,2020,7,1.0,inpe_bdq_legacy,climatology_regional_intensity12,0.33233300268529375,2020-07
2310605,Penaforte,CE,2020,7,0.0,inpe_bdq_legacy,climatology_regional_intensity12,0.0,2020-07
2311108,Porteiras,CE,2020,7,0.0,inpe_bdq_legacy,climatology_regional_intensity12,0.14242842972226877,2020-07
2311207,Potengi,CE,2020,7,0.0,inpe_bdq_legacy,climatology_regional_intensity12,0.09495228648151251,2020-07
2311306,Quixadá,CE,2020,7,1.0,inpe_bdq_aqua_ref,climatology_regional_intensity12,0.33233300268529375,2020-07
2311405,Quixeramobim,CE,2020,7,0.0,inpe_bdq_aqua_ref,climatology_regional_intensity12,0.28485685944453754,2020-07
2311959,Salitre,CE,2020,7,1.0,inpe_bdq_legacy,climatology_regional_intensity12,0.0,2020-07
2312106,Santana do Cariri,CE,2020,7,2.0,inpe_bdq_legacy,climatology_regional_intensity12,0.18990457296302501,2020-07
2312908,Sobral,CE,2020,7,1.0,inpe_bdq_aqua_ref,climatology_regional_intensity12,0.5697137188890751,2020-07
2313302,Tauá,CE,2020,7,0.0,inpe_bdq_aqua_ref,climatology_regional_intensity12,0.18990457296302501,2020-07
2313401,Tianguá,CE,2020,7,0.0,inpe_bdq_aqua_ref,climatology_regional_intensity12,0.23738071620378126,2020-07
2300101,Abaiara,CE,2020,8,0.0,inpe_bdq_legacy,climatology_municipal,0.4375,2020-08
2300200,Acaraú,CE,2020,8,0.0,inpe_bdq_aqua_ref,climatology_municipal,1.4375,2020-08
2301307,Araripe,CE,2020,8,0.0,inpe_bdq_legacy,climatology_municipal,1.0588235294117647,2020-08
2301604,Assaré,CE,2020,8,0.0,inpe_bdq_legacy,climatology_municipal,1.125,2020-08
2301901,Barbalha,CE,2020,8,1.0,inpe_bdq_aqua_ref,climatology_municipal,1.1176470588235294,2020-08
2302503,Brejo Santo,CE,2020,8,0.0,inpe_bdq_legacy,climatology_municipal,0.1875,2020-08
2302701,Campos Sales,CE,2020,8,2.0,inpe_bdq_aqua_ref,climatology_municipal,0.1875,2020-08
2304103,Crateús,CE,2020,8,4.0,inpe_bdq_aqua_ref,climatology_municipal,2.375,2020-08
2304202,Crato,CE,2020,8,2.0,inpe_bdq_legacy,climatology_municipal,1.588235294117647,2020-08
2304400,Fortaleza,CE,2020,8,0.0,inpe_bdq_aqua_ref,climatology_municipal,0.42857142857142855,2020-08
2305100,Guaramiranga,CE,2020,8,0.0,inpe_bdq_aqua_ref,climatology_municipal,0.0,2020-08
2305506,Iguatu,CE,2020,8,3.0,inpe_bdq_aqua_ref,climatology_municipal,1.375,2020-08
2306405,Itapipoca,CE,2020,8,3.0,inpe_bdq_aqua_ref,climatology_municipal,3.1875,2020-08
2306900,Jaguaribe,CE,2020,8,1.0,inpe_bdq_aqua_ref,climatology_municipal,0.875,2020-08
2307007,Jaguaruana,CE,2020,8,0.0,inpe_bdq_aqua_ref,climatology_municipal,1.0833333333333333,2020-08
2307106,Jardim,CE,2020,8,1.0,inpe_bdq_legacy,climatology_municipal,0.125,2020-08
2307205,Jati,CE,2020,8,0.0,inpe_bdq_legacy,climatology_municipal,0.0,2020-08
2307304,Juazeiro do Norte,CE,2020,8,0.0,inpe_bdq_legacy,climatology_municipal,0.8,2020-08
2308401,Missão Velha,CE,2020,8,0.0,inpe_bdq_legacy,climatology_municipal,0.625,2020-08
2308708,Morada Nova,CE,2020,8,0.0,inpe_bdq_aqua_ref,climatology_municipal,1.4375,2020-08
2309201,Nova Olinda,CE,2020,8,0.0,inpe_bdq_legacy,climatology_municipal,0.25,2020-08
2310605,Penaforte,CE,2020,8,0.0,inpe_bdq_legacy,climatology_municipal,0.0,2020-08
2311108,Porteiras,CE,2020,8,1.0,inpe_bdq_legacy,climatology_municipal,0.0,2020-08
2311207,Potengi,CE,2020,8,0.0,inpe_bdq_legacy,climatology_municipal,0.0,2020-08
2311306,Quixadá,CE,2020,8,0.0,inpe_bdq_aqua_ref,climatology_municipal,0.9375,2020-08
2311405,Quixeramobim,CE,2020,8,3.0,inpe_bdq_aqua_ref,climatology_municipal,1.125,2020-08
2311959,Salitre,CE,2020,8,1.0,inpe_bdq_legacy,climatology_municipal,0.29411764705882354,2020-08
2312106,Santana do Cariri,CE,2020,8,2.0,inpe_bdq_legacy,climatology_municipal,0.7058823529411765,2020-08
2312908,Sobral,CE,2020,8,5.0,inpe_bdq_aqua_ref,climatology_municipal,6.6875,2020-08
2313302,Tauá,CE,2020,8,3.0,inpe_bdq_aqua_ref,climatology_municipal,0.4375,2020-08
2313401,Tianguá,CE,2020,8,0.0,inpe_bdq_aqua_ref,climatology_municipal,1.0,2020-08
2300101,Abaiara,CE,2020,8,0.0,inpe_bdq_legacy,climatology_regional_intensity12,0.3383953834988787,2020-08
2300200,Acaraú,CE,2020,8,0.0,inpe_bdq_aqua_ref,climatology_regional_intensity12,1.1118705457820302,2020-08
2301307,Araripe,CE,2020,8,0.0,inpe_bdq_legacy,climatology_regional_intensity12,0.8189737012409838,2020-08
2301604,Assaré,CE,2020,8,0.0,inpe_bdq_legacy,climatology_regional_intensity12,0.8701595575685453,2020-08
2301901,Barbalha,CE,2020,8,1.0,inpe_bdq_aqua_ref,climatology_regional_intensity12,0.8644722401988163,2020-08
2302503,Brejo Santo,CE,2020,8,0.0,inpe_bdq_legacy,climatology_regional_intensity12,0.1450265929280909,2020-08
2302701,Campos Sales,CE,2020,8,2.0,inpe_bdq_aqua_ref,climatology_regional_intensity12,0.1450265929280909,2020-08
2304103,Crateús,CE,2020,8,4.0,inpe_bdq_aqua_ref,climatology_regional_intensity12,1.8370035104224844,2020-08
2304202,Crato,CE,2020,8,2.0,inpe_bdq_legacy,climatology_regional_intensity12,1.2284605518614757,2020-08
2304400,Fortaleza,CE,2020,8,0.0,inpe_bdq_aqua_ref,climatology_regional_intensity12,0.3314893552642077,2020-08
2305100,Guaramiranga,CE,2020,8,0.0,inpe_bdq_aqua_ref,climatology_regional_intensity12,0.0,2020-08
2305506,Iguatu,CE,2020,8,3.0,inpe_bdq_aqua_ref,climatology_regional_intensity12,1.0635283481393332,2020-08
2306405,Itapipoca,CE,2020,8,3.0,inpe_bdq_aqua_ref,climatology_regional_intensity12,2.465452079777545,2020-08
2306900,Jaguaribe,CE,2020,8,1.0,inpe_bdq_aqua_ref,climatology_regional_intensity12,0.6767907669977574,2020-08
2307007,Jaguaruana,CE,2020,8,0.0,inpe_bdq_aqua_ref,climatology_regional_intensity12,0.8379314258067473,2020-08
2307106,Jardim,CE,2020,8,1.0,inpe_bdq_legacy,climatology_regional_intensity12,0.09668439528539392,2020-08
2307205,Jati,CE,2020,8,0.0,inpe_bdq_legacy,climatology_regional_intensity12,0.0,2020-08
2307304,Juazeiro do Norte,CE,2020,8,0.0,inpe_bdq_legacy,climatology_regional_intensity12,0.6187801298265212,2020-08
2308401,Missão Velha,CE,2020,8,0.0,inpe_bdq_legacy,climatology_regional_intensity12,0.4834219764269696,2020-08
2308708,Morada Nova,CE,2020,8,0.0,inpe_bdq_aqua_ref,climatology_regional_intensity12,1.1118705457820302,2020-08
2309201,Nova Olinda,CE,2020,8,0.0,inpe_bdq_legacy,climatology_regional_intensity12,0.19336879057078785,2020-08
2310605,Penaforte,CE,2020,8,0.0,inpe_bdq_legacy,climatology_regional_intensity12,0.0,2020-08
2311108,Porteiras,CE,2020,8,1.0,inpe_bdq_legacy,climatology_regional_intensity12,0.0,2020-08
2311207,Potengi,CE,2020,8,0.0,inpe_bdq_legacy,climatology_regional_intensity12,0.0,2020-08
2311306,Quixadá,CE,2020,8,0.0,inpe_bdq_aqua_ref,climatology_regional_intensity12,0.7251329646404544,2020-08
2311405,Quixeramobim,CE,2020,8,3.0,inpe_bdq_aqua_ref,climatology_regional_intensity12,0.8701595575685453,2020-08
2311959,Salitre,CE,2020,8,1.0,inpe_bdq_legacy,climatology_regional_intensity12,0.22749269478916218,2020-08
2312106,Santana do Cariri,CE,2020,8,2.0,inpe_bdq_legacy,climatology_regional_intensity12,0.5459824674939893,2020-08
2312908,Sobral,CE,2020,8,5.0,inpe_bdq_aqua_ref,climatology_regional_intensity12,5.172615147768575,2020-08
2313302,Tauá,CE,2020,8,3.0,inpe_bdq_aqua_ref,climatology_regional_intensity12,0.3383953834988787,2020-08
2313401,Tianguá,CE,2020,8,0.0,inpe_bdq_aqua_ref,climatology_regional_intensity12,0.7734751622831514,2020-08
2300101,Abaiara,CE,2020,9,0.0,inpe_bdq_legacy,climatology_municipal,0.3125,2020-09
2300200,Acaraú,CE,2020,9,1.0,inpe_bdq_aqua_ref,climatology_municipal,1.9375,2020-09
2301307,Araripe,CE,2020,9,5.0,inpe_bdq_legacy,climatology_municipal,7.470588235294118,2020-09
2301604,Assaré,CE,2020,9,5.0,inpe_bdq_legacy,climatology_municipal,1.1764705882352942,2020-09
2301901,Barbalha,CE,2020,9,2.0,inpe_bdq_aqua_ref,climatology_municipal,2.7058823529411766,2020-09
2302503,Brejo Santo,CE,2020,9,3.0,inpe_bdq_legacy,climatology_municipal,1.3529411764705883,2020-09
2302701,Campos Sales,CE,2020,9,1.0,inpe_bdq_aqua_ref,climatology_municipal,1.3529411764705883,2020-09
2304103,Crateús,CE,2020,9,2.0,inpe_bdq_aqua_ref,climatology_municipal,3.125,2020-09
2304202,Crato,CE,2020,9,5.0,inpe_bdq_legacy,climatology_municipal,3.588235294117647,2020-09
2304400,Fortaleza,CE,2020,9,4.0,inpe_bdq_aqua_ref,climatology_municipal,0.5714285714285714,2020-09
2305100,Guaramiranga,CE,2020,9,0.0,inpe_bdq_aqua_ref,climatology_municipal,0.0,2020-09
2305506,Iguatu,CE,2020,9,6.0,inpe_bdq_aqua_ref,climatology_municipal,4.3125,2020-09
2306405,Itapipoca,CE,2020,9,3.0,inpe_bdq_aqua_ref,climatology_municipal,3.625,2020-09
2306900,Jaguaribe,CE,2020,9,0.0,inpe_bdq_aqua_ref,climatology_municipal,1.125,2020-09
2307007,Jaguaruana,CE,2020,9,2.0,inpe_bdq_aqua_ref,climatology_municipal,0.8333333333333334,2020-09
2307106,Jardim,CE,2020,9,1.0,inpe_bdq_legacy,climatology_municipal,1.5,2020-09
2307205,Jati,CE,2020,9,0.0,inpe_bdq_legacy,climatology_municipal,0.5882352941176471,2020-09
2307304,Juazeiro do Norte,CE,2020,9,0.0,inpe_bdq_legacy,climatology_municipal,1.0,2020-09
2308401,Missão Velha,CE,2020,9,5.0,inpe_bdq_legacy,climatology_municipal,3.176470588235294,2020-09
2308708,Morada Nova,CE,2020,9,6.0,inpe_bdq_aqua_ref,climatology_municipal,1.3125,2020-09
2309201,Nova Olinda,CE,2020,9,1.0,inpe_bdq_legacy,climatology_municipal,0.75,2020-09
2310605,Penaforte,CE,2020,9,0.0,inpe_bdq_legacy,climatology_municipal,0.0,2020-09
2311108,Porteiras,CE,2020,9,0.0,inpe_bdq_legacy,climatology_municipal,1.0714285714285714,2020-09
2311207,Potengi,CE,2020,9,3.0,inpe_bdq_legacy,climatology_municipal,1.1176470588235294,2020-09
2311306,Quixadá,CE,2020,9,2.0,inpe_bdq_aqua_ref,climatology_municipal,3.5,2020-09
2311405,Quixeramobim,CE,2020,9,2.0,inpe_bdq_aqua_ref,climatology_municipal,3.25,2020-09
2311959,Salitre,CE,2020,9,6.0,inpe_bdq_legacy,climatology_municipal,1.4705882352941178,2020-09
2312106,Santana do Cariri,CE,2020,9,1.0,inpe_bdq_legacy,climatology_municipal,3.588235294117647,2020-09
2312908,Sobral,CE,2020,9,17.0,inpe_bdq_aqua_ref,climatology_municipal,10.4375,2020-09
2313302,Tauá,CE,2020,9,3.0,inpe_bdq_aqua_ref,climatology_municipal,2.1875,2020-09
2313401,Tianguá,CE,2020,9,2.0,inpe_bdq_aqua_ref,climatology_municipal,1.375,2020-09
2300101,Abaiara,CE,2020,9,0.0,inpe_bdq_legacy,climatology_regional_intensity12,0.24058654667574697,2020-09
2300200,Acaraú,CE,2020,9,1.0,inpe_bdq_aqua_ref,climatology_regional_intensity12,1.491636589389631,2020-09
2301307,Araripe,CE,2020,9,5.0,inpe_bdq_legacy,climatology_regional_intensity12,5.7514336805307975,2020-09
2301604,Assaré,CE,2020,9,5.0,inpe_bdq_legacy,climatology_regional_intensity12,0.9057375874851651,2020-09
2301901,Barbalha,CE,2020,9,2.0,inpe_bdq_aqua_ref,climatology_regional_intensity12,2.08319645121588,2020-09
2302503,Brejo Santo,CE,2020,9,3.0,inpe_bdq_legacy,climatology_regional_intensity12,1.04159822560794,2020-09
2302701,Campos Sales,CE,2020,9,1.0,inpe_bdq_aqua_ref,climatology_regional_intensity12,1.04159822560794,2020-09
2304103,Crateús,CE,2020,9,2.0,inpe_bdq_aqua_ref,climatology_regional_intensity12,2.4058654667574695,2020-09
2304202,Crato,CE,2020,9,5.0,inpe_bdq_legacy,climatology_regional_intensity12,2.7624996418297534,2020-09
2304400,Fortaleza,CE,2020,9,4.0,inpe_bdq_aqua_ref,climatology_regional_intensity12,0.43992968534993726,2020-09
2305100,Guaramiranga,CE,2020,9,0.0,inpe_bdq_aqua_ref,climatology_regional_intensity12,0.0,2020-09
2305506,Iguatu,CE,2020,9,6.0,inpe_bdq_aqua_ref,climatology_regional_intensity12,3.320094344125308,2020-09
2306405,Itapipoca,CE,2020,9,3.0,inpe_bdq_aqua_ref,climatology_regional_intensity12,2.7908039414386647,2020-09
2306900,Jaguaribe,CE,2020,9,0.0,inpe_bdq_aqua_ref,climatology_regional_intensity12,0.8661115680326891,2020-09
2307007,Jaguaruana,CE,2020,9,2.0,inpe_bdq_aqua_ref,climatology_regional_intensity12,0.6415641244686586,2020-09
2307106,Jardim,CE,2020,9,1.0,inpe_bdq_legacy,climatology_regional_intensity12,1.1548154240435853,2020-09
2307205,Jati,CE,2020,9,0.0,inpe_bdq_legacy,climatology_regional_intensity12,0.45286879374258254,2020-09
2307304,Juazeiro do Norte,CE,2020,9,0.0,inpe_bdq_legacy,climatology_regional_intensity12,0.7698769493623903,2020-09
2308401,Missão Velha,CE,2020,9,5.0,inpe_bdq_legacy,climatology_regional_intensity12,2.4454914862099453,2020-09
2308708,Morada Nova,CE,2020,9,6.0,inpe_bdq_aqua_ref,climatology_regional_intensity12,1.0104634960381371,2020-09
2309201,Nova Olinda,CE,2020,9,1.0,inpe_bdq_legacy,climatology_regional_intensity12,0.5774077120217926,2020-09
2310605,Penaforte,CE,2020,9,0.0,inpe_bdq_legacy,climatology_regional_intensity12,0.0,2020-09
2311108,Porteiras,CE,2020,9,0.0,inpe_bdq_legacy,climatology_regional_intensity12,0.8248681600311324,2020-09
2311207,Potengi,CE,2020,9,3.0,inpe_bdq_legacy,climatology_regional_intensity12,0.8604507081109067,2020-09
2311306,Quixadá,CE,2020,9,2.0,inpe_bdq_aqua_ref,climatology_regional_intensity12,2.694569322768366,2020-09
2311405,Quixeramobim,CE,2020,9,2.0,inpe_bdq_aqua_ref,climatology_regional_intensity12,2.5021000854277684,2020-09
2311959,Salitre,CE,2020,9,6.0,inpe_bdq_legacy,climatology_regional_intensity12,1.1321719843564564,2020-09
2312106,Santana do Cariri,CE,2020,9,1.0,inpe_bdq_legacy,climatology_regional_intensity12,2.7624996418297534,2020-09
2312908,Sobral,CE,2020,9,17.0,inpe_bdq_aqua_ref,climatology_regional_intensity12,8.035590658969948,2020-09
2313302,Tauá,CE,2020,9,3.0,inpe_bdq_aqua_ref,climatology_regional_intensity12,1.6841058267302287,2020-09
2313401,Tianguá,CE,2020,9,2.0,inpe_bdq_aqua_ref,climatology_regional_intensity12,1.0585808053732866,2020-09
2300101,Abaiara,CE,2020,10,4.0,inpe_bdq_legacy,climatology_municipal,0.9411764705882353,2020-10
2300200,Acaraú,CE,2020,10,0.0,inpe_bdq_aqua_ref,climatology_municipal,1.8125,2020-10
2301307,Araripe,CE,2020,10,10.0,inpe_bdq_legacy,climatology_municipal,11.941176470588236,2020-10
2301604,Assaré,CE,2020,10,0.0,inpe_bdq_legacy,climatology_municipal,3.3529411764705883,2020-10
2301901,Barbalha,CE,2020,10,5.0,inpe_bdq_aqua_ref,climatology_municipal,3.1176470588235294,2020-10
2302503,Brejo Santo,CE,2020,10,2.0,inpe_bdq_legacy,climatology_municipal,3.1176470588235294,2020-10
2302701,Campos Sales,CE,2020,10,2.0,inpe_bdq_aqua_ref,climatology_municipal,2.7058823529411766,2020-10
2304103,Crateús,CE,2020,10,31.0,inpe_bdq_aqua_ref,climatology_municipal,43.125,2020-10
2304202,Crato,CE,2020,10,15.0,inpe_bdq_legacy,climatology_municipal,9.235294117647058,2020-10
2304400,Fortaleza,CE,2020,10,1.0,inpe_bdq_aqua_ref,climatology_municipal,0.8571428571428571,2020-10
2305100,Guaramiranga,CE,2020,10,0.0,inpe_bdq_aqua_ref,climatology_municipal,0.07142857142857142,2020-10
2305506,Iguatu,CE,2020,10,6.0,inpe_bdq_aqua_ref,climatology_municipal,3.625,2020-10
2306405,Itapipoca,CE,2020,10,2.0,inpe_bdq_aqua_ref,climatology_municipal,3.0625,2020-10
2306900,Jaguaribe,CE,2020,10,0.0,inpe_bdq_aqua_ref,climatology_municipal,2.0,2020-10
2307007,Jaguaruana,CE,2020,10,0.0,inpe_bdq_aqua_ref,climatology_municipal,1.25,2020-10
2307106,Jardim,CE,2020,10,9.0,inpe_bdq_legacy,climatology_municipal,2.7058823529411766,2020-10
2307205,Jati,CE,2020,10,5.0,inpe_bdq_legacy,climatology_municipal,2.9411764705882355,2020-10
2307304,Juazeiro do Norte,CE,2020,10,1.0,inpe_bdq_legacy,climatology_municipal,2.933333333333333,2020-10
2308401,Missão Velha,CE,2020,10,6.0,inpe_bdq_legacy,climatology_municipal,5.352941176470588,2020-10
2308708,Morada Nova,CE,2020,10,3.0,inpe_bdq_aqua_ref,climatology_municipal,4.6875,2020-10
2309201,Nova Olinda,CE,2020,10,0.0,inpe_bdq_legacy,climatology_municipal,0.9411764705882353,2020-10
2310605,Penaforte,CE,2020,10,0.0,inpe_bdq_legacy,climatology_municipal,0.1875,2020-10
2311108,Porteiras,CE,2020,10,0.0,inpe_bdq_legacy,climatology_municipal,0.9333333333333333,2020-10
2311207,Potengi,CE,2020,10,0.0,inpe_bdq_legacy,climatology_municipal,2.0588235294117645,2020-10
2311306,Quixadá,CE,2020,10,18.0,inpe_bdq_aqua_ref,climatology_municipal,18.875,2020-10
2311405,Quixeramobim,CE,2020,10,19.0,inpe_bdq_aqua_ref,climatology_municipal,37.5625,2020-10
2311959,Salitre,CE,2020,10,0.0,inpe_bdq_legacy,climatology_municipal,4.117647058823529,2020-10
2312106,Santana do Cariri,CE,2020,10,4.0,inpe_bdq_legacy,climatology_municipal,7.176470588235294,2020-10
2312908,Sobral,CE,2020,10,19.0,inpe_bdq_aqua_ref,climatology_municipal,16.0,2020-10
2313302,Tauá,CE,2020,10,3.0,inpe_bdq_aqua_ref,climatology_municipal,8.1875,2020-10
2313401,Tianguá,CE,2020,10,12.0,inpe_bdq_aqua_ref,climatology_municipal,3.5625,2020-10
2300101,Abaiara,CE,2020,10,4.0,inpe_bdq_legacy,climatology_regional_intensity12,0.7322819123495855,2020-10
2300200,Acaraú,CE,2020,10,0.0,inpe_bdq_aqua_ref,climatology_regional_intensity12,1.4102147765169752,2020-10
2301307,Araripe,CE,2020,10,10.0,inpe_bdq_legacy,climatology_regional_intensity12,9.290826762935367,2020-10
2301604,Assaré,CE,2020,10,0.0,inpe_bdq_legacy,climatology_regional_intensity12,2.6087543127453987,2020-10
2301901,Barbalha,CE,2020,10,5.0,inpe_bdq_aqua_ref,climatology_regional_intensity12,2.425683834658002,2020-10
2302503,Brejo Santo,CE,2020,10,2.0,inpe_bdq_legacy,climatology_regional_intensity12,2.425683834658002,2020-10
2302701,Campos Sales,CE,2020,10,2.0,inpe_bdq_aqua_ref,climatology_regional_intensity12,2.1053104980050588,2020-10
2304103,Crateús,CE,2020,10,31.0,inpe_bdq_aqua_ref,climatology_regional_intensity12,33.55338606195562,2020-10
2304202,Crato,CE,2020,10,15.0,inpe_bdq_legacy,climatology_regional_intensity12,7.185516264930308,2020-10
2304400,Fortaleza,CE,2020,10,1.0,inpe_bdq_aqua_ref,climatology_regional_intensity12,0.6668995987469439,2020-10
2305100,Guaramiranga,CE,2020,10,0.0,inpe_bdq_aqua_ref,climatology_regional_intensity12,0.05557496656224533,2020-10
2305506,Iguatu,CE,2020,10,6.0,inpe_bdq_aqua_ref,climatology_regional_intensity12,2.8204295530339505,2020-10
2306405,Itapipoca,CE,2020,10,2.0,inpe_bdq_aqua_ref,climatology_regional_intensity12,2.3827766913562685,2020-10
2306900,Jaguaribe,CE,2020,10,0.0,inpe_bdq_aqua_ref,climatology_regional_intensity12,1.5560990637428693,2020-10
2307007,Jaguaruana,CE,2020,10,0.0,inpe_bdq_aqua_ref,climatology_regional_intensity12,0.9725619148392933,2020-10
2307106,Jardim,CE,2020,10,9.0,inpe_bdq_legacy,climatology_regional_intensity12,2.1053104980050588,2020-10
2307205,Jati,CE,2020,10,5.0,inpe_bdq_legacy,climatology_regional_intensity12,2.288380976092455,2020-10
2307304,Juazeiro do Norte,CE,2020,10,1.0,inpe_bdq_legacy,climatology_regional_intensity12,2.2822786268228747,2020-10
2308401,Missão Velha,CE,2020,10,6.0,inpe_bdq_legacy,climatology_regional_intensity12,4.164853376488268,2020-10
2308708,Morada Nova,CE,2020,10,3.0,inpe_bdq_aqua_ref,climatology_regional_intensity12,3.64710718064735,2020-10
2309201,Nova Olinda,CE,2020,10,0.0,inpe_bdq_legacy,climatology_regional_intensity12,0.7322819123495855,2020-10
2310605,Penaforte,CE,2020,10,0.0,inpe_bdq_legacy,climatology_regional_intensity12,0.145884287225894,2020-10
2311108,Porteiras,CE,2020,10,0.0,inpe_bdq_legacy,climatology_regional_intensity12,0.7261795630800058,2020-10
2311207,Potengi,CE,2020,10,0.0,inpe_bdq_legacy,climatology_regional_intensity12,1.6018666832647184,2020-10
2311306,Quixadá,CE,2020,10,18.0,inpe_bdq_aqua_ref,climatology_regional_intensity12,14.68568491407333,2020-10
2311405,Quixeramobim,CE,2020,10,19.0,inpe_bdq_aqua_ref,climatology_regional_intensity12,29.225485540920765,2020-10
2311959,Salitre,CE,2020,10,0.0,inpe_bdq_legacy,climatology_regional_intensity12,3.2037333665294367,2020-10
2312106,Santana do Cariri,CE,2020,10,4.0,inpe_bdq_legacy,climatology_regional_intensity12,5.58364958166559,2020-10
2312908,Sobral,CE,2020,10,19.0,inpe_bdq_aqua_ref,climatology_regional_intensity12,12.448792509942955,2020-10
2313302,Tauá,CE,2020,10,3.0,inpe_bdq_aqua_ref,climatology_regional_intensity12,6.370280542197372,2020-10
2313401,Tianguá,CE,2020,10,12.0,inpe_bdq_aqua_ref,climatology_regional_intensity12,2.771801457291986,2020-10
2300101,Abaiara,CE,2020,11,0.0,inpe_bdq_legacy,climatology_municipal,2.9411764705882355,2020-11
2300200,Acaraú,CE,2020,11,2.0,inpe_bdq_aqua_ref,climatology_municipal,9.0,2020-11
2301307,Araripe,CE,2020,11,11.0,inpe_bdq_legacy,climatology_municipal,13.882352941176471,2020-11
2301604,Assaré,CE,2020,11,6.0,inpe_bdq_legacy,climatology_municipal,5.117647058823529,2020-11
2301901,Barbalha,CE,2020,11,3.0,inpe_bdq_aqua_ref,climatology_municipal,5.294117647058823,2020-11
2302503,Brejo Santo,CE,2020,11,0.0,inpe_bdq_legacy,climatology_municipal,5.117647058823529,2020-11
2302701,Campos Sales,CE,2020,11,0.0,inpe_bdq_aqua_ref,climatology_municipal,3.0588235294117645,2020-11
2304103,Crateús,CE,2020,11,57.0,inpe_bdq_aqua_ref,climatology_municipal,60.8125,2020-11
2304202,Crato,CE,2020,11,6.0,inpe_bdq_legacy,climatology_municipal,10.588235294117647,2020-11
2304400,Fortaleza,CE,2020,11,0.0,inpe_bdq_aqua_ref,climatology_municipal,1.2857142857142858,2020-11
2305100,Guaramiranga,CE,2020,11,0.0,inpe_bdq_aqua_ref,climatology_municipal,0.5,2020-11
2305506,Iguatu,CE,2020,11,2.0,inpe_bdq_aqua_ref,climatology_municipal,8.3125,2020-11
2306405,Itapipoca,CE,2020,11,18.0,inpe_bdq_aqua_ref,climatology_municipal,23.3125,2020-11
2306900,Jaguaribe,CE,2020,11,5.0,inpe_bdq_aqua_ref,climatology_municipal,3.8125,2020-11
2307007,Jaguaruana,CE,2020,11,0.0,inpe_bdq_aqua_ref,climatology_municipal,0.4166666666666667,2020-11
2307106,Jardim,CE,2020,11,4.0,inpe_bdq_legacy,climatology_municipal,3.5294117647058822,2020-11
2307205,Jati,CE,2020,11,0.0,inpe_bdq_legacy,climatology_municipal,2.5294117647058822,2020-11
2307304,Juazeiro do Norte,CE,2020,11,1.0,inpe_bdq_legacy,climatology_municipal,3.6666666666666665,2020-11
2308401,Missão Velha,CE,2020,11,7.0,inpe_bdq_legacy,climatology_municipal,10.411764705882353,2020-11
2308708,Morada Nova,CE,2020,11,0.0,inpe_bdq_aqua_ref,climatology_municipal,5.0,2020-11
2309201,Nova Olinda,CE,2020,11,9.0,inpe_bdq_legacy,climatology_municipal,4.0588235294117645,2020-11
2310605,Penaforte,CE,2020,11,0.0,inpe_bdq_legacy,climatology_municipal,0.29411764705882354,2020-11
2311108,Porteiras,CE,2020,11,0.0,inpe_bdq_legacy,climatology_municipal,1.8,2020-11
2311207,Potengi,CE,2020,11,0.0,inpe_bdq_legacy,climatology_municipal,2.823529411764706,2020-11
2311306,Quixadá,CE,2020,11,7.0,inpe_bdq_aqua_ref,climatology_municipal,25.75,2020-11
2311405,Quixeramobim,CE,2020,11,28.0,inpe_bdq_aqua_ref,climatology_municipal,53.125,2020-11
2311959,Salitre,CE,2020,11,6.0,inpe_bdq_legacy,climatology_municipal,9.117647058823529,2020-11
2312106,Santana do Cariri,CE,2020,11,10.0,inpe_bdq_legacy,climatology_municipal,12.588235294117647,2020-11
2312908,Sobral,CE,2020,11,18.0,inpe_bdq_aqua_ref,climatology_municipal,33.0625,2020-11
2313302,Tauá,CE,2020,11,4.0,inpe_bdq_aqua_ref,climatology_municipal,15.0,2020-11
2313401,Tianguá,CE,2020,11,0.0,inpe_bdq_aqua_ref,climatology_municipal,9.8125,2020-11
2300101,Abaiara,CE,2020,11,0.0,inpe_bdq_legacy,climatology_regional_intensity12,2.2265983108735177,2020-11
2300200,Acaraú,CE,2020,11,2.0,inpe_bdq_aqua_ref,climatology_regional_intensity12,6.813390831272963,2020-11
2301307,Araripe,CE,2020,11,11.0,inpe_bdq_legacy,climatology_regional_intensity12,10.509544027323003,2020-11
2301604,Assaré,CE,2020,11,6.0,inpe_bdq_legacy,climatology_regional_intensity12,3.87428106091992,2020-11
2301901,Barbalha,CE,2020,11,3.0,inpe_bdq_aqua_ref,climatology_regional_intensity12,4.007876959572331,2020-11
2302503,Brejo Santo,CE,2020,11,0.0,inpe_bdq_legacy,climatology_regional_intensity12,3.87428106091992,2020-11
2302701,Campos Sales,CE,2020,11,0.0,inpe_bdq_aqua_ref,climatology_regional_intensity12,2.315662243308458,2020-11
2304103,Crateús,CE,2020,11,57.0,inpe_bdq_aqua_ref,climatology_regional_intensity12,46.037703325198564,2020-11
2304202,Crato,CE,2020,11,6.0,inpe_bdq_legacy,climatology_regional_intensity12,8.015753919144663,2020-11
2304400,Fortaleza,CE,2020,11,0.0,inpe_bdq_aqua_ref,climatology_regional_intensity12,0.9733415473247091,2020-11
2305100,Guaramiranga,CE,2020,11,0.0,inpe_bdq_aqua_ref,climatology_regional_intensity12,0.37852171284849795,2020-11
2305506,Iguatu,CE,2020,11,2.0,inpe_bdq_aqua_ref,climatology_regional_intensity12,6.292923476106278,2020-11
2306405,Itapipoca,CE,2020,11,18.0,inpe_bdq_aqua_ref,climatology_regional_intensity12,17.648574861561215,2020-11
2306900,Jaguaribe,CE,2020,11,5.0,inpe_bdq_aqua_ref,climatology_regional_intensity12,2.8862280604697967,2020-11
2307007,Jaguaruana,CE,2020,11,0.0,inpe_bdq_aqua_ref,climatology_regional_intensity12,0.31543476070708165,2020-11
2307106,Jardim,CE,2020,11,4.0,inpe_bdq_legacy,climatology_regional_intensity12,2.6719179730482208,2020-11
2307205,Jati,CE,2020,11,0.0,inpe_bdq_legacy,climatology_regional_intensity12,1.9148745473512248,2020-11
2307304,Juazeiro do Norte,CE,2020,11,1.0,inpe_bdq_legacy,climatology_regional_intensity12,2.775825894222318,2020-11
2308401,Missão Velha,CE,2020,11,7.0,inpe_bdq_legacy,climatology_regional_intensity12,7.882158020492252,2020-11
2308708,Morada Nova,CE,2020,11,0.0,inpe_bdq_aqua_ref,climatology_regional_intensity12,3.7852171284849794,2020-11
2309201,Nova Olinda,CE,2020,11,9.0,inpe_bdq_legacy,climatology_regional_intensity12,3.0727056690054537,2020-11
2310605,Penaforte,CE,2020,11,0.0,inpe_bdq_legacy,climatology_regional_intensity12,0.22265983108735174,2020-11
2311108,Porteiras,CE,2020,11,0.0,inpe_bdq_legacy,climatology_regional_intensity12,1.3626781662545926,2020-11
2311207,Potengi,CE,2020,11,0.0,inpe_bdq_legacy,climatology_regional_intensity12,2.137534378438577,2020-11
2311306,Quixadá,CE,2020,11,7.0,inpe_bdq_aqua_ref,climatology_regional_intensity12,19.493868211697645,2020-11
2311405,Quixeramobim,CE,2020,11,28.0,inpe_bdq_aqua_ref,climatology_regional_intensity12,40.217931990152906,2020-11
2311959,Salitre,CE,2020,11,6.0,inpe_bdq_legacy,climatology_regional_intensity12,6.902454763707904,2020-11
2312106,Santana do Cariri,CE,2020,11,10.0,inpe_bdq_legacy,climatology_regional_intensity12,9.529840770538653,2020-11
2312908,Sobral,CE,2020,11,18.0,inpe_bdq_aqua_ref,climatology_regional_intensity12,25.029748262106928,2020-11
2313302,Tauá,CE,2020,11,4.0,inpe_bdq_aqua_ref,climatology_regional_intensity12,11.355651385454939,2020-11
2313401,Tianguá,CE,2020,11,0.0,inpe_bdq_aqua_ref,climatology_regional_intensity12,7.428488614651772,2020-11
2300101,Abaiara,CE,2020,12,0.0,inpe_bdq_legacy,climatology_municipal,2.1176470588235294,2020-12
2300200,Acaraú,CE,2020,12,4.0,inpe_bdq_aqua_ref,climatology_municipal,37.75,2020-12
2301307,Araripe,CE,2020,12,6.0,inpe_bdq_legacy,climatology_municipal,6.411764705882353,2020-12
2301604,Assaré,CE,2020,12,8.0,inpe_bdq_legacy,climatology_municipal,4.9411764705882355,2020-12
2301901,Barbalha,CE,2020,12,2.0,inpe_bdq_aqua_ref,climatology_municipal,2.411764705882353,2020-12
2302503,Brejo Santo,CE,2020,12,3.0,inpe_bdq_legacy,climatology_municipal,2.3529411764705883,2020-12
2302701,Campos Sales,CE,2020,12,1.0,inpe_bdq_aqua_ref,climatology_municipal,1.2941176470588236,2020-12
2304103,Crateús,CE,2020,12,13.0,inpe_bdq_aqua_ref,climatology_municipal,28.3125,2020-12
2304202,Crato,CE,2020,12,4.0,inpe_bdq_legacy,climatology_municipal,6.470588235294118,2020-12
2304400,Fortaleza,CE,2020,12,0.0,inpe_bdq_aqua_ref,climatology_municipal,0.14285714285714285,2020-12
2305100,Guaramiranga,CE,2020,12,0.0,inpe_bdq_aqua_ref,climatology_municipal,0.07142857142857142,2020-12
2305506,Iguatu,CE,2020,12,1.0,inpe_bdq_aqua_ref,climatology_municipal,4.3125,2020-12
2306405,Itapipoca,CE,2020,12,39.0,inpe_bdq_aqua_ref,climatology_municipal,67.625,2020-12
2306900,Jaguaribe,CE,2020,12,1.0,inpe_bdq_aqua_ref,climatology_municipal,2.375,2020-12
2307007,Jaguaruana,CE,2020,12,0.0,inpe_bdq_aqua_ref,climatology_municipal,0.75,2020-12
2307106,Jardim,CE,2020,12,1.0,inpe_bdq_legacy,climatology_municipal,3.823529411764706,2020-12
2307205,Jati,CE,2020,12,2.0,inpe_bdq_legacy,climatology_municipal,0.6470588235294118,2020-12
2307304,Juazeiro do Norte,CE,2020,12,4.0,inpe_bdq_legacy,climatology_municipal,1.0,2020-12
2308401,Missão Velha,CE,2020,12,3.0,inpe_bdq_legacy,climatology_municipal,7.588235294117647,2020-12
2308708,Morada Nova,CE,2020,12,3.0,inpe_bdq_aqua_ref,climatology_municipal,5.4375,2020-12
2309201,Nova Olinda,CE,2020,12,3.0,inpe_bdq_legacy,climatology_municipal,3.1176470588235294,2020-12
2310605,Penaforte,CE,2020,12,1.0,inpe_bdq_legacy,climatology_municipal,0.35294117647058826,2020-12
2311108,Porteiras,CE,2020,12,0.0,inpe_bdq_legacy,climatology_municipal,2.2666666666666666,2020-12
2311207,Potengi,CE,2020,12,0.0,inpe_bdq_legacy,climatology_municipal,1.4705882352941178,2020-12
2311306,Quixadá,CE,2020,12,15.0,inpe_bdq_aqua_ref,climatology_municipal,13.125,2020-12
2311405,Quixeramobim,CE,2020,12,26.0,inpe_bdq_aqua_ref,climatology_municipal,32.375,2020-12
2311959,Salitre,CE,2020,12,1.0,inpe_bdq_legacy,climatology_municipal,3.7058823529411766,2020-12
2312106,Santana do Cariri,CE,2020,12,13.0,inpe_bdq_legacy,climatology_municipal,10.823529411764707,2020-12
2312908,Sobral,CE,2020,12,13.0,inpe_bdq_aqua_ref,climatology_municipal,20.25,2020-12
2313302,Tauá,CE,2020,12,4.0,inpe_bdq_aqua_ref,climatology_municipal,9.0625,2020-12
2313401,Tianguá,CE,2020,12,2.0,inpe_bdq_aqua_ref,climatology_municipal,13.4375,2020-12
2300101,Abaiara,CE,2020,12,0.0,inpe_bdq_legacy,climatology_regional_intensity12,1.5579745559856844,2020-12
2300200,Acaraú,CE,2020,12,4.0,inpe_bdq_aqua_ref,climatology_regional_intensity12,27.773060313994804,2020-12
2301307,Araripe,CE,2020,12,6.0,inpe_bdq_legacy,climatology_regional_intensity12,4.717200738956656,2020-12
2301604,Assaré,CE,2020,12,8.0,inpe_bdq_legacy,climatology_regional_intensity12,3.635273963966597,2020-12
2301901,Barbalha,CE,2020,12,2.0,inpe_bdq_aqua_ref,climatology_regional_intensity12,1.774359910983696,2020-12
2302503,Brejo Santo,CE,2020,12,3.0,inpe_bdq_legacy,climatology_regional_intensity12,1.7310828399840938,2020-12
2302701,Campos Sales,CE,2020,12,1.0,inpe_bdq_aqua_ref,climatology_regional_intensity12,0.9520955619912517,2020-12
2304103,Crateús,CE,2020,12,13.0,inpe_bdq_aqua_ref,climatology_regional_intensity12,20.829795235496103,2020-12
2304202,Crato,CE,2020,12,4.0,inpe_bdq_legacy,climatology_regional_intensity12,4.760477809956258,2020-12
2304400,Fortaleza,CE,2020,12,0.0,inpe_bdq_aqua_ref,climatology_regional_intensity12,0.1051014581418914,2020-12
2305100,Guaramiranga,CE,2020,12,0.0,inpe_bdq_aqua_ref,climatology_regional_intensity12,0.0525507290709457,2020-12
2305506,Iguatu,CE,2020,12,1.0,inpe_bdq_aqua_ref,climatology_regional_intensity12,3.172750267658347,2020-12
2306405,Itapipoca,CE,2020,12,39.0,inpe_bdq_aqua_ref,climatology_regional_intensity12,49.75240274791785,2020-12
2306900,Jaguaribe,CE,2020,12,1.0,inpe_bdq_aqua_ref,climatology_regional_intensity12,1.7473117416089448,2020-12
2307007,Jaguaruana,CE,2020,12,0.0,inpe_bdq_aqua_ref,climatology_regional_intensity12,0.5517826552449299,2020-12
2307106,Jardim,CE,2020,12,1.0,inpe_bdq_legacy,climatology_regional_intensity12,2.8130096149741526,2020-12
2307205,Jati,CE,2020,12,2.0,inpe_bdq_legacy,climatology_regional_intensity12,0.47604778099562584,2020-12
2307304,Juazeiro do Norte,CE,2020,12,4.0,inpe_bdq_legacy,climatology_regional_intensity12,0.7357102069932399,2020-12
2308401,Missão Velha,CE,2020,12,3.0,inpe_bdq_legacy,climatology_regional_intensity12,5.582742158948702,2020-12
2308708,Morada Nova,CE,2020,12,3.0,inpe_bdq_aqua_ref,climatology_regional_intensity12,4.000424250525742,2020-12
2309201,Nova Olinda,CE,2020,12,3.0,inpe_bdq_legacy,climatology_regional_intensity12,2.2936847629789243,2020-12
2310605,Penaforte,CE,2020,12,1.0,inpe_bdq_legacy,climatology_regional_intensity12,0.2596624259976141,2020-12
2311108,Porteiras,CE,2020,12,0.0,inpe_bdq_legacy,climatology_regional_intensity12,1.6676098025180104,2020-12
2311207,Potengi,CE,2020,12,0.0,inpe_bdq_legacy,climatology_regional_intensity12,1.0819267749900587,2020-12
2311306,Quixadá,CE,2020,12,15.0,inpe_bdq_aqua_ref,climatology_regional_intensity12,9.656196466786273,2020-12
2311405,Quixeramobim,CE,2020,12,26.0,inpe_bdq_aqua_ref,climatology_regional_intensity12,23.81861795140614,2020-12
2311959,Salitre,CE,2020,12,1.0,inpe_bdq_legacy,climatology_regional_intensity12,2.7264554729749477,2020-12
2312106,Santana do Cariri,CE,2020,12,13.0,inpe_bdq_legacy,climatology_regional_intensity12,7.962981063926832,2020-12
2312908,Sobral,CE,2020,12,13.0,inpe_bdq_aqua_ref,climatology_regional_intensity12,14.898131691613107,2020-12
2313302,Tauá,CE,2020,12,4.0,inpe_bdq_aqua_ref,climatology_regional_intensity12,6.667373750876236,2020-12
2313401,Tianguá,CE,2020,12,2.0,inpe_bdq_aqua_ref,climatology_regional_intensity12,9.886105906471661,2020-12
2300101,Abaiara,CE,2021,1,0.0,inpe_bdq_legacy,climatology_municipal,0.058823529411764705,2021-01
2300200,Acaraú,CE,2021,1,1.0,inpe_bdq_aqua_ref,climatology_municipal,5.882352941176471,2021-01
2301307,Araripe,CE,2021,1,2.0,inpe_bdq_legacy,climatology_municipal,1.411764705882353,2021-01
2301604,Assaré,CE,2021,1,0.0,inpe_bdq_legacy,climatology_municipal,2.176470588235294,2021-01
2301901,Barbalha,CE,2021,1,0.0,inpe_bdq_aqua_ref,climatology_municipal,0.47058823529411764,2021-01
2302503,Brejo Santo,CE,2021,1,0.0,inpe_bdq_legacy,climatology_municipal,0.4117647058823529,2021-01
2302701,Campos Sales,CE,2021,1,1.0,inpe_bdq_aqua_ref,climatology_municipal,0.35294117647058826,2021-01
2304103,Crateús,CE,2021,1,8.0,inpe_bdq_aqua_ref,climatology_municipal,3.5294117647058822,2021-01
2304202,Crato,CE,2021,1,0.0,inpe_bdq_legacy,climatology_municipal,0.8823529411764706,2021-01
2304400,Fortaleza,CE,2021,1,0.0,inpe_bdq_aqua_ref,climatology_municipal,0.11764705882352941,2021-01
2305100,Guaramiranga,CE,2021,1,0.0,inpe_bdq_aqua_ref,climatology_municipal,0.0,2021-01
2305506,Iguatu,CE,2021,1,0.0,inpe_bdq_aqua_ref,climatology_municipal,1.2941176470588236,2021-01
2306405,Itapipoca,CE,2021,1,7.0,inpe_bdq_aqua_ref,climatology_municipal,7.294117647058823,2021-01
2306900,Jaguaribe,CE,2021,1,0.0,inpe_bdq_aqua_ref,climatology_municipal,0.8235294117647058,2021-01
2307007,Jaguaruana,CE,2021,1,0.0,inpe_bdq_aqua_ref,climatology_municipal,0.6470588235294118,2021-01
2307106,Jardim,CE,2021,1,0.0,inpe_bdq_legacy,climatology_municipal,0.47058823529411764,2021-01
2307205,Jati,CE,2021,1,2.0,inpe_bdq_legacy,climatology_municipal,0.29411764705882354,2021-01
2307304,Juazeiro do Norte,CE,2021,1,0.0,inpe_bdq_legacy,climatology_municipal,0.17647058823529413,2021-01
2308401,Missão Velha,CE,2021,1,2.0,inpe_bdq_legacy,climatology_municipal,1.1176470588235294,2021-01
2308708,Morada Nova,CE,2021,1,7.0,inpe_bdq_aqua_ref,climatology_municipal,1.4705882352941178,2021-01
2309201,Nova Olinda,CE,2021,1,1.0,inpe_bdq_legacy,climatology_municipal,0.23529411764705882,2021-01
2310605,Penaforte,CE,2021,1,0.0,inpe_bdq_legacy,climatology_municipal,0.058823529411764705,2021-01
2311108,Porteiras,CE,2021,1,0.0,inpe_bdq_legacy,climatology_municipal,0.23529411764705882,2021-01
2311207,Potengi,CE,2021,1,0.0,inpe_bdq_legacy,climatology_municipal,0.8235294117647058,2021-01
2311306,Quixadá,CE,2021,1,3.0,inpe_bdq_aqua_ref,climatology_municipal,2.0588235294117645,2021-01
2311405,Quixeramobim,CE,2021,1,3.0,inpe_bdq_aqua_ref,climatology_municipal,6.117647058823529,2021-01
2311959,Salitre,CE,2021,1,0.0,inpe_bdq_legacy,climatology_municipal,0.5882352941176471,2021-01
2312106,Santana do Cariri,CE,2021,1,3.0,inpe_bdq_legacy,climatology_municipal,3.823529411764706,2021-01
2312908,Sobral,CE,2021,1,2.0,inpe_bdq_aqua_ref,climatology_municipal,2.411764705882353,2021-01
2313302,Tauá,CE,2021,1,0.0,inpe_bdq_aqua_ref,climatology_municipal,1.1764705882352942,2021-01
2313401,Tianguá,CE,2021,1,0.0,inpe_bdq_aqua_ref,climatology_municipal,0.8235294117647058,2021-01
2300101,Abaiara,CE,2021,1,0.0,inpe_bdq_legacy,climatology_regional_intensity12,0.043665896767361635,2021-01
2300200,Acaraú,CE,2021,1,1.0,inpe_bdq_aqua_ref,climatology_regional_intensity12,4.366589676736164,2021-01
2301307,Araripe,CE,2021,1,2.0,inpe_bdq_legacy,climatology_regional_intensity12,1.0479815224166793,2021-01
2301604,Assaré,CE,2021,1,0.0,inpe_bdq_legacy,climatology_regional_intensity12,1.6156381803923805,2021-01
2301901,Barbalha,CE,2021,1,0.0,inpe_bdq_aqua_ref,climatology_regional_intensity12,0.3493271741388931,2021-01
2302503,Brejo Santo,CE,2021,1,0.0,inpe_bdq_legacy,climatology_regional_intensity12,0.3056612773715314,2021-01
2302701,Campos Sales,CE,2021,1,1.0,inpe_bdq_aqua_ref,climatology_regional_intensity12,0.2619953806041698,2021-01
2304103,Crateús,CE,2021,1,8.0,inpe_bdq_aqua_ref,climatology_regional_intensity12,2.619953806041698,2021-01
2304202,Crato,CE,2021,1,0.0,inpe_bdq_legacy,climatology_regional_intensity12,0.6549884515104245,2021-01
2304400,Fortaleza,CE,2021,1,0.0,inpe_bdq_aqua_ref,climatology_regional_intensity12,0.08733179353472327,2021-01
2305100,Guaramiranga,CE,2021,1,0.0,inpe_bdq_aqua_ref,climatology_regional_intensity12,0.0,2021-01
2305506,Iguatu,CE,2021,1,0.0,inpe_bdq_aqua_ref,climatology_regional_intensity12,0.9606497288819561,2021-01
2306405,Itapipoca,CE,2021,1,7.0,inpe_bdq_aqua_ref,climatology_regional_intensity12,5.414571199152843,2021-01
2306900,Jaguaribe,CE,2021,1,0.0,inpe_bdq_aqua_ref,climatology_regional_intensity12,0.6113225547430629,2021-01
2307007,Jaguaruana,CE,2021,1,0.0,inpe_bdq_aqua_ref,climatology_regional_intensity12,0.48032486444097805,2021-01
2307106,Jardim,CE,2021,1,0.0,inpe_bdq_legacy,climatology_regional_intensity12,0.3493271741388931,2021-01
2307205,Jati,CE,2021,1,2.0,inpe_bdq_legacy,climatology_regional_intensity12,0.2183294838368082,2021-01
2307304,Juazeiro do Norte,CE,2021,1,0.0,inpe_bdq_legacy,climatology_regional_intensity12,0.1309976903020849,2021-01
2308401,Missão Velha,CE,2021,1,2.0,inpe_bdq_legacy,climatology_regional_intensity12,0.8296520385798711,2021-01
2308708,Morada Nova,CE,2021,1,7.0,inpe_bdq_aqua_ref,climatology_regional_intensity12,1.091647419184041,2021-01
2309201,Nova Olinda,CE,2021,1,1.0,inpe_bdq_legacy,climatology_regional_intensity12,0.17466358706944654,2021-01
2310605,Penaforte,CE,2021,1,0.0,inpe_bdq_legacy,climatology_regional_intensity12,0.043665896767361635,2021-01
2311108,Porteiras,CE,2021,1,0.0,inpe_bdq_legacy,climatology_regional_intensity12,0.17466358706944654,2021-01
2311207,Potengi,CE,2021,1,0.0,inpe_bdq_legacy,climatology_regional_intensity12,0.6113225547430629,2021-01
2311306,Quixadá,CE,2021,1,3.0,inpe_bdq_aqua_ref,climatology_regional_intensity12,1.5283063868576572,2021-01
2311405,Quixeramobim,CE,2021,1,3.0,inpe_bdq_aqua_ref,climatology_regional_intensity12,4.54125326380561,2021-01
2311959,Salitre,CE,2021,1,0.0,inpe_bdq_legacy,climatology_regional_intensity12,0.4366589676736164,2021-01
2312106,Santana do Cariri,CE,2021,1,3.0,inpe_bdq_legacy,climatology_regional_intensity12,2.8382832898785066,2021-01
2312908,Sobral,CE,2021,1,2.0,inpe_bdq_aqua_ref,climatology_regional_intensity12,1.790301767461827,2021-01
2313302,Tauá,CE,2021,1,0.0,inpe_bdq_aqua_ref,climatology_regional_intensity12,0.8733179353472328,2021-01
2313401,Tianguá,CE,2021,1,0.0,inpe_bdq_aqua_ref,climatology_regional_intensity12,0.6113225547430629,2021-01
2300101,Abaiara,CE,2021,2,0.0,inpe_bdq_legacy,climatology_municipal,0.0,2021-02
2300200,Acaraú,CE,2021,2,4.0,inpe_bdq_aqua_ref,climatology_municipal,0.4117647058823529,2021-02
2301307,Araripe,CE,2021,2,0.0,inpe_bdq_legacy,climatology_municipal,0.11764705882352941,2021-02
2301604,Assaré,CE,2021,2,0.0,inpe_bdq_legacy,climatology_municipal,0.29411764705882354,2021-02
2301901,Barbalha,CE,2021,2,0.0,inpe_bdq_aqua_ref,climatology_municipal,0.17647058823529413,2021-02
2302503,Brejo Santo,CE,2021,2,0.0,inpe_bdq_legacy,climatology_municipal,0.058823529411764705,2021-02
2302701,Campos Sales,CE,2021,2,0.0,inpe_bdq_aqua_ref,climatology_municipal,0.058823529411764705,2021-02
2304103,Crateús,CE,2021,2,0.0,inpe_bdq_aqua_ref,climatology_municipal,0.17647058823529413,2021-02
2304202,Crato,CE,2021,2,1.0,inpe_bdq_legacy,climatology_municipal,0.23529411764705882,2021-02
2304400,Fortaleza,CE,2021,2,0.0,inpe_bdq_aqua_ref,climatology_municipal,0.11764705882352941,2021-02
2305100,Guaramiranga,CE,2021,2,0.0,inpe_bdq_aqua_ref,climatology_municipal,0.0,2021-02
2305506,Iguatu,CE,2021,2,0.0,inpe_bdq_aqua_ref,climatology_municipal,0.11764705882352941,2021-02
2306405,Itapipoca,CE,2021,2,0.0,inpe_bdq_aqua_ref,climatology_municipal,0.23529411764705882,2021-02
2306900,Jaguaribe,CE,2021,2,1.0,inpe_bdq_aqua_ref,climatology_municipal,0.17647058823529413,2021-02
2307007,Jaguaruana,CE,2021,2,2.0,inpe_bdq_aqua_ref,climatology_municipal,0.17647058823529413,2021-02
2307106,Jardim,CE,2021,2,1.0,inpe_bdq_legacy,climatology_municipal,0.058823529411764705,2021-02
2307205,Jati,CE,2021,2,0.0,inpe_bdq_legacy,climatology_municipal,0.17647058823529413,2021-02
2307304,Juazeiro do Norte,CE,2021,2,0.0,inpe_bdq_legacy,climatology_municipal,0.0,2021-02
2308401,Missão Velha,CE,2021,2,0.0,inpe_bdq_legacy,climatology_municipal,0.11764705882352941,2021-02
2308708,Morada Nova,CE,2021,2,3.0,inpe_bdq_aqua_ref,climatology_municipal,0.47058823529411764,2021-02
2309201,Nova Olinda,CE,2021,2,0.0,inpe_bdq_legacy,climatology_municipal,0.0,2021-02
2310605,Penaforte,CE,2021,2,0.0,inpe_bdq_legacy,climatology_municipal,0.11764705882352941,2021-02
2311108,Porteiras,CE,2021,2,0.0,inpe_bdq_legacy,climatology_municipal,0.11764705882352941,2021-02
2311207,Potengi,CE,2021,2,0.0,inpe_bdq_legacy,climatology_municipal,0.35294117647058826,2021-02
2311306,Quixadá,CE,2021,2,0.0,inpe_bdq_aqua_ref,climatology_municipal,0.23529411764705882,2021-02
2311405,Quixeramobim,CE,2021,2,5.0,inpe_bdq_aqua_ref,climatology_municipal,0.9411764705882353,2021-02
2311959,Salitre,CE,2021,2,0.0,inpe_bdq_legacy,climatology_municipal,0.058823529411764705,2021-02
2312106,Santana do Cariri,CE,2021,2,0.0,inpe_bdq_legacy,climatology_municipal,0.29411764705882354,2021-02
2312908,Sobral,CE,2021,2,1.0,inpe_bdq_aqua_ref,climatology_municipal,0.11764705882352941,2021-02
2313302,Tauá,CE,2021,2,1.0,inpe_bdq_aqua_ref,climatology_municipal,0.23529411764705882,2021-02
2313401,Tianguá,CE,2021,2,0.0,inpe_bdq_aqua_ref,climatology_municipal,0.23529411764705882,2021-02
2300101,Abaiara,CE,2021,2,0.0,inpe_bdq_legacy,climatology_regional_intensity12,0.0,2021-02
2300200,Acaraú,CE,2021,2,4.0,inpe_bdq_aqua_ref,climatology_regional_intensity12,0.31506317396664163,2021-02
2301307,Araripe,CE,2021,2,0.0,inpe_bdq_legacy,climatology_regional_intensity12,0.09001804970475476,2021-02
2301604,Assaré,CE,2021,2,0.0,inpe_bdq_legacy,climatology_regional_intensity12,0.2250451242618869,2021-02
2301901,Barbalha,CE,2021,2,0.0,inpe_bdq_aqua_ref,climatology_regional_intensity12,0.13502707455713214,2021-02
2302503,Brejo Santo,CE,2021,2,0.0,inpe_bdq_legacy,climatology_regional_intensity12,0.04500902485237738,2021-02
2302701,Campos Sales,CE,2021,2,0.0,inpe_bdq_aqua_ref,climatology_regional_intensity12,0.04500902485237738,2021-02
2304103,Crateús,CE,2021,2,0.0,inpe_bdq_aqua_ref,climatology_regional_intensity12,0.13502707455713214,2021-02
2304202,Crato,CE,2021,2,1.0,inpe_bdq_legacy,climatology_regional_intensity12,0.18003609940950951,2021-02
2304400,Fortaleza,CE,2021,2,0.0,inpe_bdq_aqua_ref,climatology_regional_intensity12,0.09001804970475476,2021-02
2305100,Guaramiranga,CE,2021,2,0.0,inpe_bdq_aqua_ref,climatology_regional_intensity12,0.0,2021-02
2305506,Iguatu,CE,2021,2,0.0,inpe_bdq_aqua_ref,climatology_regional_intensity12,0.09001804970475476,2021-02
2306405,Itapipoca,CE,2021,2,0.0,inpe_bdq_aqua_ref,climatology_regional_intensity12,0.18003609940950951,2021-02
2306900,Jaguaribe,CE,2021,2,1.0,inpe_bdq_aqua_ref,climatology_regional_intensity12,0.13502707455713214,2021-02
2307007,Jaguaruana,CE,2021,2,2.0,inpe_bdq_aqua_ref,climatology_regional_intensity12,0.13502707455713214,2021-02
2307106,Jardim,CE,2021,2,1.0,inpe_bdq_legacy,climatology_regional_intensity12,0.04500902485237738,2021-02
2307205,Jati,CE,2021,2,0.0,inpe_bdq_legacy,climatology_regional_intensity12,0.13502707455713214,2021-02
2307304,Juazeiro do Norte,CE,2021,2,0.0,inpe_bdq_legacy,climatology_regional_intensity12,0.0,2021-02
2308401,Missão Velha,CE,2021,2,0.0,inpe_bdq_legacy,climatology_regional_intensity12,0.09001804970475476,2021-02
2308708,Morada Nova,CE,2021,2,3.0,inpe_bdq_aqua_ref,climatology_regional_intensity12,0.36007219881901903,2021-02
2309201,Nova Olinda,CE,2021,2,0.0,inpe_bdq_legacy,climatology_regional_intensity12,0.0,2021-02
2310605,Penaforte,CE,2021,2,0.0,inpe_bdq_legacy,climatology_regional_intensity12,0.09001804970475476,2021-02
2311108,Porteiras,CE,2021,2,0.0,inpe_bdq_legacy,climatology_regional_intensity12,0.09001804970475476,2021-02
2311207,Potengi,CE,2021,2,0.0,inpe_bdq_legacy,climatology_regional_intensity12,0.2700541491142643,2021-02
2311306,Quixadá,CE,2021,2,0.0,inpe_bdq_aqua_ref,climatology_regional_intensity12,0.18003609940950951,2021-02
2311405,Quixeramobim,CE,2021,2,5.0,inpe_bdq_aqua_ref,climatology_regional_intensity12,0.7201443976380381,2021-02
2311959,Salitre,CE,2021,2,0.0,inpe_bdq_legacy,climatology_regional_intensity12,0.04500902485237738,2021-02
2312106,Santana do Cariri,CE,2021,2,0.0,inpe_bdq_legacy,climatology_regional_intensity12,0.2250451242618869,2021-02
2312908,Sobral,CE,2021,2,1.0,inpe_bdq_aqua_ref,climatology_regional_intensity12,0.09001804970475476,2021-02
2313302,Tauá,CE,2021,2,1.0,inpe_bdq_aqua_ref,climatology_regional_intensity12,0.18003609940950951,2021-02
2313401,Tianguá,CE,2021,2,0.0,inpe_bdq_aqua_ref,climatology_regional_intensity12,0.18003609940950951,2021-02
2300101,Abaiara,CE,2021,3,0.0,inpe_bdq_legacy,climatology_municipal,0.0,2021-03
2300200,Acaraú,CE,2021,3,0.0,inpe_bdq_aqua_ref,climatology_municipal,0.6470588235294118,2021-03
2301307,Araripe,CE,2021,3,0.0,inpe_bdq_legacy,climatology_municipal,0.0,2021-03
2301604,Assaré,CE,2021,3,0.0,inpe_bdq_legacy,climatology_municipal,0.0,2021-03
2301901,Barbalha,CE,2021,3,0.0,inpe_bdq_aqua_ref,climatology_municipal,0.0,2021-03
2302503,Brejo Santo,CE,2021,3,0.0,inpe_bdq_legacy,climatology_municipal,0.0,2021-03
2302701,Campos Sales,CE,2021,3,0.0,inpe_bdq_aqua_ref,climatology_municipal,0.0,2021-03
2304103,Crateús,CE,2021,3,0.0,inpe_bdq_aqua_ref,climatology_municipal,0.11764705882352941,2021-03
2304202,Crato,CE,2021,3,0.0,inpe_bdq_legacy,climatology_municipal,0.11764705882352941,2021-03
2304400,Fortaleza,CE,2021,3,0.0,inpe_bdq_aqua_ref,climatology_municipal,0.0,2021-03
2305100,Guaramiranga,CE,2021,3,0.0,inpe_bdq_aqua_ref,climatology_municipal,0.0,2021-03
2305506,Iguatu,CE,2021,3,0.0,inpe_bdq_aqua_ref,climatology_municipal,0.23529411764705882,2021-03
2306405,Itapipoca,CE,2021,3,0.0,inpe_bdq_aqua_ref,climatology_municipal,0.058823529411764705,2021-03
2306900,Jaguaribe,CE,2021,3,0.0,inpe_bdq_aqua_ref,climatology_municipal,0.058823529411764705,2021-03
2307007,Jaguaruana,CE,2021,3,0.0,inpe_bdq_aqua_ref,climatology_municipal,0.058823529411764705,2021-03
2307106,Jardim,CE,2021,3,0.0,inpe_bdq_legacy,climatology_municipal,0.058823529411764705,2021-03
2307205,Jati,CE,2021,3,0.0,inpe_bdq_legacy,climatology_municipal,0.0,2021-03
2307304,Juazeiro do Norte,CE,2021,3,0.0,inpe_bdq_legacy,climatology_municipal,0.11764705882352941,2021-03
2308401,Missão Velha,CE,2021,3,1.0,inpe_bdq_legacy,climatology_municipal,0.29411764705882354,2021-03
2308708,Morada Nova,CE,2021,3,0.0,inpe_bdq_aqua_ref,climatology_municipal,0.11764705882352941,2021-03
2309201,Nova Olinda,CE,2021,3,0.0,inpe_bdq_legacy,climatology_municipal,0.0,2021-03
2310605,Penaforte,CE,2021,3,0.0,inpe_bdq_legacy,climatology_municipal,0.0,2021-03
2311108,Porteiras,CE,2021,3,0.0,inpe_bdq_legacy,climatology_municipal,0.0,2021-03
2311207,Potengi,CE,2021,3,0.0,inpe_bdq_legacy,climatology_municipal,0.0,2021-03
2311306,Quixadá,CE,2021,3,0.0,inpe_bdq_aqua_ref,climatology_municipal,0.11764705882352941,2021-03
2311405,Quixeramobim,CE,2021,3,0.0,inpe_bdq_aqua_ref,climatology_municipal,0.29411764705882354,2021-03
2311959,Salitre,CE,2021,3,0.0,inpe_bdq_legacy,climatology_municipal,0.058823529411764705,2021-03
2312106,Santana do Cariri,CE,2021,3,0.0,inpe_bdq_legacy,climatology_municipal,0.0,2021-03
2312908,Sobral,CE,2021,3,0.0,inpe_bdq_aqua_ref,climatology_municipal,0.058823529411764705,2021-03
2313302,Tauá,CE,2021,3,0.0,inpe_bdq_aqua_ref,climatology_municipal,0.0,2021-03
2313401,Tianguá,CE,2021,3,0.0,inpe_bdq_aqua_ref,climatology_municipal,0.0,2021-03
2300101,Abaiara,CE,2021,3,0.0,inpe_bdq_legacy,climatology_regional_intensity12,0.0,2021-03
2300200,Acaraú,CE,2021,3,0.0,inpe_bdq_aqua_ref,climatology_regional_intensity12,0.5047267834745761,2021-03
2301307,Araripe,CE,2021,3,0.0,inpe_bdq_legacy,climatology_regional_intensity12,0.0,2021-03
2301604,Assaré,CE,2021,3,0.0,inpe_bdq_legacy,climatology_regional_intensity12,0.0,2021-03
2301901,Barbalha,CE,2021,3,0.0,inpe_bdq_aqua_ref,climatology_regional_intensity12,0.0,2021-03
2302503,Brejo Santo,CE,2021,3,0.0,inpe_bdq_legacy,climatology_regional_intensity12,0.0,2021-03
2302701,Campos Sales,CE,2021,3,0.0,inpe_bdq_aqua_ref,climatology_regional_intensity12,0.0,2021-03
2304103,Crateús,CE,2021,3,0.0,inpe_bdq_aqua_ref,climatology_regional_intensity12,0.09176850608628657,2021-03
2304202,Crato,CE,2021,3,0.0,inpe_bdq_legacy,climatology_regional_intensity12,0.09176850608628657,2021-03
2304400,Fortaleza,CE,2021,3,0.0,inpe_bdq_aqua_ref,climatology_regional_intensity12,0.0,2021-03
2305100,Guaramiranga,CE,2021,3,0.0,inpe_bdq_aqua_ref,climatology_regional_intensity12,0.0,2021-03
2305506,Iguatu,CE,2021,3,0.0,inpe_bdq_aqua_ref,climatology_regional_intensity12,0.18353701217257315,2021-03
2306405,Itapipoca,CE,2021,3,0.0,inpe_bdq_aqua_ref,climatology_regional_intensity12,0.04588425304314329,2021-03
2306900,Jaguaribe,CE,2021,3,0.0,inpe_bdq_aqua_ref,climatology_regional_intensity12,0.04588425304314329,2021-03
2307007,Jaguaruana,CE,2021,3,0.0,inpe_bdq_aqua_ref,climatology_regional_intensity12,0.04588425304314329,2021-03
2307106,Jardim,CE,2021,3,0.0,inpe_bdq_legacy,climatology_regional_intensity12,0.04588425304314329,2021-03
2307205,Jati,CE,2021,3,0.0,inpe_bdq_legacy,climatology_regional_intensity12,0.0,2021-03
2307304,Juazeiro do Norte,CE,2021,3,0.0,inpe_bdq_legacy,climatology_regional_intensity12,0.09176850608628657,2021-03
2308401,Missão Velha,CE,2021,3,1.0,inpe_bdq_legacy,climatology_regional_intensity12,0.22942126521571643,2021-03
2308708,Morada Nova,CE,2021,3,0.0,inpe_bdq_aqua_ref,climatology_regional_intensity12,0.09176850608628657,2021-03
2309201,Nova Olinda,CE,2021,3,0.0,inpe_bdq_legacy,climatology_regional_intensity12,0.0,2021-03
2310605,Penaforte,CE,2021,3,0.0,inpe_bdq_legacy,climatology_regional_intensity12,0.0,2021-03
2311108,Porteiras,CE,2021,3,0.0,inpe_bdq_legacy,climatology_regional_intensity12,0.0,2021-03
2311207,Potengi,CE,2021,3,0.0,inpe_bdq_legacy,climatology_regional_intensity12,0.0,2021-03
2311306,Quixadá,CE,2021,3,0.0,inpe_bdq_aqua_ref,climatology_regional_intensity12,0.09176850608628657,2021-03
2311405,Quixeramobim,CE,2021,3,0.0,inpe_bdq_aqua_ref,climatology_regional_intensity12,0.22942126521571643,2021-03
2311959,Salitre,CE,2021,3,0.0,inpe_bdq_legacy,climatology_regional_intensity12,0.04588425304314329,2021-03
2312106,Santana do Cariri,CE,2021,3,0.0,inpe_bdq_legacy,climatology_regional_intensity12,0.0,2021-03
2312908,Sobral,CE,2021,3,0.0,inpe_bdq_aqua_ref,climatology_regional_intensity12,0.04588425304314329,2021-03
2313302,Tauá,CE,2021,3,0.0,inpe_bdq_aqua_ref,climatology_regional_intensity12,0.0,2021-03
2313401,Tianguá,CE,2021,3,0.0,inpe_bdq_aqua_ref,climatology_regional_intensity12,0.0,2021-03
2300101,Abaiara,CE,2021,4,0.0,inpe_bdq_legacy,climatology_municipal,0.0,2021-04
2300200,Acaraú,CE,2021,4,0.0,inpe_bdq_aqua_ref,climatology_municipal,0.0,2021-04
2301307,Araripe,CE,2021,4,0.0,inpe_bdq_legacy,climatology_municipal,0.0,2021-04
2301604,Assaré,CE,2021,4,0.0,inpe_bdq_legacy,climatology_municipal,0.0,2021-04
2301901,Barbalha,CE,2021,4,0.0,inpe_bdq_aqua_ref,climatology_municipal,0.0,2021-04
2302503,Brejo Santo,CE,2021,4,0.0,inpe_bdq_legacy,climatology_municipal,0.0,2021-04
2302701,Campos Sales,CE,2021,4,0.0,inpe_bdq_aqua_ref,climatology_municipal,0.0,2021-04
2304103,Crateús,CE,2021,4,0.0,inpe_bdq_aqua_ref,climatology_municipal,0.11764705882352941,2021-04
2304202,Crato,CE,2021,4,0.0,inpe_bdq_legacy,climatology_municipal,0.0,2021-04
2304400,Fortaleza,CE,2021,4,0.0,inpe_bdq_aqua_ref,climatology_municipal,0.0,2021-04
2305100,Guaramiranga,CE,2021,4,0.0,inpe_bdq_aqua_ref,climatology_municipal,0.0,2021-04
2305506,Iguatu,CE,2021,4,0.0,inpe_bdq_aqua_ref,climatology_municipal,0.058823529411764705,2021-04
2306405,Itapipoca,CE,2021,4,0.0,inpe_bdq_aqua_ref,climatology_municipal,0.0,2021-04
2306900,Jaguaribe,CE,2021,4,0.0,inpe_bdq_aqua_ref,climatology_municipal,0.11764705882352941,2021-04
2307007,Jaguaruana,CE,2021,4,0.0,inpe_bdq_aqua_ref,climatology_municipal,0.0,2021-04
2307106,Jardim,CE,2021,4,0.0,inpe_bdq_legacy,climatology_municipal,0.0,2021-04
2307205,Jati,CE,2021,4,0.0,inpe_bdq_legacy,climatology_municipal,0.0,2021-04
2307304,Juazeiro do Norte,CE,2021,4,0.0,inpe_bdq_legacy,climatology_municipal,0.0,2021-04
2308401,Missão Velha,CE,2021,4,0.0,inpe_bdq_legacy,climatology_municipal,0.23529411764705882,2021-04
2308708,Morada Nova,CE,2021,4,0.0,inpe_bdq_aqua_ref,climatology_municipal,0.058823529411764705,2021-04
2309201,Nova Olinda,CE,2021,4,0.0,inpe_bdq_legacy,climatology_municipal,0.0,2021-04
2310605,Penaforte,CE,2021,4,0.0,inpe_bdq_legacy,climatology_municipal,0.0,2021-04
2311108,Porteiras,CE,2021,4,0.0,inpe_bdq_legacy,climatology_municipal,0.0,2021-04
2311207,Potengi,CE,2021,4,0.0,inpe_bdq_legacy,climatology_municipal,0.0,2021-04
2311306,Quixadá,CE,2021,4,0.0,inpe_bdq_aqua_ref,climatology_municipal,0.11764705882352941,2021-04
2311405,Quixeramobim,CE,2021,4,0.0,inpe_bdq_aqua_ref,climatology_municipal,0.058823529411764705,2021-04
2311959,Salitre,CE,2021,4,0.0,inpe_bdq_legacy,climatology_municipal,0.058823529411764705,2021-04
2312106,Santana do Cariri,CE,2021,4,0.0,inpe_bdq_legacy,climatology_municipal,0.0,2021-04
2312908,Sobral,CE,2021,4,0.0,inpe_bdq_aqua_ref,climatology_municipal,0.0,2021-04
2313302,Tauá,CE,2021,4,0.0,inpe_bdq_aqua_ref,climatology_municipal,0.058823529411764705,2021-04
2313401,Tianguá,CE,2021,4,0.0,inpe_bdq_aqua_ref,climatology_municipal,0.0,2021-04
2300101,Abaiara,CE,2021,4,0.0,inpe_bdq_legacy,climatology_regional_intensity12,0.0,2021-04
2300200,Acaraú,CE,2021,4,0.0,inpe_bdq_aqua_ref,climatology_regional_intensity12,0.0,2021-04
2301307,Araripe,CE,2021,4,0.0,inpe_bdq_legacy,climatology_regional_intensity12,0.0,2021-04
2301604,Assaré,CE,2021,4,0.0,inpe_bdq_legacy,climatology_regional_intensity12,0.0,2021-04
2301901,Barbalha,CE,2021,4,0.0,inpe_bdq_aqua_ref,climatology_regional_intensity12,0.0,2021-04
2302503,Brejo Santo,CE,2021,4,0.0,inpe_bdq_legacy,climatology_regional_intensity12,0.0,2021-04
2302701,Campos Sales,CE,2021,4,0.0,inpe_bdq_aqua_ref,climatology_regional_intensity12,0.0,2021-04
2304103,Crateús,CE,2021,4,0.0,inpe_bdq_aqua_ref,climatology_regional_intensity12,0.09188148720457519,2021-04
2304202,Crato,CE,2021,4,0.0,inpe_bdq_legacy,climatology_regional_intensity12,0.0,2021-04
2304400,Fortaleza,CE,2021,4,0.0,inpe_bdq_aqua_ref,climatology_regional_intensity12,0.0,2021-04
2305100,Guaramiranga,CE,2021,4,0.0,inpe_bdq_aqua_ref,climatology_regional_intensity12,0.0,2021-04
2305506,Iguatu,CE,2021,4,0.0,inpe_bdq_aqua_ref,climatology_regional_intensity12,0.045940743602287594,2021-04
2306405,Itapipoca,CE,2021,4,0.0,inpe_bdq_aqua_ref,climatology_regional_intensity12,0.0,2021-04
2306900,Jaguaribe,CE,2021,4,0.0,inpe_bdq_aqua_ref,climatology_regional_intensity12,0.09188148720457519,2021-04
2307007,Jaguaruana,CE,2021,4,0.0,inpe_bdq_aqua_ref,climatology_regional_intensity12,0.0,2021-04
2307106,Jardim,CE,2021,4,0.0,inpe_bdq_legacy,climatology_regional_intensity12,0.0,2021-04
2307205,Jati,CE,2021,4,0.0,inpe_bdq_legacy,climatology_regional_intensity12,0.0,2021-04
2307304,Juazeiro do Norte,CE,2021,4,0.0,inpe_bdq_legacy,climatology_regional_intensity12,0.0,2021-04
2308401,Missão Velha,CE,2021,4,0.0,inpe_bdq_legacy,climatology_regional_intensity12,0.18376297440915038,2021-04
2308708,Morada Nova,CE,2021,4,0.0,inpe_bdq_aqua_ref,climatology_regional_intensity12,0.045940743602287594,2021-04
2309201,Nova Olinda,CE,2021,4,0.0,inpe_bdq_legacy,climatology_regional_intensity12,0.0,2021-04
2310605,Penaforte,CE,2021,4,0.0,inpe_bdq_legacy,climatology_regional_intensity12,0.0,2021-04
2311108,Porteiras,CE,2021,4,0.0,inpe_bdq_legacy,climatology_regional_intensity12,0.0,2021-04
2311207,Potengi,CE,2021,4,0.0,inpe_bdq_legacy,climatology_regional_intensity12,0.0,2021-04
2311306,Quixadá,CE,2021,4,0.0,inpe_bdq_aqua_ref,climatology_regional_intensity12,0.09188148720457519,2021-04
2311405,Quixeramobim,CE,2021,4,0.0,inpe_bdq_aqua_ref,climatology_regional_intensity12,0.045940743602287594,2021-04
2311959,Salitre,CE,2021,4,0.0,inpe_bdq_legacy,climatology_regional_intensity12,0.045940743602287594,2021-04
2312106,Santana do Cariri,CE,2021,4,0.0,inpe_bdq_legacy,climatology_regional_intensity12,0.0,2021-04
2312908,Sobral,CE,2021,4,0.0,inpe_bdq_aqua_ref,climatology_regional_intensity12,0.0,2021-04
2313302,Tauá,CE,2021,4,0.0,inpe_bdq_aqua_ref,climatology_regional_intensity12,0.045940743602287594,2021-04
2313401,Tianguá,CE,2021,4,0.0,inpe_bdq_aqua_ref,climatology_regional_intensity12,0.0,2021-04
2300101,Abaiara,CE,2021,5,0.0,inpe_bdq_legacy,climatology_municipal,0.058823529411764705,2021-05
2300200,Acaraú,CE,2021,5,1.0,inpe_bdq_aqua_ref,climatology_municipal,0.058823529411764705,2021-05
2301307,Araripe,CE,2021,5,5.0,inpe_bdq_legacy,climatology_municipal,0.0,2021-05
2301604,Assaré,CE,2021,5,0.0,inpe_bdq_legacy,climatology_municipal,0.0,2021-05
2301901,Barbalha,CE,2021,5,0.0,inpe_bdq_aqua_ref,climatology_municipal,0.0,2021-05
2302503,Brejo Santo,CE,2021,5,0.0,inpe_bdq_legacy,climatology_municipal,0.058823529411764705,2021-05
2302701,Campos Sales,CE,2021,5,0.0,inpe_bdq_aqua_ref,climatology_municipal,0.0,2021-05
2304103,Crateús,CE,2021,5,0.0,inpe_bdq_aqua_ref,climatology_municipal,0.0,2021-05
2304202,Crato,CE,2021,5,0.0,inpe_bdq_legacy,climatology_municipal,0.058823529411764705,2021-05
2304400,Fortaleza,CE,2021,5,0.0,inpe_bdq_aqua_ref,climatology_municipal,0.0,2021-05
2305100,Guaramiranga,CE,2021,5,0.0,inpe_bdq_aqua_ref,climatology_municipal,0.0,2021-05
2305506,Iguatu,CE,2021,5,0.0,inpe_bdq_aqua_ref,climatology_municipal,0.0,2021-05
2306405,Itapipoca,CE,2021,5,0.0,inpe_bdq_aqua_ref,climatology_municipal,0.11764705882352941,2021-05
2306900,Jaguaribe,CE,2021,5,0.0,inpe_bdq_aqua_ref,climatology_municipal,0.0,2021-05
2307007,Jaguaruana,CE,2021,5,0.0,inpe_bdq_aqua_ref,climatology_municipal,0.058823529411764705,2021-05
2307106,Jardim,CE,2021,5,0.0,inpe_bdq_legacy,climatology_municipal,0.17647058823529413,2021-05
2307205,Jati,CE,2021,5,0.0,inpe_bdq_legacy,climatology_municipal,0.0,2021-05
2307304,Juazeiro do Norte,CE,2021,5,0.0,inpe_bdq_legacy,climatology_municipal,0.0,2021-05
2308401,Missão Velha,CE,2021,5,0.0,inpe_bdq_legacy,climatology_municipal,0.0,2021-05
2308708,Morada Nova,CE,2021,5,0.0,inpe_bdq_aqua_ref,climatology_municipal,0.23529411764705882,2021-05
2309201,Nova Olinda,CE,2021,5,0.0,inpe_bdq_legacy,climatology_municipal,0.17647058823529413,2021-05
2310605,Penaforte,CE,2021,5,0.0,inpe_bdq_legacy,climatology_municipal,0.0,2021-05
2311108,Porteiras,CE,2021,5,0.0,inpe_bdq_legacy,climatology_municipal,0.058823529411764705,2021-05
2311207,Potengi,CE,2021,5,0.0,inpe_bdq_legacy,climatology_municipal,0.058823529411764705,2021-05
2311306,Quixadá,CE,2021,5,0.0,inpe_bdq_aqua_ref,climatology_municipal,0.17647058823529413,2021-05
2311405,Quixeramobim,CE,2021,5,0.0,inpe_bdq_aqua_ref,climatology_municipal,0.0,2021-05
2311959,Salitre,CE,2021,5,0.0,inpe_bdq_legacy,climatology_municipal,0.058823529411764705,2021-05
2312106,Santana do Cariri,CE,2021,5,0.0,inpe_bdq_legacy,climatology_municipal,0.0,2021-05
2312908,Sobral,CE,2021,5,0.0,inpe_bdq_aqua_ref,climatology_municipal,0.0,2021-05
2313302,Tauá,CE,2021,5,2.0,inpe_bdq_aqua_ref,climatology_municipal,0.0,2021-05
2313401,Tianguá,CE,2021,5,1.0,inpe_bdq_aqua_ref,climatology_municipal,0.0,2021-05
2300101,Abaiara,CE,2021,5,0.0,inpe_bdq_legacy,climatology_regional_intensity12,0.04594278169185314,2021-05
2300200,Acaraú,CE,2021,5,1.0,inpe_bdq_aqua_ref,climatology_regional_intensity12,0.04594278169185314,2021-05
2301307,Araripe,CE,2021,5,5.0,inpe_bdq_legacy,climatology_regional_intensity12,0.0,2021-05
2301604,Assaré,CE,2021,5,0.0,inpe_bdq_legacy,climatology_regional_intensity12,0.0,2021-05
2301901,Barbalha,CE,2021,5,0.0,inpe_bdq_aqua_ref,climatology_regional_intensity12,0.0,2021-05
2302503,Brejo Santo,CE,2021,5,0.0,inpe_bdq_legacy,climatology_regional_intensity12,0.04594278169185314,2021-05
2302701,Campos Sales,CE,2021,5,0.0,inpe_bdq_aqua_ref,climatology_regional_intensity12,0.0,2021-05
2304103,Crateús,CE,2021,5,0.0,inpe_bdq_aqua_ref,climatology_regional_intensity12,0.0,2021-05
2304202,Crato,CE,2021,5,0.0,inpe_bdq_legacy,climatology_regional_intensity12,0.04594278169185314,2021-05
2304400,Fortaleza,CE,2021,5,0.0,inpe_bdq_aqua_ref,climatology_regional_intensity12,0.0,2021-05
2305100,Guaramiranga,CE,2021,5,0.0,inpe_bdq_aqua_ref,climatology_regional_intensity12,0.0,2021-05
2305506,Iguatu,CE,2021,5,0.0,inpe_bdq_aqua_ref,climatology_regional_intensity12,0.0,2021-05
2306405,Itapipoca,CE,2021,5,0.0,inpe_bdq_aqua_ref,climatology_regional_intensity12,0.09188556338370628,2021-05
2306900,Jaguaribe,CE,2021,5,0.0,inpe_bdq_aqua_ref,climatology_regional_intensity12,0.0,2021-05
2307007,Jaguaruana,CE,2021,5,0.0,inpe_bdq_aqua_ref,climatology_regional_intensity12,0.04594278169185314,2021-05
2307106,Jardim,CE,2021,5,0.0,inpe_bdq_legacy,climatology_regional_intensity12,0.13782834507555944,2021-05
2307205,Jati,CE,2021,5,0.0,inpe_bdq_legacy,climatology_regional_intensity12,0.0,2021-05
2307304,Juazeiro do Norte,CE,2021,5,0.0,inpe_bdq_legacy,climatology_regional_intensity12,0.0,2021-05
2308401,Missão Velha,CE,2021,5,0.0,inpe_bdq_legacy,climatology_regional_intensity12,0.0,2021-05
2308708,Morada Nova,CE,2021,5,0.0,inpe_bdq_aqua_ref,climatology_regional_intensity12,0.18377112676741256,2021-05
2309201,Nova Olinda,CE,2021,5,0.0,inpe_bdq_legacy,climatology_regional_intensity12,0.13782834507555944,2021-05
2310605,Penaforte,CE,2021,5,0.0,inpe_bdq_legacy,climatology_regional_intensity12,0.0,2021-05
2311108,Porteiras,CE,2021,5,0.0,inpe_bdq_legacy,climatology_regional_intensity12,0.04594278169185314,2021-05
2311207,Potengi,CE,2021,5,0.0,inpe_bdq_legacy,climatology_regional_intensity12,0.04594278169185314,2021-05
2311306,Quixadá,CE,2021,5,0.0,inpe_bdq_aqua_ref,climatology_regional_intensity12,0.13782834507555944,2021-05
2311405,Quixeramobim,CE,2021,5,0.0,inpe_bdq_aqua_ref,climatology_regional_intensity12,0.0,2021-05
2311959,Salitre,CE,2021,5,0.0,inpe_bdq_legacy,climatology_regional_intensity12,0.04594278169185314,2021-05
2312106,Santana do Cariri,CE,2021,5,0.0,inpe_bdq_legacy,climatology_regional_intensity12,0.0,2021-05
2312908,Sobral,CE,2021,5,0.0,inpe_bdq_aqua_ref,climatology_regional_intensity12,0.0,2021-05
2313302,Tauá,CE,2021,5,2.0,inpe_bdq_aqua_ref,climatology_regional_intensity12,0.0,2021-05
2313401,Tianguá,CE,2021,5,1.0,inpe_bdq_aqua_ref,climatology_regional_intensity12,0.0,2021-05
2300101,Abaiara,CE,2021,6,3.0,inpe_bdq_legacy,climatology_municipal,0.0,2021-06
2300200,Acaraú,CE,2021,6,0.0,inpe_bdq_aqua_ref,climatology_municipal,0.47058823529411764,2021-06
2301307,Araripe,CE,2021,6,1.0,inpe_bdq_legacy,climatology_municipal,0.058823529411764705,2021-06
2301604,Assaré,CE,2021,6,0.0,inpe_bdq_legacy,climatology_municipal,0.0,2021-06
2301901,Barbalha,CE,2021,6,0.0,inpe_bdq_aqua_ref,climatology_municipal,0.17647058823529413,2021-06
2302503,Brejo Santo,CE,2021,6,4.0,inpe_bdq_legacy,climatology_municipal,0.0,2021-06
2302701,Campos Sales,CE,2021,6,0.0,inpe_bdq_aqua_ref,climatology_municipal,0.0,2021-06
2304103,Crateús,CE,2021,6,0.0,inpe_bdq_aqua_ref,climatology_municipal,0.29411764705882354,2021-06
2304202,Crato,CE,2021,6,0.0,inpe_bdq_legacy,climatology_municipal,0.058823529411764705,2021-06
2304400,Fortaleza,CE,2021,6,0.0,inpe_bdq_aqua_ref,climatology_municipal,0.0,2021-06
2305100,Guaramiranga,CE,2021,6,0.0,inpe_bdq_aqua_ref,climatology_municipal,0.0,2021-06
2305506,Iguatu,CE,2021,6,2.0,inpe_bdq_aqua_ref,climatology_municipal,0.17647058823529413,2021-06
2306405,Itapipoca,CE,2021,6,2.0,inpe_bdq_aqua_ref,climatology_municipal,0.5882352941176471,2021-06
2306900,Jaguaribe,CE,2021,6,0.0,inpe_bdq_aqua_ref,climatology_municipal,0.11764705882352941,2021-06
2307007,Jaguaruana,CE,2021,6,0.0,inpe_bdq_aqua_ref,climatology_municipal,0.0,2021-06
2307106,Jardim,CE,2021,6,0.0,inpe_bdq_legacy,climatology_municipal,0.058823529411764705,2021-06
2307205,Jati,CE,2021,6,0.0,inpe_bdq_legacy,climatology_municipal,0.0,2021-06
2307304,Juazeiro do Norte,CE,2021,6,0.0,inpe_bdq_legacy,climatology_municipal,0.0,2021-06
2308401,Missão Velha,CE,2021,6,0.0,inpe_bdq_legacy,climatology_municipal,0.11764705882352941,2021-06
2308708,Morada Nova,CE,2021,6,0.0,inpe_bdq_aqua_ref,climatology_municipal,0.17647058823529413,2021-06
2309201,Nova Olinda,CE,2021,6,0.0,inpe_bdq_legacy,climatology_municipal,0.0,2021-06
2310605,Penaforte,CE,2021,6,0.0,inpe_bdq_legacy,climatology_municipal,0.0,2021-06
2311108,Porteiras,CE,2021,6,0.0,inpe_bdq_legacy,climatology_municipal,0.058823529411764705,2021-06
2311207,Potengi,CE,2021,6,0.0,inpe_bdq_legacy,climatology_municipal,0.0,2021-06
2311306,Quixadá,CE,2021,6,1.0,inpe_bdq_aqua_ref,climatology_municipal,0.058823529411764705,2021-06
2311405,Quixeramobim,CE,2021,6,1.0,inpe_bdq_aqua_ref,climatology_municipal,0.17647058823529413,2021-06
2311959,Salitre,CE,2021,6,0.0,inpe_bdq_legacy,climatology_municipal,0.11764705882352941,2021-06
2312106,Santana do Cariri,CE,2021,6,0.0,inpe_bdq_legacy,climatology_municipal,0.0,2021-06
2312908,Sobral,CE,2021,6,0.0,inpe_bdq_aqua_ref,climatology_municipal,0.23529411764705882,2021-06
2313302,Tauá,CE,2021,6,0.0,inpe_bdq_aqua_ref,climatology_municipal,0.11764705882352941,2021-06
2313401,Tianguá,CE,2021,6,0.0,inpe_bdq_aqua_ref,climatology_municipal,0.11764705882352941,2021-06
2300101,Abaiara,CE,2021,6,3.0,inpe_bdq_legacy,climatology_regional_intensity12,0.0,2021-06
2300200,Acaraú,CE,2021,6,0.0,inpe_bdq_aqua_ref,climatology_regional_intensity12,0.3699553462527111,2021-06
2301307,Araripe,CE,2021,6,1.0,inpe_bdq_legacy,climatology_regional_intensity12,0.04624441828158889,2021-06
2301604,Assaré,CE,2021,6,0.0,inpe_bdq_legacy,climatology_regional_intensity12,0.0,2021-06
2301901,Barbalha,CE,2021,6,0.0,inpe_bdq_aqua_ref,climatology_regional_intensity12,0.13873325484476667,2021-06
2302503,Brejo Santo,CE,2021,6,4.0,inpe_bdq_legacy,climatology_regional_intensity12,0.0,2021-06
2302701,Campos Sales,CE,2021,6,0.0,inpe_bdq_aqua_ref,climatology_regional_intensity12,0.0,2021-06
2304103,Crateús,CE,2021,6,0.0,inpe_bdq_aqua_ref,climatology_regional_intensity12,0.23122209140794445,2021-06
2304202,Crato,CE,2021,6,0.0,inpe_bdq_legacy,climatology_regional_intensity12,0.04624441828158889,2021-06
2304400,Fortaleza,CE,2021,6,0.0,inpe_bdq_aqua_ref,climatology_regional_intensity12,0.0,2021-06
2305100,Guaramiranga,CE,2021,6,0.0,inpe_bdq_aqua_ref,climatology_regional_intensity12,0.0,2021-06
2305506,Iguatu,CE,2021,6,2.0,inpe_bdq_aqua_ref,climatology_regional_intensity12,0.13873325484476667,2021-06
2306405,Itapipoca,CE,2021,6,2.0,inpe_bdq_aqua_ref,climatology_regional_intensity12,0.4624441828158889,2021-06
2306900,Jaguaribe,CE,2021,6,0.0,inpe_bdq_aqua_ref,climatology_regional_intensity12,0.09248883656317777,2021-06
2307007,Jaguaruana,CE,2021,6,0.0,inpe_bdq_aqua_ref,climatology_regional_intensity12,0.0,2021-06
2307106,Jardim,CE,2021,6,0.0,inpe_bdq_legacy,climatology_regional_intensity12,0.04624441828158889,2021-06
2307205,Jati,CE,2021,6,0.0,inpe_bdq_legacy,climatology_regional_intensity12,0.0,2021-06
2307304,Juazeiro do Norte,CE,2021,6,0.0,inpe_bdq_legacy,climatology_regional_intensity12,0.0,2021-06
2308401,Missão Velha,CE,2021,6,0.0,inpe_bdq_legacy,climatology_regional_intensity12,0.09248883656317777,2021-06
2308708,Morada Nova,CE,2021,6,0.0,inpe_bdq_aqua_ref,climatology_regional_intensity12,0.13873325484476667,2021-06
2309201,Nova Olinda,CE,2021,6,0.0,inpe_bdq_legacy,climatology_regional_intensity12,0.0,2021-06
2310605,Penaforte,CE,2021,6,0.0,inpe_bdq_legacy,climatology_regional_intensity12,0.0,2021-06
2311108,Porteiras,CE,2021,6,0.0,inpe_bdq_legacy,climatology_regional_intensity12,0.04624441828158889,2021-06
2311207,Potengi,CE,2021,6,0.0,inpe_bdq_legacy,climatology_regional_intensity12,0.0,2021-06
2311306,Quixadá,CE,2021,6,1.0,inpe_bdq_aqua_ref,climatology_regional_intensity12,0.04624441828158889,2021-06
2311405,Quixeramobim,CE,2021,6,1.0,inpe_bdq_aqua_ref,climatology_regional_intensity12,0.13873325484476667,2021-06
2311959,Salitre,CE,2021,6,0.0,inpe_bdq_legacy,climatology_regional_intensity12,0.09248883656317777,2021-06
2312106,Santana do Cariri,CE,2021,6,0.0,inpe_bdq_legacy,climatology_regional_intensity12,0.0,2021-06
2312908,Sobral,CE,2021,6,0.0,inpe_bdq_aqua_ref,climatology_regional_intensity12,0.18497767312635555,2021-06
2313302,Tauá,CE,2021,6,0.0,inpe_bdq_aqua_ref,climatology_regional_intensity12,0.09248883656317777,2021-06
2313401,Tianguá,CE,2021,6,0.0,inpe_bdq_aqua_ref,climatology_regional_intensity12,0.09248883656317777,2021-06
2300101,Abaiara,CE,2021,7,0.0,inpe_bdq_legacy,climatology_municipal,0.17647058823529413,2021-07
2300200,Acaraú,CE,2021,7,2.0,inpe_bdq_aqua_ref,climatology_municipal,1.411764705882353,2021-07
2301307,Araripe,CE,2021,7,0.0,inpe_bdq_legacy,climatology_municipal,0.35294117647058826,2021-07
2301604,Assaré,CE,2021,7,0.0,inpe_bdq_legacy,climatology_municipal,0.058823529411764705,2021-07
2301901,Barbalha,CE,2021,7,0.0,inpe_bdq_aqua_ref,climatology_municipal,0.2222222222222222,2021-07
2302503,Brejo Santo,CE,2021,7,0.0,inpe_bdq_legacy,climatology_municipal,0.23529411764705882,2021-07
2302701,Campos Sales,CE,2021,7,1.0,inpe_bdq_aqua_ref,climatology_municipal,0.0,2021-07
2304103,Crateús,CE,2021,7,2.0,inpe_bdq_aqua_ref,climatology_municipal,0.5294117647058824,2021-07
2304202,Crato,CE,2021,7,0.0,inpe_bdq_legacy,climatology_municipal,0.0,2021-07
2304400,Fortaleza,CE,2021,7,0.0,inpe_bdq_aqua_ref,climatology_municipal,0.058823529411764705,2021-07
2305100,Guaramiranga,CE,2021,7,0.0,inpe_bdq_aqua_ref,climatology_municipal,0.0,2021-07
2305506,Iguatu,CE,2021,7,0.0,inpe_bdq_aqua_ref,climatology_municipal,1.0,2021-07
2306405,Itapipoca,CE,2021,7,2.0,inpe_bdq_aqua_ref,climatology_municipal,0.8235294117647058,2021-07
2306900,Jaguaribe,CE,2021,7,1.0,inpe_bdq_aqua_ref,climatology_municipal,0.11764705882352941,2021-07
2307007,Jaguaruana,CE,2021,7,0.0,inpe_bdq_aqua_ref,climatology_municipal,0.23529411764705882,2021-07
2307106,Jardim,CE,2021,7,0.0,inpe_bdq_legacy,climatology_municipal,0.058823529411764705,2021-07
2307205,Jati,CE,2021,7,0.0,inpe_bdq_legacy,climatology_municipal,0.0,2021-07
2307304,Juazeiro do Norte,CE,2021,7,0.0,inpe_bdq_legacy,climatology_municipal,0.29411764705882354,2021-07
2308401,Missão Velha,CE,2021,7,0.0,inpe_bdq_legacy,climatology_municipal,0.11764705882352941,2021-07
2308708,Morada Nova,CE,2021,7,0.0,inpe_bdq_aqua_ref,climatology_municipal,0.0,2021-07
2309201,Nova Olinda,CE,2021,7,0.0,inpe_bdq_legacy,climatology_municipal,0.47058823529411764,2021-07
2310605,Penaforte,CE,2021,7,0.0,inpe_bdq_legacy,climatology_municipal,0.0,2021-07
2311108,Porteiras,CE,2021,7,0.0,inpe_bdq_legacy,climatology_municipal,0.17647058823529413,2021-07
2311207,Potengi,CE,2021,7,0.0,inpe_bdq_legacy,climatology_municipal,0.11764705882352941,2021-07
2311306,Quixadá,CE,2021,7,0.0,inpe_bdq_aqua_ref,climatology_municipal,0.47058823529411764,2021-07
2311405,Quixeramobim,CE,2021,7,0.0,inpe_bdq_aqua_ref,climatology_municipal,0.35294117647058826,2021-07
2311959,Salitre,CE,2021,7,0.0,inpe_bdq_legacy,climatology_municipal,0.058823529411764705,2021-07
2312106,Santana do Cariri,CE,2021,7,0.0,inpe_bdq_legacy,climatology_municipal,0.35294117647058826,2021-07
2312908,Sobral,CE,2021,7,0.0,inpe_bdq_aqua_ref,climatology_municipal,0.7647058823529411,2021-07
2313302,Tauá,CE,2021,7,0.0,inpe_bdq_aqua_ref,climatology_municipal,0.23529411764705882,2021-07
2313401,Tianguá,CE,2021,7,3.0,inpe_bdq_aqua_ref,climatology_municipal,0.29411764705882354,2021-07
2300101,Abaiara,CE,2021,7,0.0,inpe_bdq_legacy,climatology_regional_intensity12,0.14009386936580123,2021-07
2300200,Acaraú,CE,2021,7,2.0,inpe_bdq_aqua_ref,climatology_regional_intensity12,1.1207509549264099,2021-07
2301307,Araripe,CE,2021,7,0.0,inpe_bdq_legacy,climatology_regional_intensity12,0.28018773873160246,2021-07
2301604,Assaré,CE,2021,7,0.0,inpe_bdq_legacy,climatology_regional_intensity12,0.04669795645526707,2021-07
2301901,Barbalha,CE,2021,7,0.0,inpe_bdq_aqua_ref,climatology_regional_intensity12,0.17641450216434226,2021-07
2302503,Brejo Santo,CE,2021,7,0.0,inpe_bdq_legacy,climatology_regional_intensity12,0.1867918258210683,2021-07
2302701,Campos Sales,CE,2021,7,1.0,inpe_bdq_aqua_ref,climatology_regional_intensity12,0.0,2021-07
2304103,Crateús,CE,2021,7,2.0,inpe_bdq_aqua_ref,climatology_regional_intensity12,0.42028160809740367,2021-07
2304202,Crato,CE,2021,7,0.0,inpe_bdq_legacy,climatology_regional_intensity12,0.0,2021-07
2304400,Fortaleza,CE,2021,7,0.0,inpe_bdq_aqua_ref,climatology_regional_intensity12,0.04669795645526707,2021-07
2305100,Guaramiranga,CE,2021,7,0.0,inpe_bdq_aqua_ref,climatology_regional_intensity12,0.0,2021-07
2305506,Iguatu,CE,2021,7,0.0,inpe_bdq_aqua_ref,climatology_regional_intensity12,0.7938652597395403,2021-07
2306405,Itapipoca,CE,2021,7,2.0,inpe_bdq_aqua_ref,climatology_regional_intensity12,0.653771390373739,2021-07
2306900,Jaguaribe,CE,2021,7,1.0,inpe_bdq_aqua_ref,climatology_regional_intensity12,0.09339591291053415,2021-07
2307007,Jaguaruana,CE,2021,7,0.0,inpe_bdq_aqua_ref,climatology_regional_intensity12,0.1867918258210683,2021-07
2307106,Jardim,CE,2021,7,0.0,inpe_bdq_legacy,climatology_regional_intensity12,0.04669795645526707,2021-07
2307205,Jati,CE,2021,7,0.0,inpe_bdq_legacy,climatology_regional_intensity12,0.0,2021-07
2307304,Juazeiro do Norte,CE,2021,7,0.0,inpe_bdq_legacy,climatology_regional_intensity12,0.23348978227633538,2021-07
2308401,Missão Velha,CE,2021,7,0.0,inpe_bdq_legacy,climatology_regional_intensity12,0.09339591291053415,2021-07
2308708,Morada Nova,CE,2021,7,0.0,inpe_bdq_aqua_ref,climatology_regional_intensity12,0.0,2021-07
2309201,Nova Olinda,CE,2021,7,0.0,inpe_bdq_legacy,climatology_regional_intensity12,0.3735836516421366,2021-07
2310605,Penaforte,CE,2021,7,0.0,inpe_bdq_legacy,climatology_regional_intensity12,0.0,2021-07
2311108,Porteiras,CE,2021,7,0.0,inpe_bdq_legacy,climatology_regional_intensity12,0.14009386936580123,2021-07
2311207,Potengi,CE,2021,7,0.0,inpe_bdq_legacy,climatology_regional_intensity12,0.09339591291053415,2021-07
2311306,Quixadá,CE,2021,7,0.0,inpe_bdq_aqua_ref,climatology_regional_intensity12,0.3735836516421366,2021-07
2311405,Quixeramobim,CE,2021,7,0.0,inpe_bdq_aqua_ref,climatology_regional_intensity12,0.28018773873160246,2021-07
2311959,Salitre,CE,2021,7,0.0,inpe_bdq_legacy,climatology_regional_intensity12,0.04669795645526707,2021-07
2312106,Santana do Cariri,CE,2021,7,0.0,inpe_bdq_legacy,climatology_regional_intensity12,0.28018773873160246,2021-07
2312908,Sobral,CE,2021,7,0.0,inpe_bdq_aqua_ref,climatology_regional_intensity12,0.6070734339184719,2021-07
2313302,Tauá,CE,2021,7,0.0,inpe_bdq_aqua_ref,climatology_regional_intensity12,0.1867918258210683,2021-07
2313401,Tianguá,CE,2021,7,3.0,inpe_bdq_aqua_ref,climatology_regional_intensity12,0.23348978227633538,2021-07
2300101,Abaiara,CE,2021,8,0.0,inpe_bdq_legacy,climatology_municipal,0.4117647058823529,2021-08
2300200,Acaraú,CE,2021,8,6.0,inpe_bdq_aqua_ref,climatology_municipal,1.3529411764705883,2021-08
2301307,Araripe,CE,2021,8,1.0,inpe_bdq_legacy,climatology_municipal,1.0,2021-08
2301604,Assaré,CE,2021,8,0.0,inpe_bdq_legacy,climatology_municipal,1.0588235294117647,2021-08
2301901,Barbalha,CE,2021,8,2.0,inpe_bdq_aqua_ref,climatology_municipal,1.1111111111111112,2021-08
2302503,Brejo Santo,CE,2021,8,0.0,inpe_bdq_legacy,climatology_municipal,0.17647058823529413,2021-08
2302701,Campos Sales,CE,2021,8,0.0,inpe_bdq_aqua_ref,climatology_municipal,0.29411764705882354,2021-08
2304103,Crateús,CE,2021,8,1.0,inpe_bdq_aqua_ref,climatology_municipal,2.4705882352941178,2021-08
2304202,Crato,CE,2021,8,0.0,inpe_bdq_legacy,climatology_municipal,1.6111111111111112,2021-08
2304400,Fortaleza,CE,2021,8,0.0,inpe_bdq_aqua_ref,climatology_municipal,0.4,2021-08
2305100,Guaramiranga,CE,2021,8,0.0,inpe_bdq_aqua_ref,climatology_municipal,0.0,2021-08
2305506,Iguatu,CE,2021,8,2.0,inpe_bdq_aqua_ref,climatology_municipal,1.4705882352941178,2021-08
2306405,Itapipoca,CE,2021,8,1.0,inpe_bdq_aqua_ref,climatology_municipal,3.176470588235294,2021-08
2306900,Jaguaribe,CE,2021,8,0.0,inpe_bdq_aqua_ref,climatology_municipal,0.8823529411764706,2021-08
2307007,Jaguaruana,CE,2021,8,1.0,inpe_bdq_aqua_ref,climatology_municipal,1.0,2021-08
2307106,Jardim,CE,2021,8,0.0,inpe_bdq_legacy,climatology_municipal,0.17647058823529413,2021-08
2307205,Jati,CE,2021,8,0.0,inpe_bdq_legacy,climatology_municipal,0.0,2021-08
2307304,Juazeiro do Norte,CE,2021,8,1.0,inpe_bdq_legacy,climatology_municipal,0.75,2021-08
2308401,Missão Velha,CE,2021,8,1.0,inpe_bdq_legacy,climatology_municipal,0.5882352941176471,2021-08
2308708,Morada Nova,CE,2021,8,0.0,inpe_bdq_aqua_ref,climatology_municipal,1.3529411764705883,2021-08
2309201,Nova Olinda,CE,2021,8,0.0,inpe_bdq_legacy,climatology_municipal,0.23529411764705882,2021-08
2311108,Porteiras,CE,2021,8,0.0,inpe_bdq_legacy,climatology_municipal,0.06666666666666667,2021-08
2311207,Potengi,CE,2021,8,0.0,inpe_bdq_legacy,climatology_municipal,0.0,2021-08
2311306,Quixadá,CE,2021,8,4.0,inpe_bdq_aqua_ref,climatology_municipal,0.8823529411764706,2021-08
2311405,Quixeramobim,CE,2021,8,0.0,inpe_bdq_aqua_ref,climatology_municipal,1.2352941176470589,2021-08
2311959,Salitre,CE,2021,8,1.0,inpe_bdq_legacy,climatology_municipal,0.3333333333333333,2021-08
2312106,Santana do Cariri,CE,2021,8,0.0,inpe_bdq_legacy,climatology_municipal,0.7777777777777778,2021-08
2312908,Sobral,CE,2021,8,1.0,inpe_bdq_aqua_ref,climatology_municipal,6.588235294117647,2021-08
2313302,Tauá,CE,2021,8,1.0,inpe_bdq_aqua_ref,climatology_municipal,0.5882352941176471,2021-08
2313401,Tianguá,CE,2021,8,1.0,inpe_bdq_aqua_ref,climatology_municipal,0.9411764705882353,2021-08
2300101,Abaiara,CE,2021,8,0.0,inpe_bdq_legacy,climatology_regional_intensity12,0.3238742972290193,2021-08
2300200,Acaraú,CE,2021,8,6.0,inpe_bdq_aqua_ref,climatology_regional_intensity12,1.0641584051810633,2021-08
2301307,Araripe,CE,2021,8,1.0,inpe_bdq_legacy,climatology_regional_intensity12,0.7865518646990468,2021-08
2301604,Assaré,CE,2021,8,0.0,inpe_bdq_legacy,climatology_regional_intensity12,0.8328196214460496,2021-08
2301901,Barbalha,CE,2021,8,2.0,inpe_bdq_aqua_ref,climatology_regional_intensity12,0.8739465163322743,2021-08
2302503,Brejo Santo,CE,2021,8,0.0,inpe_bdq_legacy,climatology_regional_intensity12,0.13880327024100828,2021-08
2302701,Campos Sales,CE,2021,8,0.0,inpe_bdq_aqua_ref,climatology_regional_intensity12,0.23133878373501376,2021-08
2304103,Crateús,CE,2021,8,1.0,inpe_bdq_aqua_ref,climatology_regional_intensity12,1.9432457833741157,2021-08
2304202,Crato,CE,2021,8,0.0,inpe_bdq_legacy,climatology_regional_intensity12,1.2672224486817978,2021-08
2304400,Fortaleza,CE,2021,8,0.0,inpe_bdq_aqua_ref,climatology_regional_intensity12,0.31462074587961875,2021-08
2305100,Guaramiranga,CE,2021,8,0.0,inpe_bdq_aqua_ref,climatology_regional_intensity12,0.0,2021-08
2305506,Iguatu,CE,2021,8,2.0,inpe_bdq_aqua_ref,climatology_regional_intensity12,1.1566939186750689,2021-08
2306405,Itapipoca,CE,2021,8,1.0,inpe_bdq_aqua_ref,climatology_regional_intensity12,2.4984588643381485,2021-08
2306900,Jaguaribe,CE,2021,8,0.0,inpe_bdq_aqua_ref,climatology_regional_intensity12,0.6940163512050412,2021-08
2307007,Jaguaruana,CE,2021,8,1.0,inpe_bdq_aqua_ref,climatology_regional_intensity12,0.7865518646990468,2021-08
2307106,Jardim,CE,2021,8,0.0,inpe_bdq_legacy,climatology_regional_intensity12,0.13880327024100828,2021-08
2307205,Jati,CE,2021,8,0.0,inpe_bdq_legacy,climatology_regional_intensity12,0.0,2021-08
2307304,Juazeiro do Norte,CE,2021,8,1.0,inpe_bdq_legacy,climatology_regional_intensity12,0.5899138985242851,2021-08
2308401,Missão Velha,CE,2021,8,1.0,inpe_bdq_legacy,climatology_regional_intensity12,0.46267756747002753,2021-08
2308708,Morada Nova,CE,2021,8,0.0,inpe_bdq_aqua_ref,climatology_regional_intensity12,1.0641584051810633,2021-08
2309201,Nova Olinda,CE,2021,8,0.0,inpe_bdq_legacy,climatology_regional_intensity12,0.185071026988011,2021-08
2311108,Porteiras,CE,2021,8,0.0,inpe_bdq_legacy,climatology_regional_intensity12,0.052436790979936455,2021-08
2311207,Potengi,CE,2021,8,0.0,inpe_bdq_legacy,climatology_regional_intensity12,0.0,2021-08
2311306,Quixadá,CE,2021,8,4.0,inpe_bdq_aqua_ref,climatology_regional_intensity12,0.6940163512050412,2021-08
2311405,Quixeramobim,CE,2021,8,0.0,inpe_bdq_aqua_ref,climatology_regional_intensity12,0.9716228916870578,2021-08
2311959,Salitre,CE,2021,8,1.0,inpe_bdq_legacy,climatology_regional_intensity12,0.26218395489968227,2021-08
2312106,Santana do Cariri,CE,2021,8,0.0,inpe_bdq_legacy,climatology_regional_intensity12,0.611762561432592,2021-08
2312908,Sobral,CE,2021,8,1.0,inpe_bdq_aqua_ref,climatology_regional_intensity12,5.1819887556643085,2021-08
2313302,Tauá,CE,2021,8,1.0,inpe_bdq_aqua_ref,climatology_regional_intensity12,0.46267756747002753,2021-08
2313401,Tianguá,CE,2021,8,1.0,inpe_bdq_aqua_ref,climatology_regional_intensity12,0.740284107952044,2021-08
2300101,Abaiara,CE,2021,9,0.0,inpe_bdq_legacy,climatology_municipal,0.29411764705882354,2021-09
2300200,Acaraú,CE,2021,9,1.0,inpe_bdq_aqua_ref,climatology_municipal,1.8823529411764706,2021-09
2301307,Araripe,CE,2021,9,9.0,inpe_bdq_legacy,climatology_municipal,7.333333333333333,2021-09
2301604,Assaré,CE,2021,9,0.0,inpe_bdq_legacy,climatology_municipal,1.3888888888888888,2021-09
2301901,Barbalha,CE,2021,9,3.0,inpe_bdq_aqua_ref,climatology_municipal,2.6666666666666665,2021-09
2302503,Brejo Santo,CE,2021,9,1.0,inpe_bdq_legacy,climatology_municipal,1.4444444444444444,2021-09
2302701,Campos Sales,CE,2021,9,2.0,inpe_bdq_aqua_ref,climatology_municipal,1.3333333333333333,2021-09
2304103,Crateús,CE,2021,9,11.0,inpe_bdq_aqua_ref,climatology_municipal,3.0588235294117645,2021-09
2304202,Crato,CE,2021,9,11.0,inpe_bdq_legacy,climatology_municipal,3.6666666666666665,2021-09
2304400,Fortaleza,CE,2021,9,0.0,inpe_bdq_aqua_ref,climatology_municipal,0.8,2021-09
2305100,Guaramiranga,CE,2021,9,0.0,inpe_bdq_aqua_ref,climatology_municipal,0.0,2021-09
2305506,Iguatu,CE,2021,9,3.0,inpe_bdq_aqua_ref,climatology_municipal,4.411764705882353,2021-09
2306405,Itapipoca,CE,2021,9,2.0,inpe_bdq_aqua_ref,climatology_municipal,3.588235294117647,2021-09
2306900,Jaguaribe,CE,2021,9,0.0,inpe_bdq_aqua_ref,climatology_municipal,1.0588235294117647,2021-09
2307007,Jaguaruana,CE,2021,9,0.0,inpe_bdq_aqua_ref,climatology_municipal,0.9230769230769231,2021-09
2307106,Jardim,CE,2021,9,3.0,inpe_bdq_legacy,climatology_municipal,1.4705882352941178,2021-09
2307205,Jati,CE,2021,9,0.0,inpe_bdq_legacy,climatology_municipal,0.5555555555555556,2021-09
2307304,Juazeiro do Norte,CE,2021,9,3.0,inpe_bdq_legacy,climatology_municipal,0.9375,2021-09
2308401,Missão Velha,CE,2021,9,1.0,inpe_bdq_legacy,climatology_municipal,3.2777777777777777,2021-09
2308708,Morada Nova,CE,2021,9,0.0,inpe_bdq_aqua_ref,climatology_municipal,1.588235294117647,2021-09
2309201,Nova Olinda,CE,2021,9,2.0,inpe_bdq_legacy,climatology_municipal,0.7647058823529411,2021-09
2311108,Porteiras,CE,2021,9,0.0,inpe_bdq_legacy,climatology_municipal,1.0,2021-09
2311207,Potengi,CE,2021,9,1.0,inpe_bdq_legacy,climatology_municipal,1.2222222222222223,2021-09
2311306,Quixadá,CE,2021,9,6.0,inpe_bdq_aqua_ref,climatology_municipal,3.411764705882353,2021-09
2311405,Quixeramobim,CE,2021,9,2.0,inpe_bdq_aqua_ref,climatology_municipal,3.176470588235294,2021-09
2311959,Salitre,CE,2021,9,0.0,inpe_bdq_legacy,climatology_municipal,1.7222222222222223,2021-09
2312106,Santana do Cariri,CE,2021,9,6.0,inpe_bdq_legacy,climatology_municipal,3.4444444444444446,2021-09
2312908,Sobral,CE,2021,9,10.0,inpe_bdq_aqua_ref,climatology_municipal,10.823529411764707,2021-09
2313302,Tauá,CE,2021,9,0.0,inpe_bdq_aqua_ref,climatology_municipal,2.235294117647059,2021-09
2313401,Tianguá,CE,2021,9,2.0,inpe_bdq_aqua_ref,climatology_municipal,1.411764705882353,2021-09
2300101,Abaiara,CE,2021,9,0.0,inpe_bdq_legacy,climatology_regional_intensity12,0.22929136483352308,2021-09
2300200,Acaraú,CE,2021,9,1.0,inpe_bdq_aqua_ref,climatology_regional_intensity12,1.4674647349345475,2021-09
2301307,Araripe,CE,2021,9,9.0,inpe_bdq_legacy,climatology_regional_intensity12,5.716998029849175,2021-09
2301604,Assaré,CE,2021,9,0.0,inpe_bdq_legacy,climatology_regional_intensity12,1.0827647783805254,2021-09
2301901,Barbalha,CE,2021,9,3.0,inpe_bdq_aqua_ref,climatology_regional_intensity12,2.078908374490609,2021-09
2302503,Brejo Santo,CE,2021,9,1.0,inpe_bdq_legacy,climatology_regional_intensity12,1.1260753695157466,2021-09
2302701,Campos Sales,CE,2021,9,2.0,inpe_bdq_aqua_ref,climatology_regional_intensity12,1.0394541872453045,2021-09
2304103,Crateús,CE,2021,9,11.0,inpe_bdq_aqua_ref,climatology_regional_intensity12,2.38463019426864,2021-09
2304202,Crato,CE,2021,9,11.0,inpe_bdq_legacy,climatology_regional_intensity12,2.8584990149245875,2021-09
2304400,Fortaleza,CE,2021,9,0.0,inpe_bdq_aqua_ref,climatology_regional_intensity12,0.6236725123471828,2021-09
2305100,Guaramiranga,CE,2021,9,0.0,inpe_bdq_aqua_ref,climatology_regional_intensity12,0.0,2021-09
2305506,Iguatu,CE,2021,9,3.0,inpe_bdq_aqua_ref,climatology_regional_intensity12,3.439370472502846,2021-09
2306405,Itapipoca,CE,2021,9,2.0,inpe_bdq_aqua_ref,climatology_regional_intensity12,2.7973546509689813,2021-09
2306900,Jaguaribe,CE,2021,9,0.0,inpe_bdq_aqua_ref,climatology_regional_intensity12,0.825448913400683,2021-09
2307007,Jaguaruana,CE,2021,9,0.0,inpe_bdq_aqua_ref,climatology_regional_intensity12,0.7196221296313647,2021-09
2307106,Jardim,CE,2021,9,3.0,inpe_bdq_legacy,climatology_regional_intensity12,1.1464568241676154,2021-09
2307205,Jati,CE,2021,9,0.0,inpe_bdq_legacy,climatology_regional_intensity12,0.43310591135221027,2021-09
2307304,Juazeiro do Norte,CE,2021,9,3.0,inpe_bdq_legacy,climatology_regional_intensity12,0.7308662254068548,2021-09
2308401,Missão Velha,CE,2021,9,1.0,inpe_bdq_legacy,climatology_regional_intensity12,2.55532487697804,2021-09
2308708,Morada Nova,CE,2021,9,0.0,inpe_bdq_aqua_ref,climatology_regional_intensity12,1.2381733701010245,2021-09
2309201,Nova Olinda,CE,2021,9,2.0,inpe_bdq_legacy,climatology_regional_intensity12,0.59615754856716,2021-09
2311108,Porteiras,CE,2021,9,0.0,inpe_bdq_legacy,climatology_regional_intensity12,0.7795906404339784,2021-09
2311207,Potengi,CE,2021,9,1.0,inpe_bdq_legacy,climatology_regional_intensity12,0.9528330049748626,2021-09
2311306,Quixadá,CE,2021,9,6.0,inpe_bdq_aqua_ref,climatology_regional_intensity12,2.6597798320688675,2021-09
2311405,Quixeramobim,CE,2021,9,2.0,inpe_bdq_aqua_ref,climatology_regional_intensity12,2.476346740202049,2021-09
2311959,Salitre,CE,2021,9,0.0,inpe_bdq_legacy,climatology_regional_intensity12,1.3426283251918518,2021-09
2312106,Santana do Cariri,CE,2021,9,6.0,inpe_bdq_legacy,climatology_regional_intensity12,2.6852566503837036,2021-09
2312908,Sobral,CE,2021,9,10.0,inpe_bdq_aqua_ref,climatology_regional_intensity12,8.437922225873649,2021-09
2313302,Tauá,CE,2021,9,0.0,inpe_bdq_aqua_ref,climatology_regional_intensity12,1.7426143727347754,2021-09
2313401,Tianguá,CE,2021,9,2.0,inpe_bdq_aqua_ref,climatology_regional_intensity12,1.1005985512009107,2021-09
2300101,Abaiara,CE,2021,10,3.0,inpe_bdq_legacy,climatology_municipal,1.1111111111111112,2021-10
2300200,Acaraú,CE,2021,10,0.0,inpe_bdq_aqua_ref,climatology_municipal,1.7058823529411764,2021-10
2301307,Araripe,CE,2021,10,14.0,inpe_bdq_legacy,climatology_municipal,11.833333333333334,2021-10
2301604,Assaré,CE,2021,10,4.0,inpe_bdq_legacy,climatology_municipal,3.1666666666666665,2021-10
2301901,Barbalha,CE,2021,10,6.0,inpe_bdq_aqua_ref,climatology_municipal,3.2222222222222223,2021-10
2302503,Brejo Santo,CE,2021,10,0.0,inpe_bdq_legacy,climatology_municipal,3.0555555555555554,2021-10
2302701,Campos Sales,CE,2021,10,3.0,inpe_bdq_aqua_ref,climatology_municipal,2.6666666666666665,2021-10
2304103,Crateús,CE,2021,10,49.0,inpe_bdq_aqua_ref,climatology_municipal,42.411764705882355,2021-10
2304202,Crato,CE,2021,10,5.0,inpe_bdq_legacy,climatology_municipal,9.555555555555555,2021-10
2304400,Fortaleza,CE,2021,10,1.0,inpe_bdq_aqua_ref,climatology_municipal,0.8666666666666667,2021-10
2305100,Guaramiranga,CE,2021,10,0.0,inpe_bdq_aqua_ref,climatology_municipal,0.06666666666666667,2021-10
2305506,Iguatu,CE,2021,10,10.0,inpe_bdq_aqua_ref,climatology_municipal,3.764705882352941,2021-10
2306405,Itapipoca,CE,2021,10,4.0,inpe_bdq_aqua_ref,climatology_municipal,3.0,2021-10
2306900,Jaguaribe,CE,2021,10,0.0,inpe_bdq_aqua_ref,climatology_municipal,1.8823529411764706,2021-10
2307007,Jaguaruana,CE,2021,10,0.0,inpe_bdq_aqua_ref,climatology_municipal,1.1538461538461537,2021-10
2307106,Jardim,CE,2021,10,2.0,inpe_bdq_legacy,climatology_municipal,3.0555555555555554,2021-10
2307205,Jati,CE,2021,10,5.0,inpe_bdq_legacy,climatology_municipal,3.0555555555555554,2021-10
2307304,Juazeiro do Norte,CE,2021,10,0.0,inpe_bdq_legacy,climatology_municipal,2.8125,2021-10
2308401,Missão Velha,CE,2021,10,4.0,inpe_bdq_legacy,climatology_municipal,5.388888888888889,2021-10
2308708,Morada Nova,CE,2021,10,0.0,inpe_bdq_aqua_ref,climatology_municipal,4.588235294117647,2021-10
2309201,Nova Olinda,CE,2021,10,0.0,inpe_bdq_legacy,climatology_municipal,0.8888888888888888,2021-10
2311108,Porteiras,CE,2021,10,1.0,inpe_bdq_legacy,climatology_municipal,0.875,2021-10
2311207,Potengi,CE,2021,10,0.0,inpe_bdq_legacy,climatology_municipal,1.9444444444444444,2021-10
2311306,Quixadá,CE,2021,10,5.0,inpe_bdq_aqua_ref,climatology_municipal,18.823529411764707,2021-10
2311405,Quixeramobim,CE,2021,10,8.0,inpe_bdq_aqua_ref,climatology_municipal,36.470588235294116,2021-10
2311959,Salitre,CE,2021,10,6.0,inpe_bdq_legacy,climatology_municipal,3.888888888888889,2021-10
2312106,Santana do Cariri,CE,2021,10,5.0,inpe_bdq_legacy,climatology_municipal,7.0,2021-10
2312908,Sobral,CE,2021,10,18.0,inpe_bdq_aqua_ref,climatology_municipal,16.176470588235293,2021-10
2313302,Tauá,CE,2021,10,10.0,inpe_bdq_aqua_ref,climatology_municipal,7.882352941176471,2021-10
2313401,Tianguá,CE,2021,10,3.0,inpe_bdq_aqua_ref,climatology_municipal,4.0588235294117645,2021-10
2300101,Abaiara,CE,2021,10,3.0,inpe_bdq_legacy,climatology_regional_intensity12,0.8568480973936426,2021-10
2300200,Acaraú,CE,2021,10,0.0,inpe_bdq_aqua_ref,climatology_regional_intensity12,1.3155138436455336,2021-10
2301307,Araripe,CE,2021,10,14.0,inpe_bdq_legacy,climatology_regional_intensity12,9.125432237242293,2021-10
2301604,Assaré,CE,2021,10,4.0,inpe_bdq_legacy,climatology_regional_intensity12,2.4420170775718812,2021-10
2301901,Barbalha,CE,2021,10,6.0,inpe_bdq_aqua_ref,climatology_regional_intensity12,2.4848594824415637,2021-10
2302503,Brejo Santo,CE,2021,10,0.0,inpe_bdq_legacy,climatology_regional_intensity12,2.356332267832517,2021-10
2302701,Campos Sales,CE,2021,10,3.0,inpe_bdq_aqua_ref,climatology_regional_intensity12,2.056435433744742,2021-10
2304103,Crateús,CE,2021,10,49.0,inpe_bdq_aqua_ref,climatology_regional_intensity12,32.70639590580792,2021-10
2304202,Crato,CE,2021,10,5.0,inpe_bdq_legacy,climatology_regional_intensity12,7.368893637585326,2021-10
2304400,Fortaleza,CE,2021,10,1.0,inpe_bdq_aqua_ref,climatology_regional_intensity12,0.6683415159670413,2021-10
2305100,Guaramiranga,CE,2021,10,0.0,inpe_bdq_aqua_ref,climatology_regional_intensity12,0.05141088584361855,2021-10
2305506,Iguatu,CE,2021,10,10.0,inpe_bdq_aqua_ref,climatology_regional_intensity12,2.903202965286695,2021-10
2306405,Itapipoca,CE,2021,10,4.0,inpe_bdq_aqua_ref,climatology_regional_intensity12,2.313489862962835,2021-10
2306900,Jaguaribe,CE,2021,10,0.0,inpe_bdq_aqua_ref,climatology_regional_intensity12,1.4516014826433474,2021-10
2307007,Jaguaruana,CE,2021,10,0.0,inpe_bdq_aqua_ref,climatology_regional_intensity12,0.8898037934472441,2021-10
2307106,Jardim,CE,2021,10,2.0,inpe_bdq_legacy,climatology_regional_intensity12,2.356332267832517,2021-10
2307205,Jati,CE,2021,10,5.0,inpe_bdq_legacy,climatology_regional_intensity12,2.356332267832517,2021-10
2307304,Juazeiro do Norte,CE,2021,10,0.0,inpe_bdq_legacy,climatology_regional_intensity12,2.1688967465276576,2021-10
2308401,Missão Velha,CE,2021,10,4.0,inpe_bdq_legacy,climatology_regional_intensity12,4.155713272359167,2021-10
2308708,Morada Nova,CE,2021,10,0.0,inpe_bdq_aqua_ref,climatology_regional_intensity12,3.538278613943159,2021-10
2309201,Nova Olinda,CE,2021,10,0.0,inpe_bdq_legacy,climatology_regional_intensity12,0.685478477914914,2021-10
2311108,Porteiras,CE,2021,10,1.0,inpe_bdq_legacy,climatology_regional_intensity12,0.6747678766974935,2021-10
2311207,Potengi,CE,2021,10,0.0,inpe_bdq_legacy,climatology_regional_intensity12,1.4994841704388746,2021-10
2311306,Quixadá,CE,2021,10,5.0,inpe_bdq_aqua_ref,climatology_regional_intensity12,14.516014826433475,2021-10
2311405,Quixeramobim,CE,2021,10,8.0,inpe_bdq_aqua_ref,climatology_regional_intensity12,28.124778726214856,2021-10
2311959,Salitre,CE,2021,10,6.0,inpe_bdq_legacy,climatology_regional_intensity12,2.998968340877749,2021-10
2312106,Santana do Cariri,CE,2021,10,5.0,inpe_bdq_legacy,climatology_regional_intensity12,5.398143013579948,2021-10
2312908,Sobral,CE,2021,10,18.0,inpe_bdq_aqua_ref,climatology_regional_intensity12,12.474700241466266,2021-10
2313302,Tauá,CE,2021,10,10.0,inpe_bdq_aqua_ref,climatology_regional_intensity12,6.078581208569018,2021-10
2313401,Tianguá,CE,2021,10,3.0,inpe_bdq_aqua_ref,climatology_regional_intensity12,3.1300156969497177,2021-10
2300101,Abaiara,CE,2021,11,5.0,inpe_bdq_legacy,climatology_municipal,2.7777777777777777,2021-11
2300200,Acaraú,CE,2021,11,9.0,inpe_bdq_aqua_ref,climatology_municipal,8.588235294117647,2021-11
2301307,Araripe,CE,2021,11,3.0,inpe_bdq_legacy,climatology_municipal,13.722222222222221,2021-11
2301604,Assaré,CE,2021,11,6.0,inpe_bdq_legacy,climatology_municipal,5.166666666666667,2021-11
2301901,Barbalha,CE,2021,11,0.0,inpe_bdq_aqua_ref,climatology_municipal,5.166666666666667,2021-11
2302503,Brejo Santo,CE,2021,11,6.0,inpe_bdq_legacy,climatology_municipal,4.833333333333333,2021-11
2302701,Campos Sales,CE,2021,11,2.0,inpe_bdq_aqua_ref,climatology_municipal,2.888888888888889,2021-11
2304103,Crateús,CE,2021,11,55.0,inpe_bdq_aqua_ref,climatology_municipal,60.588235294117645,2021-11
2304202,Crato,CE,2021,11,5.0,inpe_bdq_legacy,climatology_municipal,10.333333333333334,2021-11
2304400,Fortaleza,CE,2021,11,1.0,inpe_bdq_aqua_ref,climatology_municipal,1.2,2021-11
2305100,Guaramiranga,CE,2021,11,0.0,inpe_bdq_aqua_ref,climatology_municipal,0.4666666666666667,2021-11
2305506,Iguatu,CE,2021,11,5.0,inpe_bdq_aqua_ref,climatology_municipal,7.9411764705882355,2021-11
2306405,Itapipoca,CE,2021,11,23.0,inpe_bdq_aqua_ref,climatology_municipal,23.0,2021-11
2306900,Jaguaribe,CE,2021,11,6.0,inpe_bdq_aqua_ref,climatology_municipal,3.8823529411764706,2021-11
2307007,Jaguaruana,CE,2021,11,1.0,inpe_bdq_aqua_ref,climatology_municipal,0.38461538461538464,2021-11
2307106,Jardim,CE,2021,11,2.0,inpe_bdq_legacy,climatology_municipal,3.5555555555555554,2021-11
2307205,Jati,CE,2021,11,0.0,inpe_bdq_legacy,climatology_municipal,2.388888888888889,2021-11
2307304,Juazeiro do Norte,CE,2021,11,0.0,inpe_bdq_legacy,climatology_municipal,3.5,2021-11
2308401,Missão Velha,CE,2021,11,11.0,inpe_bdq_legacy,climatology_municipal,10.222222222222221,2021-11
2308708,Morada Nova,CE,2021,11,6.0,inpe_bdq_aqua_ref,climatology_municipal,4.705882352941177,2021-11
2309201,Nova Olinda,CE,2021,11,5.0,inpe_bdq_legacy,climatology_municipal,4.333333333333333,2021-11
2311108,Porteiras,CE,2021,11,10.0,inpe_bdq_legacy,climatology_municipal,1.6875,2021-11
2311207,Potengi,CE,2021,11,3.0,inpe_bdq_legacy,climatology_municipal,2.6666666666666665,2021-11
2311306,Quixadá,CE,2021,11,19.0,inpe_bdq_aqua_ref,climatology_municipal,24.647058823529413,2021-11
2311405,Quixeramobim,CE,2021,11,35.0,inpe_bdq_aqua_ref,climatology_municipal,51.64705882352941,2021-11
2311959,Salitre,CE,2021,11,4.0,inpe_bdq_legacy,climatology_municipal,8.944444444444445,2021-11
2312106,Santana do Cariri,CE,2021,11,16.0,inpe_bdq_legacy,climatology_municipal,12.444444444444445,2021-11
2312908,Sobral,CE,2021,11,11.0,inpe_bdq_aqua_ref,climatology_municipal,32.1764705882353,2021-11
2313302,Tauá,CE,2021,11,4.0,inpe_bdq_aqua_ref,climatology_municipal,14.352941176470589,2021-11
2313401,Tianguá,CE,2021,11,12.0,inpe_bdq_aqua_ref,climatology_municipal,9.235294117647058,2021-11
2300101,Abaiara,CE,2021,11,5.0,inpe_bdq_legacy,climatology_regional_intensity12,2.119166556240686,2021-11
2300200,Acaraú,CE,2021,11,9.0,inpe_bdq_aqua_ref,climatology_regional_intensity12,6.5519643644712025,2021-11
2301307,Araripe,CE,2021,11,3.0,inpe_bdq_legacy,climatology_regional_intensity12,10.468682787828987,2021-11
2301604,Assaré,CE,2021,11,6.0,inpe_bdq_legacy,climatology_regional_intensity12,3.9416497946076756,2021-11
2301901,Barbalha,CE,2021,11,0.0,inpe_bdq_aqua_ref,climatology_regional_intensity12,3.9416497946076756,2021-11
2302503,Brejo Santo,CE,2021,11,6.0,inpe_bdq_legacy,climatology_regional_intensity12,3.687349807858793,2021-11
2302701,Campos Sales,CE,2021,11,2.0,inpe_bdq_aqua_ref,climatology_regional_intensity12,2.203933218490313,2021-11
2304103,Crateús,CE,2021,11,55.0,inpe_bdq_aqua_ref,climatology_regional_intensity12,46.22276229729684,2021-11
2304202,Crato,CE,2021,11,5.0,inpe_bdq_legacy,climatology_regional_intensity12,7.883299589215351,2021-11
2304400,Fortaleza,CE,2021,11,1.0,inpe_bdq_aqua_ref,climatology_regional_intensity12,0.9154799522959762,2021-11
2305100,Guaramiranga,CE,2021,11,0.0,inpe_bdq_aqua_ref,climatology_regional_intensity12,0.3560199814484352,2021-11
2305506,Iguatu,CE,2021,11,5.0,inpe_bdq_aqua_ref,climatology_regional_intensity12,6.058323213723372,2021-11
2306405,Itapipoca,CE,2021,11,23.0,inpe_bdq_aqua_ref,climatology_regional_intensity12,17.546699085672877,2021-11
2306900,Jaguaribe,CE,2021,11,6.0,inpe_bdq_aqua_ref,climatology_regional_intensity12,2.9618469044869817,2021-11
2307007,Jaguaruana,CE,2021,11,1.0,inpe_bdq_aqua_ref,climatology_regional_intensity12,0.2934230616333257,2021-11
2307106,Jardim,CE,2021,11,2.0,inpe_bdq_legacy,climatology_regional_intensity12,2.7125331919880775,2021-11
2307205,Jati,CE,2021,11,0.0,inpe_bdq_legacy,climatology_regional_intensity12,1.8224832383669898,2021-11
2307304,Juazeiro do Norte,CE,2021,11,0.0,inpe_bdq_legacy,climatology_regional_intensity12,2.670149860863264,2021-11
2308401,Missão Velha,CE,2021,11,11.0,inpe_bdq_legacy,climatology_regional_intensity12,7.798532926965723,2021-11
2308708,Morada Nova,CE,2021,11,6.0,inpe_bdq_aqua_ref,climatology_regional_intensity12,3.5901174599842207,2021-11
2309201,Nova Olinda,CE,2021,11,5.0,inpe_bdq_legacy,climatology_regional_intensity12,3.3058998277354696,2021-11
2311108,Porteiras,CE,2021,11,10.0,inpe_bdq_legacy,climatology_regional_intensity12,1.2873936829162165,2021-11
2311207,Potengi,CE,2021,11,3.0,inpe_bdq_legacy,climatology_regional_intensity12,2.034399893991058,2021-11
2311306,Quixadá,CE,2021,11,19.0,inpe_bdq_aqua_ref,climatology_regional_intensity12,18.803240196667357,2021-11
2311405,Quixeramobim,CE,2021,11,35.0,inpe_bdq_aqua_ref,climatology_regional_intensity12,39.40153912332682,2021-11
2311959,Salitre,CE,2021,11,4.0,inpe_bdq_legacy,climatology_regional_intensity12,6.8237163110950085,2021-11
2312106,Santana do Cariri,CE,2021,11,16.0,inpe_bdq_legacy,climatology_regional_intensity12,9.493866171958272,2021-11
2312908,Sobral,CE,2021,11,11.0,inpe_bdq_aqua_ref,climatology_regional_intensity12,24.54742813264211,2021-11
2313302,Tauá,CE,2021,11,4.0,inpe_bdq_aqua_ref,climatology_regional_intensity12,10.949858252951874,2021-11
2313401,Tianguá,CE,2021,11,12.0,inpe_bdq_aqua_ref,climatology_regional_intensity12,7.045605515219032,2021-11
2300101,Abaiara,CE,2021,12,0.0,inpe_bdq_legacy,climatology_municipal,2.0,2021-12
2300200,Acaraú,CE,2021,12,1.0,inpe_bdq_aqua_ref,climatology_municipal,35.76470588235294,2021-12
2301307,Araripe,CE,2021,12,3.0,inpe_bdq_legacy,climatology_municipal,6.388888888888889,2021-12
2301604,Assaré,CE,2021,12,1.0,inpe_bdq_legacy,climatology_municipal,5.111111111111111,2021-12
2301901,Barbalha,CE,2021,12,0.0,inpe_bdq_aqua_ref,climatology_municipal,2.388888888888889,2021-12
2302503,Brejo Santo,CE,2021,12,0.0,inpe_bdq_legacy,climatology_municipal,2.388888888888889,2021-12
2302701,Campos Sales,CE,2021,12,3.0,inpe_bdq_aqua_ref,climatology_municipal,1.2777777777777777,2021-12
2304103,Crateús,CE,2021,12,15.0,inpe_bdq_aqua_ref,climatology_municipal,27.41176470588235,2021-12
2304202,Crato,CE,2021,12,2.0,inpe_bdq_legacy,climatology_municipal,6.333333333333333,2021-12
2304400,Fortaleza,CE,2021,12,1.0,inpe_bdq_aqua_ref,climatology_municipal,0.13333333333333333,2021-12
2305100,Guaramiranga,CE,2021,12,0.0,inpe_bdq_aqua_ref,climatology_municipal,0.06666666666666667,2021-12
2305506,Iguatu,CE,2021,12,0.0,inpe_bdq_aqua_ref,climatology_municipal,4.117647058823529,2021-12
2306405,Itapipoca,CE,2021,12,20.0,inpe_bdq_aqua_ref,climatology_municipal,65.94117647058823,2021-12
2306900,Jaguaribe,CE,2021,12,0.0,inpe_bdq_aqua_ref,climatology_municipal,2.2941176470588234,2021-12
2307007,Jaguaruana,CE,2021,12,0.0,inpe_bdq_aqua_ref,climatology_municipal,0.6923076923076923,2021-12
2307106,Jardim,CE,2021,12,2.0,inpe_bdq_legacy,climatology_municipal,3.6666666666666665,2021-12
2307205,Jati,CE,2021,12,5.0,inpe_bdq_legacy,climatology_municipal,0.7222222222222222,2021-12
2307304,Juazeiro do Norte,CE,2021,12,1.0,inpe_bdq_legacy,climatology_municipal,1.1875,2021-12
2308401,Missão Velha,CE,2021,12,4.0,inpe_bdq_legacy,climatology_municipal,7.333333333333333,2021-12
2308708,Morada Nova,CE,2021,12,0.0,inpe_bdq_aqua_ref,climatology_municipal,5.294117647058823,2021-12
2309201,Nova Olinda,CE,2021,12,0.0,inpe_bdq_legacy,climatology_municipal,3.111111111111111,2021-12
2311108,Porteiras,CE,2021,12,0.0,inpe_bdq_legacy,climatology_municipal,2.125,2021-12
2311207,Potengi,CE,2021,12,0.0,inpe_bdq_legacy,climatology_municipal,1.3888888888888888,2021-12
2311306,Quixadá,CE,2021,12,13.0,inpe_bdq_aqua_ref,climatology_municipal,13.235294117647058,2021-12
2311405,Quixeramobim,CE,2021,12,21.0,inpe_bdq_aqua_ref,climatology_municipal,32.0,2021-12
2311959,Salitre,CE,2021,12,2.0,inpe_bdq_legacy,climatology_municipal,3.5555555555555554,2021-12
2312106,Santana do Cariri,CE,2021,12,0.0,inpe_bdq_legacy,climatology_municipal,10.944444444444445,2021-12
2312908,Sobral,CE,2021,12,6.0,inpe_bdq_aqua_ref,climatology_municipal,19.823529411764707,2021-12
2313302,Tauá,CE,2021,12,5.0,inpe_bdq_aqua_ref,climatology_municipal,8.764705882352942,2021-12
2313401,Tianguá,CE,2021,12,7.0,inpe_bdq_aqua_ref,climatology_municipal,12.764705882352942,2021-12
2300101,Abaiara,CE,2021,12,0.0,inpe_bdq_legacy,climatology_regional_intensity12,1.6426181714659427,2021-12
2300200,Acaraú,CE,2021,12,1.0,inpe_bdq_aqua_ref,climatology_regional_intensity12,29.373877889743916,2021-12
2301307,Araripe,CE,2021,12,3.0,inpe_bdq_legacy,climatology_regional_intensity12,5.247252492182873,2021-12
2301604,Assaré,CE,2021,12,1.0,inpe_bdq_legacy,climatology_regional_intensity12,4.197801993746298,2021-12
2301901,Barbalha,CE,2021,12,0.0,inpe_bdq_aqua_ref,climatology_regional_intensity12,1.962016149250987,2021-12
2302503,Brejo Santo,CE,2021,12,0.0,inpe_bdq_legacy,climatology_regional_intensity12,1.962016149250987,2021-12
2302701,Campos Sales,CE,2021,12,3.0,inpe_bdq_aqua_ref,climatology_regional_intensity12,1.0494504984365745,2021-12
2304103,Crateús,CE,2021,12,15.0,inpe_bdq_aqua_ref,climatology_regional_intensity12,22.513531408915565,2021-12
2304202,Crato,CE,2021,12,2.0,inpe_bdq_legacy,climatology_regional_intensity12,5.201624209642151,2021-12
2304400,Fortaleza,CE,2021,12,1.0,inpe_bdq_aqua_ref,climatology_regional_intensity12,0.10950787809772951,2021-12
2305100,Guaramiranga,CE,2021,12,0.0,inpe_bdq_aqua_ref,climatology_regional_intensity12,0.054753939048864754,2021-12
2305506,Iguatu,CE,2021,12,0.0,inpe_bdq_aqua_ref,climatology_regional_intensity12,3.381860941253411,2021-12
2306405,Itapipoca,CE,2021,12,20.0,inpe_bdq_aqua_ref,climatology_regional_intensity12,54.158087359215344,2021-12
2306900,Jaguaribe,CE,2021,12,0.0,inpe_bdq_aqua_ref,climatology_regional_intensity12,1.8841796672697577,2021-12
2307007,Jaguaruana,CE,2021,12,0.0,inpe_bdq_aqua_ref,climatology_regional_intensity12,0.568598597815134,2021-12
2307106,Jardim,CE,2021,12,2.0,inpe_bdq_legacy,climatology_regional_intensity12,3.0114666476875613,2021-12
2307205,Jati,CE,2021,12,5.0,inpe_bdq_legacy,climatology_regional_intensity12,0.5931676730293682,2021-12
2307304,Juazeiro do Norte,CE,2021,12,1.0,inpe_bdq_legacy,climatology_regional_intensity12,0.9753045393079035,2021-12
2308401,Missão Velha,CE,2021,12,4.0,inpe_bdq_legacy,climatology_regional_intensity12,6.022933295375123,2021-12
2308708,Morada Nova,CE,2021,12,0.0,inpe_bdq_aqua_ref,climatology_regional_intensity12,4.348106924468672,2021-12
2309201,Nova Olinda,CE,2021,12,0.0,inpe_bdq_legacy,climatology_regional_intensity12,2.5551838222803553,2021-12
2311108,Porteiras,CE,2021,12,0.0,inpe_bdq_legacy,climatology_regional_intensity12,1.7452818071825642,2021-12
2311207,Potengi,CE,2021,12,0.0,inpe_bdq_legacy,climatology_regional_intensity12,1.1407070635180157,2021-12
2311306,Quixadá,CE,2021,12,13.0,inpe_bdq_aqua_ref,climatology_regional_intensity12,10.870267311171679,2021-12
2311405,Quixeramobim,CE,2021,12,21.0,inpe_bdq_aqua_ref,climatology_regional_intensity12,26.281890743455083,2021-12
2311959,Salitre,CE,2021,12,2.0,inpe_bdq_legacy,climatology_regional_intensity12,2.92021008260612,2021-12
2312106,Santana do Cariri,CE,2021,12,0.0,inpe_bdq_legacy,climatology_regional_intensity12,8.988771660521964,2021-12
2312908,Sobral,CE,2021,12,6.0,inpe_bdq_aqua_ref,climatology_regional_intensity12,16.28124481717714,2021-12
2313302,Tauá,CE,2021,12,5.0,inpe_bdq_aqua_ref,climatology_regional_intensity12,7.198532574953691,2021-12
2313401,Tianguá,CE,2021,12,7.0,inpe_bdq_aqua_ref,climatology_regional_intensity12,10.483768917885577,2021-12
2300101,Abaiara,CE,2022,1,0.0,inpe_bdq_legacy,climatology_municipal,0.05555555555555555,2022-01
2300200,Acaraú,CE,2022,1,0.0,inpe_bdq_aqua_ref,climatology_municipal,5.611111111111111,2022-01
2301307,Araripe,CE,2022,1,0.0,inpe_bdq_legacy,climatology_municipal,1.4444444444444444,2022-01
2301604,Assaré,CE,2022,1,0.0,inpe_bdq_legacy,climatology_municipal,2.0555555555555554,2022-01
2301901,Barbalha,CE,2022,1,0.0,inpe_bdq_aqua_ref,climatology_municipal,0.4444444444444444,2022-01
2302503,Brejo Santo,CE,2022,1,0.0,inpe_bdq_legacy,climatology_municipal,0.3888888888888889,2022-01
2302701,Campos Sales,CE,2022,1,0.0,inpe_bdq_aqua_ref,climatology_municipal,0.3888888888888889,2022-01
2304103,Crateús,CE,2022,1,0.0,inpe_bdq_aqua_ref,climatology_municipal,3.7777777777777777,2022-01
2304202,Crato,CE,2022,1,0.0,inpe_bdq_legacy,climatology_municipal,0.8333333333333334,2022-01
2304400,Fortaleza,CE,2022,1,0.0,inpe_bdq_aqua_ref,climatology_municipal,0.1111111111111111,2022-01
2305100,Guaramiranga,CE,2022,1,0.0,inpe_bdq_aqua_ref,climatology_municipal,0.0,2022-01
2305506,Iguatu,CE,2022,1,0.0,inpe_bdq_aqua_ref,climatology_municipal,1.2222222222222223,2022-01
2306405,Itapipoca,CE,2022,1,3.0,inpe_bdq_aqua_ref,climatology_municipal,7.277777777777778,2022-01
2306900,Jaguaribe,CE,2022,1,1.0,inpe_bdq_aqua_ref,climatology_municipal,0.7777777777777778,2022-01
2307007,Jaguaruana,CE,2022,1,0.0,inpe_bdq_aqua_ref,climatology_municipal,0.6111111111111112,2022-01
2307106,Jardim,CE,2022,1,1.0,inpe_bdq_legacy,climatology_municipal,0.4444444444444444,2022-01
2307205,Jati,CE,2022,1,0.0,inpe_bdq_legacy,climatology_municipal,0.3888888888888889,2022-01
2307304,Juazeiro do Norte,CE,2022,1,0.0,inpe_bdq_legacy,climatology_municipal,0.16666666666666666,2022-01
2308401,Missão Velha,CE,2022,1,0.0,inpe_bdq_legacy,climatology_municipal,1.1666666666666667,2022-01
2308708,Morada Nova,CE,2022,1,0.0,inpe_bdq_aqua_ref,climatology_municipal,1.7777777777777777,2022-01
2309201,Nova Olinda,CE,2022,1,0.0,inpe_bdq_legacy,climatology_municipal,0.2777777777777778,2022-01
2310605,Penaforte,CE,2022,1,0.0,inpe_bdq_legacy,climatology_municipal,0.05555555555555555,2022-01
2311108,Porteiras,CE,2022,1,0.0,inpe_bdq_legacy,climatology_municipal,0.2222222222222222,2022-01
2311207,Potengi,CE,2022,1,0.0,inpe_bdq_legacy,climatology_municipal,0.7777777777777778,2022-01
2311306,Quixadá,CE,2022,1,0.0,inpe_bdq_aqua_ref,climatology_municipal,2.111111111111111,2022-01
2311405,Quixeramobim,CE,2022,1,1.0,inpe_bdq_aqua_ref,climatology_municipal,5.944444444444445,2022-01
2311959,Salitre,CE,2022,1,0.0,inpe_bdq_legacy,climatology_municipal,0.5555555555555556,2022-01
2312106,Santana do Cariri,CE,2022,1,0.0,inpe_bdq_legacy,climatology_municipal,3.7777777777777777,2022-01
2312908,Sobral,CE,2022,1,0.0,inpe_bdq_aqua_ref,climatology_municipal,2.388888888888889,2022-01
2313302,Tauá,CE,2022,1,2.0,inpe_bdq_aqua_ref,climatology_municipal,1.1111111111111112,2022-01
2313401,Tianguá,CE,2022,1,0.0,inpe_bdq_aqua_ref,climatology_municipal,0.7777777777777778,2022-01
2300101,Abaiara,CE,2022,1,0.0,inpe_bdq_legacy,climatology_regional_intensity12,0.04294008605866416,2022-01
2300200,Acaraú,CE,2022,1,0.0,inpe_bdq_aqua_ref,climatology_regional_intensity12,4.33694869192508,2022-01
2301307,Araripe,CE,2022,1,0.0,inpe_bdq_legacy,climatology_regional_intensity12,1.116442237525268,2022-01
2301604,Assaré,CE,2022,1,0.0,inpe_bdq_legacy,climatology_regional_intensity12,1.5887831841705737,2022-01
2301901,Barbalha,CE,2022,1,0.0,inpe_bdq_aqua_ref,climatology_regional_intensity12,0.3435206884693133,2022-01
2302503,Brejo Santo,CE,2022,1,0.0,inpe_bdq_legacy,climatology_regional_intensity12,0.30058060241064916,2022-01
2302701,Campos Sales,CE,2022,1,0.0,inpe_bdq_aqua_ref,climatology_regional_intensity12,0.30058060241064916,2022-01
2304103,Crateús,CE,2022,1,0.0,inpe_bdq_aqua_ref,climatology_regional_intensity12,2.919925851989163,2022-01
2304202,Crato,CE,2022,1,0.0,inpe_bdq_legacy,climatology_regional_intensity12,0.6441012908799625,2022-01
2304400,Fortaleza,CE,2022,1,0.0,inpe_bdq_aqua_ref,climatology_regional_intensity12,0.08588017211732832,2022-01
2305100,Guaramiranga,CE,2022,1,0.0,inpe_bdq_aqua_ref,climatology_regional_intensity12,0.0,2022-01
2305506,Iguatu,CE,2022,1,0.0,inpe_bdq_aqua_ref,climatology_regional_intensity12,0.9446818932906116,2022-01
2306405,Itapipoca,CE,2022,1,3.0,inpe_bdq_aqua_ref,climatology_regional_intensity12,5.625151273685005,2022-01
2306900,Jaguaribe,CE,2022,1,1.0,inpe_bdq_aqua_ref,climatology_regional_intensity12,0.6011612048212983,2022-01
2307007,Jaguaruana,CE,2022,1,0.0,inpe_bdq_aqua_ref,climatology_regional_intensity12,0.4723409466453058,2022-01
2307106,Jardim,CE,2022,1,1.0,inpe_bdq_legacy,climatology_regional_intensity12,0.3435206884693133,2022-01
2307205,Jati,CE,2022,1,0.0,inpe_bdq_legacy,climatology_regional_intensity12,0.30058060241064916,2022-01
2307304,Juazeiro do Norte,CE,2022,1,0.0,inpe_bdq_legacy,climatology_regional_intensity12,0.12882025817599246,2022-01
2308401,Missão Velha,CE,2022,1,0.0,inpe_bdq_legacy,climatology_regional_intensity12,0.9017418072319474,2022-01
2308708,Morada Nova,CE,2022,1,0.0,inpe_bdq_aqua_ref,climatology_regional_intensity12,1.374082753877253,2022-01
2309201,Nova Olinda,CE,2022,1,0.0,inpe_bdq_legacy,climatology_regional_intensity12,0.2147004302933208,2022-01
2310605,Penaforte,CE,2022,1,0.0,inpe_bdq_legacy,climatology_regional_intensity12,0.04294008605866416,2022-01
2311108,Porteiras,CE,2022,1,0.0,inpe_bdq_legacy,climatology_regional_intensity12,0.17176034423465664,2022-01
2311207,Potengi,CE,2022,1,0.0,inpe_bdq_legacy,climatology_regional_intensity12,0.6011612048212983,2022-01
2311306,Quixadá,CE,2022,1,0.0,inpe_bdq_aqua_ref,climatology_regional_intensity12,1.6317232702292381,2022-01
2311405,Quixeramobim,CE,2022,1,1.0,inpe_bdq_aqua_ref,climatology_regional_intensity12,4.594589208277065,2022-01
2311959,Salitre,CE,2022,1,0.0,inpe_bdq_legacy,climatology_regional_intensity12,0.4294008605866416,2022-01
2312106,Santana do Cariri,CE,2022,1,0.0,inpe_bdq_legacy,climatology_regional_intensity12,2.919925851989163,2022-01
2312908,Sobral,CE,2022,1,0.0,inpe_bdq_aqua_ref,climatology_regional_intensity12,1.8464237005225588,2022-01
2313302,Tauá,CE,2022,1,2.0,inpe_bdq_aqua_ref,climatology_regional_intensity12,0.8588017211732832,2022-01
2313401,Tianguá,CE,2022,1,0.0,inpe_bdq_aqua_ref,climatology_regional_intensity12,0.6011612048212983,2022-01
2300101,Abaiara,CE,2022,2,0.0,inpe_bdq_legacy,climatology_municipal,0.0,2022-02
2300200,Acaraú,CE,2022,2,1.0,inpe_bdq_aqua_ref,climatology_municipal,0.6111111111111112,2022-02
2301307,Araripe,CE,2022,2,0.0,inpe_bdq_legacy,climatology_municipal,0.1111111111111111,2022-02
2301604,Assaré,CE,2022,2,0.0,inpe_bdq_legacy,climatology_municipal,0.2777777777777778,2022-02
2301901,Barbalha,CE,2022,2,0.0,inpe_bdq_aqua_ref,climatology_municipal,0.16666666666666666,2022-02
2302503,Brejo Santo,CE,2022,2,0.0,inpe_bdq_legacy,climatology_municipal,0.05555555555555555,2022-02
2302701,Campos Sales,CE,2022,2,0.0,inpe_bdq_aqua_ref,climatology_municipal,0.05555555555555555,2022-02
2304103,Crateús,CE,2022,2,0.0,inpe_bdq_aqua_ref,climatology_municipal,0.16666666666666666,2022-02
2304202,Crato,CE,2022,2,0.0,inpe_bdq_legacy,climatology_municipal,0.2777777777777778,2022-02
2304400,Fortaleza,CE,2022,2,0.0,inpe_bdq_aqua_ref,climatology_municipal,0.1111111111111111,2022-02
2305100,Guaramiranga,CE,2022,2,0.0,inpe_bdq_aqua_ref,climatology_municipal,0.0,2022-02
2305506,Iguatu,CE,2022,2,0.0,inpe_bdq_aqua_ref,climatology_municipal,0.1111111111111111,2022-02
2306405,Itapipoca,CE,2022,2,0.0,inpe_bdq_aqua_ref,climatology_municipal,0.2222222222222222,2022-02
2306900,Jaguaribe,CE,2022,2,0.0,inpe_bdq_aqua_ref,climatology_municipal,0.2222222222222222,2022-02
2307007,Jaguaruana,CE,2022,2,0.0,inpe_bdq_aqua_ref,climatology_municipal,0.2777777777777778,2022-02
2307106,Jardim,CE,2022,2,0.0,inpe_bdq_legacy,climatology_municipal,0.1111111111111111,2022-02
2307205,Jati,CE,2022,2,0.0,inpe_bdq_legacy,climatology_municipal,0.16666666666666666,2022-02
2307304,Juazeiro do Norte,CE,2022,2,0.0,inpe_bdq_legacy,climatology_municipal,0.0,2022-02
2308401,Missão Velha,CE,2022,2,0.0,inpe_bdq_legacy,climatology_municipal,0.1111111111111111,2022-02
2308708,Morada Nova,CE,2022,2,0.0,inpe_bdq_aqua_ref,climatology_municipal,0.6111111111111112,2022-02
2309201,Nova Olinda,CE,2022,2,0.0,inpe_bdq_legacy,climatology_municipal,0.0,2022-02
2310605,Penaforte,CE,2022,2,0.0,inpe_bdq_legacy,climatology_municipal,0.1111111111111111,2022-02
2311108,Porteiras,CE,2022,2,0.0,inpe_bdq_legacy,climatology_municipal,0.1111111111111111,2022-02
2311207,Potengi,CE,2022,2,0.0,inpe_bdq_legacy,climatology_municipal,0.3333333333333333,2022-02
2311306,Quixadá,CE,2022,2,0.0,inpe_bdq_aqua_ref,climatology_municipal,0.2222222222222222,2022-02
2311405,Quixeramobim,CE,2022,2,0.0,inpe_bdq_aqua_ref,climatology_municipal,1.1666666666666667,2022-02
2311959,Salitre,CE,2022,2,0.0,inpe_bdq_legacy,climatology_municipal,0.05555555555555555,2022-02
2312106,Santana do Cariri,CE,2022,2,0.0,inpe_bdq_legacy,climatology_municipal,0.2777777777777778,2022-02
2312908,Sobral,CE,2022,2,0.0,inpe_bdq_aqua_ref,climatology_municipal,0.16666666666666666,2022-02
2313302,Tauá,CE,2022,2,0.0,inpe_bdq_aqua_ref,climatology_municipal,0.2777777777777778,2022-02
2313401,Tianguá,CE,2022,2,0.0,inpe_bdq_aqua_ref,climatology_municipal,0.2222222222222222,2022-02
2300101,Abaiara,CE,2022,2,0.0,inpe_bdq_legacy,climatology_regional_intensity12,0.0,2022-02
2300200,Acaraú,CE,2022,2,1.0,inpe_bdq_aqua_ref,climatology_regional_intensity12,0.4541222494610774,2022-02
2301307,Araripe,CE,2022,2,0.0,inpe_bdq_legacy,climatology_regional_intensity12,0.08256768172019588,2022-02
2301604,Assaré,CE,2022,2,0.0,inpe_bdq_legacy,climatology_regional_intensity12,0.2064192043004897,2022-02
2301901,Barbalha,CE,2022,2,0.0,inpe_bdq_aqua_ref,climatology_regional_intensity12,0.12385152258029382,2022-02
2302503,Brejo Santo,CE,2022,2,0.0,inpe_bdq_legacy,climatology_regional_intensity12,0.04128384086009794,2022-02
2302701,Campos Sales,CE,2022,2,0.0,inpe_bdq_aqua_ref,climatology_regional_intensity12,0.04128384086009794,2022-02
2304103,Crateús,CE,2022,2,0.0,inpe_bdq_aqua_ref,climatology_regional_intensity12,0.12385152258029382,2022-02
2304202,Crato,CE,2022,2,0.0,inpe_bdq_legacy,climatology_regional_intensity12,0.2064192043004897,2022-02
2304400,Fortaleza,CE,2022,2,0.0,inpe_bdq_aqua_ref,climatology_regional_intensity12,0.08256768172019588,2022-02
2305100,Guaramiranga,CE,2022,2,0.0,inpe_bdq_aqua_ref,climatology_regional_intensity12,0.0,2022-02
2305506,Iguatu,CE,2022,2,0.0,inpe_bdq_aqua_ref,climatology_regional_intensity12,0.08256768172019588,2022-02
2306405,Itapipoca,CE,2022,2,0.0,inpe_bdq_aqua_ref,climatology_regional_intensity12,0.16513536344039176,2022-02
2306900,Jaguaribe,CE,2022,2,0.0,inpe_bdq_aqua_ref,climatology_regional_intensity12,0.16513536344039176,2022-02
2307007,Jaguaruana,CE,2022,2,0.0,inpe_bdq_aqua_ref,climatology_regional_intensity12,0.2064192043004897,2022-02
2307106,Jardim,CE,2022,2,0.0,inpe_bdq_legacy,climatology_regional_intensity12,0.08256768172019588,2022-02
2307205,Jati,CE,2022,2,0.0,inpe_bdq_legacy,climatology_regional_intensity12,0.12385152258029382,2022-02
2307304,Juazeiro do Norte,CE,2022,2,0.0,inpe_bdq_legacy,climatology_regional_intensity12,0.0,2022-02
2308401,Missão Velha,CE,2022,2,0.0,inpe_bdq_legacy,climatology_regional_intensity12,0.08256768172019588,2022-02
2308708,Morada Nova,CE,2022,2,0.0,inpe_bdq_aqua_ref,climatology_regional_intensity12,0.4541222494610774,2022-02
2309201,Nova Olinda,CE,2022,2,0.0,inpe_bdq_legacy,climatology_regional_intensity12,0.0,2022-02
2310605,Penaforte,CE,2022,2,0.0,inpe_bdq_legacy,climatology_regional_intensity12,0.08256768172019588,2022-02
2311108,Porteiras,CE,2022,2,0.0,inpe_bdq_legacy,climatology_regional_intensity12,0.08256768172019588,2022-02
2311207,Potengi,CE,2022,2,0.0,inpe_bdq_legacy,climatology_regional_intensity12,0.24770304516058764,2022-02
2311306,Quixadá,CE,2022,2,0.0,inpe_bdq_aqua_ref,climatology_regional_intensity12,0.16513536344039176,2022-02
2311405,Quixeramobim,CE,2022,2,0.0,inpe_bdq_aqua_ref,climatology_regional_intensity12,0.8669606580620568,2022-02
2311959,Salitre,CE,2022,2,0.0,inpe_bdq_legacy,climatology_regional_intensity12,0.04128384086009794,2022-02
2312106,Santana do Cariri,CE,2022,2,0.0,inpe_bdq_legacy,climatology_regional_intensity12,0.2064192043004897,2022-02
2312908,Sobral,CE,2022,2,0.0,inpe_bdq_aqua_ref,climatology_regional_intensity12,0.12385152258029382,2022-02
2313302,Tauá,CE,2022,2,0.0,inpe_bdq_aqua_ref,climatology_regional_intensity12,0.2064192043004897,2022-02
2313401,Tianguá,CE,2022,2,0.0,inpe_bdq_aqua_ref,climatology_regional_intensity12,0.16513536344039176,2022-02
2300101,Abaiara,CE,2022,3,0.0,inpe_bdq_legacy,climatology_municipal,0.0,2022-03
2300200,Acaraú,CE,2022,3,0.0,inpe_bdq_aqua_ref,climatology_municipal,0.6111111111111112,2022-03
2301307,Araripe,CE,2022,3,0.0,inpe_bdq_legacy,climatology_municipal,0.0,2022-03
2301604,Assaré,CE,2022,3,0.0,inpe_bdq_legacy,climatology_municipal,0.0,2022-03
2301901,Barbalha,CE,2022,3,0.0,inpe_bdq_aqua_ref,climatology_municipal,0.0,2022-03
2302503,Brejo Santo,CE,2022,3,0.0,inpe_bdq_legacy,climatology_municipal,0.0,2022-03
2302701,Campos Sales,CE,2022,3,0.0,inpe_bdq_aqua_ref,climatology_municipal,0.0,2022-03
2304103,Crateús,CE,2022,3,0.0,inpe_bdq_aqua_ref,climatology_municipal,0.1111111111111111,2022-03
2304202,Crato,CE,2022,3,0.0,inpe_bdq_legacy,climatology_municipal,0.1111111111111111,2022-03
2304400,Fortaleza,CE,2022,3,0.0,inpe_bdq_aqua_ref,climatology_municipal,0.0,2022-03
2305100,Guaramiranga,CE,2022,3,0.0,inpe_bdq_aqua_ref,climatology_municipal,0.0,2022-03
2305506,Iguatu,CE,2022,3,0.0,inpe_bdq_aqua_ref,climatology_municipal,0.2222222222222222,2022-03
2306405,Itapipoca,CE,2022,3,0.0,inpe_bdq_aqua_ref,climatology_municipal,0.05555555555555555,2022-03
2306900,Jaguaribe,CE,2022,3,0.0,inpe_bdq_aqua_ref,climatology_municipal,0.05555555555555555,2022-03
2307007,Jaguaruana,CE,2022,3,0.0,inpe_bdq_aqua_ref,climatology_municipal,0.05555555555555555,2022-03
2307106,Jardim,CE,2022,3,0.0,inpe_bdq_legacy,climatology_municipal,0.05555555555555555,2022-03
2307205,Jati,CE,2022,3,0.0,inpe_bdq_legacy,climatology_municipal,0.0,2022-03
2307304,Juazeiro do Norte,CE,2022,3,0.0,inpe_bdq_legacy,climatology_municipal,0.1111111111111111,2022-03
2308401,Missão Velha,CE,2022,3,0.0,inpe_bdq_legacy,climatology_municipal,0.3333333333333333,2022-03
2308708,Morada Nova,CE,2022,3,0.0,inpe_bdq_aqua_ref,climatology_municipal,0.1111111111111111,2022-03
2309201,Nova Olinda,CE,2022,3,0.0,inpe_bdq_legacy,climatology_municipal,0.0,2022-03
2310605,Penaforte,CE,2022,3,0.0,inpe_bdq_legacy,climatology_municipal,0.0,2022-03
2311108,Porteiras,CE,2022,3,0.0,inpe_bdq_legacy,climatology_municipal,0.0,2022-03
2311207,Potengi,CE,2022,3,0.0,inpe_bdq_legacy,climatology_municipal,0.0,2022-03
2311306,Quixadá,CE,2022,3,0.0,inpe_bdq_aqua_ref,climatology_municipal,0.1111111111111111,2022-03
2311405,Quixeramobim,CE,2022,3,2.0,inpe_bdq_aqua_ref,climatology_municipal,0.2777777777777778,2022-03
2311959,Salitre,CE,2022,3,0.0,inpe_bdq_legacy,climatology_municipal,0.05555555555555555,2022-03
2312106,Santana do Cariri,CE,2022,3,0.0,inpe_bdq_legacy,climatology_municipal,0.0,2022-03
2312908,Sobral,CE,2022,3,0.0,inpe_bdq_aqua_ref,climatology_municipal,0.05555555555555555,2022-03
2313302,Tauá,CE,2022,3,0.0,inpe_bdq_aqua_ref,climatology_municipal,0.0,2022-03
2313401,Tianguá,CE,2022,3,0.0,inpe_bdq_aqua_ref,climatology_municipal,0.0,2022-03
2300101,Abaiara,CE,2022,3,0.0,inpe_bdq_legacy,climatology_regional_intensity12,0.0,2022-03
2300200,Acaraú,CE,2022,3,0.0,inpe_bdq_aqua_ref,climatology_regional_intensity12,0.4441262912690826,2022-03
2301307,Araripe,CE,2022,3,0.0,inpe_bdq_legacy,climatology_regional_intensity12,0.0,2022-03
2301604,Assaré,CE,2022,3,0.0,inpe_bdq_legacy,climatology_regional_intensity12,0.0,2022-03
2301901,Barbalha,CE,2022,3,0.0,inpe_bdq_aqua_ref,climatology_regional_intensity12,0.0,2022-03
2302503,Brejo Santo,CE,2022,3,0.0,inpe_bdq_legacy,climatology_regional_intensity12,0.0,2022-03
2302701,Campos Sales,CE,2022,3,0.0,inpe_bdq_aqua_ref,climatology_regional_intensity12,0.0,2022-03
2304103,Crateús,CE,2022,3,0.0,inpe_bdq_aqua_ref,climatology_regional_intensity12,0.08075023477619682,2022-03
2304202,Crato,CE,2022,3,0.0,inpe_bdq_legacy,climatology_regional_intensity12,0.08075023477619682,2022-03
2304400,Fortaleza,CE,2022,3,0.0,inpe_bdq_aqua_ref,climatology_regional_intensity12,0.0,2022-03
2305100,Guaramiranga,CE,2022,3,0.0,inpe_bdq_aqua_ref,climatology_regional_intensity12,0.0,2022-03
2305506,Iguatu,CE,2022,3,0.0,inpe_bdq_aqua_ref,climatology_regional_intensity12,0.16150046955239364,2022-03
2306405,Itapipoca,CE,2022,3,0.0,inpe_bdq_aqua_ref,climatology_regional_intensity12,0.04037511738809841,2022-03
2306900,Jaguaribe,CE,2022,3,0.0,inpe_bdq_aqua_ref,climatology_regional_intensity12,0.04037511738809841,2022-03
2307007,Jaguaruana,CE,2022,3,0.0,inpe_bdq_aqua_ref,climatology_regional_intensity12,0.04037511738809841,2022-03
2307106,Jardim,CE,2022,3,0.0,inpe_bdq_legacy,climatology_regional_intensity12,0.04037511738809841,2022-03
2307205,Jati,CE,2022,3,0.0,inpe_bdq_legacy,climatology_regional_intensity12,0.0,2022-03
2307304,Juazeiro do Norte,CE,2022,3,0.0,inpe_bdq_legacy,climatology_regional_intensity12,0.08075023477619682,2022-03
2308401,Missão Velha,CE,2022,3,0.0,inpe_bdq_legacy,climatology_regional_intensity12,0.24225070432859047,2022-03
2308708,Morada Nova,CE,2022,3,0.0,inpe_bdq_aqua_ref,climatology_regional_intensity12,0.08075023477619682,2022-03
2309201,Nova Olinda,CE,2022,3,0.0,inpe_bdq_legacy,climatology_regional_intensity12,0.0,2022-03
2310605,Penaforte,CE,2022,3,0.0,inpe_bdq_legacy,climatology_regional_intensity12,0.0,2022-03
2311108,Porteiras,CE,2022,3,0.0,inpe_bdq_legacy,climatology_regional_intensity12,0.0,2022-03
2311207,Potengi,CE,2022,3,0.0,inpe_bdq_legacy,climatology_regional_intensity12,0.0,2022-03
2311306,Quixadá,CE,2022,3,0.0,inpe_bdq_aqua_ref,climatology_regional_intensity12,0.08075023477619682,2022-03
2311405,Quixeramobim,CE,2022,3,2.0,inpe_bdq_aqua_ref,climatology_regional_intensity12,0.2018755869404921,2022-03
2311959,Salitre,CE,2022,3,0.0,inpe_bdq_legacy,climatology_regional_intensity12,0.04037511738809841,2022-03
2312106,Santana do Cariri,CE,2022,3,0.0,inpe_bdq_legacy,climatology_regional_intensity12,0.0,2022-03
2312908,Sobral,CE,2022,3,0.0,inpe_bdq_aqua_ref,climatology_regional_intensity12,0.04037511738809841,2022-03
2313302,Tauá,CE,2022,3,0.0,inpe_bdq_aqua_ref,climatology_regional_intensity12,0.0,2022-03
2313401,Tianguá,CE,2022,3,0.0,inpe_bdq_aqua_ref,climatology_regional_intensity12,0.0,2022-03
2300101,Abaiara,CE,2022,4,0.0,inpe_bdq_legacy,climatology_municipal,0.0,2022-04
2300200,Acaraú,CE,2022,4,0.0,inpe_bdq_aqua_ref,climatology_municipal,0.0,2022-04
2301307,Araripe,CE,2022,4,0.0,inpe_bdq_legacy,climatology_municipal,0.0,2022-04
2301604,Assaré,CE,2022,4,0.0,inpe_bdq_legacy,climatology_municipal,0.0,2022-04
2301901,Barbalha,CE,2022,4,0.0,inpe_bdq_aqua_ref,climatology_municipal,0.0,2022-04
2302503,Brejo Santo,CE,2022,4,0.0,inpe_bdq_legacy,climatology_municipal,0.0,2022-04
2302701,Campos Sales,CE,2022,4,0.0,inpe_bdq_aqua_ref,climatology_municipal,0.0,2022-04
2304103,Crateús,CE,2022,4,0.0,inpe_bdq_aqua_ref,climatology_municipal,0.1111111111111111,2022-04
2304202,Crato,CE,2022,4,0.0,inpe_bdq_legacy,climatology_municipal,0.0,2022-04
2304400,Fortaleza,CE,2022,4,0.0,inpe_bdq_aqua_ref,climatology_municipal,0.0,2022-04
2305100,Guaramiranga,CE,2022,4,0.0,inpe_bdq_aqua_ref,climatology_municipal,0.0,2022-04
2305506,Iguatu,CE,2022,4,0.0,inpe_bdq_aqua_ref,climatology_municipal,0.05555555555555555,2022-04
2306405,Itapipoca,CE,2022,4,0.0,inpe_bdq_aqua_ref,climatology_municipal,0.0,2022-04
2306900,Jaguaribe,CE,2022,4,0.0,inpe_bdq_aqua_ref,climatology_municipal,0.1111111111111111,2022-04
2307007,Jaguaruana,CE,2022,4,0.0,inpe_bdq_aqua_ref,climatology_municipal,0.0,2022-04
2307106,Jardim,CE,2022,4,0.0,inpe_bdq_legacy,climatology_municipal,0.0,2022-04
2307205,Jati,CE,2022,4,0.0,inpe_bdq_legacy,climatology_municipal,0.0,2022-04
2307304,Juazeiro do Norte,CE,2022,4,0.0,inpe_bdq_legacy,climatology_municipal,0.0,2022-04
2308401,Missão Velha,CE,2022,4,0.0,inpe_bdq_legacy,climatology_municipal,0.2222222222222222,2022-04
2308708,Morada Nova,CE,2022,4,0.0,inpe_bdq_aqua_ref,climatology_municipal,0.05555555555555555,2022-04
2309201,Nova Olinda,CE,2022,4,0.0,inpe_bdq_legacy,climatology_municipal,0.0,2022-04
2310605,Penaforte,CE,2022,4,0.0,inpe_bdq_legacy,climatology_municipal,0.0,2022-04
2311108,Porteiras,CE,2022,4,0.0,inpe_bdq_legacy,climatology_municipal,0.0,2022-04
2311207,Potengi,CE,2022,4,0.0,inpe_bdq_legacy,climatology_municipal,0.0,2022-04
2311306,Quixadá,CE,2022,4,0.0,inpe_bdq_aqua_ref,climatology_municipal,0.1111111111111111,2022-04
2311405,Quixeramobim,CE,2022,4,0.0,inpe_bdq_aqua_ref,climatology_municipal,0.05555555555555555,2022-04
2311959,Salitre,CE,2022,4,0.0,inpe_bdq_legacy,climatology_municipal,0.05555555555555555,2022-04
2312106,Santana do Cariri,CE,2022,4,0.0,inpe_bdq_legacy,climatology_municipal,0.0,2022-04
2312908,Sobral,CE,2022,4,0.0,inpe_bdq_aqua_ref,climatology_municipal,0.0,2022-04
2313302,Tauá,CE,2022,4,0.0,inpe_bdq_aqua_ref,climatology_municipal,0.05555555555555555,2022-04
2313401,Tianguá,CE,2022,4,0.0,inpe_bdq_aqua_ref,climatology_municipal,0.0,2022-04
2300101,Abaiara,CE,2022,4,0.0,inpe_bdq_legacy,climatology_regional_intensity12,0.0,2022-04
2300200,Acaraú,CE,2022,4,0.0,inpe_bdq_aqua_ref,climatology_regional_intensity12,0.0,2022-04
2301307,Araripe,CE,2022,4,0.0,inpe_bdq_legacy,climatology_regional_intensity12,0.0,2022-04
2301604,Assaré,CE,2022,4,0.0,inpe_bdq_legacy,climatology_regional_intensity12,0.0,2022-04
2301901,Barbalha,CE,2022,4,0.0,inpe_bdq_aqua_ref,climatology_regional_intensity12,0.0,2022-04
2302503,Brejo Santo,CE,2022,4,0.0,inpe_bdq_legacy,climatology_regional_intensity12,0.0,2022-04
2302701,Campos Sales,CE,2022,4,0.0,inpe_bdq_aqua_ref,climatology_regional_intensity12,0.0,2022-04
2304103,Crateús,CE,2022,4,0.0,inpe_bdq_aqua_ref,climatology_regional_intensity12,0.08085375518525006,2022-04
2304202,Crato,CE,2022,4,0.0,inpe_bdq_legacy,climatology_regional_intensity12,0.0,2022-04
2304400,Fortaleza,CE,2022,4,0.0,inpe_bdq_aqua_ref,climatology_regional_intensity12,0.0,2022-04
2305100,Guaramiranga,CE,2022,4,0.0,inpe_bdq_aqua_ref,climatology_regional_intensity12,0.0,2022-04
2305506,Iguatu,CE,2022,4,0.0,inpe_bdq_aqua_ref,climatology_regional_intensity12,0.04042687759262503,2022-04
2306405,Itapipoca,CE,2022,4,0.0,inpe_bdq_aqua_ref,climatology_regional_intensity12,0.0,2022-04
2306900,Jaguaribe,CE,2022,4,0.0,inpe_bdq_aqua_ref,climatology_regional_intensity12,0.08085375518525006,2022-04
2307007,Jaguaruana,CE,2022,4,0.0,inpe_bdq_aqua_ref,climatology_regional_intensity12,0.0,2022-04
2307106,Jardim,CE,2022,4,0.0,inpe_bdq_legacy,climatology_regional_intensity12,0.0,2022-04
2307205,Jati,CE,2022,4,0.0,inpe_bdq_legacy,climatology_regional_intensity12,0.0,2022-04
2307304,Juazeiro do Norte,CE,2022,4,0.0,inpe_bdq_legacy,climatology_regional_intensity12,0.0,2022-04
2308401,Missão Velha,CE,2022,4,0.0,inpe_bdq_legacy,climatology_regional_intensity12,0.16170751037050013,2022-04
2308708,Morada Nova,CE,2022,4,0.0,inpe_bdq_aqua_ref,climatology_regional_intensity12,0.04042687759262503,2022-04
2309201,Nova Olinda,CE,2022,4,0.0,inpe_bdq_legacy,climatology_regional_intensity12,0.0,2022-04
2310605,Penaforte,CE,2022,4,0.0,inpe_bdq_legacy,climatology_regional_intensity12,0.0,2022-04
2311108,Porteiras,CE,2022,4,0.0,inpe_bdq_legacy,climatology_regional_intensity12,0.0,2022-04
2311207,Potengi,CE,2022,4,0.0,inpe_bdq_legacy,climatology_regional_intensity12,0.0,2022-04
2311306,Quixadá,CE,2022,4,0.0,inpe_bdq_aqua_ref,climatology_regional_intensity12,0.08085375518525006,2022-04
2311405,Quixeramobim,CE,2022,4,0.0,inpe_bdq_aqua_ref,climatology_regional_intensity12,0.04042687759262503,2022-04
2311959,Salitre,CE,2022,4,0.0,inpe_bdq_legacy,climatology_regional_intensity12,0.04042687759262503,2022-04
2312106,Santana do Cariri,CE,2022,4,0.0,inpe_bdq_legacy,climatology_regional_intensity12,0.0,2022-04
2312908,Sobral,CE,2022,4,0.0,inpe_bdq_aqua_ref,climatology_regional_intensity12,0.0,2022-04
2313302,Tauá,CE,2022,4,0.0,inpe_bdq_aqua_ref,climatology_regional_intensity12,0.04042687759262503,2022-04
2313401,Tianguá,CE,2022,4,0.0,inpe_bdq_aqua_ref,climatology_regional_intensity12,0.0,2022-04
2300101,Abaiara,CE,2022,5,0.0,inpe_bdq_legacy,climatology_municipal,0.05555555555555555,2022-05
2300200,Acaraú,CE,2022,5,0.0,inpe_bdq_aqua_ref,climatology_municipal,0.1111111111111111,2022-05
2301307,Araripe,CE,2022,5,0.0,inpe_bdq_legacy,climatology_municipal,0.2777777777777778,2022-05
2301604,Assaré,CE,2022,5,0.0,inpe_bdq_legacy,climatology_municipal,0.0,2022-05
2301901,Barbalha,CE,2022,5,0.0,inpe_bdq_aqua_ref,climatology_municipal,0.0,2022-05
2302503,Brejo Santo,CE,2022,5,1.0,inpe_bdq_legacy,climatology_municipal,0.05555555555555555,2022-05
2302701,Campos Sales,CE,2022,5,0.0,inpe_bdq_aqua_ref,climatology_municipal,0.0,2022-05
2304103,Crateús,CE,2022,5,0.0,inpe_bdq_aqua_ref,climatology_municipal,0.0,2022-05
2304202,Crato,CE,2022,5,0.0,inpe_bdq_legacy,climatology_municipal,0.05555555555555555,2022-05
2304400,Fortaleza,CE,2022,5,0.0,inpe_bdq_aqua_ref,climatology_municipal,0.0,2022-05
2305100,Guaramiranga,CE,2022,5,0.0,inpe_bdq_aqua_ref,climatology_municipal,0.0,2022-05
2305506,Iguatu,CE,2022,5,0.0,inpe_bdq_aqua_ref,climatology_municipal,0.0,2022-05
2306405,Itapipoca,CE,2022,5,0.0,inpe_bdq_aqua_ref,climatology_municipal,0.1111111111111111,2022-05
2306900,Jaguaribe,CE,2022,5,0.0,inpe_bdq_aqua_ref,climatology_municipal,0.0,2022-05
2307007,Jaguaruana,CE,2022,5,0.0,inpe_bdq_aqua_ref,climatology_municipal,0.05555555555555555,2022-05
2307106,Jardim,CE,2022,5,0.0,inpe_bdq_legacy,climatology_municipal,0.16666666666666666,2022-05
2307205,Jati,CE,2022,5,0.0,inpe_bdq_legacy,climatology_municipal,0.0,2022-05
2307304,Juazeiro do Norte,CE,2022,5,1.0,inpe_bdq_legacy,climatology_municipal,0.0,2022-05
2308401,Missão Velha,CE,2022,5,0.0,inpe_bdq_legacy,climatology_municipal,0.0,2022-05
2308708,Morada Nova,CE,2022,5,0.0,inpe_bdq_aqua_ref,climatology_municipal,0.2222222222222222,2022-05
2309201,Nova Olinda,CE,2022,5,0.0,inpe_bdq_legacy,climatology_municipal,0.16666666666666666,2022-05
2310605,Penaforte,CE,2022,5,0.0,inpe_bdq_legacy,climatology_municipal,0.0,2022-05
2311108,Porteiras,CE,2022,5,0.0,inpe_bdq_legacy,climatology_municipal,0.05555555555555555,2022-05
2311207,Potengi,CE,2022,5,0.0,inpe_bdq_legacy,climatology_municipal,0.05555555555555555,2022-05
2311306,Quixadá,CE,2022,5,0.0,inpe_bdq_aqua_ref,climatology_municipal,0.16666666666666666,2022-05
2311405,Quixeramobim,CE,2022,5,0.0,inpe_bdq_aqua_ref,climatology_municipal,0.0,2022-05
2311959,Salitre,CE,2022,5,0.0,inpe_bdq_legacy,climatology_municipal,0.05555555555555555,2022-05
2312106,Santana do Cariri,CE,2022,5,0.0,inpe_bdq_legacy,climatology_municipal,0.0,2022-05
2312908,Sobral,CE,2022,5,0.0,inpe_bdq_aqua_ref,climatology_municipal,0.0,2022-05
2313302,Tauá,CE,2022,5,0.0,inpe_bdq_aqua_ref,climatology_municipal,0.1111111111111111,2022-05
2313401,Tianguá,CE,2022,5,0.0,inpe_bdq_aqua_ref,climatology_municipal,0.05555555555555555,2022-05
2300101,Abaiara,CE,2022,5,0.0,inpe_bdq_legacy,climatology_regional_intensity12,0.040428508837263406,2022-05
2300200,Acaraú,CE,2022,5,0.0,inpe_bdq_aqua_ref,climatology_regional_intensity12,0.08085701767452681,2022-05
2301307,Araripe,CE,2022,5,0.0,inpe_bdq_legacy,climatology_regional_intensity12,0.20214254418631708,2022-05
2301604,Assaré,CE,2022,5,0.0,inpe_bdq_legacy,climatology_regional_intensity12,0.0,2022-05
2301901,Barbalha,CE,2022,5,0.0,inpe_bdq_aqua_ref,climatology_regional_intensity12,0.0,2022-05
2302503,Brejo Santo,CE,2022,5,1.0,inpe_bdq_legacy,climatology_regional_intensity12,0.040428508837263406,2022-05
2302701,Campos Sales,CE,2022,5,0.0,inpe_bdq_aqua_ref,climatology_regional_intensity12,0.0,2022-05
2304103,Crateús,CE,2022,5,0.0,inpe_bdq_aqua_ref,climatology_regional_intensity12,0.0,2022-05
2304202,Crato,CE,2022,5,0.0,inpe_bdq_legacy,climatology_regional_intensity12,0.040428508837263406,2022-05
2304400,Fortaleza,CE,2022,5,0.0,inpe_bdq_aqua_ref,climatology_regional_intensity12,0.0,2022-05
2305100,Guaramiranga,CE,2022,5,0.0,inpe_bdq_aqua_ref,climatology_regional_intensity12,0.0,2022-05
2305506,Iguatu,CE,2022,5,0.0,inpe_bdq_aqua_ref,climatology_regional_intensity12,0.0,2022-05
2306405,Itapipoca,CE,2022,5,0.0,inpe_bdq_aqua_ref,climatology_regional_intensity12,0.08085701767452681,2022-05
2306900,Jaguaribe,CE,2022,5,0.0,inpe_bdq_aqua_ref,climatology_regional_intensity12,0.0,2022-05
2307007,Jaguaruana,CE,2022,5,0.0,inpe_bdq_aqua_ref,climatology_regional_intensity12,0.040428508837263406,2022-05
2307106,Jardim,CE,2022,5,0.0,inpe_bdq_legacy,climatology_regional_intensity12,0.12128552651179023,2022-05
2307205,Jati,CE,2022,5,0.0,inpe_bdq_legacy,climatology_regional_intensity12,0.0,2022-05
2307304,Juazeiro do Norte,CE,2022,5,1.0,inpe_bdq_legacy,climatology_regional_intensity12,0.0,2022-05
2308401,Missão Velha,CE,2022,5,0.0,inpe_bdq_legacy,climatology_regional_intensity12,0.0,2022-05
2308708,Morada Nova,CE,2022,5,0.0,inpe_bdq_aqua_ref,climatology_regional_intensity12,0.16171403534905363,2022-05
2309201,Nova Olinda,CE,2022,5,0.0,inpe_bdq_legacy,climatology_regional_intensity12,0.12128552651179023,2022-05
2310605,Penaforte,CE,2022,5,0.0,inpe_bdq_legacy,climatology_regional_intensity12,0.0,2022-05
2311108,Porteiras,CE,2022,5,0.0,inpe_bdq_legacy,climatology_regional_intensity12,0.040428508837263406,2022-05
2311207,Potengi,CE,2022,5,0.0,inpe_bdq_legacy,climatology_regional_intensity12,0.040428508837263406,2022-05
2311306,Quixadá,CE,2022,5,0.0,inpe_bdq_aqua_ref,climatology_regional_intensity12,0.12128552651179023,2022-05
2311405,Quixeramobim,CE,2022,5,0.0,inpe_bdq_aqua_ref,climatology_regional_intensity12,0.0,2022-05
2311959,Salitre,CE,2022,5,0.0,inpe_bdq_legacy,climatology_regional_intensity12,0.040428508837263406,2022-05
2312106,Santana do Cariri,CE,2022,5,0.0,inpe_bdq_legacy,climatology_regional_intensity12,0.0,2022-05
2312908,Sobral,CE,2022,5,0.0,inpe_bdq_aqua_ref,climatology_regional_intensity12,0.0,2022-05
2313302,Tauá,CE,2022,5,0.0,inpe_bdq_aqua_ref,climatology_regional_intensity12,0.08085701767452681,2022-05
2313401,Tianguá,CE,2022,5,0.0,inpe_bdq_aqua_ref,climatology_regional_intensity12,0.040428508837263406,2022-05
2300101,Abaiara,CE,2022,6,0.0,inpe_bdq_legacy,climatology_municipal,0.16666666666666666,2022-06
2300200,Acaraú,CE,2022,6,1.0,inpe_bdq_aqua_ref,climatology_municipal,0.4444444444444444,2022-06
2301307,Araripe,CE,2022,6,1.0,inpe_bdq_legacy,climatology_municipal,0.1111111111111111,2022-06
2301604,Assaré,CE,2022,6,0.0,inpe_bdq_legacy,climatology_municipal,0.0,2022-06
2301901,Barbalha,CE,2022,6,0.0,inpe_bdq_aqua_ref,climatology_municipal,0.16666666666666666,2022-06
2302503,Brejo Santo,CE,2022,6,1.0,inpe_bdq_legacy,climatology_municipal,0.2222222222222222,2022-06
2302701,Campos Sales,CE,2022,6,0.0,inpe_bdq_aqua_ref,climatology_municipal,0.0,2022-06
2304103,Crateús,CE,2022,6,5.0,inpe_bdq_aqua_ref,climatology_municipal,0.2777777777777778,2022-06
2304202,Crato,CE,2022,6,0.0,inpe_bdq_legacy,climatology_municipal,0.05555555555555555,2022-06
2304400,Fortaleza,CE,2022,6,0.0,inpe_bdq_aqua_ref,climatology_municipal,0.0,2022-06
2305100,Guaramiranga,CE,2022,6,0.0,inpe_bdq_aqua_ref,climatology_municipal,0.0,2022-06
2305506,Iguatu,CE,2022,6,0.0,inpe_bdq_aqua_ref,climatology_municipal,0.2777777777777778,2022-06
2306405,Itapipoca,CE,2022,6,0.0,inpe_bdq_aqua_ref,climatology_municipal,0.6666666666666666,2022-06
2306900,Jaguaribe,CE,2022,6,0.0,inpe_bdq_aqua_ref,climatology_municipal,0.1111111111111111,2022-06
2307007,Jaguaruana,CE,2022,6,0.0,inpe_bdq_aqua_ref,climatology_municipal,0.0,2022-06
2307106,Jardim,CE,2022,6,0.0,inpe_bdq_legacy,climatology_municipal,0.05555555555555555,2022-06
2307205,Jati,CE,2022,6,0.0,inpe_bdq_legacy,climatology_municipal,0.0,2022-06
2307304,Juazeiro do Norte,CE,2022,6,0.0,inpe_bdq_legacy,climatology_municipal,0.0,2022-06
2308401,Missão Velha,CE,2022,6,0.0,inpe_bdq_legacy,climatology_municipal,0.1111111111111111,2022-06
2308708,Morada Nova,CE,2022,6,0.0,inpe_bdq_aqua_ref,climatology_municipal,0.16666666666666666,2022-06
2309201,Nova Olinda,CE,2022,6,0.0,inpe_bdq_legacy,climatology_municipal,0.0,2022-06
2310605,Penaforte,CE,2022,6,0.0,inpe_bdq_legacy,climatology_municipal,0.0,2022-06
2311108,Porteiras,CE,2022,6,0.0,inpe_bdq_legacy,climatology_municipal,0.05555555555555555,2022-06
2311207,Potengi,CE,2022,6,0.0,inpe_bdq_legacy,climatology_municipal,0.0,2022-06
2311306,Quixadá,CE,2022,6,0.0,inpe_bdq_aqua_ref,climatology_municipal,0.1111111111111111,2022-06
2311405,Quixeramobim,CE,2022,6,0.0,inpe_bdq_aqua_ref,climatology_municipal,0.2222222222222222,2022-06
2311959,Salitre,CE,2022,6,0.0,inpe_bdq_legacy,climatology_municipal,0.1111111111111111,2022-06
2312106,Santana do Cariri,CE,2022,6,0.0,inpe_bdq_legacy,climatology_municipal,0.0,2022-06
2312908,Sobral,CE,2022,6,0.0,inpe_bdq_aqua_ref,climatology_municipal,0.2222222222222222,2022-06
2313302,Tauá,CE,2022,6,0.0,inpe_bdq_aqua_ref,climatology_municipal,0.1111111111111111,2022-06
2313401,Tianguá,CE,2022,6,2.0,inpe_bdq_aqua_ref,climatology_municipal,0.1111111111111111,2022-06
2300101,Abaiara,CE,2022,6,0.0,inpe_bdq_legacy,climatology_regional_intensity12,0.1202109097829738,2022-06
2300200,Acaraú,CE,2022,6,1.0,inpe_bdq_aqua_ref,climatology_regional_intensity12,0.3205624260879301,2022-06
2301307,Araripe,CE,2022,6,1.0,inpe_bdq_legacy,climatology_regional_intensity12,0.08014060652198253,2022-06
2301604,Assaré,CE,2022,6,0.0,inpe_bdq_legacy,climatology_regional_intensity12,0.0,2022-06
2301901,Barbalha,CE,2022,6,0.0,inpe_bdq_aqua_ref,climatology_regional_intensity12,0.1202109097829738,2022-06
2302503,Brejo Santo,CE,2022,6,1.0,inpe_bdq_legacy,climatology_regional_intensity12,0.16028121304396506,2022-06
2302701,Campos Sales,CE,2022,6,0.0,inpe_bdq_aqua_ref,climatology_regional_intensity12,0.0,2022-06
2304103,Crateús,CE,2022,6,5.0,inpe_bdq_aqua_ref,climatology_regional_intensity12,0.20035151630495637,2022-06
2304202,Crato,CE,2022,6,0.0,inpe_bdq_legacy,climatology_regional_intensity12,0.040070303260991265,2022-06
2304400,Fortaleza,CE,2022,6,0.0,inpe_bdq_aqua_ref,climatology_regional_intensity12,0.0,2022-06
2305100,Guaramiranga,CE,2022,6,0.0,inpe_bdq_aqua_ref,climatology_regional_intensity12,0.0,2022-06
2305506,Iguatu,CE,2022,6,0.0,inpe_bdq_aqua_ref,climatology_regional_intensity12,0.20035151630495637,2022-06
2306405,Itapipoca,CE,2022,6,0.0,inpe_bdq_aqua_ref,climatology_regional_intensity12,0.4808436391318952,2022-06
2306900,Jaguaribe,CE,2022,6,0.0,inpe_bdq_aqua_ref,climatology_regional_intensity12,0.08014060652198253,2022-06
2307007,Jaguaruana,CE,2022,6,0.0,inpe_bdq_aqua_ref,climatology_regional_intensity12,0.0,2022-06
2307106,Jardim,CE,2022,6,0.0,inpe_bdq_legacy,climatology_regional_intensity12,0.040070303260991265,2022-06
2307205,Jati,CE,2022,6,0.0,inpe_bdq_legacy,climatology_regional_intensity12,0.0,2022-06
2307304,Juazeiro do Norte,CE,2022,6,0.0,inpe_bdq_legacy,climatology_regional_intensity12,0.0,2022-06
2308401,Missão Velha,CE,2022,6,0.0,inpe_bdq_legacy,climatology_regional_intensity12,0.08014060652198253,2022-06
2308708,Morada Nova,CE,2022,6,0.0,inpe_bdq_aqua_ref,climatology_regional_intensity12,0.1202109097829738,2022-06
2309201,Nova Olinda,CE,2022,6,0.0,inpe_bdq_legacy,climatology_regional_intensity12,0.0,2022-06
2310605,Penaforte,CE,2022,6,0.0,inpe_bdq_legacy,climatology_regional_intensity12,0.0,2022-06
2311108,Porteiras,CE,2022,6,0.0,inpe_bdq_legacy,climatology_regional_intensity12,0.040070303260991265,2022-06
2311207,Potengi,CE,2022,6,0.0,inpe_bdq_legacy,climatology_regional_intensity12,0.0,2022-06
2311306,Quixadá,CE,2022,6,0.0,inpe_bdq_aqua_ref,climatology_regional_intensity12,0.08014060652198253,2022-06
2311405,Quixeramobim,CE,2022,6,0.0,inpe_bdq_aqua_ref,climatology_regional_intensity12,0.16028121304396506,2022-06
2311959,Salitre,CE,2022,6,0.0,inpe_bdq_legacy,climatology_regional_intensity12,0.08014060652198253,2022-06
2312106,Santana do Cariri,CE,2022,6,0.0,inpe_bdq_legacy,climatology_regional_intensity12,0.0,2022-06
2312908,Sobral,CE,2022,6,0.0,inpe_bdq_aqua_ref,climatology_regional_intensity12,0.16028121304396506,2022-06
2313302,Tauá,CE,2022,6,0.0,inpe_bdq_aqua_ref,climatology_regional_intensity12,0.08014060652198253,2022-06
2313401,Tianguá,CE,2022,6,2.0,inpe_bdq_aqua_ref,climatology_regional_intensity12,0.08014060652198253,2022-06
2300101,Abaiara,CE,2022,7,0.0,inpe_bdq_legacy,climatology_municipal,0.16666666666666666,2022-07
2300200,Acaraú,CE,2022,7,0.0,inpe_bdq_aqua_ref,climatology_municipal,1.4444444444444444,2022-07
2301307,Araripe,CE,2022,7,0.0,inpe_bdq_legacy,climatology_municipal,0.3333333333333333,2022-07
2301604,Assaré,CE,2022,7,0.0,inpe_bdq_legacy,climatology_municipal,0.05555555555555555,2022-07
2301901,Barbalha,CE,2022,7,2.0,inpe_bdq_aqua_ref,climatology_municipal,0.21052631578947367,2022-07
2302503,Brejo Santo,CE,2022,7,0.0,inpe_bdq_legacy,climatology_municipal,0.2222222222222222,2022-07
2302701,Campos Sales,CE,2022,7,0.0,inpe_bdq_aqua_ref,climatology_municipal,0.05555555555555555,2022-07
2304103,Crateús,CE,2022,7,0.0,inpe_bdq_aqua_ref,climatology_municipal,0.6111111111111112,2022-07
2304202,Crato,CE,2022,7,0.0,inpe_bdq_legacy,climatology_municipal,0.0,2022-07
2304400,Fortaleza,CE,2022,7,0.0,inpe_bdq_aqua_ref,climatology_municipal,0.05555555555555555,2022-07
2305100,Guaramiranga,CE,2022,7,0.0,inpe_bdq_aqua_ref,climatology_municipal,0.0,2022-07
2305506,Iguatu,CE,2022,7,0.0,inpe_bdq_aqua_ref,climatology_municipal,0.9444444444444444,2022-07
2306405,Itapipoca,CE,2022,7,0.0,inpe_bdq_aqua_ref,climatology_municipal,0.8888888888888888,2022-07
2306900,Jaguaribe,CE,2022,7,0.0,inpe_bdq_aqua_ref,climatology_municipal,0.16666666666666666,2022-07
2307007,Jaguaruana,CE,2022,7,0.0,inpe_bdq_aqua_ref,climatology_municipal,0.2222222222222222,2022-07
2307106,Jardim,CE,2022,7,0.0,inpe_bdq_legacy,climatology_municipal,0.05555555555555555,2022-07
2307205,Jati,CE,2022,7,0.0,inpe_bdq_legacy,climatology_municipal,0.0,2022-07
2307304,Juazeiro do Norte,CE,2022,7,0.0,inpe_bdq_legacy,climatology_municipal,0.2777777777777778,2022-07
2308401,Missão Velha,CE,2022,7,0.0,inpe_bdq_legacy,climatology_municipal,0.1111111111111111,2022-07
2308708,Morada Nova,CE,2022,7,0.0,inpe_bdq_aqua_ref,climatology_municipal,0.0,2022-07
2309201,Nova Olinda,CE,2022,7,0.0,inpe_bdq_legacy,climatology_municipal,0.4444444444444444,2022-07
2310605,Penaforte,CE,2022,7,0.0,inpe_bdq_legacy,climatology_municipal,0.0,2022-07
2311108,Porteiras,CE,2022,7,0.0,inpe_bdq_legacy,climatology_municipal,0.16666666666666666,2022-07
2311207,Potengi,CE,2022,7,0.0,inpe_bdq_legacy,climatology_municipal,0.1111111111111111,2022-07
2311306,Quixadá,CE,2022,7,0.0,inpe_bdq_aqua_ref,climatology_municipal,0.4444444444444444,2022-07
2311405,Quixeramobim,CE,2022,7,0.0,inpe_bdq_aqua_ref,climatology_municipal,0.3333333333333333,2022-07
2311959,Salitre,CE,2022,7,3.0,inpe_bdq_legacy,climatology_municipal,0.05555555555555555,2022-07
2312106,Santana do Cariri,CE,2022,7,3.0,inpe_bdq_legacy,climatology_municipal,0.3333333333333333,2022-07
2312908,Sobral,CE,2022,7,0.0,inpe_bdq_aqua_ref,climatology_municipal,0.7222222222222222,2022-07
2313302,Tauá,CE,2022,7,0.0,inpe_bdq_aqua_ref,climatology_municipal,0.2222222222222222,2022-07
2313401,Tianguá,CE,2022,7,6.0,inpe_bdq_aqua_ref,climatology_municipal,0.4444444444444444,2022-07
2300101,Abaiara,CE,2022,7,0.0,inpe_bdq_legacy,climatology_regional_intensity12,0.11956156724884355,2022-07
2300200,Acaraú,CE,2022,7,0.0,inpe_bdq_aqua_ref,climatology_regional_intensity12,1.0362002494899774,2022-07
2301307,Araripe,CE,2022,7,0.0,inpe_bdq_legacy,climatology_regional_intensity12,0.2391231344976871,2022-07
2301604,Assaré,CE,2022,7,0.0,inpe_bdq_legacy,climatology_regional_intensity12,0.03985385574961452,2022-07
2301901,Barbalha,CE,2022,7,2.0,inpe_bdq_aqua_ref,climatology_regional_intensity12,0.1510251375774866,2022-07
2302503,Brejo Santo,CE,2022,7,0.0,inpe_bdq_legacy,climatology_regional_intensity12,0.15941542299845807,2022-07
2302701,Campos Sales,CE,2022,7,0.0,inpe_bdq_aqua_ref,climatology_regional_intensity12,0.03985385574961452,2022-07
2304103,Crateús,CE,2022,7,0.0,inpe_bdq_aqua_ref,climatology_regional_intensity12,0.4383924132457597,2022-07
2304202,Crato,CE,2022,7,0.0,inpe_bdq_legacy,climatology_regional_intensity12,0.0,2022-07
2304400,Fortaleza,CE,2022,7,0.0,inpe_bdq_aqua_ref,climatology_regional_intensity12,0.03985385574961452,2022-07
2305100,Guaramiranga,CE,2022,7,0.0,inpe_bdq_aqua_ref,climatology_regional_intensity12,0.0,2022-07
2305506,Iguatu,CE,2022,7,0.0,inpe_bdq_aqua_ref,climatology_regional_intensity12,0.6775155477434468,2022-07
2306405,Itapipoca,CE,2022,7,0.0,inpe_bdq_aqua_ref,climatology_regional_intensity12,0.6376616919938323,2022-07
2306900,Jaguaribe,CE,2022,7,0.0,inpe_bdq_aqua_ref,climatology_regional_intensity12,0.11956156724884355,2022-07
2307007,Jaguaruana,CE,2022,7,0.0,inpe_bdq_aqua_ref,climatology_regional_intensity12,0.15941542299845807,2022-07
2307106,Jardim,CE,2022,7,0.0,inpe_bdq_legacy,climatology_regional_intensity12,0.03985385574961452,2022-07
2307205,Jati,CE,2022,7,0.0,inpe_bdq_legacy,climatology_regional_intensity12,0.0,2022-07
2307304,Juazeiro do Norte,CE,2022,7,0.0,inpe_bdq_legacy,climatology_regional_intensity12,0.1992692787480726,2022-07
2308401,Missão Velha,CE,2022,7,0.0,inpe_bdq_legacy,climatology_regional_intensity12,0.07970771149922903,2022-07
2308708,Morada Nova,CE,2022,7,0.0,inpe_bdq_aqua_ref,climatology_regional_intensity12,0.0,2022-07
2309201,Nova Olinda,CE,2022,7,0.0,inpe_bdq_legacy,climatology_regional_intensity12,0.31883084599691613,2022-07
2310605,Penaforte,CE,2022,7,0.0,inpe_bdq_legacy,climatology_regional_intensity12,0.0,2022-07
2311108,Porteiras,CE,2022,7,0.0,inpe_bdq_legacy,climatology_regional_intensity12,0.11956156724884355,2022-07
2311207,Potengi,CE,2022,7,0.0,inpe_bdq_legacy,climatology_regional_intensity12,0.07970771149922903,2022-07
2311306,Quixadá,CE,2022,7,0.0,inpe_bdq_aqua_ref,climatology_regional_intensity12,0.31883084599691613,2022-07
2311405,Quixeramobim,CE,2022,7,0.0,inpe_bdq_aqua_ref,climatology_regional_intensity12,0.2391231344976871,2022-07
2311959,Salitre,CE,2022,7,3.0,inpe_bdq_legacy,climatology_regional_intensity12,0.03985385574961452,2022-07
2312106,Santana do Cariri,CE,2022,7,3.0,inpe_bdq_legacy,climatology_regional_intensity12,0.2391231344976871,2022-07
2312908,Sobral,CE,2022,7,0.0,inpe_bdq_aqua_ref,climatology_regional_intensity12,0.5181001247449887,2022-07
2313302,Tauá,CE,2022,7,0.0,inpe_bdq_aqua_ref,climatology_regional_intensity12,0.15941542299845807,2022-07
2313401,Tianguá,CE,2022,7,6.0,inpe_bdq_aqua_ref,climatology_regional_intensity12,0.31883084599691613,2022-07
2300101,Abaiara,CE,2022,8,0.0,inpe_bdq_legacy,climatology_municipal,0.3888888888888889,2022-08
2300200,Acaraú,CE,2022,8,1.0,inpe_bdq_aqua_ref,climatology_municipal,1.6111111111111112,2022-08
2301307,Araripe,CE,2022,8,0.0,inpe_bdq_legacy,climatology_municipal,1.0,2022-08
2301604,Assaré,CE,2022,8,0.0,inpe_bdq_legacy,climatology_municipal,1.0,2022-08
2301901,Barbalha,CE,2022,8,0.0,inpe_bdq_aqua_ref,climatology_municipal,1.1578947368421053,2022-08
2302503,Brejo Santo,CE,2022,8,0.0,inpe_bdq_legacy,climatology_municipal,0.16666666666666666,2022-08
2302701,Campos Sales,CE,2022,8,1.0,inpe_bdq_aqua_ref,climatology_municipal,0.2777777777777778,2022-08
2304103,Crateús,CE,2022,8,4.0,inpe_bdq_aqua_ref,climatology_municipal,2.388888888888889,2022-08
2304202,Crato,CE,2022,8,4.0,inpe_bdq_legacy,climatology_municipal,1.5263157894736843,2022-08
2304400,Fortaleza,CE,2022,8,0.0,inpe_bdq_aqua_ref,climatology_municipal,0.375,2022-08
2305100,Guaramiranga,CE,2022,8,0.0,inpe_bdq_aqua_ref,climatology_municipal,0.0,2022-08
2305506,Iguatu,CE,2022,8,8.0,inpe_bdq_aqua_ref,climatology_municipal,1.5,2022-08
2306405,Itapipoca,CE,2022,8,0.0,inpe_bdq_aqua_ref,climatology_municipal,3.0555555555555554,2022-08
2306900,Jaguaribe,CE,2022,8,0.0,inpe_bdq_aqua_ref,climatology_municipal,0.8333333333333334,2022-08
2307106,Jardim,CE,2022,8,0.0,inpe_bdq_legacy,climatology_municipal,0.16666666666666666,2022-08
2307205,Jati,CE,2022,8,0.0,inpe_bdq_legacy,climatology_municipal,0.0,2022-08
2307304,Juazeiro do Norte,CE,2022,8,0.0,inpe_bdq_legacy,climatology_municipal,0.7647058823529411,2022-08
2308401,Missão Velha,CE,2022,8,3.0,inpe_bdq_legacy,climatology_municipal,0.6111111111111112,2022-08
2308708,Morada Nova,CE,2022,8,4.0,inpe_bdq_aqua_ref,climatology_municipal,1.2777777777777777,2022-08
2309201,Nova Olinda,CE,2022,8,0.0,inpe_bdq_legacy,climatology_municipal,0.2222222222222222,2022-08
2311108,Porteiras,CE,2022,8,2.0,inpe_bdq_legacy,climatology_municipal,0.0625,2022-08
2311207,Potengi,CE,2022,8,0.0,inpe_bdq_legacy,climatology_municipal,0.0,2022-08
2311306,Quixadá,CE,2022,8,1.0,inpe_bdq_aqua_ref,climatology_municipal,1.0555555555555556,2022-08
2311405,Quixeramobim,CE,2022,8,0.0,inpe_bdq_aqua_ref,climatology_municipal,1.1666666666666667,2022-08
2311959,Salitre,CE,2022,8,0.0,inpe_bdq_legacy,climatology_municipal,0.3684210526315789,2022-08
2312106,Santana do Cariri,CE,2022,8,2.0,inpe_bdq_legacy,climatology_municipal,0.7368421052631579,2022-08
2312908,Sobral,CE,2022,8,9.0,inpe_bdq_aqua_ref,climatology_municipal,6.277777777777778,2022-08
2313302,Tauá,CE,2022,8,1.0,inpe_bdq_aqua_ref,climatology_municipal,0.6111111111111112,2022-08
2313401,Tianguá,CE,2022,8,0.0,inpe_bdq_aqua_ref,climatology_municipal,0.9444444444444444,2022-08
2300101,Abaiara,CE,2022,8,0.0,inpe_bdq_legacy,climatology_regional_intensity12,0.27998477463986804,2022-08
2300200,Acaraú,CE,2022,8,1.0,inpe_bdq_aqua_ref,climatology_regional_intensity12,1.1599369235080246,2022-08
2301307,Araripe,CE,2022,8,0.0,inpe_bdq_legacy,climatology_regional_intensity12,0.7199608490739463,2022-08
2301604,Assaré,CE,2022,8,0.0,inpe_bdq_legacy,climatology_regional_intensity12,0.7199608490739463,2022-08
2301901,Barbalha,CE,2022,8,0.0,inpe_bdq_aqua_ref,climatology_regional_intensity12,0.8336388778750957,2022-08
2302503,Brejo Santo,CE,2022,8,0.0,inpe_bdq_legacy,climatology_regional_intensity12,0.11999347484565771,2022-08
2302701,Campos Sales,CE,2022,8,1.0,inpe_bdq_aqua_ref,climatology_regional_intensity12,0.19998912474276287,2022-08
2304103,Crateús,CE,2022,8,4.0,inpe_bdq_aqua_ref,climatology_regional_intensity12,1.7199064727877607,2022-08
2304202,Crato,CE,2022,8,4.0,inpe_bdq_legacy,climatology_regional_intensity12,1.0988876117444444,2022-08
2304400,Fortaleza,CE,2022,8,0.0,inpe_bdq_aqua_ref,climatology_regional_intensity12,0.2699853184027299,2022-08
2305100,Guaramiranga,CE,2022,8,0.0,inpe_bdq_aqua_ref,climatology_regional_intensity12,0.0,2022-08
2305506,Iguatu,CE,2022,8,8.0,inpe_bdq_aqua_ref,climatology_regional_intensity12,1.0799412736109195,2022-08
2306405,Itapipoca,CE,2022,8,0.0,inpe_bdq_aqua_ref,climatology_regional_intensity12,2.1998803721703912,2022-08
2306900,Jaguaribe,CE,2022,8,0.0,inpe_bdq_aqua_ref,climatology_regional_intensity12,0.5999673742282886,2022-08
2307106,Jardim,CE,2022,8,0.0,inpe_bdq_legacy,climatology_regional_intensity12,0.11999347484565771,2022-08
2307205,Jati,CE,2022,8,0.0,inpe_bdq_legacy,climatology_regional_intensity12,0.0,2022-08
2307304,Juazeiro do Norte,CE,2022,8,0.0,inpe_bdq_legacy,climatology_regional_intensity12,0.5505582963506648,2022-08
2308401,Missão Velha,CE,2022,8,3.0,inpe_bdq_legacy,climatology_regional_intensity12,0.4399760744340783,2022-08
2308708,Morada Nova,CE,2022,8,4.0,inpe_bdq_aqua_ref,climatology_regional_intensity12,0.9199499738167091,2022-08
2309201,Nova Olinda,CE,2022,8,0.0,inpe_bdq_legacy,climatology_regional_intensity12,0.15999129979421028,2022-08
2311108,Porteiras,CE,2022,8,2.0,inpe_bdq_legacy,climatology_regional_intensity12,0.044997553067121644,2022-08
2311207,Potengi,CE,2022,8,0.0,inpe_bdq_legacy,climatology_regional_intensity12,0.0,2022-08
2311306,Quixadá,CE,2022,8,1.0,inpe_bdq_aqua_ref,climatology_regional_intensity12,0.759958674022499,2022-08
2311405,Quixeramobim,CE,2022,8,0.0,inpe_bdq_aqua_ref,climatology_regional_intensity12,0.8399543239196041,2022-08
2311959,Salitre,CE,2022,8,0.0,inpe_bdq_legacy,climatology_regional_intensity12,0.2652487338693486,2022-08
2312106,Santana do Cariri,CE,2022,8,2.0,inpe_bdq_legacy,climatology_regional_intensity12,0.5304974677386972,2022-08
2312908,Sobral,CE,2022,8,9.0,inpe_bdq_aqua_ref,climatology_regional_intensity12,4.51975421918644,2022-08
2313302,Tauá,CE,2022,8,1.0,inpe_bdq_aqua_ref,climatology_regional_intensity12,0.4399760744340783,2022-08
2313401,Tianguá,CE,2022,8,0.0,inpe_bdq_aqua_ref,climatology_regional_intensity12,0.6799630241253937,2022-08
2300101,Abaiara,CE,2022,9,2.0,inpe_bdq_legacy,climatology_municipal,0.2777777777777778,2022-09
2300200,Acaraú,CE,2022,9,1.0,inpe_bdq_aqua_ref,climatology_municipal,1.8333333333333333,2022-09
2301307,Araripe,CE,2022,9,8.0,inpe_bdq_legacy,climatology_municipal,7.421052631578948,2022-09
2301604,Assaré,CE,2022,9,0.0,inpe_bdq_legacy,climatology_municipal,1.3157894736842106,2022-09
2301901,Barbalha,CE,2022,9,7.0,inpe_bdq_aqua_ref,climatology_municipal,2.6842105263157894,2022-09
2302503,Brejo Santo,CE,2022,9,4.0,inpe_bdq_legacy,climatology_municipal,1.4210526315789473,2022-09
2302701,Campos Sales,CE,2022,9,2.0,inpe_bdq_aqua_ref,climatology_municipal,1.368421052631579,2022-09
2304103,Crateús,CE,2022,9,7.0,inpe_bdq_aqua_ref,climatology_municipal,3.5,2022-09
2304202,Crato,CE,2022,9,2.0,inpe_bdq_legacy,climatology_municipal,4.052631578947368,2022-09
2304400,Fortaleza,CE,2022,9,1.0,inpe_bdq_aqua_ref,climatology_municipal,0.75,2022-09
2305100,Guaramiranga,CE,2022,9,0.0,inpe_bdq_aqua_ref,climatology_municipal,0.0,2022-09
2305506,Iguatu,CE,2022,9,9.0,inpe_bdq_aqua_ref,climatology_municipal,4.333333333333333,2022-09
2306405,Itapipoca,CE,2022,9,1.0,inpe_bdq_aqua_ref,climatology_municipal,3.5,2022-09
2306900,Jaguaribe,CE,2022,9,2.0,inpe_bdq_aqua_ref,climatology_municipal,1.0,2022-09
2307106,Jardim,CE,2022,9,3.0,inpe_bdq_legacy,climatology_municipal,1.5555555555555556,2022-09
2307205,Jati,CE,2022,9,0.0,inpe_bdq_legacy,climatology_municipal,0.5263157894736842,2022-09
2307304,Juazeiro do Norte,CE,2022,9,2.0,inpe_bdq_legacy,climatology_municipal,1.0588235294117647,2022-09
2308401,Missão Velha,CE,2022,9,4.0,inpe_bdq_legacy,climatology_municipal,3.1578947368421053,2022-09
2308708,Morada Nova,CE,2022,9,4.0,inpe_bdq_aqua_ref,climatology_municipal,1.5,2022-09
2309201,Nova Olinda,CE,2022,9,0.0,inpe_bdq_legacy,climatology_municipal,0.8333333333333334,2022-09
2311108,Porteiras,CE,2022,9,1.0,inpe_bdq_legacy,climatology_municipal,0.9375,2022-09
2311207,Potengi,CE,2022,9,4.0,inpe_bdq_legacy,climatology_municipal,1.2105263157894737,2022-09
2311306,Quixadá,CE,2022,9,3.0,inpe_bdq_aqua_ref,climatology_municipal,3.5555555555555554,2022-09
2311405,Quixeramobim,CE,2022,9,2.0,inpe_bdq_aqua_ref,climatology_municipal,3.111111111111111,2022-09
2311959,Salitre,CE,2022,9,2.0,inpe_bdq_legacy,climatology_municipal,1.631578947368421,2022-09
2312106,Santana do Cariri,CE,2022,9,2.0,inpe_bdq_legacy,climatology_municipal,3.5789473684210527,2022-09
2312908,Sobral,CE,2022,9,6.0,inpe_bdq_aqua_ref,climatology_municipal,10.777777777777779,2022-09
2313302,Tauá,CE,2022,9,1.0,inpe_bdq_aqua_ref,climatology_municipal,2.111111111111111,2022-09
2313401,Tianguá,CE,2022,9,0.0,inpe_bdq_aqua_ref,climatology_municipal,1.4444444444444444,2022-09
2300101,Abaiara,CE,2022,9,2.0,inpe_bdq_legacy,climatology_regional_intensity12,0.2041593973721703,2022-09
2300200,Acaraú,CE,2022,9,1.0,inpe_bdq_aqua_ref,climatology_regional_intensity12,1.3474520226563238,2022-09
2301307,Araripe,CE,2022,9,8.0,inpe_bdq_legacy,climatology_regional_intensity12,5.454279479269139,2022-09
2301604,Assaré,CE,2022,9,0.0,inpe_bdq_legacy,climatology_regional_intensity12,0.9670708296576488,2022-09
2301901,Barbalha,CE,2022,9,7.0,inpe_bdq_aqua_ref,climatology_regional_intensity12,1.9728244925016034,2022-09
2302503,Brejo Santo,CE,2022,9,4.0,inpe_bdq_legacy,climatology_regional_intensity12,1.0444364960302606,2022-09
2302701,Campos Sales,CE,2022,9,2.0,inpe_bdq_aqua_ref,climatology_regional_intensity12,1.0057536628439547,2022-09
2304103,Crateús,CE,2022,9,7.0,inpe_bdq_aqua_ref,climatology_regional_intensity12,2.5724084068893456,2022-09
2304202,Crato,CE,2022,9,2.0,inpe_bdq_legacy,climatology_regional_intensity12,2.978578155345558,2022-09
2304400,Fortaleza,CE,2022,9,1.0,inpe_bdq_aqua_ref,climatology_regional_intensity12,0.5512303729048598,2022-09
2305100,Guaramiranga,CE,2022,9,0.0,inpe_bdq_aqua_ref,climatology_regional_intensity12,0.0,2022-09
2305506,Iguatu,CE,2022,9,9.0,inpe_bdq_aqua_ref,climatology_regional_intensity12,3.184886599005856,2022-09
2306405,Itapipoca,CE,2022,9,1.0,inpe_bdq_aqua_ref,climatology_regional_intensity12,2.5724084068893456,2022-09
2306900,Jaguaribe,CE,2022,9,2.0,inpe_bdq_aqua_ref,climatology_regional_intensity12,0.734973830539813,2022-09
2307106,Jardim,CE,2022,9,3.0,inpe_bdq_legacy,climatology_regional_intensity12,1.1432926252841535,2022-09
2307205,Jati,CE,2022,9,0.0,inpe_bdq_legacy,climatology_regional_intensity12,0.3868283318630595,2022-09
2307304,Juazeiro do Norte,CE,2022,9,2.0,inpe_bdq_legacy,climatology_regional_intensity12,0.778207585277449,2022-09
2308401,Missão Velha,CE,2022,9,4.0,inpe_bdq_legacy,climatology_regional_intensity12,2.320969991178357,2022-09
2308708,Morada Nova,CE,2022,9,4.0,inpe_bdq_aqua_ref,climatology_regional_intensity12,1.1024607458097195,2022-09
2309201,Nova Olinda,CE,2022,9,0.0,inpe_bdq_legacy,climatology_regional_intensity12,0.6124781921165109,2022-09
2311108,Porteiras,CE,2022,9,1.0,inpe_bdq_legacy,climatology_regional_intensity12,0.6890379661310747,2022-09
2311207,Potengi,CE,2022,9,4.0,inpe_bdq_legacy,climatology_regional_intensity12,0.8897051632850368,2022-09
2311306,Quixadá,CE,2022,9,3.0,inpe_bdq_aqua_ref,climatology_regional_intensity12,2.6132402863637796,2022-09
2311405,Quixeramobim,CE,2022,9,2.0,inpe_bdq_aqua_ref,climatology_regional_intensity12,2.286585250568307,2022-09
2311959,Salitre,CE,2022,9,2.0,inpe_bdq_legacy,climatology_regional_intensity12,1.1991678287754843,2022-09
2312106,Santana do Cariri,CE,2022,9,2.0,inpe_bdq_legacy,climatology_regional_intensity12,2.6304326566688045,2022-09
2312908,Sobral,CE,2022,9,6.0,inpe_bdq_aqua_ref,climatology_regional_intensity12,7.921384618040207,2022-09
2313302,Tauá,CE,2022,9,1.0,inpe_bdq_aqua_ref,climatology_regional_intensity12,1.5516114200284943,2022-09
2313401,Tianguá,CE,2022,9,0.0,inpe_bdq_aqua_ref,climatology_regional_intensity12,1.0616288663352855,2022-09
2300101,Abaiara,CE,2022,10,5.0,inpe_bdq_legacy,climatology_municipal,1.2105263157894737,2022-10
2300200,Acaraú,CE,2022,10,2.0,inpe_bdq_aqua_ref,climatology_municipal,1.6111111111111112,2022-10
2301307,Araripe,CE,2022,10,12.0,inpe_bdq_legacy,climatology_municipal,11.947368421052632,2022-10
2301604,Assaré,CE,2022,10,10.0,inpe_bdq_legacy,climatology_municipal,3.210526315789474,2022-10
2301901,Barbalha,CE,2022,10,4.0,inpe_bdq_aqua_ref,climatology_municipal,3.3684210526315788,2022-10
2302503,Brejo Santo,CE,2022,10,2.0,inpe_bdq_legacy,climatology_municipal,2.8947368421052633,2022-10
2302701,Campos Sales,CE,2022,10,7.0,inpe_bdq_aqua_ref,climatology_municipal,2.6842105263157894,2022-10
2304103,Crateús,CE,2022,10,38.0,inpe_bdq_aqua_ref,climatology_municipal,42.77777777777778,2022-10
2304202,Crato,CE,2022,10,5.0,inpe_bdq_legacy,climatology_municipal,9.31578947368421,2022-10
2304400,Fortaleza,CE,2022,10,3.0,inpe_bdq_aqua_ref,climatology_municipal,0.875,2022-10
2305100,Guaramiranga,CE,2022,10,0.0,inpe_bdq_aqua_ref,climatology_municipal,0.0625,2022-10
2305506,Iguatu,CE,2022,10,18.0,inpe_bdq_aqua_ref,climatology_municipal,4.111111111111111,2022-10
2306405,Itapipoca,CE,2022,10,4.0,inpe_bdq_aqua_ref,climatology_municipal,3.0555555555555554,2022-10
2306900,Jaguaribe,CE,2022,10,31.0,inpe_bdq_aqua_ref,climatology_municipal,1.7777777777777777,2022-10
2307106,Jardim,CE,2022,10,0.0,inpe_bdq_legacy,climatology_municipal,3.0,2022-10
2307205,Jati,CE,2022,10,0.0,inpe_bdq_legacy,climatology_municipal,3.1578947368421053,2022-10
2307304,Juazeiro do Norte,CE,2022,10,2.0,inpe_bdq_legacy,climatology_municipal,2.6470588235294117,2022-10
2308401,Missão Velha,CE,2022,10,5.0,inpe_bdq_legacy,climatology_municipal,5.315789473684211,2022-10
2308708,Morada Nova,CE,2022,10,3.0,inpe_bdq_aqua_ref,climatology_municipal,4.333333333333333,2022-10
2309201,Nova Olinda,CE,2022,10,4.0,inpe_bdq_legacy,climatology_municipal,0.8421052631578947,2022-10
2311108,Porteiras,CE,2022,10,1.0,inpe_bdq_legacy,climatology_municipal,0.8823529411764706,2022-10
2311207,Potengi,CE,2022,10,4.0,inpe_bdq_legacy,climatology_municipal,1.8421052631578947,2022-10
2311306,Quixadá,CE,2022,10,11.0,inpe_bdq_aqua_ref,climatology_municipal,18.055555555555557,2022-10
2311405,Quixeramobim,CE,2022,10,18.0,inpe_bdq_aqua_ref,climatology_municipal,34.888888888888886,2022-10
2311959,Salitre,CE,2022,10,16.0,inpe_bdq_legacy,climatology_municipal,4.0,2022-10
2312106,Santana do Cariri,CE,2022,10,5.0,inpe_bdq_legacy,climatology_municipal,6.894736842105263,2022-10
2312908,Sobral,CE,2022,10,15.0,inpe_bdq_aqua_ref,climatology_municipal,16.27777777777778,2022-10
2313302,Tauá,CE,2022,10,10.0,inpe_bdq_aqua_ref,climatology_municipal,8.0,2022-10
2313401,Tianguá,CE,2022,10,7.0,inpe_bdq_aqua_ref,climatology_municipal,4.0,2022-10
2300101,Abaiara,CE,2022,10,5.0,inpe_bdq_legacy,climatology_regional_intensity12,0.8911196640148671,2022-10
2300200,Acaraú,CE,2022,10,2.0,inpe_bdq_aqua_ref,climatology_regional_intensity12,1.1860070890632652,2022-10
2301307,Araripe,CE,2022,10,12.0,inpe_bdq_legacy,climatology_regional_intensity12,8.794963640494558,2022-10
2301604,Assaré,CE,2022,10,10.0,inpe_bdq_legacy,climatology_regional_intensity12,2.3634043263002997,2022-10
2301901,Barbalha,CE,2022,10,4.0,inpe_bdq_aqua_ref,climatology_regional_intensity12,2.4796373259544127,2022-10
2302503,Brejo Santo,CE,2022,10,2.0,inpe_bdq_legacy,climatology_regional_intensity12,2.130938326992074,2022-10
2302701,Campos Sales,CE,2022,10,7.0,inpe_bdq_aqua_ref,climatology_regional_intensity12,1.9759609941199228,2022-10
2304103,Crateús,CE,2022,10,38.0,inpe_bdq_aqua_ref,climatology_regional_intensity12,31.490533054438423,2022-10
2304202,Crato,CE,2022,10,5.0,inpe_bdq_legacy,climatology_regional_intensity12,6.857746979592673,2022-10
2304400,Fortaleza,CE,2022,10,3.0,inpe_bdq_aqua_ref,climatology_regional_intensity12,0.6441245397498768,2022-10
2305100,Guaramiranga,CE,2022,10,0.0,inpe_bdq_aqua_ref,climatology_regional_intensity12,0.04600889569641977,2022-10
2305506,Iguatu,CE,2022,10,18.0,inpe_bdq_aqua_ref,climatology_regional_intensity12,3.0263629169200557,2022-10
2306405,Itapipoca,CE,2022,10,4.0,inpe_bdq_aqua_ref,climatology_regional_intensity12,2.249323789602744,2022-10
2306900,Jaguaribe,CE,2022,10,31.0,inpe_bdq_aqua_ref,climatology_regional_intensity12,1.3086974775870512,2022-10
2307106,Jardim,CE,2022,10,0.0,inpe_bdq_legacy,climatology_regional_intensity12,2.208426993428149,2022-10
2307205,Jati,CE,2022,10,0.0,inpe_bdq_legacy,climatology_regional_intensity12,2.3246599930822622,2022-10
2307304,Juazeiro do Norte,CE,2022,10,2.0,inpe_bdq_legacy,climatology_regional_intensity12,1.9486120530248372,2022-10
2308401,Missão Velha,CE,2022,10,5.0,inpe_bdq_legacy,climatology_regional_intensity12,3.913177655021808,2022-10
2308708,Morada Nova,CE,2022,10,3.0,inpe_bdq_aqua_ref,climatology_regional_intensity12,3.1899501016184373,2022-10
2309201,Nova Olinda,CE,2022,10,4.0,inpe_bdq_legacy,climatology_regional_intensity12,0.6199093314886032,2022-10
2311108,Porteiras,CE,2022,10,1.0,inpe_bdq_legacy,climatology_regional_intensity12,0.6495373510082791,2022-10
2311207,Potengi,CE,2022,10,4.0,inpe_bdq_legacy,climatology_regional_intensity12,1.3560516626313195,2022-10
2311306,Quixadá,CE,2022,10,11.0,inpe_bdq_aqua_ref,climatology_regional_intensity12,13.29145875674349,2022-10
2311405,Quixeramobim,CE,2022,10,18.0,inpe_bdq_aqua_ref,climatology_regional_intensity12,25.683187997645877,2022-10
2311959,Salitre,CE,2022,10,16.0,inpe_bdq_legacy,climatology_regional_intensity12,2.9445693245708653,2022-10
2312106,Santana do Cariri,CE,2022,10,5.0,inpe_bdq_legacy,climatology_regional_intensity12,5.075507651562939,2022-10
2312908,Sobral,CE,2022,10,15.0,inpe_bdq_aqua_ref,climatology_regional_intensity12,11.982761279156438,2022-10
2313302,Tauá,CE,2022,10,10.0,inpe_bdq_aqua_ref,climatology_regional_intensity12,5.889138649141731,2022-10
2313401,Tianguá,CE,2022,10,7.0,inpe_bdq_aqua_ref,climatology_regional_intensity12,2.9445693245708653,2022-10
2300101,Abaiara,CE,2022,11,2.0,inpe_bdq_legacy,climatology_municipal,2.8947368421052633,2022-11
2300200,Acaraú,CE,2022,11,1.0,inpe_bdq_aqua_ref,climatology_municipal,8.61111111111111,2022-11
2301307,Araripe,CE,2022,11,14.0,inpe_bdq_legacy,climatology_municipal,13.157894736842104,2022-11
2301604,Assaré,CE,2022,11,0.0,inpe_bdq_legacy,climatology_municipal,5.2105263157894735,2022-11
2301901,Barbalha,CE,2022,11,1.0,inpe_bdq_aqua_ref,climatology_municipal,4.894736842105263,2022-11
2302503,Brejo Santo,CE,2022,11,3.0,inpe_bdq_legacy,climatology_municipal,4.894736842105263,2022-11
2302701,Campos Sales,CE,2022,11,0.0,inpe_bdq_aqua_ref,climatology_municipal,2.8421052631578947,2022-11
2304103,Crateús,CE,2022,11,53.0,inpe_bdq_aqua_ref,climatology_municipal,60.27777777777778,2022-11
2304202,Crato,CE,2022,11,8.0,inpe_bdq_legacy,climatology_municipal,10.052631578947368,2022-11
2304400,Fortaleza,CE,2022,11,0.0,inpe_bdq_aqua_ref,climatology_municipal,1.1875,2022-11
2305100,Guaramiranga,CE,2022,11,0.0,inpe_bdq_aqua_ref,climatology_municipal,0.4375,2022-11
2305506,Iguatu,CE,2022,11,7.0,inpe_bdq_aqua_ref,climatology_municipal,7.777777777777778,2022-11
2306405,Itapipoca,CE,2022,11,7.0,inpe_bdq_aqua_ref,climatology_municipal,23.0,2022-11
2306900,Jaguaribe,CE,2022,11,2.0,inpe_bdq_aqua_ref,climatology_municipal,4.0,2022-11
2307106,Jardim,CE,2022,11,2.0,inpe_bdq_legacy,climatology_municipal,3.473684210526316,2022-11
2307205,Jati,CE,2022,11,4.0,inpe_bdq_legacy,climatology_municipal,2.263157894736842,2022-11
2307304,Juazeiro do Norte,CE,2022,11,2.0,inpe_bdq_legacy,climatology_municipal,3.2941176470588234,2022-11
2308401,Missão Velha,CE,2022,11,15.0,inpe_bdq_legacy,climatology_municipal,10.263157894736842,2022-11
2308708,Morada Nova,CE,2022,11,4.0,inpe_bdq_aqua_ref,climatology_municipal,4.777777777777778,2022-11
2309201,Nova Olinda,CE,2022,11,1.0,inpe_bdq_legacy,climatology_municipal,4.368421052631579,2022-11
2311108,Porteiras,CE,2022,11,2.0,inpe_bdq_legacy,climatology_municipal,2.176470588235294,2022-11
2311207,Potengi,CE,2022,11,5.0,inpe_bdq_legacy,climatology_municipal,2.6842105263157894,2022-11
2311306,Quixadá,CE,2022,11,7.0,inpe_bdq_aqua_ref,climatology_municipal,24.333333333333332,2022-11
2311405,Quixeramobim,CE,2022,11,26.0,inpe_bdq_aqua_ref,climatology_municipal,50.72222222222222,2022-11
2311959,Salitre,CE,2022,11,10.0,inpe_bdq_legacy,climatology_municipal,8.68421052631579,2022-11
2312106,Santana do Cariri,CE,2022,11,5.0,inpe_bdq_legacy,climatology_municipal,12.631578947368421,2022-11
2312908,Sobral,CE,2022,11,27.0,inpe_bdq_aqua_ref,climatology_municipal,31.0,2022-11
2313302,Tauá,CE,2022,11,7.0,inpe_bdq_aqua_ref,climatology_municipal,13.777777777777779,2022-11
2313401,Tianguá,CE,2022,11,14.0,inpe_bdq_aqua_ref,climatology_municipal,9.38888888888889,2022-11
2300101,Abaiara,CE,2022,11,2.0,inpe_bdq_legacy,climatology_regional_intensity12,2.333644764553102,2022-11
2300200,Acaraú,CE,2022,11,1.0,inpe_bdq_aqua_ref,climatology_regional_intensity12,6.942003870312005,2022-11
2301307,Araripe,CE,2022,11,14.0,inpe_bdq_legacy,climatology_regional_intensity12,10.6074762025141,2022-11
2301604,Assaré,CE,2022,11,0.0,inpe_bdq_legacy,climatology_regional_intensity12,4.200560576195584,2022-11
2301901,Barbalha,CE,2022,11,1.0,inpe_bdq_aqua_ref,climatology_regional_intensity12,3.945981147335245,2022-11
2302503,Brejo Santo,CE,2022,11,3.0,inpe_bdq_legacy,climatology_regional_intensity12,3.945981147335245,2022-11
2302701,Campos Sales,CE,2022,11,0.0,inpe_bdq_aqua_ref,climatology_regional_intensity12,2.2912148597430457,2022-11
2304103,Crateús,CE,2022,11,53.0,inpe_bdq_aqua_ref,climatology_regional_intensity12,48.59402709218404,2022-11
2304202,Crato,CE,2022,11,8.0,inpe_bdq_legacy,climatology_regional_intensity12,8.104111818720773,2022-11
2304400,Fortaleza,CE,2022,11,0.0,inpe_bdq_aqua_ref,climatology_regional_intensity12,0.9573247272768975,2022-11
2305100,Guaramiranga,CE,2022,11,0.0,inpe_bdq_aqua_ref,climatology_regional_intensity12,0.35269858373359386,2022-11
2305506,Iguatu,CE,2022,11,7.0,inpe_bdq_aqua_ref,climatology_regional_intensity12,6.27019704415278,2022-11
2306405,Itapipoca,CE,2022,11,7.0,inpe_bdq_aqua_ref,climatology_regional_intensity12,18.54186840199465,2022-11
2306900,Jaguaribe,CE,2022,11,2.0,inpe_bdq_aqua_ref,climatology_regional_intensity12,3.2246727655642866,2022-11
2307106,Jardim,CE,2022,11,2.0,inpe_bdq_legacy,climatology_regional_intensity12,2.8003737174637227,2022-11
2307205,Jati,CE,2022,11,4.0,inpe_bdq_legacy,climatology_regional_intensity12,1.8244859068324253,2022-11
2307304,Juazeiro do Norte,CE,2022,11,2.0,inpe_bdq_legacy,climatology_regional_intensity12,2.6556128657588243,2022-11
2308401,Missão Velha,CE,2022,11,15.0,inpe_bdq_legacy,climatology_regional_intensity12,8.273831437960999,2022-11
2308708,Morada Nova,CE,2022,11,4.0,inpe_bdq_aqua_ref,climatology_regional_intensity12,3.8516924699795645,2022-11
2309201,Nova Olinda,CE,2022,11,1.0,inpe_bdq_legacy,climatology_regional_intensity12,3.521682099234681,2022-11
2311108,Porteiras,CE,2022,11,2.0,inpe_bdq_legacy,climatology_regional_intensity12,1.7546013577335087,2022-11
2311207,Potengi,CE,2022,11,5.0,inpe_bdq_legacy,climatology_regional_intensity12,2.1639251453128763,2022-11
2311306,Quixadá,CE,2022,11,7.0,inpe_bdq_aqua_ref,climatology_regional_intensity12,19.616759323849408,2022-11
2311405,Quixeramobim,CE,2022,11,26.0,inpe_bdq_aqua_ref,climatology_regional_intensity12,40.89064215222491,2022-11
2311959,Salitre,CE,2022,11,10.0,inpe_bdq_legacy,climatology_regional_intensity12,7.000934293659307,2022-11
2312106,Santana do Cariri,CE,2022,11,5.0,inpe_bdq_legacy,climatology_regional_intensity12,10.183177154413537,2022-11
2312908,Sobral,CE,2022,11,27.0,inpe_bdq_aqua_ref,climatology_regional_intensity12,24.99121393312322,2022-11
2313302,Tauá,CE,2022,11,7.0,inpe_bdq_aqua_ref,climatology_regional_intensity12,11.107206192499211,2022-11
2313401,Tianguá,CE,2022,11,14.0,inpe_bdq_aqua_ref,climatology_regional_intensity12,7.569023574727284,2022-11
2300101,Abaiara,CE,2022,12,0.0,inpe_bdq_legacy,climatology_municipal,1.894736842105263,2022-12
2300200,Acaraú,CE,2022,12,4.0,inpe_bdq_aqua_ref,climatology_municipal,33.833333333333336,2022-12
2301307,Araripe,CE,2022,12,7.0,inpe_bdq_legacy,climatology_municipal,6.2105263157894735,2022-12
2301604,Assaré,CE,2022,12,10.0,inpe_bdq_legacy,climatology_municipal,4.894736842105263,2022-12
2301901,Barbalha,CE,2022,12,0.0,inpe_bdq_aqua_ref,climatology_municipal,2.263157894736842,2022-12
2302503,Brejo Santo,CE,2022,12,2.0,inpe_bdq_legacy,climatology_municipal,2.263157894736842,2022-12
2302701,Campos Sales,CE,2022,12,3.0,inpe_bdq_aqua_ref,climatology_municipal,1.368421052631579,2022-12
2304103,Crateús,CE,2022,12,29.0,inpe_bdq_aqua_ref,climatology_municipal,26.72222222222222,2022-12
2304202,Crato,CE,2022,12,2.0,inpe_bdq_legacy,climatology_municipal,6.105263157894737,2022-12
2304400,Fortaleza,CE,2022,12,0.0,inpe_bdq_aqua_ref,climatology_municipal,0.1875,2022-12
2305100,Guaramiranga,CE,2022,12,0.0,inpe_bdq_aqua_ref,climatology_municipal,0.0625,2022-12
2305506,Iguatu,CE,2022,12,6.0,inpe_bdq_aqua_ref,climatology_municipal,3.888888888888889,2022-12
2306405,Itapipoca,CE,2022,12,43.0,inpe_bdq_aqua_ref,climatology_municipal,63.388888888888886,2022-12
2306900,Jaguaribe,CE,2022,12,2.0,inpe_bdq_aqua_ref,climatology_municipal,2.1666666666666665,2022-12
2307106,Jardim,CE,2022,12,1.0,inpe_bdq_legacy,climatology_municipal,3.5789473684210527,2022-12
2307205,Jati,CE,2022,12,1.0,inpe_bdq_legacy,climatology_municipal,0.9473684210526315,2022-12
2307304,Juazeiro do Norte,CE,2022,12,0.0,inpe_bdq_legacy,climatology_municipal,1.1764705882352942,2022-12
2308401,Missão Velha,CE,2022,12,3.0,inpe_bdq_legacy,climatology_municipal,7.157894736842105,2022-12
2308708,Morada Nova,CE,2022,12,0.0,inpe_bdq_aqua_ref,climatology_municipal,5.0,2022-12
2309201,Nova Olinda,CE,2022,12,0.0,inpe_bdq_legacy,climatology_municipal,2.9473684210526314,2022-12
2311108,Porteiras,CE,2022,12,0.0,inpe_bdq_legacy,climatology_municipal,2.0,2022-12
2311207,Potengi,CE,2022,12,1.0,inpe_bdq_legacy,climatology_municipal,1.3157894736842106,2022-12
2311306,Quixadá,CE,2022,12,9.0,inpe_bdq_aqua_ref,climatology_municipal,13.222222222222221,2022-12
2311405,Quixeramobim,CE,2022,12,23.0,inpe_bdq_aqua_ref,climatology_municipal,31.38888888888889,2022-12
2311959,Salitre,CE,2022,12,4.0,inpe_bdq_legacy,climatology_municipal,3.473684210526316,2022-12
2312106,Santana do Cariri,CE,2022,12,13.0,inpe_bdq_legacy,climatology_municipal,10.368421052631579,2022-12
2312908,Sobral,CE,2022,12,23.0,inpe_bdq_aqua_ref,climatology_municipal,19.055555555555557,2022-12
2313302,Tauá,CE,2022,12,19.0,inpe_bdq_aqua_ref,climatology_municipal,8.555555555555555,2022-12
2313401,Tianguá,CE,2022,12,6.0,inpe_bdq_aqua_ref,climatology_municipal,12.444444444444445,2022-12
2300101,Abaiara,CE,2022,12,0.0,inpe_bdq_legacy,climatology_regional_intensity12,1.4723472489204654,2022-12
2300200,Acaraú,CE,2022,12,4.0,inpe_bdq_aqua_ref,climatology_regional_intensity12,26.2909413846585,2022-12
2301307,Araripe,CE,2022,12,7.0,inpe_bdq_legacy,climatology_regional_intensity12,4.826027093683748,2022-12
2301604,Assaré,CE,2022,12,10.0,inpe_bdq_legacy,climatology_regional_intensity12,3.8035637263778685,2022-12
2301901,Barbalha,CE,2022,12,0.0,inpe_bdq_aqua_ref,climatology_regional_intensity12,1.7586369917661113,2022-12
2302503,Brejo Santo,CE,2022,12,2.0,inpe_bdq_legacy,climatology_regional_intensity12,1.7586369917661113,2022-12
2302701,Campos Sales,CE,2022,12,3.0,inpe_bdq_aqua_ref,climatology_regional_intensity12,1.063361901998114,2022-12
2304103,Crateús,CE,2022,12,29.0,inpe_bdq_aqua_ref,climatology_regional_intensity12,20.765094919574278,2022-12
2304202,Crato,CE,2022,12,2.0,inpe_bdq_legacy,climatology_regional_intensity12,4.744230024299278,2022-12
2304400,Fortaleza,CE,2022,12,0.0,inpe_bdq_aqua_ref,climatology_regional_intensity12,0.14570102984108774,2022-12
2305100,Guaramiranga,CE,2022,12,0.0,inpe_bdq_aqua_ref,climatology_regional_intensity12,0.04856700994702924,2022-12
2305506,Iguatu,CE,2022,12,6.0,inpe_bdq_aqua_ref,climatology_regional_intensity12,3.0219472855929306,2022-12
2306405,Itapipoca,CE,2022,12,43.0,inpe_bdq_aqua_ref,climatology_regional_intensity12,49.25774075516477,2022-12
2306900,Jaguaribe,CE,2022,12,2.0,inpe_bdq_aqua_ref,climatology_regional_intensity12,1.683656344830347,2022-12
2307106,Jardim,CE,2022,12,1.0,inpe_bdq_legacy,climatology_regional_intensity12,2.7811003590719903,2022-12
2307205,Jati,CE,2022,12,1.0,inpe_bdq_legacy,climatology_regional_intensity12,0.7361736244602327,2022-12
2307304,Juazeiro do Norte,CE,2022,12,0.0,inpe_bdq_legacy,climatology_regional_intensity12,0.914202540179374,2022-12
2308401,Missão Velha,CE,2022,12,3.0,inpe_bdq_legacy,climatology_regional_intensity12,5.5622007181439805,2022-12
2308708,Morada Nova,CE,2022,12,0.0,inpe_bdq_aqua_ref,climatology_regional_intensity12,3.885360795762339,2022-12
2309201,Nova Olinda,CE,2022,12,0.0,inpe_bdq_legacy,climatology_regional_intensity12,2.290317942765168,2022-12
2311108,Porteiras,CE,2022,12,0.0,inpe_bdq_legacy,climatology_regional_intensity12,1.5541443183049357,2022-12
2311207,Potengi,CE,2022,12,1.0,inpe_bdq_legacy,climatology_regional_intensity12,1.0224633673058787,2022-12
2311306,Quixadá,CE,2022,12,9.0,inpe_bdq_aqua_ref,climatology_regional_intensity12,10.274620771015963,2022-12
2311405,Quixeramobim,CE,2022,12,23.0,inpe_bdq_aqua_ref,climatology_regional_intensity12,24.391431662285797,2022-12
2311959,Salitre,CE,2022,12,4.0,inpe_bdq_legacy,climatology_regional_intensity12,2.69930328968752,2022-12
2312106,Santana do Cariri,CE,2022,12,13.0,inpe_bdq_legacy,climatology_regional_intensity12,8.057011334370324,2022-12
2312908,Sobral,CE,2022,12,23.0,inpe_bdq_aqua_ref,climatology_regional_intensity12,14.80754169940536,2022-12
2313302,Tauá,CE,2022,12,19.0,inpe_bdq_aqua_ref,climatology_regional_intensity12,6.648284028304447,2022-12
2313401,Tianguá,CE,2022,12,6.0,inpe_bdq_aqua_ref,climatology_regional_intensity12,9.670231313897379,2022-12
2300101,Abaiara,CE,2023,1,0.0,inpe_bdq_legacy,climatology_municipal,0.05263157894736842,2023-01
2300200,Acaraú,CE,2023,1,0.0,inpe_bdq_aqua_ref,climatology_municipal,5.315789473684211,2023-01
2301307,Araripe,CE,2023,1,1.0,inpe_bdq_legacy,climatology_municipal,1.368421052631579,2023-01
2301604,Assaré,CE,2023,1,0.0,inpe_bdq_legacy,climatology_municipal,1.9473684210526316,2023-01
2301901,Barbalha,CE,2023,1,1.0,inpe_bdq_aqua_ref,climatology_municipal,0.42105263157894735,2023-01
2302503,Brejo Santo,CE,2023,1,0.0,inpe_bdq_legacy,climatology_municipal,0.3684210526315789,2023-01
2302701,Campos Sales,CE,2023,1,1.0,inpe_bdq_aqua_ref,climatology_municipal,0.3684210526315789,2023-01
2304103,Crateús,CE,2023,1,4.0,inpe_bdq_aqua_ref,climatology_municipal,3.5789473684210527,2023-01
2304202,Crato,CE,2023,1,0.0,inpe_bdq_legacy,climatology_municipal,0.7894736842105263,2023-01
2304400,Fortaleza,CE,2023,1,0.0,inpe_bdq_aqua_ref,climatology_municipal,0.10526315789473684,2023-01
2305100,Guaramiranga,CE,2023,1,0.0,inpe_bdq_aqua_ref,climatology_municipal,0.0,2023-01
2305506,Iguatu,CE,2023,1,0.0,inpe_bdq_aqua_ref,climatology_municipal,1.1578947368421053,2023-01
2306405,Itapipoca,CE,2023,1,4.0,inpe_bdq_aqua_ref,climatology_municipal,7.052631578947368,2023-01
2306900,Jaguaribe,CE,2023,1,0.0,inpe_bdq_aqua_ref,climatology_municipal,0.7894736842105263,2023-01
2307007,Jaguaruana,CE,2023,1,0.0,inpe_bdq_aqua_ref,climatology_municipal,0.5789473684210527,2023-01
2307106,Jardim,CE,2023,1,0.0,inpe_bdq_legacy,climatology_municipal,0.47368421052631576,2023-01
2307205,Jati,CE,2023,1,0.0,inpe_bdq_legacy,climatology_municipal,0.3684210526315789,2023-01
2307304,Juazeiro do Norte,CE,2023,1,0.0,inpe_bdq_legacy,climatology_municipal,0.15789473684210525,2023-01
2308401,Missão Velha,CE,2023,1,1.0,inpe_bdq_legacy,climatology_municipal,1.105263157894737,2023-01
2308708,Morada Nova,CE,2023,1,0.0,inpe_bdq_aqua_ref,climatology_municipal,1.6842105263157894,2023-01
2309201,Nova Olinda,CE,2023,1,0.0,inpe_bdq_legacy,climatology_municipal,0.2631578947368421,2023-01
2310605,Penaforte,CE,2023,1,0.0,inpe_bdq_legacy,climatology_municipal,0.05263157894736842,2023-01
2311108,Porteiras,CE,2023,1,0.0,inpe_bdq_legacy,climatology_municipal,0.21052631578947367,2023-01
2311207,Potengi,CE,2023,1,0.0,inpe_bdq_legacy,climatology_municipal,0.7368421052631579,2023-01
2311306,Quixadá,CE,2023,1,2.0,inpe_bdq_aqua_ref,climatology_municipal,2.0,2023-01
2311405,Quixeramobim,CE,2023,1,2.0,inpe_bdq_aqua_ref,climatology_municipal,5.684210526315789,2023-01
2311959,Salitre,CE,2023,1,0.0,inpe_bdq_legacy,climatology_municipal,0.5263157894736842,2023-01
2312106,Santana do Cariri,CE,2023,1,0.0,inpe_bdq_legacy,climatology_municipal,3.5789473684210527,2023-01
2312908,Sobral,CE,2023,1,1.0,inpe_bdq_aqua_ref,climatology_municipal,2.263157894736842,2023-01
2313302,Tauá,CE,2023,1,0.0,inpe_bdq_aqua_ref,climatology_municipal,1.1578947368421053,2023-01
2313401,Tianguá,CE,2023,1,0.0,inpe_bdq_aqua_ref,climatology_municipal,0.7368421052631579,2023-01
2300101,Abaiara,CE,2023,1,0.0,inpe_bdq_legacy,climatology_regional_intensity12,0.04597014693057425,2023-01
2300200,Acaraú,CE,2023,1,0.0,inpe_bdq_aqua_ref,climatology_regional_intensity12,4.642984839987999,2023-01
2301307,Araripe,CE,2023,1,1.0,inpe_bdq_legacy,climatology_regional_intensity12,1.1952238201949306,2023-01
2301604,Assaré,CE,2023,1,0.0,inpe_bdq_legacy,climatology_regional_intensity12,1.7008954364312474,2023-01
2301901,Barbalha,CE,2023,1,1.0,inpe_bdq_aqua_ref,climatology_regional_intensity12,0.367761175444594,2023-01
2302503,Brejo Santo,CE,2023,1,0.0,inpe_bdq_legacy,climatology_regional_intensity12,0.32179102851401975,2023-01
2302701,Campos Sales,CE,2023,1,1.0,inpe_bdq_aqua_ref,climatology_regional_intensity12,0.32179102851401975,2023-01
2304103,Crateús,CE,2023,1,4.0,inpe_bdq_aqua_ref,climatology_regional_intensity12,3.125969991279049,2023-01
2304202,Crato,CE,2023,1,0.0,inpe_bdq_legacy,climatology_regional_intensity12,0.6895522039586138,2023-01
2304400,Fortaleza,CE,2023,1,0.0,inpe_bdq_aqua_ref,climatology_regional_intensity12,0.0919402938611485,2023-01
2305100,Guaramiranga,CE,2023,1,0.0,inpe_bdq_aqua_ref,climatology_regional_intensity12,0.0,2023-01
2305506,Iguatu,CE,2023,1,0.0,inpe_bdq_aqua_ref,climatology_regional_intensity12,1.0113432324726337,2023-01
2306405,Itapipoca,CE,2023,1,4.0,inpe_bdq_aqua_ref,climatology_regional_intensity12,6.15999968869695,2023-01
2306900,Jaguaribe,CE,2023,1,0.0,inpe_bdq_aqua_ref,climatology_regional_intensity12,0.6895522039586138,2023-01
2307007,Jaguaruana,CE,2023,1,0.0,inpe_bdq_aqua_ref,climatology_regional_intensity12,0.5056716162363168,2023-01
2307106,Jardim,CE,2023,1,0.0,inpe_bdq_legacy,climatology_regional_intensity12,0.41373132237516824,2023-01
2307205,Jati,CE,2023,1,0.0,inpe_bdq_legacy,climatology_regional_intensity12,0.32179102851401975,2023-01
2307304,Juazeiro do Norte,CE,2023,1,0.0,inpe_bdq_legacy,climatology_regional_intensity12,0.13791044079172277,2023-01
2308401,Missão Velha,CE,2023,1,1.0,inpe_bdq_legacy,climatology_regional_intensity12,0.9653730855420594,2023-01
2308708,Morada Nova,CE,2023,1,0.0,inpe_bdq_aqua_ref,climatology_regional_intensity12,1.471044701778376,2023-01
2309201,Nova Olinda,CE,2023,1,0.0,inpe_bdq_legacy,climatology_regional_intensity12,0.22985073465287126,2023-01
2310605,Penaforte,CE,2023,1,0.0,inpe_bdq_legacy,climatology_regional_intensity12,0.04597014693057425,2023-01
2311108,Porteiras,CE,2023,1,0.0,inpe_bdq_legacy,climatology_regional_intensity12,0.183880587722297,2023-01
2311207,Potengi,CE,2023,1,0.0,inpe_bdq_legacy,climatology_regional_intensity12,0.6435820570280395,2023-01
2311306,Quixadá,CE,2023,1,2.0,inpe_bdq_aqua_ref,climatology_regional_intensity12,1.7468655833618216,2023-01
2311405,Quixeramobim,CE,2023,1,2.0,inpe_bdq_aqua_ref,climatology_regional_intensity12,4.964775868502019,2023-01
2311959,Salitre,CE,2023,1,0.0,inpe_bdq_legacy,climatology_regional_intensity12,0.4597014693057425,2023-01
2312106,Santana do Cariri,CE,2023,1,0.0,inpe_bdq_legacy,climatology_regional_intensity12,3.125969991279049,2023-01
2312908,Sobral,CE,2023,1,1.0,inpe_bdq_aqua_ref,climatology_regional_intensity12,1.976716318014693,2023-01
2313302,Tauá,CE,2023,1,0.0,inpe_bdq_aqua_ref,climatology_regional_intensity12,1.0113432324726337,2023-01
2313401,Tianguá,CE,2023,1,0.0,inpe_bdq_aqua_ref,climatology_regional_intensity12,0.6435820570280395,2023-01
2300101,Abaiara,CE,2023,2,0.0,inpe_bdq_legacy,climatology_municipal,0.0,2023-02
2300200,Acaraú,CE,2023,2,0.0,inpe_bdq_aqua_ref,climatology_municipal,0.631578947368421,2023-02
2301307,Araripe,CE,2023,2,1.0,inpe_bdq_legacy,climatology_municipal,0.10526315789473684,2023-02
2301604,Assaré,CE,2023,2,0.0,inpe_bdq_legacy,climatology_municipal,0.2631578947368421,2023-02
2301901,Barbalha,CE,2023,2,0.0,inpe_bdq_aqua_ref,climatology_municipal,0.15789473684210525,2023-02
2302503,Brejo Santo,CE,2023,2,1.0,inpe_bdq_legacy,climatology_municipal,0.05263157894736842,2023-02
2302701,Campos Sales,CE,2023,2,0.0,inpe_bdq_aqua_ref,climatology_municipal,0.05263157894736842,2023-02
2304103,Crateús,CE,2023,2,0.0,inpe_bdq_aqua_ref,climatology_municipal,0.15789473684210525,2023-02
2304202,Crato,CE,2023,2,1.0,inpe_bdq_legacy,climatology_municipal,0.2631578947368421,2023-02
2304400,Fortaleza,CE,2023,2,0.0,inpe_bdq_aqua_ref,climatology_municipal,0.10526315789473684,2023-02
2305100,Guaramiranga,CE,2023,2,0.0,inpe_bdq_aqua_ref,climatology_municipal,0.0,2023-02
2305506,Iguatu,CE,2023,2,0.0,inpe_bdq_aqua_ref,climatology_municipal,0.10526315789473684,2023-02
2306405,Itapipoca,CE,2023,2,0.0,inpe_bdq_aqua_ref,climatology_municipal,0.21052631578947367,2023-02
2306900,Jaguaribe,CE,2023,2,0.0,inpe_bdq_aqua_ref,climatology_municipal,0.21052631578947367,2023-02
2307007,Jaguaruana,CE,2023,2,0.0,inpe_bdq_aqua_ref,climatology_municipal,0.2631578947368421,2023-02
2307106,Jardim,CE,2023,2,0.0,inpe_bdq_legacy,climatology_municipal,0.10526315789473684,2023-02
2307205,Jati,CE,2023,2,0.0,inpe_bdq_legacy,climatology_municipal,0.15789473684210525,2023-02
2307304,Juazeiro do Norte,CE,2023,2,1.0,inpe_bdq_legacy,climatology_municipal,0.0,2023-02
2308401,Missão Velha,CE,2023,2,2.0,inpe_bdq_legacy,climatology_municipal,0.10526315789473684,2023-02
2308708,Morada Nova,CE,2023,2,2.0,inpe_bdq_aqua_ref,climatology_municipal,0.5789473684210527,2023-02
2309201,Nova Olinda,CE,2023,2,0.0,inpe_bdq_legacy,climatology_municipal,0.0,2023-02
2310605,Penaforte,CE,2023,2,0.0,inpe_bdq_legacy,climatology_municipal,0.10526315789473684,2023-02
2311108,Porteiras,CE,2023,2,0.0,inpe_bdq_legacy,climatology_municipal,0.10526315789473684,2023-02
2311207,Potengi,CE,2023,2,0.0,inpe_bdq_legacy,climatology_municipal,0.3157894736842105,2023-02
2311306,Quixadá,CE,2023,2,0.0,inpe_bdq_aqua_ref,climatology_municipal,0.21052631578947367,2023-02
2311405,Quixeramobim,CE,2023,2,0.0,inpe_bdq_aqua_ref,climatology_municipal,1.105263157894737,2023-02
2311959,Salitre,CE,2023,2,0.0,inpe_bdq_legacy,climatology_municipal,0.05263157894736842,2023-02
2312106,Santana do Cariri,CE,2023,2,0.0,inpe_bdq_legacy,climatology_municipal,0.2631578947368421,2023-02
2312908,Sobral,CE,2023,2,0.0,inpe_bdq_aqua_ref,climatology_municipal,0.15789473684210525,2023-02
2313302,Tauá,CE,2023,2,1.0,inpe_bdq_aqua_ref,climatology_municipal,0.2631578947368421,2023-02
2313401,Tianguá,CE,2023,2,0.0,inpe_bdq_aqua_ref,climatology_municipal,0.21052631578947367,2023-02
2300101,Abaiara,CE,2023,2,0.0,inpe_bdq_legacy,climatology_regional_intensity12,0.0,2023-02
2300200,Acaraú,CE,2023,2,0.0,inpe_bdq_aqua_ref,climatology_regional_intensity12,0.5576333659208915,2023-02
2301307,Araripe,CE,2023,2,1.0,inpe_bdq_legacy,climatology_regional_intensity12,0.09293889432014858,2023-02
2301604,Assaré,CE,2023,2,0.0,inpe_bdq_legacy,climatology_regional_intensity12,0.23234723580037148,2023-02
2301901,Barbalha,CE,2023,2,0.0,inpe_bdq_aqua_ref,climatology_regional_intensity12,0.13940834148022288,2023-02
2302503,Brejo Santo,CE,2023,2,1.0,inpe_bdq_legacy,climatology_regional_intensity12,0.04646944716007429,2023-02
2302701,Campos Sales,CE,2023,2,0.0,inpe_bdq_aqua_ref,climatology_regional_intensity12,0.04646944716007429,2023-02
2304103,Crateús,CE,2023,2,0.0,inpe_bdq_aqua_ref,climatology_regional_intensity12,0.13940834148022288,2023-02
2304202,Crato,CE,2023,2,1.0,inpe_bdq_legacy,climatology_regional_intensity12,0.23234723580037148,2023-02
2304400,Fortaleza,CE,2023,2,0.0,inpe_bdq_aqua_ref,climatology_regional_intensity12,0.09293889432014858,2023-02
2305100,Guaramiranga,CE,2023,2,0.0,inpe_bdq_aqua_ref,climatology_regional_intensity12,0.0,2023-02
2305506,Iguatu,CE,2023,2,0.0,inpe_bdq_aqua_ref,climatology_regional_intensity12,0.09293889432014858,2023-02
2306405,Itapipoca,CE,2023,2,0.0,inpe_bdq_aqua_ref,climatology_regional_intensity12,0.18587778864029716,2023-02
2306900,Jaguaribe,CE,2023,2,0.0,inpe_bdq_aqua_ref,climatology_regional_intensity12,0.18587778864029716,2023-02
2307007,Jaguaruana,CE,2023,2,0.0,inpe_bdq_aqua_ref,climatology_regional_intensity12,0.23234723580037148,2023-02
2307106,Jardim,CE,2023,2,0.0,inpe_bdq_legacy,climatology_regional_intensity12,0.09293889432014858,2023-02
2307205,Jati,CE,2023,2,0.0,inpe_bdq_legacy,climatology_regional_intensity12,0.13940834148022288,2023-02
2307304,Juazeiro do Norte,CE,2023,2,1.0,inpe_bdq_legacy,climatology_regional_intensity12,0.0,2023-02
2308401,Missão Velha,CE,2023,2,2.0,inpe_bdq_legacy,climatology_regional_intensity12,0.09293889432014858,2023-02
2308708,Morada Nova,CE,2023,2,2.0,inpe_bdq_aqua_ref,climatology_regional_intensity12,0.5111639187608172,2023-02
2309201,Nova Olinda,CE,2023,2,0.0,inpe_bdq_legacy,climatology_regional_intensity12,0.0,2023-02
2310605,Penaforte,CE,2023,2,0.0,inpe_bdq_legacy,climatology_regional_intensity12,0.09293889432014858,2023-02
2311108,Porteiras,CE,2023,2,0.0,inpe_bdq_legacy,climatology_regional_intensity12,0.09293889432014858,2023-02
2311207,Potengi,CE,2023,2,0.0,inpe_bdq_legacy,climatology_regional_intensity12,0.27881668296044576,2023-02
2311306,Quixadá,CE,2023,2,0.0,inpe_bdq_aqua_ref,climatology_regional_intensity12,0.18587778864029716,2023-02
2311405,Quixeramobim,CE,2023,2,0.0,inpe_bdq_aqua_ref,climatology_regional_intensity12,0.9758583903615603,2023-02
2311959,Salitre,CE,2023,2,0.0,inpe_bdq_legacy,climatology_regional_intensity12,0.04646944716007429,2023-02
2312106,Santana do Cariri,CE,2023,2,0.0,inpe_bdq_legacy,climatology_regional_intensity12,0.23234723580037148,2023-02
2312908,Sobral,CE,2023,2,0.0,inpe_bdq_aqua_ref,climatology_regional_intensity12,0.13940834148022288,2023-02
2313302,Tauá,CE,2023,2,1.0,inpe_bdq_aqua_ref,climatology_regional_intensity12,0.23234723580037148,2023-02
2313401,Tianguá,CE,2023,2,0.0,inpe_bdq_aqua_ref,climatology_regional_intensity12,0.18587778864029716,2023-02
2300101,Abaiara,CE,2023,3,1.0,inpe_bdq_legacy,climatology_municipal,0.0,2023-03
2300200,Acaraú,CE,2023,3,0.0,inpe_bdq_aqua_ref,climatology_municipal,0.5789473684210527,2023-03
2301307,Araripe,CE,2023,3,0.0,inpe_bdq_legacy,climatology_municipal,0.0,2023-03
2301604,Assaré,CE,2023,3,0.0,inpe_bdq_legacy,climatology_municipal,0.0,2023-03
2301901,Barbalha,CE,2023,3,0.0,inpe_bdq_aqua_ref,climatology_municipal,0.0,2023-03
2302503,Brejo Santo,CE,2023,3,0.0,inpe_bdq_legacy,climatology_municipal,0.0,2023-03
2302701,Campos Sales,CE,2023,3,0.0,inpe_bdq_aqua_ref,climatology_municipal,0.0,2023-03
2304103,Crateús,CE,2023,3,0.0,inpe_bdq_aqua_ref,climatology_municipal,0.10526315789473684,2023-03
2304202,Crato,CE,2023,3,1.0,inpe_bdq_legacy,climatology_municipal,0.10526315789473684,2023-03
2304400,Fortaleza,CE,2023,3,0.0,inpe_bdq_aqua_ref,climatology_municipal,0.0,2023-03
2305100,Guaramiranga,CE,2023,3,0.0,inpe_bdq_aqua_ref,climatology_municipal,0.0,2023-03
2305506,Iguatu,CE,2023,3,1.0,inpe_bdq_aqua_ref,climatology_municipal,0.21052631578947367,2023-03
2306405,Itapipoca,CE,2023,3,0.0,inpe_bdq_aqua_ref,climatology_municipal,0.05263157894736842,2023-03
2306900,Jaguaribe,CE,2023,3,0.0,inpe_bdq_aqua_ref,climatology_municipal,0.05263157894736842,2023-03
2307007,Jaguaruana,CE,2023,3,0.0,inpe_bdq_aqua_ref,climatology_municipal,0.05263157894736842,2023-03
2307106,Jardim,CE,2023,3,0.0,inpe_bdq_legacy,climatology_municipal,0.05263157894736842,2023-03
2307205,Jati,CE,2023,3,0.0,inpe_bdq_legacy,climatology_municipal,0.0,2023-03
2307304,Juazeiro do Norte,CE,2023,3,0.0,inpe_bdq_legacy,climatology_municipal,0.10526315789473684,2023-03
2308401,Missão Velha,CE,2023,3,0.0,inpe_bdq_legacy,climatology_municipal,0.3157894736842105,2023-03
2308708,Morada Nova,CE,2023,3,1.0,inpe_bdq_aqua_ref,climatology_municipal,0.10526315789473684,2023-03
2309201,Nova Olinda,CE,2023,3,0.0,inpe_bdq_legacy,climatology_municipal,0.0,2023-03
2310605,Penaforte,CE,2023,3,0.0,inpe_bdq_legacy,climatology_municipal,0.0,2023-03
2311108,Porteiras,CE,2023,3,0.0,inpe_bdq_legacy,climatology_municipal,0.0,2023-03
2311207,Potengi,CE,2023,3,0.0,inpe_bdq_legacy,climatology_municipal,0.0,2023-03
2311306,Quixadá,CE,2023,3,0.0,inpe_bdq_aqua_ref,climatology_municipal,0.10526315789473684,2023-03
2311405,Quixeramobim,CE,2023,3,0.0,inpe_bdq_aqua_ref,climatology_municipal,0.3684210526315789,2023-03
2311959,Salitre,CE,2023,3,0.0,inpe_bdq_legacy,climatology_municipal,0.05263157894736842,2023-03
2312106,Santana do Cariri,CE,2023,3,0.0,inpe_bdq_legacy,climatology_municipal,0.0,2023-03
2312908,Sobral,CE,2023,3,0.0,inpe_bdq_aqua_ref,climatology_municipal,0.05263157894736842,2023-03
2313302,Tauá,CE,2023,3,1.0,inpe_bdq_aqua_ref,climatology_municipal,0.0,2023-03
2313401,Tianguá,CE,2023,3,0.0,inpe_bdq_aqua_ref,climatology_municipal,0.0,2023-03
2300101,Abaiara,CE,2023,3,1.0,inpe_bdq_legacy,climatology_regional_intensity12,0.0,2023-03
2300200,Acaraú,CE,2023,3,0.0,inpe_bdq_aqua_ref,climatology_regional_intensity12,0.515399710542171,2023-03
2301307,Araripe,CE,2023,3,0.0,inpe_bdq_legacy,climatology_regional_intensity12,0.0,2023-03
2301604,Assaré,CE,2023,3,0.0,inpe_bdq_legacy,climatology_regional_intensity12,0.0,2023-03
2301901,Barbalha,CE,2023,3,0.0,inpe_bdq_aqua_ref,climatology_regional_intensity12,0.0,2023-03
2302503,Brejo Santo,CE,2023,3,0.0,inpe_bdq_legacy,climatology_regional_intensity12,0.0,2023-03
2302701,Campos Sales,CE,2023,3,0.0,inpe_bdq_aqua_ref,climatology_regional_intensity12,0.0,2023-03
2304103,Crateús,CE,2023,3,0.0,inpe_bdq_aqua_ref,climatology_regional_intensity12,0.09370903828039472,2023-03
2304202,Crato,CE,2023,3,1.0,inpe_bdq_legacy,climatology_regional_intensity12,0.09370903828039472,2023-03
2304400,Fortaleza,CE,2023,3,0.0,inpe_bdq_aqua_ref,climatology_regional_intensity12,0.0,2023-03
2305100,Guaramiranga,CE,2023,3,0.0,inpe_bdq_aqua_ref,climatology_regional_intensity12,0.0,2023-03
2305506,Iguatu,CE,2023,3,1.0,inpe_bdq_aqua_ref,climatology_regional_intensity12,0.18741807656078943,2023-03
2306405,Itapipoca,CE,2023,3,0.0,inpe_bdq_aqua_ref,climatology_regional_intensity12,0.04685451914019736,2023-03
2306900,Jaguaribe,CE,2023,3,0.0,inpe_bdq_aqua_ref,climatology_regional_intensity12,0.04685451914019736,2023-03
2307007,Jaguaruana,CE,2023,3,0.0,inpe_bdq_aqua_ref,climatology_regional_intensity12,0.04685451914019736,2023-03
2307106,Jardim,CE,2023,3,0.0,inpe_bdq_legacy,climatology_regional_intensity12,0.04685451914019736,2023-03
2307205,Jati,CE,2023,3,0.0,inpe_bdq_legacy,climatology_regional_intensity12,0.0,2023-03
2307304,Juazeiro do Norte,CE,2023,3,0.0,inpe_bdq_legacy,climatology_regional_intensity12,0.09370903828039472,2023-03
2308401,Missão Velha,CE,2023,3,0.0,inpe_bdq_legacy,climatology_regional_intensity12,0.28112711484118413,2023-03
2308708,Morada Nova,CE,2023,3,1.0,inpe_bdq_aqua_ref,climatology_regional_intensity12,0.09370903828039472,2023-03
2309201,Nova Olinda,CE,2023,3,0.0,inpe_bdq_legacy,climatology_regional_intensity12,0.0,2023-03
2310605,Penaforte,CE,2023,3,0.0,inpe_bdq_legacy,climatology_regional_intensity12,0.0,2023-03
2311108,Porteiras,CE,2023,3,0.0,inpe_bdq_legacy,climatology_regional_intensity12,0.0,2023-03
2311207,Potengi,CE,2023,3,0.0,inpe_bdq_legacy,climatology_regional_intensity12,0.0,2023-03
2311306,Quixadá,CE,2023,3,0.0,inpe_bdq_aqua_ref,climatology_regional_intensity12,0.09370903828039472,2023-03
2311405,Quixeramobim,CE,2023,3,0.0,inpe_bdq_aqua_ref,climatology_regional_intensity12,0.3279816339813815,2023-03
2311959,Salitre,CE,2023,3,0.0,inpe_bdq_legacy,climatology_regional_intensity12,0.04685451914019736,2023-03
2312106,Santana do Cariri,CE,2023,3,0.0,inpe_bdq_legacy,climatology_regional_intensity12,0.0,2023-03
2312908,Sobral,CE,2023,3,0.0,inpe_bdq_aqua_ref,climatology_regional_intensity12,0.04685451914019736,2023-03
2313302,Tauá,CE,2023,3,1.0,inpe_bdq_aqua_ref,climatology_regional_intensity12,0.0,2023-03
2313401,Tianguá,CE,2023,3,0.0,inpe_bdq_aqua_ref,climatology_regional_intensity12,0.0,2023-03
2300101,Abaiara,CE,2023,4,0.0,inpe_bdq_legacy,climatology_municipal,0.0,2023-04
2300200,Acaraú,CE,2023,4,0.0,inpe_bdq_aqua_ref,climatology_municipal,0.0,2023-04
2301307,Araripe,CE,2023,4,0.0,inpe_bdq_legacy,climatology_municipal,0.0,2023-04
2301604,Assaré,CE,2023,4,0.0,inpe_bdq_legacy,climatology_municipal,0.0,2023-04
2301901,Barbalha,CE,2023,4,0.0,inpe_bdq_aqua_ref,climatology_municipal,0.0,2023-04
2302503,Brejo Santo,CE,2023,4,0.0,inpe_bdq_legacy,climatology_municipal,0.0,2023-04
2302701,Campos Sales,CE,2023,4,0.0,inpe_bdq_aqua_ref,climatology_municipal,0.0,2023-04
2304103,Crateús,CE,2023,4,0.0,inpe_bdq_aqua_ref,climatology_municipal,0.10526315789473684,2023-04
2304202,Crato,CE,2023,4,0.0,inpe_bdq_legacy,climatology_municipal,0.0,2023-04
2304400,Fortaleza,CE,2023,4,0.0,inpe_bdq_aqua_ref,climatology_municipal,0.0,2023-04
2305100,Guaramiranga,CE,2023,4,0.0,inpe_bdq_aqua_ref,climatology_municipal,0.0,2023-04
2305506,Iguatu,CE,2023,4,2.0,inpe_bdq_aqua_ref,climatology_municipal,0.05263157894736842,2023-04
2306405,Itapipoca,CE,2023,4,0.0,inpe_bdq_aqua_ref,climatology_municipal,0.0,2023-04
2306900,Jaguaribe,CE,2023,4,0.0,inpe_bdq_aqua_ref,climatology_municipal,0.10526315789473684,2023-04
2307007,Jaguaruana,CE,2023,4,0.0,inpe_bdq_aqua_ref,climatology_municipal,0.0,2023-04
2307106,Jardim,CE,2023,4,0.0,inpe_bdq_legacy,climatology_municipal,0.0,2023-04
2307205,Jati,CE,2023,4,0.0,inpe_bdq_legacy,climatology_municipal,0.0,2023-04
2307304,Juazeiro do Norte,CE,2023,4,0.0,inpe_bdq_legacy,climatology_municipal,0.0,2023-04
2308401,Missão Velha,CE,2023,4,0.0,inpe_bdq_legacy,climatology_municipal,0.21052631578947367,2023-04
2308708,Morada Nova,CE,2023,4,0.0,inpe_bdq_aqua_ref,climatology_municipal,0.05263157894736842,2023-04
2309201,Nova Olinda,CE,2023,4,0.0,inpe_bdq_legacy,climatology_municipal,0.0,2023-04
2310605,Penaforte,CE,2023,4,0.0,inpe_bdq_legacy,climatology_municipal,0.0,2023-04
2311108,Porteiras,CE,2023,4,0.0,inpe_bdq_legacy,climatology_municipal,0.0,2023-04
2311207,Potengi,CE,2023,4,0.0,inpe_bdq_legacy,climatology_municipal,0.0,2023-04
2311306,Quixadá,CE,2023,4,0.0,inpe_bdq_aqua_ref,climatology_municipal,0.10526315789473684,2023-04
2311405,Quixeramobim,CE,2023,4,0.0,inpe_bdq_aqua_ref,climatology_municipal,0.05263157894736842,2023-04
2311959,Salitre,CE,2023,4,0.0,inpe_bdq_legacy,climatology_municipal,0.05263157894736842,2023-04
2312106,Santana do Cariri,CE,2023,4,0.0,inpe_bdq_legacy,climatology_municipal,0.0,2023-04
2312908,Sobral,CE,2023,4,0.0,inpe_bdq_aqua_ref,climatology_municipal,0.0,2023-04
2313302,Tauá,CE,2023,4,0.0,inpe_bdq_aqua_ref,climatology_municipal,0.05263157894736842,2023-04
2313401,Tianguá,CE,2023,4,0.0,inpe_bdq_aqua_ref,climatology_municipal,0.0,2023-04
2300101,Abaiara,CE,2023,4,0.0,inpe_bdq_legacy,climatology_regional_intensity12,0.0,2023-04
2300200,Acaraú,CE,2023,4,0.0,inpe_bdq_aqua_ref,climatology_regional_intensity12,0.0,2023-04
2301307,Araripe,CE,2023,4,0.0,inpe_bdq_legacy,climatology_regional_intensity12,0.0,2023-04
2301604,Assaré,CE,2023,4,0.0,inpe_bdq_legacy,climatology_regional_intensity12,0.0,2023-04
2301901,Barbalha,CE,2023,4,0.0,inpe_bdq_aqua_ref,climatology_regional_intensity12,0.0,2023-04
2302503,Brejo Santo,CE,2023,4,0.0,inpe_bdq_legacy,climatology_regional_intensity12,0.0,2023-04
2302701,Campos Sales,CE,2023,4,0.0,inpe_bdq_aqua_ref,climatology_regional_intensity12,0.0,2023-04
2304103,Crateús,CE,2023,4,0.0,inpe_bdq_aqua_ref,climatology_regional_intensity12,0.09399047438541497,2023-04
2304202,Crato,CE,2023,4,0.0,inpe_bdq_legacy,climatology_regional_intensity12,0.0,2023-04
2304400,Fortaleza,CE,2023,4,0.0,inpe_bdq_aqua_ref,climatology_regional_intensity12,0.0,2023-04
2305100,Guaramiranga,CE,2023,4,0.0,inpe_bdq_aqua_ref,climatology_regional_intensity12,0.0,2023-04
2305506,Iguatu,CE,2023,4,2.0,inpe_bdq_aqua_ref,climatology_regional_intensity12,0.046995237192707484,2023-04
2306405,Itapipoca,CE,2023,4,0.0,inpe_bdq_aqua_ref,climatology_regional_intensity12,0.0,2023-04
2306900,Jaguaribe,CE,2023,4,0.0,inpe_bdq_aqua_ref,climatology_regional_intensity12,0.09399047438541497,2023-04
2307007,Jaguaruana,CE,2023,4,0.0,inpe_bdq_aqua_ref,climatology_regional_intensity12,0.0,2023-04
2307106,Jardim,CE,2023,4,0.0,inpe_bdq_legacy,climatology_regional_intensity12,0.0,2023-04
2307205,Jati,CE,2023,4,0.0,inpe_bdq_legacy,climatology_regional_intensity12,0.0,2023-04
2307304,Juazeiro do Norte,CE,2023,4,0.0,inpe_bdq_legacy,climatology_regional_intensity12,0.0,2023-04
2308401,Missão Velha,CE,2023,4,0.0,inpe_bdq_legacy,climatology_regional_intensity12,0.18798094877082994,2023-04
2308708,Morada Nova,CE,2023,4,0.0,inpe_bdq_aqua_ref,climatology_regional_intensity12,0.046995237192707484,2023-04
2309201,Nova Olinda,CE,2023,4,0.0,inpe_bdq_legacy,climatology_regional_intensity12,0.0,2023-04
2310605,Penaforte,CE,2023,4,0.0,inpe_bdq_legacy,climatology_regional_intensity12,0.0,2023-04
2311108,Porteiras,CE,2023,4,0.0,inpe_bdq_legacy,climatology_regional_intensity12,0.0,2023-04
2311207,Potengi,CE,2023,4,0.0,inpe_bdq_legacy,climatology_regional_intensity12,0.0,2023-04
2311306,Quixadá,CE,2023,4,0.0,inpe_bdq_aqua_ref,climatology_regional_intensity12,0.09399047438541497,2023-04
2311405,Quixeramobim,CE,2023,4,0.0,inpe_bdq_aqua_ref,climatology_regional_intensity12,0.046995237192707484,2023-04
2311959,Salitre,CE,2023,4,0.0,inpe_bdq_legacy,climatology_regional_intensity12,0.046995237192707484,2023-04
2312106,Santana do Cariri,CE,2023,4,0.0,inpe_bdq_legacy,climatology_regional_intensity12,0.0,2023-04
2312908,Sobral,CE,2023,4,0.0,inpe_bdq_aqua_ref,climatology_regional_intensity12,0.0,2023-04
2313302,Tauá,CE,2023,4,0.0,inpe_bdq_aqua_ref,climatology_regional_intensity12,0.046995237192707484,2023-04
2313401,Tianguá,CE,2023,4,0.0,inpe_bdq_aqua_ref,climatology_regional_intensity12,0.0,2023-04
2300101,Abaiara,CE,2023,5,0.0,inpe_bdq_legacy,climatology_municipal,0.05263157894736842,2023-05
2300200,Acaraú,CE,2023,5,0.0,inpe_bdq_aqua_ref,climatology_municipal,0.10526315789473684,2023-05
2301307,Araripe,CE,2023,5,0.0,inpe_bdq_legacy,climatology_municipal,0.2631578947368421,2023-05
2301604,Assaré,CE,2023,5,0.0,inpe_bdq_legacy,climatology_municipal,0.0,2023-05
2301901,Barbalha,CE,2023,5,0.0,inpe_bdq_aqua_ref,climatology_municipal,0.0,2023-05
2302503,Brejo Santo,CE,2023,5,0.0,inpe_bdq_legacy,climatology_municipal,0.10526315789473684,2023-05
2302701,Campos Sales,CE,2023,5,0.0,inpe_bdq_aqua_ref,climatology_municipal,0.0,2023-05
2304103,Crateús,CE,2023,5,0.0,inpe_bdq_aqua_ref,climatology_municipal,0.0,2023-05
2304202,Crato,CE,2023,5,0.0,inpe_bdq_legacy,climatology_municipal,0.05263157894736842,2023-05
2304400,Fortaleza,CE,2023,5,0.0,inpe_bdq_aqua_ref,climatology_municipal,0.0,2023-05
2305100,Guaramiranga,CE,2023,5,0.0,inpe_bdq_aqua_ref,climatology_municipal,0.0,2023-05
2305506,Iguatu,CE,2023,5,0.0,inpe_bdq_aqua_ref,climatology_municipal,0.0,2023-05
2306405,Itapipoca,CE,2023,5,0.0,inpe_bdq_aqua_ref,climatology_municipal,0.10526315789473684,2023-05
2306900,Jaguaribe,CE,2023,5,0.0,inpe_bdq_aqua_ref,climatology_municipal,0.0,2023-05
2307007,Jaguaruana,CE,2023,5,0.0,inpe_bdq_aqua_ref,climatology_municipal,0.05263157894736842,2023-05
2307106,Jardim,CE,2023,5,0.0,inpe_bdq_legacy,climatology_municipal,0.15789473684210525,2023-05
2307205,Jati,CE,2023,5,0.0,inpe_bdq_legacy,climatology_municipal,0.0,2023-05
2307304,Juazeiro do Norte,CE,2023,5,0.0,inpe_bdq_legacy,climatology_municipal,0.05263157894736842,2023-05
2308401,Missão Velha,CE,2023,5,1.0,inpe_bdq_legacy,climatology_municipal,0.0,2023-05
2308708,Morada Nova,CE,2023,5,0.0,inpe_bdq_aqua_ref,climatology_municipal,0.21052631578947367,2023-05
2309201,Nova Olinda,CE,2023,5,0.0,inpe_bdq_legacy,climatology_municipal,0.15789473684210525,2023-05
2310605,Penaforte,CE,2023,5,0.0,inpe_bdq_legacy,climatology_municipal,0.0,2023-05
2311108,Porteiras,CE,2023,5,0.0,inpe_bdq_legacy,climatology_municipal,0.05263157894736842,2023-05
2311207,Potengi,CE,2023,5,0.0,inpe_bdq_legacy,climatology_municipal,0.05263157894736842,2023-05
2311306,Quixadá,CE,2023,5,0.0,inpe_bdq_aqua_ref,climatology_municipal,0.15789473684210525,2023-05
2311405,Quixeramobim,CE,2023,5,0.0,inpe_bdq_aqua_ref,climatology_municipal,0.0,2023-05
2311959,Salitre,CE,2023,5,0.0,inpe_bdq_legacy,climatology_municipal,0.05263157894736842,2023-05
2312106,Santana do Cariri,CE,2023,5,2.0,inpe_bdq_legacy,climatology_municipal,0.0,2023-05
2312908,Sobral,CE,2023,5,0.0,inpe_bdq_aqua_ref,climatology_municipal,0.0,2023-05
2313302,Tauá,CE,2023,5,0.0,inpe_bdq_aqua_ref,climatology_municipal,0.10526315789473684,2023-05
2313401,Tianguá,CE,2023,5,0.0,inpe_bdq_aqua_ref,climatology_municipal,0.05263157894736842,2023-05
2300101,Abaiara,CE,2023,5,0.0,inpe_bdq_legacy,climatology_regional_intensity12,0.047090294886960156,2023-05
2300200,Acaraú,CE,2023,5,0.0,inpe_bdq_aqua_ref,climatology_regional_intensity12,0.09418058977392031,2023-05
2301307,Araripe,CE,2023,5,0.0,inpe_bdq_legacy,climatology_regional_intensity12,0.2354514744348008,2023-05
2301604,Assaré,CE,2023,5,0.0,inpe_bdq_legacy,climatology_regional_intensity12,0.0,2023-05
2301901,Barbalha,CE,2023,5,0.0,inpe_bdq_aqua_ref,climatology_regional_intensity12,0.0,2023-05
2302503,Brejo Santo,CE,2023,5,0.0,inpe_bdq_legacy,climatology_regional_intensity12,0.09418058977392031,2023-05
2302701,Campos Sales,CE,2023,5,0.0,inpe_bdq_aqua_ref,climatology_regional_intensity12,0.0,2023-05
2304103,Crateús,CE,2023,5,0.0,inpe_bdq_aqua_ref,climatology_regional_intensity12,0.0,2023-05
2304202,Crato,CE,2023,5,0.0,inpe_bdq_legacy,climatology_regional_intensity12,0.047090294886960156,2023-05
2304400,Fortaleza,CE,2023,5,0.0,inpe_bdq_aqua_ref,climatology_regional_intensity12,0.0,2023-05
2305100,Guaramiranga,CE,2023,5,0.0,inpe_bdq_aqua_ref,climatology_regional_intensity12,0.0,2023-05
2305506,Iguatu,CE,2023,5,0.0,inpe_bdq_aqua_ref,climatology_regional_intensity12,0.0,2023-05
2306405,Itapipoca,CE,2023,5,0.0,inpe_bdq_aqua_ref,climatology_regional_intensity12,0.09418058977392031,2023-05
2306900,Jaguaribe,CE,2023,5,0.0,inpe_bdq_aqua_ref,climatology_regional_intensity12,0.0,2023-05
2307007,Jaguaruana,CE,2023,5,0.0,inpe_bdq_aqua_ref,climatology_regional_intensity12,0.047090294886960156,2023-05
2307106,Jardim,CE,2023,5,0.0,inpe_bdq_legacy,climatology_regional_intensity12,0.14127088466088047,2023-05
2307205,Jati,CE,2023,5,0.0,inpe_bdq_legacy,climatology_regional_intensity12,0.0,2023-05
2307304,Juazeiro do Norte,CE,2023,5,0.0,inpe_bdq_legacy,climatology_regional_intensity12,0.047090294886960156,2023-05
2308401,Missão Velha,CE,2023,5,1.0,inpe_bdq_legacy,climatology_regional_intensity12,0.0,2023-05
2308708,Morada Nova,CE,2023,5,0.0,inpe_bdq_aqua_ref,climatology_regional_intensity12,0.18836117954784062,2023-05
2309201,Nova Olinda,CE,2023,5,0.0,inpe_bdq_legacy,climatology_regional_intensity12,0.14127088466088047,2023-05
2310605,Penaforte,CE,2023,5,0.0,inpe_bdq_legacy,climatology_regional_intensity12,0.0,2023-05
2311108,Porteiras,CE,2023,5,0.0,inpe_bdq_legacy,climatology_regional_intensity12,0.047090294886960156,2023-05
2311207,Potengi,CE,2023,5,0.0,inpe_bdq_legacy,climatology_regional_intensity12,0.047090294886960156,2023-05
2311306,Quixadá,CE,2023,5,0.0,inpe_bdq_aqua_ref,climatology_regional_intensity12,0.14127088466088047,2023-05
2311405,Quixeramobim,CE,2023,5,0.0,inpe_bdq_aqua_ref,climatology_regional_intensity12,0.0,2023-05
2311959,Salitre,CE,2023,5,0.0,inpe_bdq_legacy,climatology_regional_intensity12,0.047090294886960156,2023-05
2312106,Santana do Cariri,CE,2023,5,2.0,inpe_bdq_legacy,climatology_regional_intensity12,0.0,2023-05
2312908,Sobral,CE,2023,5,0.0,inpe_bdq_aqua_ref,climatology_regional_intensity12,0.0,2023-05
2313302,Tauá,CE,2023,5,0.0,inpe_bdq_aqua_ref,climatology_regional_intensity12,0.09418058977392031,2023-05
2313401,Tianguá,CE,2023,5,0.0,inpe_bdq_aqua_ref,climatology_regional_intensity12,0.047090294886960156,2023-05
2300101,Abaiara,CE,2023,6,0.0,inpe_bdq_legacy,climatology_municipal,0.15789473684210525,2023-06
2300200,Acaraú,CE,2023,6,0.0,inpe_bdq_aqua_ref,climatology_municipal,0.47368421052631576,2023-06
2301307,Araripe,CE,2023,6,0.0,inpe_bdq_legacy,climatology_municipal,0.15789473684210525,2023-06
2301604,Assaré,CE,2023,6,0.0,inpe_bdq_legacy,climatology_municipal,0.0,2023-06
2301901,Barbalha,CE,2023,6,0.0,inpe_bdq_aqua_ref,climatology_municipal,0.15789473684210525,2023-06
2302503,Brejo Santo,CE,2023,6,1.0,inpe_bdq_legacy,climatology_municipal,0.2631578947368421,2023-06
2302701,Campos Sales,CE,2023,6,0.0,inpe_bdq_aqua_ref,climatology_municipal,0.0,2023-06
2304103,Crateús,CE,2023,6,0.0,inpe_bdq_aqua_ref,climatology_municipal,0.5263157894736842,2023-06
2304202,Crato,CE,2023,6,0.0,inpe_bdq_legacy,climatology_municipal,0.05263157894736842,2023-06
2304400,Fortaleza,CE,2023,6,0.0,inpe_bdq_aqua_ref,climatology_municipal,0.0,2023-06
2305100,Guaramiranga,CE,2023,6,0.0,inpe_bdq_aqua_ref,climatology_municipal,0.0,2023-06
2305506,Iguatu,CE,2023,6,0.0,inpe_bdq_aqua_ref,climatology_municipal,0.2631578947368421,2023-06
2306405,Itapipoca,CE,2023,6,0.0,inpe_bdq_aqua_ref,climatology_municipal,0.631578947368421,2023-06
2306900,Jaguaribe,CE,2023,6,1.0,inpe_bdq_aqua_ref,climatology_municipal,0.10526315789473684,2023-06
2307007,Jaguaruana,CE,2023,6,0.0,inpe_bdq_aqua_ref,climatology_municipal,0.0,2023-06
2307106,Jardim,CE,2023,6,0.0,inpe_bdq_legacy,climatology_municipal,0.05263157894736842,2023-06
2307205,Jati,CE,2023,6,0.0,inpe_bdq_legacy,climatology_municipal,0.0,2023-06
2307304,Juazeiro do Norte,CE,2023,6,0.0,inpe_bdq_legacy,climatology_municipal,0.0,2023-06
2308401,Missão Velha,CE,2023,6,0.0,inpe_bdq_legacy,climatology_municipal,0.10526315789473684,2023-06
2308708,Morada Nova,CE,2023,6,0.0,inpe_bdq_aqua_ref,climatology_municipal,0.15789473684210525,2023-06
2309201,Nova Olinda,CE,2023,6,0.0,inpe_bdq_legacy,climatology_municipal,0.0,2023-06
2310605,Penaforte,CE,2023,6,0.0,inpe_bdq_legacy,climatology_municipal,0.0,2023-06
2311108,Porteiras,CE,2023,6,0.0,inpe_bdq_legacy,climatology_municipal,0.05263157894736842,2023-06
2311207,Potengi,CE,2023,6,0.0,inpe_bdq_legacy,climatology_municipal,0.0,2023-06
2311306,Quixadá,CE,2023,6,0.0,inpe_bdq_aqua_ref,climatology_municipal,0.10526315789473684,2023-06
2311405,Quixeramobim,CE,2023,6,0.0,inpe_bdq_aqua_ref,climatology_municipal,0.21052631578947367,2023-06
2311959,Salitre,CE,2023,6,0.0,inpe_bdq_legacy,climatology_municipal,0.10526315789473684,2023-06
2312106,Santana do Cariri,CE,2023,6,2.0,inpe_bdq_legacy,climatology_municipal,0.0,2023-06
2312908,Sobral,CE,2023,6,0.0,inpe_bdq_aqua_ref,climatology_municipal,0.21052631578947367,2023-06
2313302,Tauá,CE,2023,6,0.0,inpe_bdq_aqua_ref,climatology_municipal,0.10526315789473684,2023-06
2313401,Tianguá,CE,2023,6,0.0,inpe_bdq_aqua_ref,climatology_municipal,0.21052631578947367,2023-06
2300101,Abaiara,CE,2023,6,0.0,inpe_bdq_legacy,climatology_regional_intensity12,0.14140948737668071,2023-06
2300200,Acaraú,CE,2023,6,0.0,inpe_bdq_aqua_ref,climatology_regional_intensity12,0.4242284621300421,2023-06
2301307,Araripe,CE,2023,6,0.0,inpe_bdq_legacy,climatology_regional_intensity12,0.14140948737668071,2023-06
2301604,Assaré,CE,2023,6,0.0,inpe_bdq_legacy,climatology_regional_intensity12,0.0,2023-06
2301901,Barbalha,CE,2023,6,0.0,inpe_bdq_aqua_ref,climatology_regional_intensity12,0.14140948737668071,2023-06
2302503,Brejo Santo,CE,2023,6,1.0,inpe_bdq_legacy,climatology_regional_intensity12,0.23568247896113453,2023-06
2302701,Campos Sales,CE,2023,6,0.0,inpe_bdq_aqua_ref,climatology_regional_intensity12,0.0,2023-06
2304103,Crateús,CE,2023,6,0.0,inpe_bdq_aqua_ref,climatology_regional_intensity12,0.47136495792226907,2023-06
2304202,Crato,CE,2023,6,0.0,inpe_bdq_legacy,climatology_regional_intensity12,0.0471364957922269,2023-06
2304400,Fortaleza,CE,2023,6,0.0,inpe_bdq_aqua_ref,climatology_regional_intensity12,0.0,2023-06
2305100,Guaramiranga,CE,2023,6,0.0,inpe_bdq_aqua_ref,climatology_regional_intensity12,0.0,2023-06
2305506,Iguatu,CE,2023,6,0.0,inpe_bdq_aqua_ref,climatology_regional_intensity12,0.23568247896113453,2023-06
2306405,Itapipoca,CE,2023,6,0.0,inpe_bdq_aqua_ref,climatology_regional_intensity12,0.5656379495067229,2023-06
2306900,Jaguaribe,CE,2023,6,1.0,inpe_bdq_aqua_ref,climatology_regional_intensity12,0.0942729915844538,2023-06
2307007,Jaguaruana,CE,2023,6,0.0,inpe_bdq_aqua_ref,climatology_regional_intensity12,0.0,2023-06
2307106,Jardim,CE,2023,6,0.0,inpe_bdq_legacy,climatology_regional_intensity12,0.0471364957922269,2023-06
2307205,Jati,CE,2023,6,0.0,inpe_bdq_legacy,climatology_regional_intensity12,0.0,2023-06
2307304,Juazeiro do Norte,CE,2023,6,0.0,inpe_bdq_legacy,climatology_regional_intensity12,0.0,2023-06
2308401,Missão Velha,CE,2023,6,0.0,inpe_bdq_legacy,climatology_regional_intensity12,0.0942729915844538,2023-06
2308708,Morada Nova,CE,2023,6,0.0,inpe_bdq_aqua_ref,climatology_regional_intensity12,0.14140948737668071,2023-06
2309201,Nova Olinda,CE,2023,6,0.0,inpe_bdq_legacy,climatology_regional_intensity12,0.0,2023-06
2310605,Penaforte,CE,2023,6,0.0,inpe_bdq_legacy,climatology_regional_intensity12,0.0,2023-06
2311108,Porteiras,CE,2023,6,0.0,inpe_bdq_legacy,climatology_regional_intensity12,0.0471364957922269,2023-06
2311207,Potengi,CE,2023,6,0.0,inpe_bdq_legacy,climatology_regional_intensity12,0.0,2023-06
2311306,Quixadá,CE,2023,6,0.0,inpe_bdq_aqua_ref,climatology_regional_intensity12,0.0942729915844538,2023-06
2311405,Quixeramobim,CE,2023,6,0.0,inpe_bdq_aqua_ref,climatology_regional_intensity12,0.1885459831689076,2023-06
2311959,Salitre,CE,2023,6,0.0,inpe_bdq_legacy,climatology_regional_intensity12,0.0942729915844538,2023-06
2312106,Santana do Cariri,CE,2023,6,2.0,inpe_bdq_legacy,climatology_regional_intensity12,0.0,2023-06
2312908,Sobral,CE,2023,6,0.0,inpe_bdq_aqua_ref,climatology_regional_intensity12,0.1885459831689076,2023-06
2313302,Tauá,CE,2023,6,0.0,inpe_bdq_aqua_ref,climatology_regional_intensity12,0.0942729915844538,2023-06
2313401,Tianguá,CE,2023,6,0.0,inpe_bdq_aqua_ref,climatology_regional_intensity12,0.1885459831689076,2023-06
2300101,Abaiara,CE,2023,7,0.0,inpe_bdq_legacy,climatology_municipal,0.15789473684210525,2023-07
2300200,Acaraú,CE,2023,7,1.0,inpe_bdq_aqua_ref,climatology_municipal,1.368421052631579,2023-07
2301307,Araripe,CE,2023,7,1.0,inpe_bdq_legacy,climatology_municipal,0.3157894736842105,2023-07
2301604,Assaré,CE,2023,7,0.0,inpe_bdq_legacy,climatology_municipal,0.05263157894736842,2023-07
2301901,Barbalha,CE,2023,7,1.0,inpe_bdq_aqua_ref,climatology_municipal,0.3,2023-07
2302503,Brejo Santo,CE,2023,7,0.0,inpe_bdq_legacy,climatology_municipal,0.21052631578947367,2023-07
2302701,Campos Sales,CE,2023,7,4.0,inpe_bdq_aqua_ref,climatology_municipal,0.05263157894736842,2023-07
2304103,Crateús,CE,2023,7,1.0,inpe_bdq_aqua_ref,climatology_municipal,0.5789473684210527,2023-07
2304202,Crato,CE,2023,7,0.0,inpe_bdq_legacy,climatology_municipal,0.0,2023-07
2304400,Fortaleza,CE,2023,7,0.0,inpe_bdq_aqua_ref,climatology_municipal,0.05263157894736842,2023-07
2305100,Guaramiranga,CE,2023,7,0.0,inpe_bdq_aqua_ref,climatology_municipal,0.0,2023-07
2305506,Iguatu,CE,2023,7,0.0,inpe_bdq_aqua_ref,climatology_municipal,0.8947368421052632,2023-07
2306405,Itapipoca,CE,2023,7,16.0,inpe_bdq_aqua_ref,climatology_municipal,0.8421052631578947,2023-07
2306900,Jaguaribe,CE,2023,7,0.0,inpe_bdq_aqua_ref,climatology_municipal,0.15789473684210525,2023-07
2307007,Jaguaruana,CE,2023,7,0.0,inpe_bdq_aqua_ref,climatology_municipal,0.21052631578947367,2023-07
2307106,Jardim,CE,2023,7,0.0,inpe_bdq_legacy,climatology_municipal,0.05263157894736842,2023-07
2307205,Jati,CE,2023,7,0.0,inpe_bdq_legacy,climatology_municipal,0.0,2023-07
2307304,Juazeiro do Norte,CE,2023,7,0.0,inpe_bdq_legacy,climatology_municipal,0.2631578947368421,2023-07
2308401,Missão Velha,CE,2023,7,1.0,inpe_bdq_legacy,climatology_municipal,0.10526315789473684,2023-07
2308708,Morada Nova,CE,2023,7,2.0,inpe_bdq_aqua_ref,climatology_municipal,0.0,2023-07
2309201,Nova Olinda,CE,2023,7,0.0,inpe_bdq_legacy,climatology_municipal,0.42105263157894735,2023-07
2310605,Penaforte,CE,2023,7,1.0,inpe_bdq_legacy,climatology_municipal,0.0,2023-07
2311108,Porteiras,CE,2023,7,0.0,inpe_bdq_legacy,climatology_municipal,0.15789473684210525,2023-07
2311207,Potengi,CE,2023,7,1.0,inpe_bdq_legacy,climatology_municipal,0.10526315789473684,2023-07
2311306,Quixadá,CE,2023,7,0.0,inpe_bdq_aqua_ref,climatology_municipal,0.42105263157894735,2023-07
2311405,Quixeramobim,CE,2023,7,0.0,inpe_bdq_aqua_ref,climatology_municipal,0.3157894736842105,2023-07
2311959,Salitre,CE,2023,7,4.0,inpe_bdq_legacy,climatology_municipal,0.21052631578947367,2023-07
2312106,Santana do Cariri,CE,2023,7,0.0,inpe_bdq_legacy,climatology_municipal,0.47368421052631576,2023-07
2312908,Sobral,CE,2023,7,0.0,inpe_bdq_aqua_ref,climatology_municipal,0.6842105263157895,2023-07
2313302,Tauá,CE,2023,7,2.0,inpe_bdq_aqua_ref,climatology_municipal,0.21052631578947367,2023-07
2313401,Tianguá,CE,2023,7,0.0,inpe_bdq_aqua_ref,climatology_municipal,0.7368421052631579,2023-07
2300101,Abaiara,CE,2023,7,0.0,inpe_bdq_legacy,climatology_regional_intensity12,0.14053094384234313,2023-07
2300200,Acaraú,CE,2023,7,1.0,inpe_bdq_aqua_ref,climatology_regional_intensity12,1.2179348466336406,2023-07
2301307,Araripe,CE,2023,7,1.0,inpe_bdq_legacy,climatology_regional_intensity12,0.28106188768468626,2023-07
2301604,Assaré,CE,2023,7,0.0,inpe_bdq_legacy,climatology_regional_intensity12,0.04684364794744771,2023-07
2301901,Barbalha,CE,2023,7,1.0,inpe_bdq_aqua_ref,climatology_regional_intensity12,0.26700879330045196,2023-07
2302503,Brejo Santo,CE,2023,7,0.0,inpe_bdq_legacy,climatology_regional_intensity12,0.18737459178979085,2023-07
2302701,Campos Sales,CE,2023,7,4.0,inpe_bdq_aqua_ref,climatology_regional_intensity12,0.04684364794744771,2023-07
2304103,Crateús,CE,2023,7,1.0,inpe_bdq_aqua_ref,climatology_regional_intensity12,0.5152801274219249,2023-07
2304202,Crato,CE,2023,7,0.0,inpe_bdq_legacy,climatology_regional_intensity12,0.0,2023-07
2304400,Fortaleza,CE,2023,7,0.0,inpe_bdq_aqua_ref,climatology_regional_intensity12,0.04684364794744771,2023-07
2305100,Guaramiranga,CE,2023,7,0.0,inpe_bdq_aqua_ref,climatology_regional_intensity12,0.0,2023-07
2305506,Iguatu,CE,2023,7,0.0,inpe_bdq_aqua_ref,climatology_regional_intensity12,0.7963420151066112,2023-07
2306405,Itapipoca,CE,2023,7,16.0,inpe_bdq_aqua_ref,climatology_regional_intensity12,0.7494983671591634,2023-07
2306900,Jaguaribe,CE,2023,7,0.0,inpe_bdq_aqua_ref,climatology_regional_intensity12,0.14053094384234313,2023-07
2307007,Jaguaruana,CE,2023,7,0.0,inpe_bdq_aqua_ref,climatology_regional_intensity12,0.18737459178979085,2023-07
2307106,Jardim,CE,2023,7,0.0,inpe_bdq_legacy,climatology_regional_intensity12,0.04684364794744771,2023-07
2307205,Jati,CE,2023,7,0.0,inpe_bdq_legacy,climatology_regional_intensity12,0.0,2023-07
2307304,Juazeiro do Norte,CE,2023,7,0.0,inpe_bdq_legacy,climatology_regional_intensity12,0.23421823973723857,2023-07
2308401,Missão Velha,CE,2023,7,1.0,inpe_bdq_legacy,climatology_regional_intensity12,0.09368729589489543,2023-07
2308708,Morada Nova,CE,2023,7,2.0,inpe_bdq_aqua_ref,climatology_regional_intensity12,0.0,2023-07
2309201,Nova Olinda,CE,2023,7,0.0,inpe_bdq_legacy,climatology_regional_intensity12,0.3747491835795817,2023-07
2310605,Penaforte,CE,2023,7,1.0,inpe_bdq_legacy,climatology_regional_intensity12,0.0,2023-07
2311108,Porteiras,CE,2023,7,0.0,inpe_bdq_legacy,climatology_regional_intensity12,0.14053094384234313,2023-07
2311207,Potengi,CE,2023,7,1.0,inpe_bdq_legacy,climatology_regional_intensity12,0.09368729589489543,2023-07
2311306,Quixadá,CE,2023,7,0.0,inpe_bdq_aqua_ref,climatology_regional_intensity12,0.3747491835795817,2023-07
2311405,Quixeramobim,CE,2023,7,0.0,inpe_bdq_aqua_ref,climatology_regional_intensity12,0.28106188768468626,2023-07
2311959,Salitre,CE,2023,7,4.0,inpe_bdq_legacy,climatology_regional_intensity12,0.18737459178979085,2023-07
2312106,Santana do Cariri,CE,2023,7,0.0,inpe_bdq_legacy,climatology_regional_intensity12,0.4215928315270294,2023-07
2312908,Sobral,CE,2023,7,0.0,inpe_bdq_aqua_ref,climatology_regional_intensity12,0.6089674233168203,2023-07
2313302,Tauá,CE,2023,7,2.0,inpe_bdq_aqua_ref,climatology_regional_intensity12,0.18737459178979085,2023-07
2313401,Tianguá,CE,2023,7,0.0,inpe_bdq_aqua_ref,climatology_regional_intensity12,0.655811071264268,2023-07
2300101,Abaiara,CE,2023,8,0.0,inpe_bdq_legacy,climatology_municipal,0.3684210526315789,2023-08
2300200,Acaraú,CE,2023,8,5.0,inpe_bdq_aqua_ref,climatology_municipal,1.5789473684210527,2023-08
2301307,Araripe,CE,2023,8,0.0,inpe_bdq_legacy,climatology_municipal,0.95,2023-08
2301604,Assaré,CE,2023,8,0.0,inpe_bdq_legacy,climatology_municipal,0.9473684210526315,2023-08
2301901,Barbalha,CE,2023,8,6.0,inpe_bdq_aqua_ref,climatology_municipal,1.1,2023-08
2302503,Brejo Santo,CE,2023,8,1.0,inpe_bdq_legacy,climatology_municipal,0.15789473684210525,2023-08
2302701,Campos Sales,CE,2023,8,0.0,inpe_bdq_aqua_ref,climatology_municipal,0.3157894736842105,2023-08
2304103,Crateús,CE,2023,8,3.0,inpe_bdq_aqua_ref,climatology_municipal,2.473684210526316,2023-08
2304202,Crato,CE,2023,8,0.0,inpe_bdq_legacy,climatology_municipal,1.65,2023-08
2304400,Fortaleza,CE,2023,8,2.0,inpe_bdq_aqua_ref,climatology_municipal,0.35294117647058826,2023-08
2305100,Guaramiranga,CE,2023,8,0.0,inpe_bdq_aqua_ref,climatology_municipal,0.0,2023-08
2305506,Iguatu,CE,2023,8,4.0,inpe_bdq_aqua_ref,climatology_municipal,1.8421052631578947,2023-08
2306405,Itapipoca,CE,2023,8,7.0,inpe_bdq_aqua_ref,climatology_municipal,2.8947368421052633,2023-08
2306900,Jaguaribe,CE,2023,8,0.0,inpe_bdq_aqua_ref,climatology_municipal,0.7894736842105263,2023-08
2307106,Jardim,CE,2023,8,0.0,inpe_bdq_legacy,climatology_municipal,0.15789473684210525,2023-08
2307205,Jati,CE,2023,8,0.0,inpe_bdq_legacy,climatology_municipal,0.0,2023-08
2307304,Juazeiro do Norte,CE,2023,8,1.0,inpe_bdq_legacy,climatology_municipal,0.7222222222222222,2023-08
2308401,Missão Velha,CE,2023,8,3.0,inpe_bdq_legacy,climatology_municipal,0.7368421052631579,2023-08
2308708,Morada Nova,CE,2023,8,1.0,inpe_bdq_aqua_ref,climatology_municipal,1.4210526315789473,2023-08
2309201,Nova Olinda,CE,2023,8,0.0,inpe_bdq_legacy,climatology_municipal,0.21052631578947367,2023-08
2310605,Penaforte,CE,2023,8,0.0,inpe_bdq_legacy,climatology_municipal,0.0,2023-08
2311108,Porteiras,CE,2023,8,0.0,inpe_bdq_legacy,climatology_municipal,0.17647058823529413,2023-08
2311207,Potengi,CE,2023,8,0.0,inpe_bdq_legacy,climatology_municipal,0.0,2023-08
2311306,Quixadá,CE,2023,8,2.0,inpe_bdq_aqua_ref,climatology_municipal,1.0526315789473684,2023-08
2311405,Quixeramobim,CE,2023,8,0.0,inpe_bdq_aqua_ref,climatology_municipal,1.105263157894737,2023-08
2311959,Salitre,CE,2023,8,6.0,inpe_bdq_legacy,climatology_municipal,0.35,2023-08
2312106,Santana do Cariri,CE,2023,8,1.0,inpe_bdq_legacy,climatology_municipal,0.8,2023-08
2312908,Sobral,CE,2023,8,6.0,inpe_bdq_aqua_ref,climatology_municipal,6.421052631578948,2023-08
2313302,Tauá,CE,2023,8,0.0,inpe_bdq_aqua_ref,climatology_municipal,0.631578947368421,2023-08
2313401,Tianguá,CE,2023,8,2.0,inpe_bdq_aqua_ref,climatology_municipal,0.8947368421052632,2023-08
2300101,Abaiara,CE,2023,8,0.0,inpe_bdq_legacy,climatology_regional_intensity12,0.33468814034720734,2023-08
2300200,Acaraú,CE,2023,8,5.0,inpe_bdq_aqua_ref,climatology_regional_intensity12,1.4343777443451744,2023-08
2301307,Araripe,CE,2023,8,0.0,inpe_bdq_legacy,climatology_regional_intensity12,0.8630172761810132,2023-08
2301604,Assaré,CE,2023,8,0.0,inpe_bdq_legacy,climatology_regional_intensity12,0.8606266466071045,2023-08
2301901,Barbalha,CE,2023,8,6.0,inpe_bdq_aqua_ref,climatology_regional_intensity12,0.9992831618938048,2023-08
2302503,Brejo Santo,CE,2023,8,1.0,inpe_bdq_legacy,climatology_regional_intensity12,0.1434377744345174,2023-08
2302701,Campos Sales,CE,2023,8,0.0,inpe_bdq_aqua_ref,climatology_regional_intensity12,0.2868755488690348,2023-08
2304103,Crateús,CE,2023,8,3.0,inpe_bdq_aqua_ref,climatology_regional_intensity12,2.2471917994741064,2023-08
2304202,Crato,CE,2023,8,0.0,inpe_bdq_legacy,climatology_regional_intensity12,1.498924742840707,2023-08
2304400,Fortaleza,CE,2023,8,2.0,inpe_bdq_aqua_ref,climatology_regional_intensity12,0.3206256134418625,2023-08
2305100,Guaramiranga,CE,2023,8,0.0,inpe_bdq_aqua_ref,climatology_regional_intensity12,0.0,2023-08
2305506,Iguatu,CE,2023,8,4.0,inpe_bdq_aqua_ref,climatology_regional_intensity12,1.6734407017360367,2023-08
2306405,Itapipoca,CE,2023,8,7.0,inpe_bdq_aqua_ref,climatology_regional_intensity12,2.629692531299486,2023-08
2306900,Jaguaribe,CE,2023,8,0.0,inpe_bdq_aqua_ref,climatology_regional_intensity12,0.7171888721725872,2023-08
2307106,Jardim,CE,2023,8,0.0,inpe_bdq_legacy,climatology_regional_intensity12,0.1434377744345174,2023-08
2307205,Jati,CE,2023,8,0.0,inpe_bdq_legacy,climatology_regional_intensity12,0.0,2023-08
2307304,Juazeiro do Norte,CE,2023,8,1.0,inpe_bdq_legacy,climatology_regional_intensity12,0.6560950052838112,2023-08
2308401,Missão Velha,CE,2023,8,3.0,inpe_bdq_legacy,climatology_regional_intensity12,0.6693762806944147,2023-08
2308708,Morada Nova,CE,2023,8,1.0,inpe_bdq_aqua_ref,climatology_regional_intensity12,1.2909399699106567,2023-08
2309201,Nova Olinda,CE,2023,8,0.0,inpe_bdq_legacy,climatology_regional_intensity12,0.1912503659126899,2023-08
2310605,Penaforte,CE,2023,8,0.0,inpe_bdq_legacy,climatology_regional_intensity12,0.0,2023-08
2311108,Porteiras,CE,2023,8,0.0,inpe_bdq_legacy,climatology_regional_intensity12,0.16031280672093126,2023-08
2311207,Potengi,CE,2023,8,0.0,inpe_bdq_legacy,climatology_regional_intensity12,0.0,2023-08
2311306,Quixadá,CE,2023,8,2.0,inpe_bdq_aqua_ref,climatology_regional_intensity12,0.9562518295634495,2023-08
2311405,Quixeramobim,CE,2023,8,0.0,inpe_bdq_aqua_ref,climatology_regional_intensity12,1.004064421041622,2023-08
2311959,Salitre,CE,2023,8,6.0,inpe_bdq_legacy,climatology_regional_intensity12,0.31795373332984694,2023-08
2312106,Santana do Cariri,CE,2023,8,1.0,inpe_bdq_legacy,climatology_regional_intensity12,0.7267513904682217,2023-08
2312908,Sobral,CE,2023,8,6.0,inpe_bdq_aqua_ref,climatology_regional_intensity12,5.833136160337043,2023-08
2313302,Tauá,CE,2023,8,0.0,inpe_bdq_aqua_ref,climatology_regional_intensity12,0.5737510977380696,2023-08
2313401,Tianguá,CE,2023,8,2.0,inpe_bdq_aqua_ref,climatology_regional_intensity12,0.8128140551289321,2023-08
2300101,Abaiara,CE,2023,9,3.0,inpe_bdq_legacy,climatology_municipal,0.3684210526315789,2023-09
2300200,Acaraú,CE,2023,9,1.0,inpe_bdq_aqua_ref,climatology_municipal,1.7894736842105263,2023-09
2301307,Araripe,CE,2023,9,10.0,inpe_bdq_legacy,climatology_municipal,7.45,2023-09
2301604,Assaré,CE,2023,9,17.0,inpe_bdq_legacy,climatology_municipal,1.25,2023-09
2301901,Barbalha,CE,2023,9,5.0,inpe_bdq_aqua_ref,climatology_municipal,2.9,2023-09
2302503,Brejo Santo,CE,2023,9,12.0,inpe_bdq_legacy,climatology_municipal,1.55,2023-09
2302701,Campos Sales,CE,2023,9,6.0,inpe_bdq_aqua_ref,climatology_municipal,1.4,2023-09
2304103,Crateús,CE,2023,9,3.0,inpe_bdq_aqua_ref,climatology_municipal,3.6842105263157894,2023-09
2304202,Crato,CE,2023,9,7.0,inpe_bdq_legacy,climatology_municipal,3.95,2023-09
2304400,Fortaleza,CE,2023,9,1.0,inpe_bdq_aqua_ref,climatology_municipal,0.7647058823529411,2023-09
2305100,Guaramiranga,CE,2023,9,0.0,inpe_bdq_aqua_ref,climatology_municipal,0.0,2023-09
2305506,Iguatu,CE,2023,9,4.0,inpe_bdq_aqua_ref,climatology_municipal,4.578947368421052,2023-09
2306405,Itapipoca,CE,2023,9,8.0,inpe_bdq_aqua_ref,climatology_municipal,3.3684210526315788,2023-09
2306900,Jaguaribe,CE,2023,9,1.0,inpe_bdq_aqua_ref,climatology_municipal,1.0526315789473684,2023-09
2307106,Jardim,CE,2023,9,3.0,inpe_bdq_legacy,climatology_municipal,1.631578947368421,2023-09
2307205,Jati,CE,2023,9,1.0,inpe_bdq_legacy,climatology_municipal,0.5,2023-09
2307304,Juazeiro do Norte,CE,2023,9,2.0,inpe_bdq_legacy,climatology_municipal,1.1111111111111112,2023-09
2308401,Missão Velha,CE,2023,9,3.0,inpe_bdq_legacy,climatology_municipal,3.2,2023-09
2308708,Morada Nova,CE,2023,9,0.0,inpe_bdq_aqua_ref,climatology_municipal,1.631578947368421,2023-09
2309201,Nova Olinda,CE,2023,9,0.0,inpe_bdq_legacy,climatology_municipal,0.7894736842105263,2023-09
2310605,Penaforte,CE,2023,9,0.0,inpe_bdq_legacy,climatology_municipal,0.0,2023-09
2311108,Porteiras,CE,2023,9,0.0,inpe_bdq_legacy,climatology_municipal,0.9411764705882353,2023-09
2311207,Potengi,CE,2023,9,7.0,inpe_bdq_legacy,climatology_municipal,1.35,2023-09
2311306,Quixadá,CE,2023,9,2.0,inpe_bdq_aqua_ref,climatology_municipal,3.526315789473684,2023-09
2311405,Quixeramobim,CE,2023,9,5.0,inpe_bdq_aqua_ref,climatology_municipal,3.0526315789473686,2023-09
2311959,Salitre,CE,2023,9,12.0,inpe_bdq_legacy,climatology_municipal,1.65,2023-09
2312106,Santana do Cariri,CE,2023,9,13.0,inpe_bdq_legacy,climatology_municipal,3.5,2023-09
2312908,Sobral,CE,2023,9,24.0,inpe_bdq_aqua_ref,climatology_municipal,10.526315789473685,2023-09
2313302,Tauá,CE,2023,9,6.0,inpe_bdq_aqua_ref,climatology_municipal,2.0526315789473686,2023-09
2313401,Tianguá,CE,2023,9,1.0,inpe_bdq_aqua_ref,climatology_municipal,1.368421052631579,2023-09
2300101,Abaiara,CE,2023,9,3.0,inpe_bdq_legacy,climatology_regional_intensity12,0.3374825229195666,2023-09
2300200,Acaraú,CE,2023,9,1.0,inpe_bdq_aqua_ref,climatology_regional_intensity12,1.6392008256093236,2023-09
2301307,Araripe,CE,2023,9,10.0,inpe_bdq_legacy,climatology_regional_intensity12,6.824378731323522,2023-09
2301604,Assaré,CE,2023,9,17.0,inpe_bdq_legacy,climatology_regional_intensity12,1.1450299884771011,2023-09
2301901,Barbalha,CE,2023,9,5.0,inpe_bdq_aqua_ref,climatology_regional_intensity12,2.6564695732668744,2023-09
2302503,Brejo Santo,CE,2023,9,12.0,inpe_bdq_legacy,climatology_regional_intensity12,1.4198371857116054,2023-09
2302701,Campos Sales,CE,2023,9,6.0,inpe_bdq_aqua_ref,climatology_regional_intensity12,1.282433587094353,2023-09
2304103,Crateús,CE,2023,9,3.0,inpe_bdq_aqua_ref,climatology_regional_intensity12,3.374825229195666,2023-09
2304202,Crato,CE,2023,9,7.0,inpe_bdq_legacy,climatology_regional_intensity12,3.6182947635876395,2023-09
2304400,Fortaleza,CE,2023,9,1.0,inpe_bdq_aqua_ref,climatology_regional_intensity12,0.7004889341271676,2023-09
2305100,Guaramiranga,CE,2023,9,0.0,inpe_bdq_aqua_ref,climatology_regional_intensity12,0.0,2023-09
2305506,Iguatu,CE,2023,9,4.0,inpe_bdq_aqua_ref,climatology_regional_intensity12,4.194425642000327,2023-09
2306405,Itapipoca,CE,2023,9,8.0,inpe_bdq_aqua_ref,climatology_regional_intensity12,3.085554495264609,2023-09
2306900,Jaguaribe,CE,2023,9,1.0,inpe_bdq_aqua_ref,climatology_regional_intensity12,0.9642357797701903,2023-09
2307106,Jardim,CE,2023,9,3.0,inpe_bdq_legacy,climatology_regional_intensity12,1.494565458643795,2023-09
2307205,Jati,CE,2023,9,1.0,inpe_bdq_legacy,climatology_regional_intensity12,0.4580119953908404,2023-09
2307304,Juazeiro do Norte,CE,2023,9,2.0,inpe_bdq_legacy,climatology_regional_intensity12,1.0178044342018677,2023-09
2308401,Missão Velha,CE,2023,9,3.0,inpe_bdq_legacy,climatology_regional_intensity12,2.9312767705013787,2023-09
2308708,Morada Nova,CE,2023,9,0.0,inpe_bdq_aqua_ref,climatology_regional_intensity12,1.494565458643795,2023-09
2309201,Nova Olinda,CE,2023,9,0.0,inpe_bdq_legacy,climatology_regional_intensity12,0.7231768348276428,2023-09
2310605,Penaforte,CE,2023,9,0.0,inpe_bdq_legacy,climatology_regional_intensity12,0.0,2023-09
2311108,Porteiras,CE,2023,9,0.0,inpe_bdq_legacy,climatology_regional_intensity12,0.8621402266180526,2023-09
2311207,Potengi,CE,2023,9,7.0,inpe_bdq_legacy,climatology_regional_intensity12,1.2366323875552692,2023-09
2311306,Quixadá,CE,2023,9,2.0,inpe_bdq_aqua_ref,climatology_regional_intensity12,3.2301898622301377,2023-09
2311405,Quixeramobim,CE,2023,9,5.0,inpe_bdq_aqua_ref,climatology_regional_intensity12,2.796283761333552,2023-09
2311959,Salitre,CE,2023,9,12.0,inpe_bdq_legacy,climatology_regional_intensity12,1.5114395847897732,2023-09
2312106,Santana do Cariri,CE,2023,9,13.0,inpe_bdq_legacy,climatology_regional_intensity12,3.206083967735883,2023-09
2312908,Sobral,CE,2023,9,24.0,inpe_bdq_aqua_ref,climatology_regional_intensity12,9.642357797701905,2023-09
2313302,Tauá,CE,2023,9,6.0,inpe_bdq_aqua_ref,climatology_regional_intensity12,1.8802597705518713,2023-09
2313401,Tianguá,CE,2023,9,1.0,inpe_bdq_aqua_ref,climatology_regional_intensity12,1.2535065137012475,2023-09
2300101,Abaiara,CE,2023,10,10.0,inpe_bdq_legacy,climatology_municipal,1.4,2023-10
2300200,Acaraú,CE,2023,10,2.0,inpe_bdq_aqua_ref,climatology_municipal,1.631578947368421,2023-10
2301307,Araripe,CE,2023,10,33.0,inpe_bdq_legacy,climatology_municipal,11.95,2023-10
2301604,Assaré,CE,2023,10,15.0,inpe_bdq_legacy,climatology_municipal,3.55,2023-10
2301901,Barbalha,CE,2023,10,19.0,inpe_bdq_aqua_ref,climatology_municipal,3.4,2023-10
2302503,Brejo Santo,CE,2023,10,1.0,inpe_bdq_legacy,climatology_municipal,2.85,2023-10
2302701,Campos Sales,CE,2023,10,4.0,inpe_bdq_aqua_ref,climatology_municipal,2.9,2023-10
2304103,Crateús,CE,2023,10,100.0,inpe_bdq_aqua_ref,climatology_municipal,42.526315789473685,2023-10
2304202,Crato,CE,2023,10,13.0,inpe_bdq_legacy,climatology_municipal,9.1,2023-10
2304400,Fortaleza,CE,2023,10,1.0,inpe_bdq_aqua_ref,climatology_municipal,1.0,2023-10
2305100,Guaramiranga,CE,2023,10,0.0,inpe_bdq_aqua_ref,climatology_municipal,0.058823529411764705,2023-10
2305506,Iguatu,CE,2023,10,18.0,inpe_bdq_aqua_ref,climatology_municipal,4.842105263157895,2023-10
2306405,Itapipoca,CE,2023,10,15.0,inpe_bdq_aqua_ref,climatology_municipal,3.1052631578947367,2023-10
2306900,Jaguaribe,CE,2023,10,0.0,inpe_bdq_aqua_ref,climatology_municipal,3.3157894736842106,2023-10
2307106,Jardim,CE,2023,10,1.0,inpe_bdq_legacy,climatology_municipal,2.85,2023-10
2307205,Jati,CE,2023,10,2.0,inpe_bdq_legacy,climatology_municipal,3.0,2023-10
2307304,Juazeiro do Norte,CE,2023,10,5.0,inpe_bdq_legacy,climatology_municipal,2.611111111111111,2023-10
2308401,Missão Velha,CE,2023,10,30.0,inpe_bdq_legacy,climatology_municipal,5.3,2023-10
2308708,Morada Nova,CE,2023,10,2.0,inpe_bdq_aqua_ref,climatology_municipal,4.2631578947368425,2023-10
2309201,Nova Olinda,CE,2023,10,0.0,inpe_bdq_legacy,climatology_municipal,1.0,2023-10
2310605,Penaforte,CE,2023,10,0.0,inpe_bdq_legacy,climatology_municipal,0.17647058823529413,2023-10
2311108,Porteiras,CE,2023,10,0.0,inpe_bdq_legacy,climatology_municipal,0.8888888888888888,2023-10
2311207,Potengi,CE,2023,10,0.0,inpe_bdq_legacy,climatology_municipal,1.95,2023-10
2311306,Quixadá,CE,2023,10,12.0,inpe_bdq_aqua_ref,climatology_municipal,17.68421052631579,2023-10
2311405,Quixeramobim,CE,2023,10,47.0,inpe_bdq_aqua_ref,climatology_municipal,34.0,2023-10
2311959,Salitre,CE,2023,10,15.0,inpe_bdq_legacy,climatology_municipal,4.6,2023-10
2312106,Santana do Cariri,CE,2023,10,14.0,inpe_bdq_legacy,climatology_municipal,6.8,2023-10
2312908,Sobral,CE,2023,10,4.0,inpe_bdq_aqua_ref,climatology_municipal,16.210526315789473,2023-10
2313302,Tauá,CE,2023,10,41.0,inpe_bdq_aqua_ref,climatology_municipal,8.105263157894736,2023-10
2313401,Tianguá,CE,2023,10,3.0,inpe_bdq_aqua_ref,climatology_municipal,4.157894736842105,2023-10
2300101,Abaiara,CE,2023,10,10.0,inpe_bdq_legacy,climatology_regional_intensity12,1.3770957474102914,2023-10
2300200,Acaraú,CE,2023,10,2.0,inpe_bdq_aqua_ref,climatology_regional_intensity12,1.6048860214180087,2023-10
2301307,Araripe,CE,2023,10,33.0,inpe_bdq_legacy,climatology_regional_intensity12,11.754495843966415,2023-10
2301604,Assaré,CE,2023,10,15.0,inpe_bdq_legacy,climatology_regional_intensity12,3.4919213595046674,2023-10
2301901,Barbalha,CE,2023,10,19.0,inpe_bdq_aqua_ref,climatology_regional_intensity12,3.3443753865678505,2023-10
2302503,Brejo Santo,CE,2023,10,1.0,inpe_bdq_legacy,climatology_regional_intensity12,2.8033734857995216,2023-10
2302701,Campos Sales,CE,2023,10,4.0,inpe_bdq_aqua_ref,climatology_regional_intensity12,2.8525554767784604,2023-10
2304103,Crateús,CE,2023,10,100.0,inpe_bdq_aqua_ref,climatology_regional_intensity12,41.8305775905081,2023-10
2304202,Crato,CE,2023,10,13.0,inpe_bdq_legacy,climatology_regional_intensity12,8.951122358166893,2023-10
2304400,Fortaleza,CE,2023,10,1.0,inpe_bdq_aqua_ref,climatology_regional_intensity12,0.9836398195787796,2023-10
2305100,Guaramiranga,CE,2023,10,0.0,inpe_bdq_aqua_ref,climatology_regional_intensity12,0.05786116585757527,2023-10
2305506,Iguatu,CE,2023,10,18.0,inpe_bdq_aqua_ref,climatology_regional_intensity12,4.76288754743409,2023-10
2306405,Itapipoca,CE,2023,10,15.0,inpe_bdq_aqua_ref,climatology_regional_intensity12,3.05446049237621,2023-10
2306900,Jaguaribe,CE,2023,10,0.0,inpe_bdq_aqua_ref,climatology_regional_intensity12,3.2615425596559535,2023-10
2307106,Jardim,CE,2023,10,1.0,inpe_bdq_legacy,climatology_regional_intensity12,2.8033734857995216,2023-10
2307205,Jati,CE,2023,10,2.0,inpe_bdq_legacy,climatology_regional_intensity12,2.9509194587363385,2023-10
2307304,Juazeiro do Norte,CE,2023,10,5.0,inpe_bdq_legacy,climatology_regional_intensity12,2.56839286223348,2023-10
2308401,Missão Velha,CE,2023,10,30.0,inpe_bdq_legacy,climatology_regional_intensity12,5.213291043767532,2023-10
2308708,Morada Nova,CE,2023,10,2.0,inpe_bdq_aqua_ref,climatology_regional_intensity12,4.193411862414798,2023-10
2309201,Nova Olinda,CE,2023,10,0.0,inpe_bdq_legacy,climatology_regional_intensity12,0.9836398195787796,2023-10
2310605,Penaforte,CE,2023,10,0.0,inpe_bdq_legacy,climatology_regional_intensity12,0.17358349757272581,2023-10
2311108,Porteiras,CE,2023,10,0.0,inpe_bdq_legacy,climatology_regional_intensity12,0.8743465062922484,2023-10
2311207,Potengi,CE,2023,10,0.0,inpe_bdq_legacy,climatology_regional_intensity12,1.91809764817862,2023-10
2311306,Quixadá,CE,2023,10,12.0,inpe_bdq_aqua_ref,climatology_regional_intensity12,17.394893651498418,2023-10
2311405,Quixeramobim,CE,2023,10,47.0,inpe_bdq_aqua_ref,climatology_regional_intensity12,33.4437538656785,2023-10
2311959,Salitre,CE,2023,10,15.0,inpe_bdq_legacy,climatology_regional_intensity12,4.5247431700623855,2023-10
2312106,Santana do Cariri,CE,2023,10,14.0,inpe_bdq_legacy,climatology_regional_intensity12,6.688750773135701,2023-10
2312908,Sobral,CE,2023,10,4.0,inpe_bdq_aqua_ref,climatology_regional_intensity12,15.945319180540215,2023-10
2313302,Tauá,CE,2023,10,41.0,inpe_bdq_aqua_ref,climatology_regional_intensity12,7.972659590270108,2023-10
2313401,Tianguá,CE,2023,10,3.0,inpe_bdq_aqua_ref,climatology_regional_intensity12,4.0898708287749255,2023-10
2300101,Abaiara,CE,2023,11,9.0,inpe_bdq_legacy,climatology_municipal,2.85,2023-11
2300200,Acaraú,CE,2023,11,9.0,inpe_bdq_aqua_ref,climatology_municipal,8.210526315789474,2023-11
2301307,Araripe,CE,2023,11,24.0,inpe_bdq_legacy,climatology_municipal,13.2,2023-11
2301604,Assaré,CE,2023,11,5.0,inpe_bdq_legacy,climatology_municipal,4.95,2023-11
2301901,Barbalha,CE,2023,11,2.0,inpe_bdq_aqua_ref,climatology_municipal,4.7,2023-11
2302503,Brejo Santo,CE,2023,11,6.0,inpe_bdq_legacy,climatology_municipal,4.8,2023-11
2302701,Campos Sales,CE,2023,11,1.0,inpe_bdq_aqua_ref,climatology_municipal,2.7,2023-11
2304103,Crateús,CE,2023,11,76.0,inpe_bdq_aqua_ref,climatology_municipal,59.89473684210526,2023-11
2304202,Crato,CE,2023,11,9.0,inpe_bdq_legacy,climatology_municipal,9.95,2023-11
2304400,Fortaleza,CE,2023,11,0.0,inpe_bdq_aqua_ref,climatology_municipal,1.1176470588235294,2023-11
2305100,Guaramiranga,CE,2023,11,0.0,inpe_bdq_aqua_ref,climatology_municipal,0.4117647058823529,2023-11
2305506,Iguatu,CE,2023,11,12.0,inpe_bdq_aqua_ref,climatology_municipal,7.7368421052631575,2023-11
2306405,Itapipoca,CE,2023,11,21.0,inpe_bdq_aqua_ref,climatology_municipal,22.157894736842106,2023-11
2306900,Jaguaribe,CE,2023,11,3.0,inpe_bdq_aqua_ref,climatology_municipal,3.8947368421052633,2023-11
2307106,Jardim,CE,2023,11,6.0,inpe_bdq_legacy,climatology_municipal,3.4,2023-11
2307205,Jati,CE,2023,11,2.0,inpe_bdq_legacy,climatology_municipal,2.35,2023-11
2307304,Juazeiro do Norte,CE,2023,11,4.0,inpe_bdq_legacy,climatology_municipal,3.2222222222222223,2023-11
2308401,Missão Velha,CE,2023,11,8.0,inpe_bdq_legacy,climatology_municipal,10.5,2023-11
2308708,Morada Nova,CE,2023,11,8.0,inpe_bdq_aqua_ref,climatology_municipal,4.7368421052631575,2023-11
2309201,Nova Olinda,CE,2023,11,4.0,inpe_bdq_legacy,climatology_municipal,4.2,2023-11
2310605,Penaforte,CE,2023,11,0.0,inpe_bdq_legacy,climatology_municipal,0.2777777777777778,2023-11
2311108,Porteiras,CE,2023,11,2.0,inpe_bdq_legacy,climatology_municipal,2.1666666666666665,2023-11
2311207,Potengi,CE,2023,11,0.0,inpe_bdq_legacy,climatology_municipal,2.8,2023-11
2311306,Quixadá,CE,2023,11,10.0,inpe_bdq_aqua_ref,climatology_municipal,23.42105263157895,2023-11
2311405,Quixeramobim,CE,2023,11,33.0,inpe_bdq_aqua_ref,climatology_municipal,49.421052631578945,2023-11
2311959,Salitre,CE,2023,11,9.0,inpe_bdq_legacy,climatology_municipal,8.75,2023-11
2312106,Santana do Cariri,CE,2023,11,14.0,inpe_bdq_legacy,climatology_municipal,12.25,2023-11
2312908,Sobral,CE,2023,11,26.0,inpe_bdq_aqua_ref,climatology_municipal,30.789473684210527,2023-11
2313302,Tauá,CE,2023,11,28.0,inpe_bdq_aqua_ref,climatology_municipal,13.421052631578947,2023-11
2313401,Tianguá,CE,2023,11,6.0,inpe_bdq_aqua_ref,climatology_municipal,9.631578947368421,2023-11
2300101,Abaiara,CE,2023,11,9.0,inpe_bdq_legacy,climatology_regional_intensity12,3.212009659869347,2023-11
2300200,Acaraú,CE,2023,11,9.0,inpe_bdq_aqua_ref,climatology_regional_intensity12,9.253435031202551,2023-11
2301307,Araripe,CE,2023,11,24.0,inpe_bdq_legacy,climatology_regional_intensity12,14.876676319394868,2023-11
2301604,Assaré,CE,2023,11,5.0,inpe_bdq_legacy,climatology_regional_intensity12,5.578753619773076,2023-11
2301901,Barbalha,CE,2023,11,2.0,inpe_bdq_aqua_ref,climatology_regional_intensity12,5.296998386451204,2023-11
2302503,Brejo Santo,CE,2023,11,6.0,inpe_bdq_legacy,climatology_regional_intensity12,5.409700479779953,2023-11
2302701,Campos Sales,CE,2023,11,1.0,inpe_bdq_aqua_ref,climatology_regional_intensity12,3.0429565198762236,2023-11
2304103,Crateús,CE,2023,11,76.0,inpe_bdq_aqua_ref,climatology_regional_intensity12,67.50262221479808,2023-11
2304202,Crato,CE,2023,11,9.0,inpe_bdq_legacy,climatology_regional_intensity12,11.213858286210526,2023-11
2304400,Fortaleza,CE,2023,11,0.0,inpe_bdq_aqua_ref,climatology_regional_intensity12,1.2596116313213124,2023-11
2305100,Guaramiranga,CE,2023,11,0.0,inpe_bdq_aqua_ref,climatology_regional_intensity12,0.4640674431183783,2023-11
2305506,Iguatu,CE,2023,11,12.0,inpe_bdq_aqua_ref,climatology_regional_intensity12,8.719583010171634,2023-11
2306405,Itapipoca,CE,2023,11,21.0,inpe_bdq_aqua_ref,climatology_regional_intensity12,24.972411206001755,2023-11
2306900,Jaguaribe,CE,2023,11,3.0,inpe_bdq_aqua_ref,climatology_regional_intensity12,4.389449950698646,2023-11
2307106,Jardim,CE,2023,11,6.0,inpe_bdq_legacy,climatology_regional_intensity12,3.831871173177466,2023-11
2307205,Jati,CE,2023,11,2.0,inpe_bdq_legacy,climatology_regional_intensity12,2.648499193225602,2023-11
2307304,Juazeiro do Norte,CE,2023,11,4.0,inpe_bdq_legacy,climatology_regional_intensity12,3.6315118961485795,2023-11
2308401,Missão Velha,CE,2023,11,8.0,inpe_bdq_legacy,climatology_regional_intensity12,11.833719799518645,2023-11
2308708,Morada Nova,CE,2023,11,8.0,inpe_bdq_aqua_ref,climatology_regional_intensity12,5.338520210309163,2023-11
2309201,Nova Olinda,CE,2023,11,4.0,inpe_bdq_legacy,climatology_regional_intensity12,4.733487919807459,2023-11
2310605,Penaforte,CE,2023,11,0.0,inpe_bdq_legacy,climatology_regional_intensity12,0.31306137035763615,2023-11
2311108,Porteiras,CE,2023,11,2.0,inpe_bdq_legacy,climatology_regional_intensity12,2.441878688789562,2023-11
2311207,Potengi,CE,2023,11,0.0,inpe_bdq_legacy,climatology_regional_intensity12,3.155658613204972,2023-11
2311306,Quixadá,CE,2023,11,10.0,inpe_bdq_aqua_ref,climatology_regional_intensity12,26.39601659541753,2023-11
2311405,Quixeramobim,CE,2023,11,33.0,inpe_bdq_aqua_ref,climatology_regional_intensity12,55.69856086089227,2023-11
2311959,Salitre,CE,2023,11,9.0,inpe_bdq_legacy,climatology_regional_intensity12,9.861433166265538,2023-11
2312106,Santana do Cariri,CE,2023,11,14.0,inpe_bdq_legacy,climatology_regional_intensity12,13.806006432771754,2023-11
2312908,Sobral,CE,2023,11,26.0,inpe_bdq_aqua_ref,climatology_regional_intensity12,34.70038136700956,2023-11
2313302,Tauá,CE,2023,11,28.0,inpe_bdq_aqua_ref,climatology_regional_intensity12,15.12580726254263,2023-11
2313401,Tianguá,CE,2023,11,6.0,inpe_bdq_aqua_ref,climatology_regional_intensity12,10.854991094295299,2023-11
2300101,Abaiara,CE,2023,12,4.0,inpe_bdq_legacy,climatology_municipal,1.8,2023-12
2300200,Acaraú,CE,2023,12,27.0,inpe_bdq_aqua_ref,climatology_municipal,32.26315789473684,2023-12
2301307,Araripe,CE,2023,12,15.0,inpe_bdq_legacy,climatology_municipal,6.25,2023-12
2301604,Assaré,CE,2023,12,4.0,inpe_bdq_legacy,climatology_municipal,5.15,2023-12
2301901,Barbalha,CE,2023,12,1.0,inpe_bdq_aqua_ref,climatology_municipal,2.15,2023-12
2302503,Brejo Santo,CE,2023,12,6.0,inpe_bdq_legacy,climatology_municipal,2.25,2023-12
2302701,Campos Sales,CE,2023,12,2.0,inpe_bdq_aqua_ref,climatology_municipal,1.45,2023-12
2304103,Crateús,CE,2023,12,35.0,inpe_bdq_aqua_ref,climatology_municipal,26.842105263157894,2023-12
2304202,Crato,CE,2023,12,1.0,inpe_bdq_legacy,climatology_municipal,5.9,2023-12
2304400,Fortaleza,CE,2023,12,0.0,inpe_bdq_aqua_ref,climatology_municipal,0.17647058823529413,2023-12
2305100,Guaramiranga,CE,2023,12,2.0,inpe_bdq_aqua_ref,climatology_municipal,0.058823529411764705,2023-12
2305506,Iguatu,CE,2023,12,6.0,inpe_bdq_aqua_ref,climatology_municipal,4.0,2023-12
2306405,Itapipoca,CE,2023,12,66.0,inpe_bdq_aqua_ref,climatology_municipal,62.31578947368421,2023-12
2306900,Jaguaribe,CE,2023,12,5.0,inpe_bdq_aqua_ref,climatology_municipal,2.1578947368421053,2023-12
2307106,Jardim,CE,2023,12,5.0,inpe_bdq_legacy,climatology_municipal,3.45,2023-12
2307205,Jati,CE,2023,12,2.0,inpe_bdq_legacy,climatology_municipal,0.95,2023-12
2307304,Juazeiro do Norte,CE,2023,12,1.0,inpe_bdq_legacy,climatology_municipal,1.1111111111111112,2023-12
2308401,Missão Velha,CE,2023,12,10.0,inpe_bdq_legacy,climatology_municipal,6.95,2023-12
2308708,Morada Nova,CE,2023,12,4.0,inpe_bdq_aqua_ref,climatology_municipal,4.7368421052631575,2023-12
2309201,Nova Olinda,CE,2023,12,3.0,inpe_bdq_legacy,climatology_municipal,2.8,2023-12
2310605,Penaforte,CE,2023,12,1.0,inpe_bdq_legacy,climatology_municipal,0.3888888888888889,2023-12
2311108,Porteiras,CE,2023,12,1.0,inpe_bdq_legacy,climatology_municipal,1.8888888888888888,2023-12
2311207,Potengi,CE,2023,12,0.0,inpe_bdq_legacy,climatology_municipal,1.3,2023-12
2311306,Quixadá,CE,2023,12,8.0,inpe_bdq_aqua_ref,climatology_municipal,13.0,2023-12
2311405,Quixeramobim,CE,2023,12,23.0,inpe_bdq_aqua_ref,climatology_municipal,30.94736842105263,2023-12
2311959,Salitre,CE,2023,12,4.0,inpe_bdq_legacy,climatology_municipal,3.5,2023-12
2312106,Santana do Cariri,CE,2023,12,2.0,inpe_bdq_legacy,climatology_municipal,10.5,2023-12
2312908,Sobral,CE,2023,12,30.0,inpe_bdq_aqua_ref,climatology_municipal,19.263157894736842,2023-12
2313302,Tauá,CE,2023,12,20.0,inpe_bdq_aqua_ref,climatology_municipal,9.105263157894736,2023-12
2313401,Tianguá,CE,2023,12,23.0,inpe_bdq_aqua_ref,climatology_municipal,12.105263157894736,2023-12
2300101,Abaiara,CE,2023,12,4.0,inpe_bdq_legacy,climatology_regional_intensity12,2.204193455560012,2023-12
2300200,Acaraú,CE,2023,12,27.0,inpe_bdq_aqua_ref,climatology_regional_intensity12,39.50791193737682,2023-12
2301307,Araripe,CE,2023,12,15.0,inpe_bdq_legacy,climatology_regional_intensity12,7.653449498472263,2023-12
2301604,Assaré,CE,2023,12,4.0,inpe_bdq_legacy,climatology_regional_intensity12,6.306442386741145,2023-12
2301901,Barbalha,CE,2023,12,1.0,inpe_bdq_aqua_ref,climatology_regional_intensity12,2.6327866274744585,2023-12
2302503,Brejo Santo,CE,2023,12,6.0,inpe_bdq_legacy,climatology_regional_intensity12,2.755241819450015,2023-12
2302701,Campos Sales,CE,2023,12,2.0,inpe_bdq_aqua_ref,climatology_regional_intensity12,1.775600283645565,2023-12
2304103,Crateús,CE,2023,12,35.0,inpe_bdq_aqua_ref,climatology_regional_intensity12,32.86955153028087,2023-12
2304202,Crato,CE,2023,12,1.0,inpe_bdq_legacy,climatology_regional_intensity12,7.224856326557817,2023-12
2304400,Fortaleza,CE,2023,12,0.0,inpe_bdq_aqua_ref,climatology_regional_intensity12,0.21609739760392274,2023-12
2305100,Guaramiranga,CE,2023,12,2.0,inpe_bdq_aqua_ref,climatology_regional_intensity12,0.07203246586797424,2023-12
2305506,Iguatu,CE,2023,12,6.0,inpe_bdq_aqua_ref,climatology_regional_intensity12,4.898207679022248,2023-12
2306405,Itapipoca,CE,2023,12,66.0,inpe_bdq_aqua_ref,climatology_regional_intensity12,76.30891963108346,2023-12
2306900,Jaguaribe,CE,2023,12,5.0,inpe_bdq_aqua_ref,climatology_regional_intensity12,2.6424541426304233,2023-12
2307106,Jardim,CE,2023,12,5.0,inpe_bdq_legacy,climatology_regional_intensity12,4.224704123156689,2023-12
2307205,Jati,CE,2023,12,2.0,inpe_bdq_legacy,climatology_regional_intensity12,1.163324323767784,2023-12
2307304,Juazeiro do Norte,CE,2023,12,1.0,inpe_bdq_legacy,climatology_regional_intensity12,1.360613244172847,2023-12
2308401,Missão Velha,CE,2023,12,10.0,inpe_bdq_legacy,climatology_regional_intensity12,8.510635842301157,2023-12
2308708,Morada Nova,CE,2023,12,4.0,inpe_bdq_aqua_ref,climatology_regional_intensity12,5.800509093578978,2023-12
2309201,Nova Olinda,CE,2023,12,3.0,inpe_bdq_legacy,climatology_regional_intensity12,3.428745375315574,2023-12
2310605,Penaforte,CE,2023,12,1.0,inpe_bdq_legacy,climatology_regional_intensity12,0.47621463546049636,2023-12
2311108,Porteiras,CE,2023,12,1.0,inpe_bdq_legacy,climatology_regional_intensity12,2.3130425150938394,2023-12
2311207,Potengi,CE,2023,12,0.0,inpe_bdq_legacy,climatology_regional_intensity12,1.5919174956822308,2023-12
2311306,Quixadá,CE,2023,12,8.0,inpe_bdq_aqua_ref,climatology_regional_intensity12,15.919174956822307,2023-12
2311405,Quixeramobim,CE,2023,12,23.0,inpe_bdq_aqua_ref,climatology_regional_intensity12,37.89665941138266,2023-12
2311959,Salitre,CE,2023,12,4.0,inpe_bdq_legacy,climatology_regional_intensity12,4.285931719144467,2023-12
2312106,Santana do Cariri,CE,2023,12,2.0,inpe_bdq_legacy,climatology_regional_intensity12,12.857795157433403,2023-12
2312908,Sobral,CE,2023,12,30.0,inpe_bdq_aqua_ref,climatology_regional_intensity12,23.58873698055451,2023-12
2313302,Tauá,CE,2023,12,20.0,inpe_bdq_aqua_ref,climatology_regional_intensity12,11.14986747987959,2023-12
2313401,Tianguá,CE,2023,12,23.0,inpe_bdq_aqua_ref,climatology_regional_intensity12,14.823523239146278,2023-12
2300101,Abaiara,CE,2024,1,0.0,inpe_bdq_legacy,climatology_municipal,0.05,2024-01
2300200,Acaraú,CE,2024,1,5.0,inpe_bdq_aqua_ref,climatology_municipal,5.05,2024-01
2301307,Araripe,CE,2024,1,6.0,inpe_bdq_legacy,climatology_municipal,1.35,2024-01
2301604,Assaré,CE,2024,1,1.0,inpe_bdq_legacy,climatology_municipal,1.85,2024-01
2301901,Barbalha,CE,2024,1,0.0,inpe_bdq_aqua_ref,climatology_municipal,0.45,2024-01
2302503,Brejo Santo,CE,2024,1,0.0,inpe_bdq_legacy,climatology_municipal,0.35,2024-01
2302701,Campos Sales,CE,2024,1,1.0,inpe_bdq_aqua_ref,climatology_municipal,0.4,2024-01
2304103,Crateús,CE,2024,1,9.0,inpe_bdq_aqua_ref,climatology_municipal,3.6,2024-01
2304202,Crato,CE,2024,1,0.0,inpe_bdq_legacy,climatology_municipal,0.75,2024-01
2304400,Fortaleza,CE,2024,1,1.0,inpe_bdq_aqua_ref,climatology_municipal,0.1,2024-01
2305506,Iguatu,CE,2024,1,4.0,inpe_bdq_aqua_ref,climatology_municipal,1.1,2024-01
2306405,Itapipoca,CE,2024,1,8.0,inpe_bdq_aqua_ref,climatology_municipal,6.9,2024-01
2306900,Jaguaribe,CE,2024,1,2.0,inpe_bdq_aqua_ref,climatology_municipal,0.75,2024-01
2307007,Jaguaruana,CE,2024,1,0.0,inpe_bdq_aqua_ref,climatology_municipal,0.55,2024-01
2307106,Jardim,CE,2024,1,1.0,inpe_bdq_legacy,climatology_municipal,0.45,2024-01
2307205,Jati,CE,2024,1,0.0,inpe_bdq_legacy,climatology_municipal,0.35,2024-01
2307304,Juazeiro do Norte,CE,2024,1,0.0,inpe_bdq_legacy,climatology_municipal,0.15,2024-01
2308401,Missão Velha,CE,2024,1,5.0,inpe_bdq_legacy,climatology_municipal,1.1,2024-01
2308708,Morada Nova,CE,2024,1,4.0,inpe_bdq_aqua_ref,climatology_municipal,1.6,2024-01
2309201,Nova Olinda,CE,2024,1,0.0,inpe_bdq_legacy,climatology_municipal,0.25,2024-01
2310605,Penaforte,CE,2024,1,1.0,inpe_bdq_legacy,climatology_municipal,0.05,2024-01
2311108,Porteiras,CE,2024,1,0.0,inpe_bdq_legacy,climatology_municipal,0.2,2024-01
2311207,Potengi,CE,2024,1,0.0,inpe_bdq_legacy,climatology_municipal,0.7,2024-01
2311306,Quixadá,CE,2024,1,0.0,inpe_bdq_aqua_ref,climatology_municipal,2.0,2024-01
2311405,Quixeramobim,CE,2024,1,10.0,inpe_bdq_aqua_ref,climatology_municipal,5.5,2024-01
2311959,Salitre,CE,2024,1,0.0,inpe_bdq_legacy,climatology_municipal,0.5,2024-01
2312106,Santana do Cariri,CE,2024,1,4.0,inpe_bdq_legacy,climatology_municipal,3.4,2024-01
2312908,Sobral,CE,2024,1,0.0,inpe_bdq_aqua_ref,climatology_municipal,2.2,2024-01
2313302,Tauá,CE,2024,1,7.0,inpe_bdq_aqua_ref,climatology_municipal,1.1,2024-01
2313401,Tianguá,CE,2024,1,4.0,inpe_bdq_aqua_ref,climatology_municipal,0.7,2024-01
2300101,Abaiara,CE,2024,1,0.0,inpe_bdq_legacy,climatology_regional_intensity12,0.06554563624331457,2024-01
2300200,Acaraú,CE,2024,1,5.0,inpe_bdq_aqua_ref,climatology_regional_intensity12,6.620109260574771,2024-01
2301307,Araripe,CE,2024,1,6.0,inpe_bdq_legacy,climatology_regional_intensity12,1.7697321785694933,2024-01
2301604,Assaré,CE,2024,1,1.0,inpe_bdq_legacy,climatology_regional_intensity12,2.425188541002639,2024-01
2301901,Barbalha,CE,2024,1,0.0,inpe_bdq_aqua_ref,climatology_regional_intensity12,0.5899107261898311,2024-01
2302503,Brejo Santo,CE,2024,1,0.0,inpe_bdq_legacy,climatology_regional_intensity12,0.45881945370320193,2024-01
2302701,Campos Sales,CE,2024,1,1.0,inpe_bdq_aqua_ref,climatology_regional_intensity12,0.5243650899465165,2024-01
2304103,Crateús,CE,2024,1,9.0,inpe_bdq_aqua_ref,climatology_regional_intensity12,4.719285809518649,2024-01
2304202,Crato,CE,2024,1,0.0,inpe_bdq_legacy,climatology_regional_intensity12,0.9831845436497184,2024-01
2304400,Fortaleza,CE,2024,1,1.0,inpe_bdq_aqua_ref,climatology_regional_intensity12,0.13109127248662913,2024-01
2305506,Iguatu,CE,2024,1,4.0,inpe_bdq_aqua_ref,climatology_regional_intensity12,1.4420039973529206,2024-01
2306405,Itapipoca,CE,2024,1,8.0,inpe_bdq_aqua_ref,climatology_regional_intensity12,9.04529780157741,2024-01
2306900,Jaguaribe,CE,2024,1,2.0,inpe_bdq_aqua_ref,climatology_regional_intensity12,0.9831845436497184,2024-01
2307007,Jaguaruana,CE,2024,1,0.0,inpe_bdq_aqua_ref,climatology_regional_intensity12,0.7210019986764603,2024-01
2307106,Jardim,CE,2024,1,1.0,inpe_bdq_legacy,climatology_regional_intensity12,0.5899107261898311,2024-01
2307205,Jati,CE,2024,1,0.0,inpe_bdq_legacy,climatology_regional_intensity12,0.45881945370320193,2024-01
2307304,Juazeiro do Norte,CE,2024,1,0.0,inpe_bdq_legacy,climatology_regional_intensity12,0.1966369087299437,2024-01
2308401,Missão Velha,CE,2024,1,5.0,inpe_bdq_legacy,climatology_regional_intensity12,1.4420039973529206,2024-01
2308708,Morada Nova,CE,2024,1,4.0,inpe_bdq_aqua_ref,climatology_regional_intensity12,2.097460359786066,2024-01
2309201,Nova Olinda,CE,2024,1,0.0,inpe_bdq_legacy,climatology_regional_intensity12,0.3277281812165728,2024-01
2310605,Penaforte,CE,2024,1,1.0,inpe_bdq_legacy,climatology_regional_intensity12,0.06554563624331457,2024-01
2311108,Porteiras,CE,2024,1,0.0,inpe_bdq_legacy,climatology_regional_intensity12,0.26218254497325827,2024-01
2311207,Potengi,CE,2024,1,0.0,inpe_bdq_legacy,climatology_regional_intensity12,0.9176389074064039,2024-01
2311306,Quixadá,CE,2024,1,0.0,inpe_bdq_aqua_ref,climatology_regional_intensity12,2.6218254497325826,2024-01
2311405,Quixeramobim,CE,2024,1,10.0,inpe_bdq_aqua_ref,climatology_regional_intensity12,7.210019986764602,2024-01
2311959,Salitre,CE,2024,1,0.0,inpe_bdq_legacy,climatology_regional_intensity12,0.6554563624331456,2024-01
2312106,Santana do Cariri,CE,2024,1,4.0,inpe_bdq_legacy,climatology_regional_intensity12,4.45710326454539,2024-01
2312908,Sobral,CE,2024,1,0.0,inpe_bdq_aqua_ref,climatology_regional_intensity12,2.8840079947058412,2024-01
2313302,Tauá,CE,2024,1,7.0,inpe_bdq_aqua_ref,climatology_regional_intensity12,1.4420039973529206,2024-01
2313401,Tianguá,CE,2024,1,4.0,inpe_bdq_aqua_ref,climatology_regional_intensity12,0.9176389074064039,2024-01
2300101,Abaiara,CE,2024,2,0.0,inpe_bdq_legacy,climatology_municipal,0.0,2024-02
2300200,Acaraú,CE,2024,2,0.0,inpe_bdq_aqua_ref,climatology_municipal,0.6,2024-02
2301307,Araripe,CE,2024,2,0.0,inpe_bdq_legacy,climatology_municipal,0.15,2024-02
2301604,Assaré,CE,2024,2,2.0,inpe_bdq_legacy,climatology_municipal,0.25,2024-02
2301901,Barbalha,CE,2024,2,0.0,inpe_bdq_aqua_ref,climatology_municipal,0.15,2024-02
2302503,Brejo Santo,CE,2024,2,0.0,inpe_bdq_legacy,climatology_municipal,0.1,2024-02
2302701,Campos Sales,CE,2024,2,0.0,inpe_bdq_aqua_ref,climatology_municipal,0.05,2024-02
2304103,Crateús,CE,2024,2,2.0,inpe_bdq_aqua_ref,climatology_municipal,0.15,2024-02
2304202,Crato,CE,2024,2,0.0,inpe_bdq_legacy,climatology_municipal,0.3,2024-02
2304400,Fortaleza,CE,2024,2,0.0,inpe_bdq_aqua_ref,climatology_municipal,0.1,2024-02
2305506,Iguatu,CE,2024,2,1.0,inpe_bdq_aqua_ref,climatology_municipal,0.1,2024-02
2306405,Itapipoca,CE,2024,2,1.0,inpe_bdq_aqua_ref,climatology_municipal,0.2,2024-02
2306900,Jaguaribe,CE,2024,2,0.0,inpe_bdq_aqua_ref,climatology_municipal,0.2,2024-02
2307007,Jaguaruana,CE,2024,2,0.0,inpe_bdq_aqua_ref,climatology_municipal,0.25,2024-02
2307106,Jardim,CE,2024,2,0.0,inpe_bdq_legacy,climatology_municipal,0.1,2024-02
2307205,Jati,CE,2024,2,0.0,inpe_bdq_legacy,climatology_municipal,0.15,2024-02
2307304,Juazeiro do Norte,CE,2024,2,0.0,inpe_bdq_legacy,climatology_municipal,0.05,2024-02
2308401,Missão Velha,CE,2024,2,1.0,inpe_bdq_legacy,climatology_municipal,0.2,2024-02
2308708,Morada Nova,CE,2024,2,2.0,inpe_bdq_aqua_ref,climatology_municipal,0.65,2024-02
2309201,Nova Olinda,CE,2024,2,0.0,inpe_bdq_legacy,climatology_municipal,0.0,2024-02
2310605,Penaforte,CE,2024,2,0.0,inpe_bdq_legacy,climatology_municipal,0.1,2024-02
2311108,Porteiras,CE,2024,2,0.0,inpe_bdq_legacy,climatology_municipal,0.1,2024-02
2311207,Potengi,CE,2024,2,0.0,inpe_bdq_legacy,climatology_municipal,0.3,2024-02
2311306,Quixadá,CE,2024,2,1.0,inpe_bdq_aqua_ref,climatology_municipal,0.2,2024-02
2311405,Quixeramobim,CE,2024,2,0.0,inpe_bdq_aqua_ref,climatology_municipal,1.05,2024-02
2311959,Salitre,CE,2024,2,0.0,inpe_bdq_legacy,climatology_municipal,0.05,2024-02
2312106,Santana do Cariri,CE,2024,2,0.0,inpe_bdq_legacy,climatology_municipal,0.25,2024-02
2312908,Sobral,CE,2024,2,0.0,inpe_bdq_aqua_ref,climatology_municipal,0.15,2024-02
2313302,Tauá,CE,2024,2,0.0,inpe_bdq_aqua_ref,climatology_municipal,0.3,2024-02
2313401,Tianguá,CE,2024,2,0.0,inpe_bdq_aqua_ref,climatology_municipal,0.2,2024-02
2300101,Abaiara,CE,2024,2,0.0,inpe_bdq_legacy,climatology_regional_intensity12,0.0,2024-02
2300200,Acaraú,CE,2024,2,0.0,inpe_bdq_aqua_ref,climatology_regional_intensity12,0.8160510281631324,2024-02
2301307,Araripe,CE,2024,2,0.0,inpe_bdq_legacy,climatology_regional_intensity12,0.2040127570407831,2024-02
2301604,Assaré,CE,2024,2,2.0,inpe_bdq_legacy,climatology_regional_intensity12,0.3400212617346385,2024-02
2301901,Barbalha,CE,2024,2,0.0,inpe_bdq_aqua_ref,climatology_regional_intensity12,0.2040127570407831,2024-02
2302503,Brejo Santo,CE,2024,2,0.0,inpe_bdq_legacy,climatology_regional_intensity12,0.1360085046938554,2024-02
2302701,Campos Sales,CE,2024,2,0.0,inpe_bdq_aqua_ref,climatology_regional_intensity12,0.0680042523469277,2024-02
2304103,Crateús,CE,2024,2,2.0,inpe_bdq_aqua_ref,climatology_regional_intensity12,0.2040127570407831,2024-02
2304202,Crato,CE,2024,2,0.0,inpe_bdq_legacy,climatology_regional_intensity12,0.4080255140815662,2024-02
2304400,Fortaleza,CE,2024,2,0.0,inpe_bdq_aqua_ref,climatology_regional_intensity12,0.1360085046938554,2024-02
2305506,Iguatu,CE,2024,2,1.0,inpe_bdq_aqua_ref,climatology_regional_intensity12,0.1360085046938554,2024-02
2306405,Itapipoca,CE,2024,2,1.0,inpe_bdq_aqua_ref,climatology_regional_intensity12,0.2720170093877108,2024-02
2306900,Jaguaribe,CE,2024,2,0.0,inpe_bdq_aqua_ref,climatology_regional_intensity12,0.2720170093877108,2024-02
2307007,Jaguaruana,CE,2024,2,0.0,inpe_bdq_aqua_ref,climatology_regional_intensity12,0.3400212617346385,2024-02
2307106,Jardim,CE,2024,2,0.0,inpe_bdq_legacy,climatology_regional_intensity12,0.1360085046938554,2024-02
2307205,Jati,CE,2024,2,0.0,inpe_bdq_legacy,climatology_regional_intensity12,0.2040127570407831,2024-02
2307304,Juazeiro do Norte,CE,2024,2,0.0,inpe_bdq_legacy,climatology_regional_intensity12,0.0680042523469277,2024-02
2308401,Missão Velha,CE,2024,2,1.0,inpe_bdq_legacy,climatology_regional_intensity12,0.2720170093877108,2024-02
2308708,Morada Nova,CE,2024,2,2.0,inpe_bdq_aqua_ref,climatology_regional_intensity12,0.8840552805100601,2024-02
2309201,Nova Olinda,CE,2024,2,0.0,inpe_bdq_legacy,climatology_regional_intensity12,0.0,2024-02
2310605,Penaforte,CE,2024,2,0.0,inpe_bdq_legacy,climatology_regional_intensity12,0.1360085046938554,2024-02
2311108,Porteiras,CE,2024,2,0.0,inpe_bdq_legacy,climatology_regional_intensity12,0.1360085046938554,2024-02
2311207,Potengi,CE,2024,2,0.0,inpe_bdq_legacy,climatology_regional_intensity12,0.4080255140815662,2024-02
2311306,Quixadá,CE,2024,2,1.0,inpe_bdq_aqua_ref,climatology_regional_intensity12,0.2720170093877108,2024-02
2311405,Quixeramobim,CE,2024,2,0.0,inpe_bdq_aqua_ref,climatology_regional_intensity12,1.4280892992854817,2024-02
2311959,Salitre,CE,2024,2,0.0,inpe_bdq_legacy,climatology_regional_intensity12,0.0680042523469277,2024-02
2312106,Santana do Cariri,CE,2024,2,0.0,inpe_bdq_legacy,climatology_regional_intensity12,0.3400212617346385,2024-02
2312908,Sobral,CE,2024,2,0.0,inpe_bdq_aqua_ref,climatology_regional_intensity12,0.2040127570407831,2024-02
2313302,Tauá,CE,2024,2,0.0,inpe_bdq_aqua_ref,climatology_regional_intensity12,0.4080255140815662,2024-02
2313401,Tianguá,CE,2024,2,0.0,inpe_bdq_aqua_ref,climatology_regional_intensity12,0.2720170093877108,2024-02
2300101,Abaiara,CE,2024,3,0.0,inpe_bdq_legacy,climatology_municipal,0.05,2024-03
2300200,Acaraú,CE,2024,3,0.0,inpe_bdq_aqua_ref,climatology_municipal,0.55,2024-03
2301307,Araripe,CE,2024,3,1.0,inpe_bdq_legacy,climatology_municipal,0.0,2024-03
2301604,Assaré,CE,2024,3,0.0,inpe_bdq_legacy,climatology_municipal,0.0,2024-03
2301901,Barbalha,CE,2024,3,0.0,inpe_bdq_aqua_ref,climatology_municipal,0.0,2024-03
2302503,Brejo Santo,CE,2024,3,0.0,inpe_bdq_legacy,climatology_municipal,0.0,2024-03
2302701,Campos Sales,CE,2024,3,0.0,inpe_bdq_aqua_ref,climatology_municipal,0.0,2024-03
2304103,Crateús,CE,2024,3,0.0,inpe_bdq_aqua_ref,climatology_municipal,0.1,2024-03
2304202,Crato,CE,2024,3,0.0,inpe_bdq_legacy,climatology_municipal,0.15,2024-03
2304400,Fortaleza,CE,2024,3,0.0,inpe_bdq_aqua_ref,climatology_municipal,0.0,2024-03
2305506,Iguatu,CE,2024,3,3.0,inpe_bdq_aqua_ref,climatology_municipal,0.25,2024-03
2306405,Itapipoca,CE,2024,3,0.0,inpe_bdq_aqua_ref,climatology_municipal,0.05,2024-03
2306900,Jaguaribe,CE,2024,3,0.0,inpe_bdq_aqua_ref,climatology_municipal,0.05,2024-03
2307007,Jaguaruana,CE,2024,3,0.0,inpe_bdq_aqua_ref,climatology_municipal,0.05,2024-03
2307106,Jardim,CE,2024,3,0.0,inpe_bdq_legacy,climatology_municipal,0.05,2024-03
2307205,Jati,CE,2024,3,0.0,inpe_bdq_legacy,climatology_municipal,0.0,2024-03
2307304,Juazeiro do Norte,CE,2024,3,0.0,inpe_bdq_legacy,climatology_municipal,0.1,2024-03
2308401,Missão Velha,CE,2024,3,0.0,inpe_bdq_legacy,climatology_municipal,0.3,2024-03
2308708,Morada Nova,CE,2024,3,0.0,inpe_bdq_aqua_ref,climatology_municipal,0.15,2024-03
2309201,Nova Olinda,CE,2024,3,0.0,inpe_bdq_legacy,climatology_municipal,0.0,2024-03
2310605,Penaforte,CE,2024,3,0.0,inpe_bdq_legacy,climatology_municipal,0.0,2024-03
2311108,Porteiras,CE,2024,3,0.0,inpe_bdq_legacy,climatology_municipal,0.0,2024-03
2311207,Potengi,CE,2024,3,0.0,inpe_bdq_legacy,climatology_municipal,0.0,2024-03
2311306,Quixadá,CE,2024,3,0.0,inpe_bdq_aqua_ref,climatology_municipal,0.1,2024-03
2311405,Quixeramobim,CE,2024,3,0.0,inpe_bdq_aqua_ref,climatology_municipal,0.35,2024-03
2311959,Salitre,CE,2024,3,0.0,inpe_bdq_legacy,climatology_municipal,0.05,2024-03
2312106,Santana do Cariri,CE,2024,3,0.0,inpe_bdq_legacy,climatology_municipal,0.0,2024-03
2312908,Sobral,CE,2024,3,0.0,inpe_bdq_aqua_ref,climatology_municipal,0.05,2024-03
2313302,Tauá,CE,2024,3,0.0,inpe_bdq_aqua_ref,climatology_municipal,0.05,2024-03
2313401,Tianguá,CE,2024,3,0.0,inpe_bdq_aqua_ref,climatology_municipal,0.0,2024-03
2300101,Abaiara,CE,2024,3,0.0,inpe_bdq_legacy,climatology_regional_intensity12,0.06803920610972318,2024-03
2300200,Acaraú,CE,2024,3,0.0,inpe_bdq_aqua_ref,climatology_regional_intensity12,0.7484312672069551,2024-03
2301307,Araripe,CE,2024,3,1.0,inpe_bdq_legacy,climatology_regional_intensity12,0.0,2024-03
2301604,Assaré,CE,2024,3,0.0,inpe_bdq_legacy,climatology_regional_intensity12,0.0,2024-03
2301901,Barbalha,CE,2024,3,0.0,inpe_bdq_aqua_ref,climatology_regional_intensity12,0.0,2024-03
2302503,Brejo Santo,CE,2024,3,0.0,inpe_bdq_legacy,climatology_regional_intensity12,0.0,2024-03
2302701,Campos Sales,CE,2024,3,0.0,inpe_bdq_aqua_ref,climatology_regional_intensity12,0.0,2024-03
2304103,Crateús,CE,2024,3,0.0,inpe_bdq_aqua_ref,climatology_regional_intensity12,0.13607841221944636,2024-03
2304202,Crato,CE,2024,3,0.0,inpe_bdq_legacy,climatology_regional_intensity12,0.20411761832916955,2024-03
2304400,Fortaleza,CE,2024,3,0.0,inpe_bdq_aqua_ref,climatology_regional_intensity12,0.0,2024-03
2305506,Iguatu,CE,2024,3,3.0,inpe_bdq_aqua_ref,climatology_regional_intensity12,0.3401960305486159,2024-03
2306405,Itapipoca,CE,2024,3,0.0,inpe_bdq_aqua_ref,climatology_regional_intensity12,0.06803920610972318,2024-03
2306900,Jaguaribe,CE,2024,3,0.0,inpe_bdq_aqua_ref,climatology_regional_intensity12,0.06803920610972318,2024-03
2307007,Jaguaruana,CE,2024,3,0.0,inpe_bdq_aqua_ref,climatology_regional_intensity12,0.06803920610972318,2024-03
2307106,Jardim,CE,2024,3,0.0,inpe_bdq_legacy,climatology_regional_intensity12,0.06803920610972318,2024-03
2307205,Jati,CE,2024,3,0.0,inpe_bdq_legacy,climatology_regional_intensity12,0.0,2024-03
2307304,Juazeiro do Norte,CE,2024,3,0.0,inpe_bdq_legacy,climatology_regional_intensity12,0.13607841221944636,2024-03
2308401,Missão Velha,CE,2024,3,0.0,inpe_bdq_legacy,climatology_regional_intensity12,0.4082352366583391,2024-03
2308708,Morada Nova,CE,2024,3,0.0,inpe_bdq_aqua_ref,climatology_regional_intensity12,0.20411761832916955,2024-03
2309201,Nova Olinda,CE,2024,3,0.0,inpe_bdq_legacy,climatology_regional_intensity12,0.0,2024-03
2310605,Penaforte,CE,2024,3,0.0,inpe_bdq_legacy,climatology_regional_intensity12,0.0,2024-03
2311108,Porteiras,CE,2024,3,0.0,inpe_bdq_legacy,climatology_regional_intensity12,0.0,2024-03
2311207,Potengi,CE,2024,3,0.0,inpe_bdq_legacy,climatology_regional_intensity12,0.0,2024-03
2311306,Quixadá,CE,2024,3,0.0,inpe_bdq_aqua_ref,climatology_regional_intensity12,0.13607841221944636,2024-03
2311405,Quixeramobim,CE,2024,3,0.0,inpe_bdq_aqua_ref,climatology_regional_intensity12,0.47627444276806224,2024-03
2311959,Salitre,CE,2024,3,0.0,inpe_bdq_legacy,climatology_regional_intensity12,0.06803920610972318,2024-03
2312106,Santana do Cariri,CE,2024,3,0.0,inpe_bdq_legacy,climatology_regional_intensity12,0.0,2024-03
2312908,Sobral,CE,2024,3,0.0,inpe_bdq_aqua_ref,climatology_regional_intensity12,0.06803920610972318,2024-03
2313302,Tauá,CE,2024,3,0.0,inpe_bdq_aqua_ref,climatology_regional_intensity12,0.06803920610972318,2024-03
2313401,Tianguá,CE,2024,3,0.0,inpe_bdq_aqua_ref,climatology_regional_intensity12,0.0,2024-03
2300101,Abaiara,CE,2024,4,0.0,inpe_bdq_legacy,climatology_municipal,0.0,2024-04
2300200,Acaraú,CE,2024,4,0.0,inpe_bdq_aqua_ref,climatology_municipal,0.0,2024-04
2301307,Araripe,CE,2024,4,0.0,inpe_bdq_legacy,climatology_municipal,0.0,2024-04
2301604,Assaré,CE,2024,4,0.0,inpe_bdq_legacy,climatology_municipal,0.0,2024-04
2301901,Barbalha,CE,2024,4,0.0,inpe_bdq_aqua_ref,climatology_municipal,0.0,2024-04
2302503,Brejo Santo,CE,2024,4,0.0,inpe_bdq_legacy,climatology_municipal,0.0,2024-04
2302701,Campos Sales,CE,2024,4,0.0,inpe_bdq_aqua_ref,climatology_municipal,0.0,2024-04
2304103,Crateús,CE,2024,4,0.0,inpe_bdq_aqua_ref,climatology_municipal,0.1,2024-04
2304202,Crato,CE,2024,4,0.0,inpe_bdq_legacy,climatology_municipal,0.0,2024-04
2304400,Fortaleza,CE,2024,4,0.0,inpe_bdq_aqua_ref,climatology_municipal,0.0,2024-04
2305506,Iguatu,CE,2024,4,4.0,inpe_bdq_aqua_ref,climatology_municipal,0.15,2024-04
2306405,Itapipoca,CE,2024,4,0.0,inpe_bdq_aqua_ref,climatology_municipal,0.0,2024-04
2306900,Jaguaribe,CE,2024,4,0.0,inpe_bdq_aqua_ref,climatology_municipal,0.1,2024-04
2307007,Jaguaruana,CE,2024,4,0.0,inpe_bdq_aqua_ref,climatology_municipal,0.0,2024-04
2307106,Jardim,CE,2024,4,0.0,inpe_bdq_legacy,climatology_municipal,0.0,2024-04
2307205,Jati,CE,2024,4,0.0,inpe_bdq_legacy,climatology_municipal,0.0,2024-04
2307304,Juazeiro do Norte,CE,2024,4,0.0,inpe_bdq_legacy,climatology_municipal,0.0,2024-04
2308401,Missão Velha,CE,2024,4,0.0,inpe_bdq_legacy,climatology_municipal,0.2,2024-04
2308708,Morada Nova,CE,2024,4,0.0,inpe_bdq_aqua_ref,climatology_municipal,0.05,2024-04
2309201,Nova Olinda,CE,2024,4,0.0,inpe_bdq_legacy,climatology_municipal,0.0,2024-04
2310605,Penaforte,CE,2024,4,0.0,inpe_bdq_legacy,climatology_municipal,0.0,2024-04
2311108,Porteiras,CE,2024,4,0.0,inpe_bdq_legacy,climatology_municipal,0.0,2024-04
2311207,Potengi,CE,2024,4,0.0,inpe_bdq_legacy,climatology_municipal,0.0,2024-04
2311306,Quixadá,CE,2024,4,1.0,inpe_bdq_aqua_ref,climatology_municipal,0.1,2024-04
2311405,Quixeramobim,CE,2024,4,0.0,inpe_bdq_aqua_ref,climatology_municipal,0.05,2024-04
2311959,Salitre,CE,2024,4,0.0,inpe_bdq_legacy,climatology_municipal,0.05,2024-04
2312106,Santana do Cariri,CE,2024,4,0.0,inpe_bdq_legacy,climatology_municipal,0.0,2024-04
2312908,Sobral,CE,2024,4,0.0,inpe_bdq_aqua_ref,climatology_municipal,0.0,2024-04
2313302,Tauá,CE,2024,4,0.0,inpe_bdq_aqua_ref,climatology_municipal,0.05,2024-04
2313401,Tianguá,CE,2024,4,0.0,inpe_bdq_aqua_ref,climatology_municipal,0.0,2024-04
2300101,Abaiara,CE,2024,4,0.0,inpe_bdq_legacy,climatology_regional_intensity12,0.0,2024-04
2300200,Acaraú,CE,2024,4,0.0,inpe_bdq_aqua_ref,climatology_regional_intensity12,0.0,2024-04
2301307,Araripe,CE,2024,4,0.0,inpe_bdq_legacy,climatology_regional_intensity12,0.0,2024-04
2301604,Assaré,CE,2024,4,0.0,inpe_bdq_legacy,climatology_regional_intensity12,0.0,2024-04
2301901,Barbalha,CE,2024,4,0.0,inpe_bdq_aqua_ref,climatology_regional_intensity12,0.0,2024-04
2302503,Brejo Santo,CE,2024,4,0.0,inpe_bdq_legacy,climatology_regional_intensity12,0.0,2024-04
2302701,Campos Sales,CE,2024,4,0.0,inpe_bdq_aqua_ref,climatology_regional_intensity12,0.0,2024-04
2304103,Crateús,CE,2024,4,0.0,inpe_bdq_aqua_ref,climatology_regional_intensity12,0.13597852166869376,2024-04
2304202,Crato,CE,2024,4,0.0,inpe_bdq_legacy,climatology_regional_intensity12,0.0,2024-04
2304400,Fortaleza,CE,2024,4,0.0,inpe_bdq_aqua_ref,climatology_regional_intensity12,0.0,2024-04
2305506,Iguatu,CE,2024,4,4.0,inpe_bdq_aqua_ref,climatology_regional_intensity12,0.20396778250304062,2024-04
2306405,Itapipoca,CE,2024,4,0.0,inpe_bdq_aqua_ref,climatology_regional_intensity12,0.0,2024-04
2306900,Jaguaribe,CE,2024,4,0.0,inpe_bdq_aqua_ref,climatology_regional_intensity12,0.13597852166869376,2024-04
2307007,Jaguaruana,CE,2024,4,0.0,inpe_bdq_aqua_ref,climatology_regional_intensity12,0.0,2024-04
2307106,Jardim,CE,2024,4,0.0,inpe_bdq_legacy,climatology_regional_intensity12,0.0,2024-04
2307205,Jati,CE,2024,4,0.0,inpe_bdq_legacy,climatology_regional_intensity12,0.0,2024-04
2307304,Juazeiro do Norte,CE,2024,4,0.0,inpe_bdq_legacy,climatology_regional_intensity12,0.0,2024-04
2308401,Missão Velha,CE,2024,4,0.0,inpe_bdq_legacy,climatology_regional_intensity12,0.2719570433373875,2024-04
2308708,Morada Nova,CE,2024,4,0.0,inpe_bdq_aqua_ref,climatology_regional_intensity12,0.06798926083434688,2024-04
2309201,Nova Olinda,CE,2024,4,0.0,inpe_bdq_legacy,climatology_regional_intensity12,0.0,2024-04
2310605,Penaforte,CE,2024,4,0.0,inpe_bdq_legacy,climatology_regional_intensity12,0.0,2024-04
2311108,Porteiras,CE,2024,4,0.0,inpe_bdq_legacy,climatology_regional_intensity12,0.0,2024-04
2311207,Potengi,CE,2024,4,0.0,inpe_bdq_legacy,climatology_regional_intensity12,0.0,2024-04
2311306,Quixadá,CE,2024,4,1.0,inpe_bdq_aqua_ref,climatology_regional_intensity12,0.13597852166869376,2024-04
2311405,Quixeramobim,CE,2024,4,0.0,inpe_bdq_aqua_ref,climatology_regional_intensity12,0.06798926083434688,2024-04
2311959,Salitre,CE,2024,4,0.0,inpe_bdq_legacy,climatology_regional_intensity12,0.06798926083434688,2024-04
2312106,Santana do Cariri,CE,2024,4,0.0,inpe_bdq_legacy,climatology_regional_intensity12,0.0,2024-04
2312908,Sobral,CE,2024,4,0.0,inpe_bdq_aqua_ref,climatology_regional_intensity12,0.0,2024-04
2313302,Tauá,CE,2024,4,0.0,inpe_bdq_aqua_ref,climatology_regional_intensity12,0.06798926083434688,2024-04
2313401,Tianguá,CE,2024,4,0.0,inpe_bdq_aqua_ref,climatology_regional_intensity12,0.0,2024-04
2300101,Abaiara,CE,2024,5,0.0,inpe_bdq_legacy,climatology_municipal,0.05,2024-05
2300200,Acaraú,CE,2024,5,0.0,inpe_bdq_aqua_ref,climatology_municipal,0.1,2024-05
2301307,Araripe,CE,2024,5,5.0,inpe_bdq_legacy,climatology_municipal,0.25,2024-05
2301604,Assaré,CE,2024,5,0.0,inpe_bdq_legacy,climatology_municipal,0.0,2024-05
2301901,Barbalha,CE,2024,5,0.0,inpe_bdq_aqua_ref,climatology_municipal,0.0,2024-05
2302503,Brejo Santo,CE,2024,5,0.0,inpe_bdq_legacy,climatology_municipal,0.1,2024-05
2302701,Campos Sales,CE,2024,5,0.0,inpe_bdq_aqua_ref,climatology_municipal,0.0,2024-05
2304103,Crateús,CE,2024,5,1.0,inpe_bdq_aqua_ref,climatology_municipal,0.0,2024-05
2304202,Crato,CE,2024,5,0.0,inpe_bdq_legacy,climatology_municipal,0.05,2024-05
2304400,Fortaleza,CE,2024,5,0.0,inpe_bdq_aqua_ref,climatology_municipal,0.0,2024-05
2305506,Iguatu,CE,2024,5,0.0,inpe_bdq_aqua_ref,climatology_municipal,0.0,2024-05
2306405,Itapipoca,CE,2024,5,0.0,inpe_bdq_aqua_ref,climatology_municipal,0.1,2024-05
2306900,Jaguaribe,CE,2024,5,0.0,inpe_bdq_aqua_ref,climatology_municipal,0.0,2024-05
2307007,Jaguaruana,CE,2024,5,0.0,inpe_bdq_aqua_ref,climatology_municipal,0.05,2024-05
2307106,Jardim,CE,2024,5,0.0,inpe_bdq_legacy,climatology_municipal,0.15,2024-05
2307205,Jati,CE,2024,5,0.0,inpe_bdq_legacy,climatology_municipal,0.0,2024-05
2307304,Juazeiro do Norte,CE,2024,5,0.0,inpe_bdq_legacy,climatology_municipal,0.05,2024-05
2308401,Missão Velha,CE,2024,5,3.0,inpe_bdq_legacy,climatology_municipal,0.05,2024-05
2308708,Morada Nova,CE,2024,5,0.0,inpe_bdq_aqua_ref,climatology_municipal,0.2,2024-05
2309201,Nova Olinda,CE,2024,5,0.0,inpe_bdq_legacy,climatology_municipal,0.15,2024-05
2310605,Penaforte,CE,2024,5,0.0,inpe_bdq_legacy,climatology_municipal,0.0,2024-05
2311108,Porteiras,CE,2024,5,0.0,inpe_bdq_legacy,climatology_municipal,0.05,2024-05
2311207,Potengi,CE,2024,5,0.0,inpe_bdq_legacy,climatology_municipal,0.05,2024-05
2311306,Quixadá,CE,2024,5,0.0,inpe_bdq_aqua_ref,climatology_municipal,0.15,2024-05
2311405,Quixeramobim,CE,2024,5,2.0,inpe_bdq_aqua_ref,climatology_municipal,0.0,2024-05
2311959,Salitre,CE,2024,5,0.0,inpe_bdq_legacy,climatology_municipal,0.05,2024-05
2312106,Santana do Cariri,CE,2024,5,0.0,inpe_bdq_legacy,climatology_municipal,0.1,2024-05
2312908,Sobral,CE,2024,5,0.0,inpe_bdq_aqua_ref,climatology_municipal,0.0,2024-05
2313302,Tauá,CE,2024,5,0.0,inpe_bdq_aqua_ref,climatology_municipal,0.1,2024-05
2313401,Tianguá,CE,2024,5,0.0,inpe_bdq_aqua_ref,climatology_municipal,0.05,2024-05
2300101,Abaiara,CE,2024,5,0.0,inpe_bdq_legacy,climatology_regional_intensity12,0.06811320238279464,2024-05
2300200,Acaraú,CE,2024,5,0.0,inpe_bdq_aqua_ref,climatology_regional_intensity12,0.13622640476558928,2024-05
2301307,Araripe,CE,2024,5,5.0,inpe_bdq_legacy,climatology_regional_intensity12,0.3405660119139732,2024-05
2301604,Assaré,CE,2024,5,0.0,inpe_bdq_legacy,climatology_regional_intensity12,0.0,2024-05
2301901,Barbalha,CE,2024,5,0.0,inpe_bdq_aqua_ref,climatology_regional_intensity12,0.0,2024-05
2302503,Brejo Santo,CE,2024,5,0.0,inpe_bdq_legacy,climatology_regional_intensity12,0.13622640476558928,2024-05
2302701,Campos Sales,CE,2024,5,0.0,inpe_bdq_aqua_ref,climatology_regional_intensity12,0.0,2024-05
2304103,Crateús,CE,2024,5,1.0,inpe_bdq_aqua_ref,climatology_regional_intensity12,0.0,2024-05
2304202,Crato,CE,2024,5,0.0,inpe_bdq_legacy,climatology_regional_intensity12,0.06811320238279464,2024-05
2304400,Fortaleza,CE,2024,5,0.0,inpe_bdq_aqua_ref,climatology_regional_intensity12,0.0,2024-05
2305506,Iguatu,CE,2024,5,0.0,inpe_bdq_aqua_ref,climatology_regional_intensity12,0.0,2024-05
2306405,Itapipoca,CE,2024,5,0.0,inpe_bdq_aqua_ref,climatology_regional_intensity12,0.13622640476558928,2024-05
2306900,Jaguaribe,CE,2024,5,0.0,inpe_bdq_aqua_ref,climatology_regional_intensity12,0.0,2024-05
2307007,Jaguaruana,CE,2024,5,0.0,inpe_bdq_aqua_ref,climatology_regional_intensity12,0.06811320238279464,2024-05
2307106,Jardim,CE,2024,5,0.0,inpe_bdq_legacy,climatology_regional_intensity12,0.2043396071483839,2024-05
2307205,Jati,CE,2024,5,0.0,inpe_bdq_legacy,climatology_regional_intensity12,0.0,2024-05
2307304,Juazeiro do Norte,CE,2024,5,0.0,inpe_bdq_legacy,climatology_regional_intensity12,0.06811320238279464,2024-05
2308401,Missão Velha,CE,2024,5,3.0,inpe_bdq_legacy,climatology_regional_intensity12,0.06811320238279464,2024-05
2308708,Morada Nova,CE,2024,5,0.0,inpe_bdq_aqua_ref,climatology_regional_intensity12,0.27245280953117856,2024-05
2309201,Nova Olinda,CE,2024,5,0.0,inpe_bdq_legacy,climatology_regional_intensity12,0.2043396071483839,2024-05
2310605,Penaforte,CE,2024,5,0.0,inpe_bdq_legacy,climatology_regional_intensity12,0.0,2024-05
2311108,Porteiras,CE,2024,5,0.0,inpe_bdq_legacy,climatology_regional_intensity12,0.06811320238279464,2024-05
2311207,Potengi,CE,2024,5,0.0,inpe_bdq_legacy,climatology_regional_intensity12,0.06811320238279464,2024-05
2311306,Quixadá,CE,2024,5,0.0,inpe_bdq_aqua_ref,climatology_regional_intensity12,0.2043396071483839,2024-05
2311405,Quixeramobim,CE,2024,5,2.0,inpe_bdq_aqua_ref,climatology_regional_intensity12,0.0,2024-05
2311959,Salitre,CE,2024,5,0.0,inpe_bdq_legacy,climatology_regional_intensity12,0.06811320238279464,2024-05
2312106,Santana do Cariri,CE,2024,5,0.0,inpe_bdq_legacy,climatology_regional_intensity12,0.13622640476558928,2024-05
2312908,Sobral,CE,2024,5,0.0,inpe_bdq_aqua_ref,climatology_regional_intensity12,0.0,2024-05
2313302,Tauá,CE,2024,5,0.0,inpe_bdq_aqua_ref,climatology_regional_intensity12,0.13622640476558928,2024-05
2313401,Tianguá,CE,2024,5,0.0,inpe_bdq_aqua_ref,climatology_regional_intensity12,0.06811320238279464,2024-05
2300101,Abaiara,CE,2024,6,0.0,inpe_bdq_legacy,climatology_municipal,0.15,2024-06
2300200,Acaraú,CE,2024,6,0.0,inpe_bdq_aqua_ref,climatology_municipal,0.45,2024-06
2301307,Araripe,CE,2024,6,4.0,inpe_bdq_legacy,climatology_municipal,0.15,2024-06
2301604,Assaré,CE,2024,6,0.0,inpe_bdq_legacy,climatology_municipal,0.0,2024-06
2301901,Barbalha,CE,2024,6,0.0,inpe_bdq_aqua_ref,climatology_municipal,0.15,2024-06
2302503,Brejo Santo,CE,2024,6,0.0,inpe_bdq_legacy,climatology_municipal,0.3,2024-06
2302701,Campos Sales,CE,2024,6,0.0,inpe_bdq_aqua_ref,climatology_municipal,0.0,2024-06
2304103,Crateús,CE,2024,6,5.0,inpe_bdq_aqua_ref,climatology_municipal,0.5,2024-06
2304202,Crato,CE,2024,6,0.0,inpe_bdq_legacy,climatology_municipal,0.05,2024-06
2304400,Fortaleza,CE,2024,6,0.0,inpe_bdq_aqua_ref,climatology_municipal,0.0,2024-06
2305506,Iguatu,CE,2024,6,1.0,inpe_bdq_aqua_ref,climatology_municipal,0.25,2024-06
2306405,Itapipoca,CE,2024,6,0.0,inpe_bdq_aqua_ref,climatology_municipal,0.6,2024-06
2306900,Jaguaribe,CE,2024,6,0.0,inpe_bdq_aqua_ref,climatology_municipal,0.15,2024-06
2307007,Jaguaruana,CE,2024,6,0.0,inpe_bdq_aqua_ref,climatology_municipal,0.0,2024-06
2307106,Jardim,CE,2024,6,0.0,inpe_bdq_legacy,climatology_municipal,0.05,2024-06
2307205,Jati,CE,2024,6,0.0,inpe_bdq_legacy,climatology_municipal,0.0,2024-06
2307304,Juazeiro do Norte,CE,2024,6,0.0,inpe_bdq_legacy,climatology_municipal,0.0,2024-06
2308401,Missão Velha,CE,2024,6,1.0,inpe_bdq_legacy,climatology_municipal,0.1,2024-06
2308708,Morada Nova,CE,2024,6,1.0,inpe_bdq_aqua_ref,climatology_municipal,0.15,2024-06
2309201,Nova Olinda,CE,2024,6,0.0,inpe_bdq_legacy,climatology_municipal,0.0,2024-06
2310605,Penaforte,CE,2024,6,0.0,inpe_bdq_legacy,climatology_municipal,0.0,2024-06
2311108,Porteiras,CE,2024,6,0.0,inpe_bdq_legacy,climatology_municipal,0.05,2024-06
2311207,Potengi,CE,2024,6,0.0,inpe_bdq_legacy,climatology_municipal,0.0,2024-06
2311306,Quixadá,CE,2024,6,0.0,inpe_bdq_aqua_ref,climatology_municipal,0.1,2024-06
2311405,Quixeramobim,CE,2024,6,0.0,inpe_bdq_aqua_ref,climatology_municipal,0.2,2024-06
2311959,Salitre,CE,2024,6,0.0,inpe_bdq_legacy,climatology_municipal,0.1,2024-06
2312106,Santana do Cariri,CE,2024,6,3.0,inpe_bdq_legacy,climatology_municipal,0.1,2024-06
2312908,Sobral,CE,2024,6,0.0,inpe_bdq_aqua_ref,climatology_municipal,0.2,2024-06
2313302,Tauá,CE,2024,6,1.0,inpe_bdq_aqua_ref,climatology_municipal,0.1,2024-06
2313401,Tianguá,CE,2024,6,0.0,inpe_bdq_aqua_ref,climatology_municipal,0.2,2024-06
2300101,Abaiara,CE,2024,6,0.0,inpe_bdq_legacy,climatology_regional_intensity12,0.20534748938108835,2024-06
2300200,Acaraú,CE,2024,6,0.0,inpe_bdq_aqua_ref,climatology_regional_intensity12,0.6160424681432651,2024-06
2301307,Araripe,CE,2024,6,4.0,inpe_bdq_legacy,climatology_regional_intensity12,0.20534748938108835,2024-06
2301604,Assaré,CE,2024,6,0.0,inpe_bdq_legacy,climatology_regional_intensity12,0.0,2024-06
2301901,Barbalha,CE,2024,6,0.0,inpe_bdq_aqua_ref,climatology_regional_intensity12,0.20534748938108835,2024-06
2302503,Brejo Santo,CE,2024,6,0.0,inpe_bdq_legacy,climatology_regional_intensity12,0.4106949787621767,2024-06
2302701,Campos Sales,CE,2024,6,0.0,inpe_bdq_aqua_ref,climatology_regional_intensity12,0.0,2024-06
2304103,Crateús,CE,2024,6,5.0,inpe_bdq_aqua_ref,climatology_regional_intensity12,0.6844916312702946,2024-06
2304202,Crato,CE,2024,6,0.0,inpe_bdq_legacy,climatology_regional_intensity12,0.06844916312702946,2024-06
2304400,Fortaleza,CE,2024,6,0.0,inpe_bdq_aqua_ref,climatology_regional_intensity12,0.0,2024-06
2305506,Iguatu,CE,2024,6,1.0,inpe_bdq_aqua_ref,climatology_regional_intensity12,0.3422458156351473,2024-06
2306405,Itapipoca,CE,2024,6,0.0,inpe_bdq_aqua_ref,climatology_regional_intensity12,0.8213899575243534,2024-06
2306900,Jaguaribe,CE,2024,6,0.0,inpe_bdq_aqua_ref,climatology_regional_intensity12,0.20534748938108835,2024-06
2307007,Jaguaruana,CE,2024,6,0.0,inpe_bdq_aqua_ref,climatology_regional_intensity12,0.0,2024-06
2307106,Jardim,CE,2024,6,0.0,inpe_bdq_legacy,climatology_regional_intensity12,0.06844916312702946,2024-06
2307205,Jati,CE,2024,6,0.0,inpe_bdq_legacy,climatology_regional_intensity12,0.0,2024-06
2307304,Juazeiro do Norte,CE,2024,6,0.0,inpe_bdq_legacy,climatology_regional_intensity12,0.0,2024-06
2308401,Missão Velha,CE,2024,6,1.0,inpe_bdq_legacy,climatology_regional_intensity12,0.13689832625405893,2024-06
2308708,Morada Nova,CE,2024,6,1.0,inpe_bdq_aqua_ref,climatology_regional_intensity12,0.20534748938108835,2024-06
2309201,Nova Olinda,CE,2024,6,0.0,inpe_bdq_legacy,climatology_regional_intensity12,0.0,2024-06
2310605,Penaforte,CE,2024,6,0.0,inpe_bdq_legacy,climatology_regional_intensity12,0.0,2024-06
2311108,Porteiras,CE,2024,6,0.0,inpe_bdq_legacy,climatology_regional_intensity12,0.06844916312702946,2024-06
2311207,Potengi,CE,2024,6,0.0,inpe_bdq_legacy,climatology_regional_intensity12,0.0,2024-06
2311306,Quixadá,CE,2024,6,0.0,inpe_bdq_aqua_ref,climatology_regional_intensity12,0.13689832625405893,2024-06
2311405,Quixeramobim,CE,2024,6,0.0,inpe_bdq_aqua_ref,climatology_regional_intensity12,0.27379665250811785,2024-06
2311959,Salitre,CE,2024,6,0.0,inpe_bdq_legacy,climatology_regional_intensity12,0.13689832625405893,2024-06
2312106,Santana do Cariri,CE,2024,6,3.0,inpe_bdq_legacy,climatology_regional_intensity12,0.13689832625405893,2024-06
2312908,Sobral,CE,2024,6,0.0,inpe_bdq_aqua_ref,climatology_regional_intensity12,0.27379665250811785,2024-06
2313302,Tauá,CE,2024,6,1.0,inpe_bdq_aqua_ref,climatology_regional_intensity12,0.13689832625405893,2024-06
2313401,Tianguá,CE,2024,6,0.0,inpe_bdq_aqua_ref,climatology_regional_intensity12,0.27379665250811785,2024-06
2300101,Abaiara,CE,2024,7,0.0,inpe_bdq_legacy,climatology_municipal,0.15,2024-07
2300200,Acaraú,CE,2024,7,1.0,inpe_bdq_aqua_ref,climatology_municipal,1.35,2024-07
2301307,Araripe,CE,2024,7,1.0,inpe_bdq_legacy,climatology_municipal,0.35,2024-07
2301604,Assaré,CE,2024,7,0.0,inpe_bdq_legacy,climatology_municipal,0.05,2024-07
2301901,Barbalha,CE,2024,7,0.0,inpe_bdq_aqua_ref,climatology_municipal,0.3333333333333333,2024-07
2302503,Brejo Santo,CE,2024,7,0.0,inpe_bdq_legacy,climatology_municipal,0.2,2024-07
2302701,Campos Sales,CE,2024,7,1.0,inpe_bdq_aqua_ref,climatology_municipal,0.25,2024-07
2304103,Crateús,CE,2024,7,1.0,inpe_bdq_aqua_ref,climatology_municipal,0.6,2024-07
2304202,Crato,CE,2024,7,0.0,inpe_bdq_legacy,climatology_municipal,0.0,2024-07
2304400,Fortaleza,CE,2024,7,0.0,inpe_bdq_aqua_ref,climatology_municipal,0.05,2024-07
2305506,Iguatu,CE,2024,7,0.0,inpe_bdq_aqua_ref,climatology_municipal,0.85,2024-07
2306405,Itapipoca,CE,2024,7,0.0,inpe_bdq_aqua_ref,climatology_municipal,1.6,2024-07
2306900,Jaguaribe,CE,2024,7,0.0,inpe_bdq_aqua_ref,climatology_municipal,0.15,2024-07
2307007,Jaguaruana,CE,2024,7,1.0,inpe_bdq_aqua_ref,climatology_municipal,0.2,2024-07
2307106,Jardim,CE,2024,7,0.0,inpe_bdq_legacy,climatology_municipal,0.05,2024-07
2307205,Jati,CE,2024,7,0.0,inpe_bdq_legacy,climatology_municipal,0.0,2024-07
2307304,Juazeiro do Norte,CE,2024,7,0.0,inpe_bdq_legacy,climatology_municipal,0.25,2024-07
2308401,Missão Velha,CE,2024,7,0.0,inpe_bdq_legacy,climatology_municipal,0.15,2024-07
2308708,Morada Nova,CE,2024,7,1.0,inpe_bdq_aqua_ref,climatology_municipal,0.1,2024-07
2309201,Nova Olinda,CE,2024,7,0.0,inpe_bdq_legacy,climatology_municipal,0.4,2024-07
2310605,Penaforte,CE,2024,7,0.0,inpe_bdq_legacy,climatology_municipal,0.05,2024-07
2311108,Porteiras,CE,2024,7,0.0,inpe_bdq_legacy,climatology_municipal,0.15,2024-07
2311207,Potengi,CE,2024,7,0.0,inpe_bdq_legacy,climatology_municipal,0.15,2024-07
2311306,Quixadá,CE,2024,7,0.0,inpe_bdq_aqua_ref,climatology_municipal,0.4,2024-07
2311405,Quixeramobim,CE,2024,7,0.0,inpe_bdq_aqua_ref,climatology_municipal,0.3,2024-07
2311959,Salitre,CE,2024,7,0.0,inpe_bdq_legacy,climatology_municipal,0.4,2024-07
2312106,Santana do Cariri,CE,2024,7,6.0,inpe_bdq_legacy,climatology_municipal,0.45,2024-07
2312908,Sobral,CE,2024,7,0.0,inpe_bdq_aqua_ref,climatology_municipal,0.65,2024-07
2313302,Tauá,CE,2024,7,0.0,inpe_bdq_aqua_ref,climatology_municipal,0.3,2024-07
2313401,Tianguá,CE,2024,7,0.0,inpe_bdq_aqua_ref,climatology_municipal,0.7,2024-07
2300101,Abaiara,CE,2024,7,0.0,inpe_bdq_legacy,climatology_regional_intensity12,0.2068741201220403,2024-07
2300200,Acaraú,CE,2024,7,1.0,inpe_bdq_aqua_ref,climatology_regional_intensity12,1.8618670810983629,2024-07
2301307,Araripe,CE,2024,7,1.0,inpe_bdq_legacy,climatology_regional_intensity12,0.4827062802847607,2024-07
2301604,Assaré,CE,2024,7,0.0,inpe_bdq_legacy,climatology_regional_intensity12,0.06895804004068011,2024-07
2301901,Barbalha,CE,2024,7,0.0,inpe_bdq_aqua_ref,climatology_regional_intensity12,0.45972026693786733,2024-07
2302503,Brejo Santo,CE,2024,7,0.0,inpe_bdq_legacy,climatology_regional_intensity12,0.27583216016272044,2024-07
2302701,Campos Sales,CE,2024,7,1.0,inpe_bdq_aqua_ref,climatology_regional_intensity12,0.3447902002034005,2024-07
2304103,Crateús,CE,2024,7,1.0,inpe_bdq_aqua_ref,climatology_regional_intensity12,0.8274964804881612,2024-07
2304202,Crato,CE,2024,7,0.0,inpe_bdq_legacy,climatology_regional_intensity12,0.0,2024-07
2304400,Fortaleza,CE,2024,7,0.0,inpe_bdq_aqua_ref,climatology_regional_intensity12,0.06895804004068011,2024-07
2305506,Iguatu,CE,2024,7,0.0,inpe_bdq_aqua_ref,climatology_regional_intensity12,1.1722866806915617,2024-07
2306405,Itapipoca,CE,2024,7,0.0,inpe_bdq_aqua_ref,climatology_regional_intensity12,2.2066572813017635,2024-07
2306900,Jaguaribe,CE,2024,7,0.0,inpe_bdq_aqua_ref,climatology_regional_intensity12,0.2068741201220403,2024-07
2307007,Jaguaruana,CE,2024,7,1.0,inpe_bdq_aqua_ref,climatology_regional_intensity12,0.27583216016272044,2024-07
2307106,Jardim,CE,2024,7,0.0,inpe_bdq_legacy,climatology_regional_intensity12,0.06895804004068011,2024-07
2307205,Jati,CE,2024,7,0.0,inpe_bdq_legacy,climatology_regional_intensity12,0.0,2024-07
2307304,Juazeiro do Norte,CE,2024,7,0.0,inpe_bdq_legacy,climatology_regional_intensity12,0.3447902002034005,2024-07
2308401,Missão Velha,CE,2024,7,0.0,inpe_bdq_legacy,climatology_regional_intensity12,0.2068741201220403,2024-07
2308708,Morada Nova,CE,2024,7,1.0,inpe_bdq_aqua_ref,climatology_regional_intensity12,0.13791608008136022,2024-07
2309201,Nova Olinda,CE,2024,7,0.0,inpe_bdq_legacy,climatology_regional_intensity12,0.5516643203254409,2024-07
2310605,Penaforte,CE,2024,7,0.0,inpe_bdq_legacy,climatology_regional_intensity12,0.06895804004068011,2024-07
2311108,Porteiras,CE,2024,7,0.0,inpe_bdq_legacy,climatology_regional_intensity12,0.2068741201220403,2024-07
2311207,Potengi,CE,2024,7,0.0,inpe_bdq_legacy,climatology_regional_intensity12,0.2068741201220403,2024-07
2311306,Quixadá,CE,2024,7,0.0,inpe_bdq_aqua_ref,climatology_regional_intensity12,0.5516643203254409,2024-07
2311405,Quixeramobim,CE,2024,7,0.0,inpe_bdq_aqua_ref,climatology_regional_intensity12,0.4137482402440806,2024-07
2311959,Salitre,CE,2024,7,0.0,inpe_bdq_legacy,climatology_regional_intensity12,0.5516643203254409,2024-07
2312106,Santana do Cariri,CE,2024,7,6.0,inpe_bdq_legacy,climatology_regional_intensity12,0.620622360366121,2024-07
2312908,Sobral,CE,2024,7,0.0,inpe_bdq_aqua_ref,climatology_regional_intensity12,0.8964545205288413,2024-07
2313302,Tauá,CE,2024,7,0.0,inpe_bdq_aqua_ref,climatology_regional_intensity12,0.4137482402440806,2024-07
2313401,Tianguá,CE,2024,7,0.0,inpe_bdq_aqua_ref,climatology_regional_intensity12,0.9654125605695214,2024-07
2300101,Abaiara,CE,2024,8,0.0,inpe_bdq_legacy,climatology_municipal,0.35,2024-08
2300200,Acaraú,CE,2024,8,1.0,inpe_bdq_aqua_ref,climatology_municipal,1.75,2024-08
2301307,Araripe,CE,2024,8,5.0,inpe_bdq_legacy,climatology_municipal,0.9047619047619048,2024-08
2301604,Assaré,CE,2024,8,1.0,inpe_bdq_legacy,climatology_municipal,0.9,2024-08
2301901,Barbalha,CE,2024,8,1.0,inpe_bdq_aqua_ref,climatology_municipal,1.3333333333333333,2024-08
2302701,Campos Sales,CE,2024,8,4.0,inpe_bdq_aqua_ref,climatology_municipal,0.3,2024-08
2304103,Crateús,CE,2024,8,7.0,inpe_bdq_aqua_ref,climatology_municipal,2.5,2024-08
2304400,Fortaleza,CE,2024,8,0.0,inpe_bdq_aqua_ref,climatology_municipal,0.4444444444444444,2024-08
2305506,Iguatu,CE,2024,8,2.0,inpe_bdq_aqua_ref,climatology_municipal,1.95,2024-08
2306405,Itapipoca,CE,2024,8,0.0,inpe_bdq_aqua_ref,climatology_municipal,3.1,2024-08
2306900,Jaguaribe,CE,2024,8,0.0,inpe_bdq_aqua_ref,climatology_municipal,0.75,2024-08
2307007,Jaguaruana,CE,2024,8,1.0,inpe_bdq_aqua_ref,climatology_municipal,1.0,2024-08
2307106,Jardim,CE,2024,8,0.0,inpe_bdq_legacy,climatology_municipal,0.15,2024-08
2308401,Missão Velha,CE,2024,8,6.0,inpe_bdq_legacy,climatology_municipal,0.85,2024-08
2308708,Morada Nova,CE,2024,8,3.0,inpe_bdq_aqua_ref,climatology_municipal,1.4,2024-08
2310605,Penaforte,CE,2024,8,0.0,inpe_bdq_legacy,climatology_municipal,0.0,2024-08
2311306,Quixadá,CE,2024,8,5.0,inpe_bdq_aqua_ref,climatology_municipal,1.1,2024-08
2311405,Quixeramobim,CE,2024,8,1.0,inpe_bdq_aqua_ref,climatology_municipal,1.05,2024-08
2312106,Santana do Cariri,CE,2024,8,6.0,inpe_bdq_legacy,climatology_municipal,0.8095238095238095,2024-08
2312908,Sobral,CE,2024,8,14.0,inpe_bdq_aqua_ref,climatology_municipal,6.4,2024-08
2313302,Tauá,CE,2024,8,5.0,inpe_bdq_aqua_ref,climatology_municipal,0.6,2024-08
2313401,Tianguá,CE,2024,8,1.0,inpe_bdq_aqua_ref,climatology_municipal,0.95,2024-08
2300101,Abaiara,CE,2024,8,0.0,inpe_bdq_legacy,climatology_regional_intensity12,0.4753786109596448,2024-08
2300200,Acaraú,CE,2024,8,1.0,inpe_bdq_aqua_ref,climatology_regional_intensity12,2.376893054798224,2024-08
2301307,Araripe,CE,2024,8,5.0,inpe_bdq_legacy,climatology_regional_intensity12,1.2288698786711907,2024-08
2301604,Assaré,CE,2024,8,1.0,inpe_bdq_legacy,climatology_regional_intensity12,1.222402142467658,2024-08
2301901,Barbalha,CE,2024,8,1.0,inpe_bdq_aqua_ref,climatology_regional_intensity12,1.810966136989123,2024-08
2302701,Campos Sales,CE,2024,8,4.0,inpe_bdq_aqua_ref,climatology_regional_intensity12,0.4074673808225527,2024-08
2304103,Crateús,CE,2024,8,7.0,inpe_bdq_aqua_ref,climatology_regional_intensity12,3.3955615068546057,2024-08
2304400,Fortaleza,CE,2024,8,0.0,inpe_bdq_aqua_ref,climatology_regional_intensity12,0.6036553789963743,2024-08
2305506,Iguatu,CE,2024,8,2.0,inpe_bdq_aqua_ref,climatology_regional_intensity12,2.6485379753465925,2024-08
2306405,Itapipoca,CE,2024,8,0.0,inpe_bdq_aqua_ref,climatology_regional_intensity12,4.210496268499711,2024-08
2306900,Jaguaribe,CE,2024,8,0.0,inpe_bdq_aqua_ref,climatology_regional_intensity12,1.0186684520563818,2024-08
2307007,Jaguaruana,CE,2024,8,1.0,inpe_bdq_aqua_ref,climatology_regional_intensity12,1.3582246027418423,2024-08
2307106,Jardim,CE,2024,8,0.0,inpe_bdq_legacy,climatology_regional_intensity12,0.20373369041127634,2024-08
2308401,Missão Velha,CE,2024,8,6.0,inpe_bdq_legacy,climatology_regional_intensity12,1.154490912330566,2024-08
2308708,Morada Nova,CE,2024,8,3.0,inpe_bdq_aqua_ref,climatology_regional_intensity12,1.9015144438385791,2024-08
2310605,Penaforte,CE,2024,8,0.0,inpe_bdq_legacy,climatology_regional_intensity12,0.0,2024-08
2311306,Quixadá,CE,2024,8,5.0,inpe_bdq_aqua_ref,climatology_regional_intensity12,1.4940470630160267,2024-08
2311405,Quixeramobim,CE,2024,8,1.0,inpe_bdq_aqua_ref,climatology_regional_intensity12,1.4261358328789344,2024-08
2312106,Santana do Cariri,CE,2024,8,6.0,inpe_bdq_legacy,climatology_regional_intensity12,1.099515154600539,2024-08
2312908,Sobral,CE,2024,8,14.0,inpe_bdq_aqua_ref,climatology_regional_intensity12,8.692637457547791,2024-08
2313302,Tauá,CE,2024,8,5.0,inpe_bdq_aqua_ref,climatology_regional_intensity12,0.8149347616451054,2024-08
2313401,Tianguá,CE,2024,8,1.0,inpe_bdq_aqua_ref,climatology_regional_intensity12,1.2903133726047502,2024-08
2300101,Abaiara,CE,2024,9,2.0,inpe_bdq_legacy,climatology_municipal,0.5,2024-09
2300200,Acaraú,CE,2024,9,2.0,inpe_bdq_aqua_ref,climatology_municipal,1.75,2024-09
2301307,Araripe,CE,2024,9,8.0,inpe_bdq_legacy,climatology_municipal,7.571428571428571,2024-09
2301604,Assaré,CE,2024,9,0.0,inpe_bdq_legacy,climatology_municipal,2.0,2024-09
2301901,Barbalha,CE,2024,9,1.0,inpe_bdq_aqua_ref,climatology_municipal,3.0,2024-09
2302701,Campos Sales,CE,2024,9,0.0,inpe_bdq_aqua_ref,climatology_municipal,1.619047619047619,2024-09
2304103,Crateús,CE,2024,9,1.0,inpe_bdq_aqua_ref,climatology_municipal,3.65,2024-09
2304400,Fortaleza,CE,2024,9,2.0,inpe_bdq_aqua_ref,climatology_municipal,0.7777777777777778,2024-09
2305506,Iguatu,CE,2024,9,6.0,inpe_bdq_aqua_ref,climatology_municipal,4.55,2024-09
2306405,Itapipoca,CE,2024,9,8.0,inpe_bdq_aqua_ref,climatology_municipal,3.6,2024-09
2306900,Jaguaribe,CE,2024,9,15.0,inpe_bdq_aqua_ref,climatology_municipal,1.05,2024-09
2307007,Jaguaruana,CE,2024,9,0.0,inpe_bdq_aqua_ref,climatology_municipal,0.8571428571428571,2024-09
2307106,Jardim,CE,2024,9,0.0,inpe_bdq_legacy,climatology_municipal,1.7,2024-09
2308401,Missão Velha,CE,2024,9,3.0,inpe_bdq_legacy,climatology_municipal,3.1904761904761907,2024-09
2308708,Morada Nova,CE,2024,9,6.0,inpe_bdq_aqua_ref,climatology_municipal,1.55,2024-09
2310605,Penaforte,CE,2024,9,0.0,inpe_bdq_legacy,climatology_municipal,0.0,2024-09
2311306,Quixadá,CE,2024,9,2.0,inpe_bdq_aqua_ref,climatology_municipal,3.45,2024-09
2311405,Quixeramobim,CE,2024,9,6.0,inpe_bdq_aqua_ref,climatology_municipal,3.15,2024-09
2312106,Santana do Cariri,CE,2024,9,13.0,inpe_bdq_legacy,climatology_municipal,3.9523809523809526,2024-09
2312908,Sobral,CE,2024,9,14.0,inpe_bdq_aqua_ref,climatology_municipal,11.2,2024-09
2313302,Tauá,CE,2024,9,6.0,inpe_bdq_aqua_ref,climatology_municipal,2.25,2024-09
2313401,Tianguá,CE,2024,9,13.0,inpe_bdq_aqua_ref,climatology_municipal,1.35,2024-09
2300101,Abaiara,CE,2024,9,2.0,inpe_bdq_legacy,climatology_regional_intensity12,0.6861736441998044,2024-09
2300200,Acaraú,CE,2024,9,2.0,inpe_bdq_aqua_ref,climatology_regional_intensity12,2.4016077546993153,2024-09
2301307,Araripe,CE,2024,9,8.0,inpe_bdq_legacy,climatology_regional_intensity12,10.390629469311325,2024-09
2301604,Assaré,CE,2024,9,0.0,inpe_bdq_legacy,climatology_regional_intensity12,2.7446945767992177,2024-09
2301901,Barbalha,CE,2024,9,1.0,inpe_bdq_aqua_ref,climatology_regional_intensity12,4.117041865198827,2024-09
2302701,Campos Sales,CE,2024,9,0.0,inpe_bdq_aqua_ref,climatology_regional_intensity12,2.221895609789843,2024-09
2304103,Crateús,CE,2024,9,1.0,inpe_bdq_aqua_ref,climatology_regional_intensity12,5.009067602658572,2024-09
2304400,Fortaleza,CE,2024,9,2.0,inpe_bdq_aqua_ref,climatology_regional_intensity12,1.067381224310807,2024-09
2305506,Iguatu,CE,2024,9,6.0,inpe_bdq_aqua_ref,climatology_regional_intensity12,6.24418016221822,2024-09
2306405,Itapipoca,CE,2024,9,8.0,inpe_bdq_aqua_ref,climatology_regional_intensity12,4.940450238238592,2024-09
2306900,Jaguaribe,CE,2024,9,15.0,inpe_bdq_aqua_ref,climatology_regional_intensity12,1.4409646528195894,2024-09
2307007,Jaguaruana,CE,2024,9,0.0,inpe_bdq_aqua_ref,climatology_regional_intensity12,1.1762976757710932,2024-09
2307106,Jardim,CE,2024,9,0.0,inpe_bdq_legacy,climatology_regional_intensity12,2.332990390279335,2024-09
2308401,Missão Velha,CE,2024,9,3.0,inpe_bdq_legacy,climatology_regional_intensity12,4.3784413487035145,2024-09
2308708,Morada Nova,CE,2024,9,6.0,inpe_bdq_aqua_ref,climatology_regional_intensity12,2.127138297019394,2024-09
2310605,Penaforte,CE,2024,9,0.0,inpe_bdq_legacy,climatology_regional_intensity12,0.0,2024-09
2311306,Quixadá,CE,2024,9,2.0,inpe_bdq_aqua_ref,climatology_regional_intensity12,4.7345981449786505,2024-09
2311405,Quixeramobim,CE,2024,9,6.0,inpe_bdq_aqua_ref,climatology_regional_intensity12,4.322893958458768,2024-09
2312106,Santana do Cariri,CE,2024,9,13.0,inpe_bdq_legacy,climatology_regional_intensity12,5.424039282722264,2024-09
2312908,Sobral,CE,2024,9,14.0,inpe_bdq_aqua_ref,climatology_regional_intensity12,15.370289630075618,2024-09
2313302,Tauá,CE,2024,9,6.0,inpe_bdq_aqua_ref,climatology_regional_intensity12,3.08778139889912,2024-09
2313401,Tianguá,CE,2024,9,13.0,inpe_bdq_aqua_ref,climatology_regional_intensity12,1.8526688393394721,2024-09
2300101,Abaiara,CE,2024,10,0.0,inpe_bdq_legacy,climatology_municipal,1.8095238095238095,2024-10
2300200,Acaraú,CE,2024,10,0.0,inpe_bdq_aqua_ref,climatology_municipal,1.65,2024-10
2301307,Araripe,CE,2024,10,16.0,inpe_bdq_legacy,climatology_municipal,12.952380952380953,2024-10
2301604,Assaré,CE,2024,10,7.0,inpe_bdq_legacy,climatology_municipal,4.095238095238095,2024-10
2301901,Barbalha,CE,2024,10,8.0,inpe_bdq_aqua_ref,climatology_municipal,4.142857142857143,2024-10
2302701,Campos Sales,CE,2024,10,17.0,inpe_bdq_aqua_ref,climatology_municipal,2.9523809523809526,2024-10
2304103,Crateús,CE,2024,10,70.0,inpe_bdq_aqua_ref,climatology_municipal,45.4,2024-10
2304400,Fortaleza,CE,2024,10,1.0,inpe_bdq_aqua_ref,climatology_municipal,1.0,2024-10
2305506,Iguatu,CE,2024,10,3.0,inpe_bdq_aqua_ref,climatology_municipal,5.5,2024-10
2306405,Itapipoca,CE,2024,10,5.0,inpe_bdq_aqua_ref,climatology_municipal,3.7,2024-10
2306900,Jaguaribe,CE,2024,10,7.0,inpe_bdq_aqua_ref,climatology_municipal,3.15,2024-10
2307007,Jaguaruana,CE,2024,10,0.0,inpe_bdq_aqua_ref,climatology_municipal,1.0714285714285714,2024-10
2307106,Jardim,CE,2024,10,3.0,inpe_bdq_legacy,climatology_municipal,2.761904761904762,2024-10
2308401,Missão Velha,CE,2024,10,12.0,inpe_bdq_legacy,climatology_municipal,6.476190476190476,2024-10
2308708,Morada Nova,CE,2024,10,1.0,inpe_bdq_aqua_ref,climatology_municipal,4.15,2024-10
2310605,Penaforte,CE,2024,10,2.0,inpe_bdq_legacy,climatology_municipal,0.16666666666666666,2024-10
2311306,Quixadá,CE,2024,10,9.0,inpe_bdq_aqua_ref,climatology_municipal,17.4,2024-10
2311405,Quixeramobim,CE,2024,10,23.0,inpe_bdq_aqua_ref,climatology_municipal,34.65,2024-10
2312106,Santana do Cariri,CE,2024,10,30.0,inpe_bdq_legacy,climatology_municipal,7.142857142857143,2024-10
2312908,Sobral,CE,2024,10,20.0,inpe_bdq_aqua_ref,climatology_municipal,15.6,2024-10
2313302,Tauá,CE,2024,10,33.0,inpe_bdq_aqua_ref,climatology_municipal,9.75,2024-10
2313401,Tianguá,CE,2024,10,4.0,inpe_bdq_aqua_ref,climatology_municipal,4.1,2024-10
2300101,Abaiara,CE,2024,10,0.0,inpe_bdq_legacy,climatology_regional_intensity12,2.4255460357688574,2024-10
2300200,Acaraú,CE,2024,10,0.0,inpe_bdq_aqua_ref,climatology_regional_intensity12,2.2117150036681816,2024-10
2301307,Araripe,CE,2024,10,16.0,inpe_bdq_legacy,climatology_regional_intensity12,17.361803203398136,2024-10
2301604,Assaré,CE,2024,10,7.0,inpe_bdq_legacy,climatology_regional_intensity12,5.48939365989794,2024-10
2301901,Barbalha,CE,2024,10,8.0,inpe_bdq_aqua_ref,climatology_regional_intensity12,5.553223818733963,2024-10
2302701,Campos Sales,CE,2024,10,17.0,inpe_bdq_aqua_ref,climatology_regional_intensity12,3.9574698478333987,2024-10
2304103,Crateús,CE,2024,10,70.0,inpe_bdq_aqua_ref,climatology_regional_intensity12,60.855673434263906,2024-10
2304400,Fortaleza,CE,2024,10,1.0,inpe_bdq_aqua_ref,climatology_regional_intensity12,1.3404333355564737,2024-10
2305506,Iguatu,CE,2024,10,3.0,inpe_bdq_aqua_ref,climatology_regional_intensity12,7.372383345560605,2024-10
2306405,Itapipoca,CE,2024,10,5.0,inpe_bdq_aqua_ref,climatology_regional_intensity12,4.959603341558953,2024-10
2306900,Jaguaribe,CE,2024,10,7.0,inpe_bdq_aqua_ref,climatology_regional_intensity12,4.222365007002892,2024-10
2307007,Jaguaruana,CE,2024,10,0.0,inpe_bdq_aqua_ref,climatology_regional_intensity12,1.4361785738105075,2024-10
2307106,Jardim,CE,2024,10,3.0,inpe_bdq_legacy,climatology_regional_intensity12,3.7021492124893083,2024-10
2308401,Missão Velha,CE,2024,10,12.0,inpe_bdq_legacy,climatology_regional_intensity12,8.680901601699068,2024-10
2308708,Morada Nova,CE,2024,10,1.0,inpe_bdq_aqua_ref,climatology_regional_intensity12,5.562798342559367,2024-10
2310605,Penaforte,CE,2024,10,2.0,inpe_bdq_legacy,climatology_regional_intensity12,0.22340555592607894,2024-10
2311306,Quixadá,CE,2024,10,9.0,inpe_bdq_aqua_ref,climatology_regional_intensity12,23.32354003868264,2024-10
2311405,Quixeramobim,CE,2024,10,23.0,inpe_bdq_aqua_ref,climatology_regional_intensity12,46.44601507703181,2024-10
2312106,Santana do Cariri,CE,2024,10,30.0,inpe_bdq_legacy,climatology_regional_intensity12,9.574523825403384,2024-10
2312908,Sobral,CE,2024,10,20.0,inpe_bdq_aqua_ref,climatology_regional_intensity12,20.91076003468099,2024-10
2313302,Tauá,CE,2024,10,33.0,inpe_bdq_aqua_ref,climatology_regional_intensity12,13.069225021675619,2024-10
2313401,Tianguá,CE,2024,10,4.0,inpe_bdq_aqua_ref,climatology_regional_intensity12,5.495776675781542,2024-10
2300101,Abaiara,CE,2024,11,9.0,inpe_bdq_legacy,climatology_municipal,3.142857142857143,2024-11
2300200,Acaraú,CE,2024,11,2.0,inpe_bdq_aqua_ref,climatology_municipal,8.25,2024-11
2301307,Araripe,CE,2024,11,25.0,inpe_bdq_legacy,climatology_municipal,13.714285714285714,2024-11
2301604,Assaré,CE,2024,11,17.0,inpe_bdq_legacy,climatology_municipal,4.9523809523809526,2024-11
2301901,Barbalha,CE,2024,11,9.0,inpe_bdq_aqua_ref,climatology_municipal,4.571428571428571,2024-11
2302701,Campos Sales,CE,2024,11,2.0,inpe_bdq_aqua_ref,climatology_municipal,2.619047619047619,2024-11
2304103,Crateús,CE,2024,11,100.0,inpe_bdq_aqua_ref,climatology_municipal,60.7,2024-11
2304400,Fortaleza,CE,2024,11,0.0,inpe_bdq_aqua_ref,climatology_municipal,1.0555555555555556,2024-11
2305506,Iguatu,CE,2024,11,8.0,inpe_bdq_aqua_ref,climatology_municipal,7.95,2024-11
2306405,Itapipoca,CE,2024,11,15.0,inpe_bdq_aqua_ref,climatology_municipal,22.1,2024-11
2306900,Jaguaribe,CE,2024,11,6.0,inpe_bdq_aqua_ref,climatology_municipal,3.85,2024-11
2307007,Jaguaruana,CE,2024,11,0.0,inpe_bdq_aqua_ref,climatology_municipal,0.42857142857142855,2024-11
2307106,Jardim,CE,2024,11,4.0,inpe_bdq_legacy,climatology_municipal,3.5238095238095237,2024-11
2308401,Missão Velha,CE,2024,11,19.0,inpe_bdq_legacy,climatology_municipal,10.380952380952381,2024-11
2308708,Morada Nova,CE,2024,11,9.0,inpe_bdq_aqua_ref,climatology_municipal,4.9,2024-11
2310605,Penaforte,CE,2024,11,2.0,inpe_bdq_legacy,climatology_municipal,0.2631578947368421,2024-11
2311306,Quixadá,CE,2024,11,24.0,inpe_bdq_aqua_ref,climatology_municipal,22.75,2024-11
2311405,Quixeramobim,CE,2024,11,74.0,inpe_bdq_aqua_ref,climatology_municipal,48.6,2024-11
2312106,Santana do Cariri,CE,2024,11,11.0,inpe_bdq_legacy,climatology_municipal,12.333333333333334,2024-11
2312908,Sobral,CE,2024,11,16.0,inpe_bdq_aqua_ref,climatology_municipal,30.55,2024-11
2313302,Tauá,CE,2024,11,72.0,inpe_bdq_aqua_ref,climatology_municipal,14.15,2024-11
2313401,Tianguá,CE,2024,11,5.0,inpe_bdq_aqua_ref,climatology_municipal,9.45,2024-11
2300101,Abaiara,CE,2024,11,9.0,inpe_bdq_legacy,climatology_regional_intensity12,3.890428974677207,2024-11
2300200,Acaraú,CE,2024,11,2.0,inpe_bdq_aqua_ref,climatology_regional_intensity12,10.212376058527667,2024-11
2301307,Araripe,CE,2024,11,25.0,inpe_bdq_legacy,climatology_regional_intensity12,16.97641734404599,2024-11
2301604,Assaré,CE,2024,11,17.0,inpe_bdq_legacy,climatology_regional_intensity12,6.130372929794387,2024-11
2301901,Barbalha,CE,2024,11,9.0,inpe_bdq_aqua_ref,climatology_regional_intensity12,5.658805781348664,2024-11
2302701,Campos Sales,CE,2024,11,2.0,inpe_bdq_aqua_ref,climatology_regional_intensity12,3.242024145564339,2024-11
2304103,Crateús,CE,2024,11,100.0,inpe_bdq_aqua_ref,climatology_regional_intensity12,75.13833051547024,2024-11
2304400,Fortaleza,CE,2024,11,0.0,inpe_bdq_aqua_ref,climatology_regional_intensity12,1.3066339738183548,2024-11
2305506,Iguatu,CE,2024,11,8.0,inpe_bdq_aqua_ref,climatology_regional_intensity12,9.841016929126662,2024-11
2306405,Itapipoca,CE,2024,11,15.0,inpe_bdq_aqua_ref,climatology_regional_intensity12,27.35678919920745,2024-11
2306900,Jaguaribe,CE,2024,11,6.0,inpe_bdq_aqua_ref,climatology_regional_intensity12,4.765775493979579,2024-11
2307007,Jaguaruana,CE,2024,11,0.0,inpe_bdq_aqua_ref,climatology_regional_intensity12,0.5305130420014372,2024-11
2307106,Jardim,CE,2024,11,4.0,inpe_bdq_legacy,climatology_regional_intensity12,4.361996123122929,2024-11
2308401,Missão Velha,CE,2024,11,19.0,inpe_bdq_legacy,climatology_regional_intensity12,12.850204795145926,2024-11
2308708,Morada Nova,CE,2024,11,9.0,inpe_bdq_aqua_ref,climatology_regional_intensity12,6.0655324468831004,2024-11
2310605,Penaforte,CE,2024,11,2.0,inpe_bdq_legacy,climatology_regional_intensity12,0.3257536222815843,2024-11
2311306,Quixadá,CE,2024,11,24.0,inpe_bdq_aqua_ref,climatology_regional_intensity12,28.161400646242964,2024-11
2311405,Quixeramobim,CE,2024,11,74.0,inpe_bdq_aqua_ref,climatology_regional_intensity12,60.16017896296299,2024-11
2312106,Santana do Cariri,CE,2024,11,11.0,inpe_bdq_legacy,climatology_regional_intensity12,15.266986430930253,2024-11
2312908,Sobral,CE,2024,11,16.0,inpe_bdq_aqua_ref,climatology_regional_intensity12,37.81673801066912,2024-11
2313302,Tauá,CE,2024,11,72.0,inpe_bdq_aqua_ref,climatology_regional_intensity12,17.515772270080788,2024-11
2313401,Tianguá,CE,2024,11,5.0,inpe_bdq_aqua_ref,climatology_regional_intensity12,11.69781257613169,2024-11
2300101,Abaiara,CE,2024,12,0.0,inpe_bdq_legacy,climatology_municipal,1.9047619047619047,2024-12
2300200,Acaraú,CE,2024,12,19.0,inpe_bdq_aqua_ref,climatology_municipal,32.0,2024-12
2301307,Araripe,CE,2024,12,23.0,inpe_bdq_legacy,climatology_municipal,6.666666666666667,2024-12
2301604,Assaré,CE,2024,12,8.0,inpe_bdq_legacy,climatology_municipal,5.095238095238095,2024-12
2301901,Barbalha,CE,2024,12,2.0,inpe_bdq_aqua_ref,climatology_municipal,2.0952380952380953,2024-12
2302701,Campos Sales,CE,2024,12,5.0,inpe_bdq_aqua_ref,climatology_municipal,1.4761904761904763,2024-12
2304103,Crateús,CE,2024,12,52.0,inpe_bdq_aqua_ref,climatology_municipal,27.25,2024-12
2304400,Fortaleza,CE,2024,12,0.0,inpe_bdq_aqua_ref,climatology_municipal,0.16666666666666666,2024-12
2305506,Iguatu,CE,2024,12,35.0,inpe_bdq_aqua_ref,climatology_municipal,4.1,2024-12
2306405,Itapipoca,CE,2024,12,58.0,inpe_bdq_aqua_ref,climatology_municipal,62.5,2024-12
2306900,Jaguaribe,CE,2024,12,1.0,inpe_bdq_aqua_ref,climatology_municipal,2.3,2024-12
2307007,Jaguaruana,CE,2024,12,0.0,inpe_bdq_aqua_ref,climatology_municipal,0.6428571428571429,2024-12
2307106,Jardim,CE,2024,12,6.0,inpe_bdq_legacy,climatology_municipal,3.5238095238095237,2024-12
2308401,Missão Velha,CE,2024,12,10.0,inpe_bdq_legacy,climatology_municipal,7.095238095238095,2024-12
2308708,Morada Nova,CE,2024,12,5.0,inpe_bdq_aqua_ref,climatology_municipal,4.7,2024-12
2310605,Penaforte,CE,2024,12,0.0,inpe_bdq_legacy,climatology_municipal,0.42105263157894735,2024-12
2311306,Quixadá,CE,2024,12,10.0,inpe_bdq_aqua_ref,climatology_municipal,12.75,2024-12
2311405,Quixeramobim,CE,2024,12,35.0,inpe_bdq_aqua_ref,climatology_municipal,30.55,2024-12
2312106,Santana do Cariri,CE,2024,12,17.0,inpe_bdq_legacy,climatology_municipal,10.095238095238095,2024-12
2312908,Sobral,CE,2024,12,39.0,inpe_bdq_aqua_ref,climatology_municipal,19.8,2024-12
2313302,Tauá,CE,2024,12,32.0,inpe_bdq_aqua_ref,climatology_municipal,9.65,2024-12
2313401,Tianguá,CE,2024,12,26.0,inpe_bdq_aqua_ref,climatology_municipal,12.65,2024-12
2300101,Abaiara,CE,2024,12,0.0,inpe_bdq_legacy,climatology_regional_intensity12,2.600044501078267,2024-12
2300200,Acaraú,CE,2024,12,19.0,inpe_bdq_aqua_ref,climatology_regional_intensity12,43.680747618114886,2024-12
2301307,Araripe,CE,2024,12,23.0,inpe_bdq_legacy,climatology_regional_intensity12,9.100155753773935,2024-12
2301604,Assaré,CE,2024,12,8.0,inpe_bdq_legacy,climatology_regional_intensity12,6.955119040384364,2024-12
2301901,Barbalha,CE,2024,12,2.0,inpe_bdq_aqua_ref,climatology_regional_intensity12,2.860048951186094,2024-12
2302701,Campos Sales,CE,2024,12,5.0,inpe_bdq_aqua_ref,climatology_regional_intensity12,2.0150344883356572,2024-12
2304103,Crateús,CE,2024,12,52.0,inpe_bdq_aqua_ref,climatology_regional_intensity12,37.196886643550954,2024-12
2304400,Fortaleza,CE,2024,12,0.0,inpe_bdq_aqua_ref,climatology_regional_intensity12,0.22750389384434835,2024-12
2305506,Iguatu,CE,2024,12,35.0,inpe_bdq_aqua_ref,climatology_regional_intensity12,5.596595788570969,2024-12
2306405,Itapipoca,CE,2024,12,58.0,inpe_bdq_aqua_ref,climatology_regional_intensity12,85.31396019163064,2024-12
2306900,Jaguaribe,CE,2024,12,1.0,inpe_bdq_aqua_ref,climatology_regional_intensity12,3.139553735052007,2024-12
2307007,Jaguaruana,CE,2024,12,0.0,inpe_bdq_aqua_ref,climatology_regional_intensity12,0.8775150191139152,2024-12
2307106,Jardim,CE,2024,12,6.0,inpe_bdq_legacy,climatology_regional_intensity12,4.810082326994793,2024-12
2308401,Missão Velha,CE,2024,12,10.0,inpe_bdq_legacy,climatology_regional_intensity12,9.685165766516544,2024-12
2308708,Morada Nova,CE,2024,12,5.0,inpe_bdq_aqua_ref,climatology_regional_intensity12,6.415609806410624,2024-12
2310605,Penaforte,CE,2024,12,0.0,inpe_bdq_legacy,climatology_regional_intensity12,0.5747466791857222,2024-12
2311306,Quixadá,CE,2024,12,10.0,inpe_bdq_aqua_ref,climatology_regional_intensity12,17.40404787909265,2024-12
2311405,Quixeramobim,CE,2024,12,35.0,inpe_bdq_aqua_ref,climatology_regional_intensity12,41.70146374166906,2024-12
2312106,Santana do Cariri,CE,2024,12,17.0,inpe_bdq_legacy,climatology_regional_intensity12,13.780235855714814,2024-12
2312908,Sobral,CE,2024,12,39.0,inpe_bdq_aqua_ref,climatology_regional_intensity12,27.027462588708588,2024-12
2313302,Tauá,CE,2024,12,32.0,inpe_bdq_aqua_ref,climatology_regional_intensity12,13.17247545358777,2024-12
2313401,Tianguá,CE,2024,12,26.0,inpe_bdq_aqua_ref,climatology_regional_intensity12,17.267545542786042,2024-12
