geocodigo,municipio_ibge,uf,ano,mes,fire_count,target_source,model,y_pred,cut,period,abs_error,is_dry,interval_low,interval_high,interval_width,covered,alpha,nominal_coverage,band_dry,band_wet
2300101,Abaiara,CE,2020,1,0.0,inpe_bdq_legacy,climatology_regional_intensity12,0.0487784958850104,2020-01,2020-01,0.0487784958850104,False,0.0,1.8339675664586688,1.8339675664586688,True,0.04,0.96,14.495827516419919,1.7851890705736584
2300200,Acaraú,CE,2020,1,0.0,inpe_bdq_aqua_ref,climatology_regional_intensity12,4.8778495885010456,2020-01,2020-01,4.8778495885010456,False,3.092660517927387,6.663038659074704,3.570378141147317,False,0.04,0.96,14.495827516419919,1.7851890705736584
2301307,Araripe,CE,2020,1,0.0,inpe_bdq_legacy,climatology_regional_intensity12,1.1706839012402508,2020-01,2020-01,1.1706839012402508,False,0.0,2.955872971813909,2.955872971813909,True,0.04,0.96,14.495827516419919,1.7851890705736584
2301604,Assaré,CE,2020,1,5.0,inpe_bdq_legacy,climatology_regional_intensity12,1.5609118683203345,2020-01,2020-01,3.4390881316796653,False,0.0,3.3461009388939926,3.3461009388939926,False,0.04,0.96,14.495827516419919,1.7851890705736584
2301901,Barbalha,CE,2020,1,0.0,inpe_bdq_aqua_ref,climatology_regional_intensity12,0.3902279670800836,2020-01,2020-01,0.3902279670800836,False,0.0,2.175417037653742,2.175417037653742,True,0.04,0.96,14.495827516419919,1.7851890705736584
2302503,Brejo Santo,CE,2020,1,0.0,inpe_bdq_legacy,climatology_regional_intensity12,0.3414494711950732,2020-01,2020-01,0.3414494711950732,False,0.0,2.1266385417687315,2.1266385417687315,True,0.04,0.96,14.495827516419919,1.7851890705736584
2302701,Campos Sales,CE,2020,1,0.0,inpe_bdq_aqua_ref,climatology_regional_intensity12,0.2926709753100627,2020-01,2020-01,0.2926709753100627,False,0.0,2.077860045883721,2.077860045883721,True,0.04,0.96,14.495827516419919,1.7851890705736584
2304103,Crateús,CE,2020,1,0.0,inpe_bdq_aqua_ref,climatology_regional_intensity12,2.926709753100627,2020-01,2020-01,2.926709753100627,False,1.1415206825269686,4.711898823674286,3.570378141147317,False,0.04,0.96,14.495827516419919,1.7851890705736584
2304202,Crato,CE,2020,1,0.0,inpe_bdq_legacy,climatology_regional_intensity12,0.7316774382751567,2020-01,2020-01,0.7316774382751567,False,0.0,2.516866508848815,2.516866508848815,True,0.04,0.96,14.495827516419919,1.7851890705736584
2304400,Fortaleza,CE,2020,1,0.0,inpe_bdq_aqua_ref,climatology_regional_intensity12,0.0975569917700209,2020-01,2020-01,0.0975569917700209,False,0.0,1.8827460623436794,1.8827460623436794,True,0.04,0.96,14.495827516419919,1.7851890705736584
2305100,Guaramiranga,CE,2020,1,0.0,inpe_bdq_aqua_ref,climatology_regional_intensity12,0.0,2020-01,2020-01,0.0,False,0.0,1.7851890705736584,1.7851890705736584,True,0.04,0.96,14.495827516419919,1.7851890705736584
2305506,Iguatu,CE,2020,1,0.0,inpe_bdq_aqua_ref,climatology_regional_intensity12,1.07312690947023,2020-01,2020-01,1.07312690947023,False,0.0,2.8583159800438884,2.8583159800438884,True,0.04,0.96,14.495827516419919,1.7851890705736584
2306405,Itapipoca,CE,2020,1,0.0,inpe_bdq_aqua_ref,climatology_regional_intensity12,6.048533489741296,2020-01,2020-01,6.048533489741296,False,4.2633444191676375,7.833722560314955,3.5703781411473177,False,0.04,0.96,14.495827516419919,1.7851890705736584
2306900,Jaguaribe,CE,2020,1,0.0,inpe_bdq_aqua_ref,climatology_regional_intensity12,0.6828989423901464,2020-01,2020-01,0.6828989423901464,False,0.0,2.468088012963805,2.468088012963805,True,0.04,0.96,14.495827516419919,1.7851890705736584
2307007,Jaguaruana,CE,2020,1,0.0,inpe_bdq_aqua_ref,climatology_regional_intensity12,0.536563454735115,2020-01,2020-01,0.536563454735115,False,0.0,2.3217525253087734,2.3217525253087734,True,0.04,0.96,14.495827516419919,1.7851890705736584
2307106,Jardim,CE,2020,1,1.0,inpe_bdq_legacy,climatology_regional_intensity12,0.3414494711950732,2020-01,2020-01,0.6585505288049268,False,0.0,2.1266385417687315,2.1266385417687315,True,0.04,0.96,14.495827516419919,1.7851890705736584
2307205,Jati,CE,2020,1,0.0,inpe_bdq_legacy,climatology_regional_intensity12,0.2438924794250522,2020-01,2020-01,0.2438924794250522,False,0.0,2.0290815499987107,2.0290815499987107,True,0.04,0.96,14.495827516419919,1.7851890705736584
2307304,Juazeiro do Norte,CE,2020,1,0.0,inpe_bdq_legacy,climatology_regional_intensity12,0.1463354876550313,2020-01,2020-01,0.1463354876550313,False,0.0,1.9315245582286897,1.9315245582286897,True,0.04,0.96,14.495827516419919,1.7851890705736584
2308401,Missão Velha,CE,2020,1,0.0,inpe_bdq_legacy,climatology_regional_intensity12,0.9267914218151986,2020-01,2020-01,0.9267914218151986,False,0.0,2.711980492388857,2.711980492388857,True,0.04,0.96,14.495827516419919,1.7851890705736584
2308708,Morada Nova,CE,2020,1,1.0,inpe_bdq_aqua_ref,climatology_regional_intensity12,1.1706839012402508,2020-01,2020-01,0.1706839012402508,False,0.0,2.955872971813909,2.955872971813909,True,0.04,0.96,14.495827516419919,1.7851890705736584
2309201,Nova Olinda,CE,2020,1,0.0,inpe_bdq_legacy,climatology_regional_intensity12,0.1951139835400418,2020-01,2020-01,0.1951139835400418,False,0.0,1.9803030541137001,1.9803030541137001,True,0.04,0.96,14.495827516419919,1.7851890705736584
2310605,Penaforte,CE,2020,1,0.0,inpe_bdq_legacy,climatology_regional_intensity12,0.0487784958850104,2020-01,2020-01,0.0487784958850104,False,0.0,1.8339675664586688,1.8339675664586688,True,0.04,0.96,14.495827516419919,1.7851890705736584
2311108,Porteiras,CE,2020,1,0.0,inpe_bdq_legacy,climatology_regional_intensity12,0.1951139835400418,2020-01,2020-01,0.1951139835400418,False,0.0,1.9803030541137001,1.9803030541137001,True,0.04,0.96,14.495827516419919,1.7851890705736584
2311207,Potengi,CE,2020,1,0.0,inpe_bdq_legacy,climatology_regional_intensity12,0.6828989423901464,2020-01,2020-01,0.6828989423901464,False,0.0,2.468088012963805,2.468088012963805,True,0.04,0.96,14.495827516419919,1.7851890705736584
2311306,Quixadá,CE,2020,1,1.0,inpe_bdq_aqua_ref,climatology_regional_intensity12,1.6584688600903554,2020-01,2020-01,0.6584688600903554,False,0.0,3.443657930664014,3.443657930664014,True,0.04,0.96,14.495827516419919,1.7851890705736584
2311405,Quixeramobim,CE,2020,1,4.0,inpe_bdq_aqua_ref,climatology_regional_intensity12,4.8778495885010456,2020-01,2020-01,0.8778495885010456,False,3.092660517927387,6.663038659074704,3.570378141147317,True,0.04,0.96,14.495827516419919,1.7851890705736584
2311959,Salitre,CE,2020,1,0.0,inpe_bdq_legacy,climatology_regional_intensity12,0.4877849588501045,2020-01,2020-01,0.4877849588501045,False,0.0,2.272974029423763,2.272974029423763,True,0.04,0.96,14.495827516419919,1.7851890705736584
2312106,Santana do Cariri,CE,2020,1,4.0,inpe_bdq_legacy,climatology_regional_intensity12,2.9754882489856374,2020-01,2020-01,1.0245117510143626,False,1.190299178411979,4.760677319559296,3.5703781411473168,True,0.04,0.96,14.495827516419919,1.7851890705736584
2312908,Sobral,CE,2020,1,1.0,inpe_bdq_aqua_ref,climatology_regional_intensity12,1.951139835400418,2020-01,2020-01,0.9511398354004179,False,0.16595076482675952,3.7363289059740765,3.5703781411473168,True,0.04,0.96,14.495827516419919,1.7851890705736584
2313302,Tauá,CE,2020,1,0.0,inpe_bdq_aqua_ref,climatology_regional_intensity12,0.9755699177002092,2020-01,2020-01,0.9755699177002092,False,0.0,2.7607589882738677,2.7607589882738677,True,0.04,0.96,14.495827516419919,1.7851890705736584
2313401,Tianguá,CE,2020,1,0.0,inpe_bdq_aqua_ref,climatology_regional_intensity12,0.6828989423901464,2020-01,2020-01,0.6828989423901464,False,0.0,2.468088012963805,2.468088012963805,True,0.04,0.96,14.495827516419919,1.7851890705736584
2300101,Abaiara,CE,2020,2,0.0,inpe_bdq_legacy,climatology_regional_intensity12,0.0,2020-02,2020-02,0.0,False,0.0,1.840624081753735,1.840624081753735,True,0.04,0.96,14.495827516419919,1.840624081753735
2300200,Acaraú,CE,2020,2,0.0,inpe_bdq_aqua_ref,climatology_regional_intensity12,0.3342165075341766,2020-02,2020-02,0.3342165075341766,False,0.0,2.1748405892879115,2.1748405892879115,True,0.04,0.96,14.495827516419919,1.840624081753735
2301307,Araripe,CE,2020,2,0.0,inpe_bdq_legacy,climatology_regional_intensity12,0.0954904307240504,2020-02,2020-02,0.0954904307240504,False,0.0,1.9361145124777854,1.9361145124777854,True,0.04,0.96,14.495827516419919,1.840624081753735
2301604,Assaré,CE,2020,2,0.0,inpe_bdq_legacy,climatology_regional_intensity12,0.2387260768101261,2020-02,2020-02,0.2387260768101261,False,0.0,2.079350158563861,2.079350158563861,True,0.04,0.96,14.495827516419919,1.840624081753735
2301901,Barbalha,CE,2020,2,0.0,inpe_bdq_aqua_ref,climatology_regional_intensity12,0.1432356460860757,2020-02,2020-02,0.1432356460860757,False,0.0,1.9838597278398107,1.9838597278398107,True,0.04,0.96,14.495827516419919,1.840624081753735
2302503,Brejo Santo,CE,2020,2,0.0,inpe_bdq_legacy,climatology_regional_intensity12,0.0477452153620252,2020-02,2020-02,0.0477452153620252,False,0.0,1.8883692971157602,1.8883692971157602,True,0.04,0.96,14.495827516419919,1.840624081753735
2302701,Campos Sales,CE,2020,2,0.0,inpe_bdq_aqua_ref,climatology_regional_intensity12,0.0477452153620252,2020-02,2020-02,0.0477452153620252,False,0.0,1.8883692971157602,1.8883692971157602,True,0.04,0.96,14.495827516419919,1.840624081753735
2304103,Crateús,CE,2020,2,1.0,inpe_bdq_aqua_ref,climatology_regional_intensity12,0.0954904307240504,2020-02,2020-02,0.9045095692759496,False,0.0,1.9361145124777854,1.9361145124777854,True,0.04,0.96,14.495827516419919,1.840624081753735
2304202,Crato,CE,2020,2,0.0,inpe_bdq_legacy,climatology_regional_intensity12,0.1909808614481009,2020-02,2020-02,0.1909808614481009,False,0.0,2.031604943201836,2.031604943201836,True,0.04,0.96,14.495827516419919,1.840624081753735
2304400,Fortaleza,CE,2020,2,0.0,inpe_bdq_aqua_ref,climatology_regional_intensity12,0.0954904307240504,2020-02,2020-02,0.0954904307240504,False,0.0,1.9361145124777854,1.9361145124777854,True,0.04,0.96,14.495827516419919,1.840624081753735
2305100,Guaramiranga,CE,2020,2,0.0,inpe_bdq_aqua_ref,climatology_regional_intensity12,0.0,2020-02,2020-02,0.0,False,0.0,1.840624081753735,1.840624081753735,True,0.04,0.96,14.495827516419919,1.840624081753735
2305506,Iguatu,CE,2020,2,0.0,inpe_bdq_aqua_ref,climatology_regional_intensity12,0.0954904307240504,2020-02,2020-02,0.0954904307240504,False,0.0,1.9361145124777854,1.9361145124777854,True,0.04,0.96,14.495827516419919,1.840624081753735
2306405,Itapipoca,CE,2020,2,0.0,inpe_bdq_aqua_ref,climatology_regional_intensity12,0.1909808614481009,2020-02,2020-02,0.1909808614481009,False,0.0,2.031604943201836,2.031604943201836,True,0.04,0.96,14.495827516419919,1.840624081753735
2306900,Jaguaribe,CE,2020,2,0.0,inpe_bdq_aqua_ref,climatology_regional_intensity12,0.1432356460860757,2020-02,2020-02,0.1432356460860757,False,0.0,1.9838597278398107,1.9838597278398107,True,0.04,0.96,14.495827516419919,1.840624081753735
2307007,Jaguaruana,CE,2020,2,0.0,inpe_bdq_aqua_ref,climatology_regional_intensity12,0.1432356460860757,2020-02,2020-02,0.1432356460860757,False,0.0,1.9838597278398107,1.9838597278398107,True,0.04,0.96,14.495827516419919,1.840624081753735
2307106,Jardim,CE,2020,2,0.0,inpe_bdq_legacy,climatology_regional_intensity12,0.0477452153620252,2020-02,2020-02,0.0477452153620252,False,0.0,1.8883692971157602,1.8883692971157602,True,0.04,0.96,14.495827516419919,1.840624081753735
2307205,Jati,CE,2020,2,0.0,inpe_bdq_legacy,climatology_regional_intensity12,0.1432356460860757,2020-02,2020-02,0.1432356460860757,False,0.0,1.9838597278398107,1.9838597278398107,True,0.04,0.96,14.495827516419919,1.840624081753735
2307304,Juazeiro do Norte,CE,2020,2,0.0,inpe_bdq_legacy,climatology_regional_intensity12,0.0,2020-02,2020-02,0.0,False,0.0,1.840624081753735,1.840624081753735,True,0.04,0.96,14.495827516419919,1.840624081753735
2308401,Missão Velha,CE,2020,2,0.0,inpe_bdq_legacy,climatology_regional_intensity12,0.0954904307240504,2020-02,2020-02,0.0954904307240504,False,0.0,1.9361145124777854,1.9361145124777854,True,0.04,0.96,14.495827516419919,1.840624081753735
2308708,Morada Nova,CE,2020,2,0.0,inpe_bdq_aqua_ref,climatology_regional_intensity12,0.3819617228962018,2020-02,2020-02,0.3819617228962018,False,0.0,2.2225858046499365,2.2225858046499365,True,0.04,0.96,14.495827516419919,1.840624081753735
2309201,Nova Olinda,CE,2020,2,0.0,inpe_bdq_legacy,climatology_regional_intensity12,0.0,2020-02,2020-02,0.0,False,0.0,1.840624081753735,1.840624081753735,True,0.04,0.96,14.495827516419919,1.840624081753735
2310605,Penaforte,CE,2020,2,0.0,inpe_bdq_legacy,climatology_regional_intensity12,0.0954904307240504,2020-02,2020-02,0.0954904307240504,False,0.0,1.9361145124777854,1.9361145124777854,True,0.04,0.96,14.495827516419919,1.840624081753735
2311108,Porteiras,CE,2020,2,0.0,inpe_bdq_legacy,climatology_regional_intensity12,0.0954904307240504,2020-02,2020-02,0.0954904307240504,False,0.0,1.9361145124777854,1.9361145124777854,True,0.04,0.96,14.495827516419919,1.840624081753735
2311207,Potengi,CE,2020,2,0.0,inpe_bdq_legacy,climatology_regional_intensity12,0.2864712921721514,2020-02,2020-02,0.2864712921721514,False,0.0,2.1270953739258864,2.1270953739258864,True,0.04,0.96,14.495827516419919,1.840624081753735
2311306,Quixadá,CE,2020,2,0.0,inpe_bdq_aqua_ref,climatology_regional_intensity12,0.1909808614481009,2020-02,2020-02,0.1909808614481009,False,0.0,2.031604943201836,2.031604943201836,True,0.04,0.96,14.495827516419919,1.840624081753735
2311405,Quixeramobim,CE,2020,2,1.0,inpe_bdq_aqua_ref,climatology_regional_intensity12,0.7161782304303784,2020-02,2020-02,0.2838217695696216,False,0.0,2.5568023121841135,2.5568023121841135,True,0.04,0.96,14.495827516419919,1.840624081753735
2311959,Salitre,CE,2020,2,0.0,inpe_bdq_legacy,climatology_regional_intensity12,0.0477452153620252,2020-02,2020-02,0.0477452153620252,False,0.0,1.8883692971157602,1.8883692971157602,True,0.04,0.96,14.495827516419919,1.840624081753735
2312106,Santana do Cariri,CE,2020,2,0.0,inpe_bdq_legacy,climatology_regional_intensity12,0.2387260768101261,2020-02,2020-02,0.2387260768101261,False,0.0,2.079350158563861,2.079350158563861,True,0.04,0.96,14.495827516419919,1.840624081753735
2312908,Sobral,CE,2020,2,0.0,inpe_bdq_aqua_ref,climatology_regional_intensity12,0.0954904307240504,2020-02,2020-02,0.0954904307240504,False,0.0,1.9361145124777854,1.9361145124777854,True,0.04,0.96,14.495827516419919,1.840624081753735
2313302,Tauá,CE,2020,2,0.0,inpe_bdq_aqua_ref,climatology_regional_intensity12,0.1909808614481009,2020-02,2020-02,0.1909808614481009,False,0.0,2.031604943201836,2.031604943201836,True,0.04,0.96,14.495827516419919,1.840624081753735
2313401,Tianguá,CE,2020,2,0.0,inpe_bdq_aqua_ref,climatology_regional_intensity12,0.1909808614481009,2020-02,2020-02,0.1909808614481009,False,0.0,2.031604943201836,2.031604943201836,True,0.04,0.96,14.495827516419919,1.840624081753735
2300101,Abaiara,CE,2020,3,0.0,inpe_bdq_legacy,climatology_regional_intensity12,0.0,2020-03,2020-03,0.0,False,0.0,1.8403303070524069,1.8403303070524069,True,0.04,0.96,14.495827516419919,1.8403303070524069
2300200,Acaraú,CE,2020,3,0.0,inpe_bdq_aqua_ref,climatology_regional_intensity12,0.5240837608135334,2020-03,2020-03,0.5240837608135334,False,0.0,2.3644140678659404,2.3644140678659404,True,0.04,0.96,14.495827516419919,1.8403303070524069
2301307,Araripe,CE,2020,3,0.0,inpe_bdq_legacy,climatology_regional_intensity12,0.0,2020-03,2020-03,0.0,False,0.0,1.8403303070524069,1.8403303070524069,True,0.04,0.96,14.495827516419919,1.8403303070524069
2301604,Assaré,CE,2020,3,0.0,inpe_bdq_legacy,climatology_regional_intensity12,0.0,2020-03,2020-03,0.0,False,0.0,1.8403303070524069,1.8403303070524069,True,0.04,0.96,14.495827516419919,1.8403303070524069
2301901,Barbalha,CE,2020,3,0.0,inpe_bdq_aqua_ref,climatology_regional_intensity12,0.0,2020-03,2020-03,0.0,False,0.0,1.8403303070524069,1.8403303070524069,True,0.04,0.96,14.495827516419919,1.8403303070524069
2302503,Brejo Santo,CE,2020,3,0.0,inpe_bdq_legacy,climatology_regional_intensity12,0.0,2020-03,2020-03,0.0,False,0.0,1.8403303070524069,1.8403303070524069,True,0.04,0.96,14.495827516419919,1.8403303070524069
2302701,Campos Sales,CE,2020,3,0.0,inpe_bdq_aqua_ref,climatology_regional_intensity12,0.0,2020-03,2020-03,0.0,False,0.0,1.8403303070524069,1.8403303070524069,True,0.04,0.96,14.495827516419919,1.8403303070524069
2304103,Crateús,CE,2020,3,0.0,inpe_bdq_aqua_ref,climatology_regional_intensity12,0.0952879565115515,2020-03,2020-03,0.0952879565115515,False,0.0,1.9356182635639583,1.9356182635639583,True,0.04,0.96,14.495827516419919,1.8403303070524069
2304202,Crato,CE,2020,3,0.0,inpe_bdq_legacy,climatology_regional_intensity12,0.0952879565115515,2020-03,2020-03,0.0952879565115515,False,0.0,1.9356182635639583,1.9356182635639583,True,0.04,0.96,14.495827516419919,1.8403303070524069
2304400,Fortaleza,CE,2020,3,0.0,inpe_bdq_aqua_ref,climatology_regional_intensity12,0.0,2020-03,2020-03,0.0,False,0.0,1.8403303070524069,1.8403303070524069,True,0.04,0.96,14.495827516419919,1.8403303070524069
2305100,Guaramiranga,CE,2020,3,0.0,inpe_bdq_aqua_ref,climatology_regional_intensity12,0.0,2020-03,2020-03,0.0,False,0.0,1.8403303070524069,1.8403303070524069,True,0.04,0.96,14.495827516419919,1.8403303070524069
2305506,Iguatu,CE,2020,3,0.0,inpe_bdq_aqua_ref,climatology_regional_intensity12,0.190575913023103,2020-03,2020-03,0.190575913023103,False,0.0,2.0309062200755097,2.0309062200755097,True,0.04,0.96,14.495827516419919,1.8403303070524069
2306405,Itapipoca,CE,2020,3,0.0,inpe_bdq_aqua_ref,climatology_regional_intensity12,0.0476439782557757,2020-03,2020-03,0.0476439782557757,False,0.0,1.8879742853081825,1.8879742853081825,True,0.04,0.96,14.495827516419919,1.8403303070524069
2306900,Jaguaribe,CE,2020,3,0.0,inpe_bdq_aqua_ref,climatology_regional_intensity12,0.0476439782557757,2020-03,2020-03,0.0476439782557757,False,0.0,1.8879742853081825,1.8879742853081825,True,0.04,0.96,14.495827516419919,1.8403303070524069
2307007,Jaguaruana,CE,2020,3,0.0,inpe_bdq_aqua_ref,climatology_regional_intensity12,0.0476439782557757,2020-03,2020-03,0.0476439782557757,False,0.0,1.8879742853081825,1.8879742853081825,True,0.04,0.96,14.495827516419919,1.8403303070524069
2307106,Jardim,CE,2020,3,0.0,inpe_bdq_legacy,climatology_regional_intensity12,0.0476439782557757,2020-03,2020-03,0.0476439782557757,False,0.0,1.8879742853081825,1.8879742853081825,True,0.04,0.96,14.495827516419919,1.8403303070524069
2307205,Jati,CE,2020,3,0.0,inpe_bdq_legacy,climatology_regional_intensity12,0.0,2020-03,2020-03,0.0,False,0.0,1.8403303070524069,1.8403303070524069,True,0.04,0.96,14.495827516419919,1.8403303070524069
2307304,Juazeiro do Norte,CE,2020,3,0.0,inpe_bdq_legacy,climatology_regional_intensity12,0.0952879565115515,2020-03,2020-03,0.0952879565115515,False,0.0,1.9356182635639583,1.9356182635639583,True,0.04,0.96,14.495827516419919,1.8403303070524069
2308401,Missão Velha,CE,2020,3,0.0,inpe_bdq_legacy,climatology_regional_intensity12,0.2382198912788788,2020-03,2020-03,0.2382198912788788,False,0.0,2.0785501983312855,2.0785501983312855,True,0.04,0.96,14.495827516419919,1.8403303070524069
2308708,Morada Nova,CE,2020,3,0.0,inpe_bdq_aqua_ref,climatology_regional_intensity12,0.0952879565115515,2020-03,2020-03,0.0952879565115515,False,0.0,1.9356182635639583,1.9356182635639583,True,0.04,0.96,14.495827516419919,1.8403303070524069
2309201,Nova Olinda,CE,2020,3,0.0,inpe_bdq_legacy,climatology_regional_intensity12,0.0,2020-03,2020-03,0.0,False,0.0,1.8403303070524069,1.8403303070524069,True,0.04,0.96,14.495827516419919,1.8403303070524069
2310605,Penaforte,CE,2020,3,0.0,inpe_bdq_legacy,climatology_regional_intensity12,0.0,2020-03,2020-03,0.0,False,0.0,1.8403303070524069,1.8403303070524069,True,0.04,0.96,14.495827516419919,1.8403303070524069
2311108,Porteiras,CE,2020,3,0.0,inpe_bdq_legacy,climatology_regional_intensity12,0.0,2020-03,2020-03,0.0,False,0.0,1.8403303070524069,1.8403303070524069,True,0.04,0.96,14.495827516419919,1.8403303070524069
2311207,Potengi,CE,2020,3,0.0,inpe_bdq_legacy,climatology_regional_intensity12,0.0,2020-03,2020-03,0.0,False,0.0,1.8403303070524069,1.8403303070524069,True,0.04,0.96,14.495827516419919,1.8403303070524069
2311306,Quixadá,CE,2020,3,0.0,inpe_bdq_aqua_ref,climatology_regional_intensity12,0.0952879565115515,2020-03,2020-03,0.0952879565115515,False,0.0,1.9356182635639583,1.9356182635639583,True,0.04,0.96,14.495827516419919,1.8403303070524069
2311405,Quixeramobim,CE,2020,3,0.0,inpe_bdq_aqua_ref,climatology_regional_intensity12,0.2382198912788788,2020-03,2020-03,0.2382198912788788,False,0.0,2.0785501983312855,2.0785501983312855,True,0.04,0.96,14.495827516419919,1.8403303070524069
2311959,Salitre,CE,2020,3,0.0,inpe_bdq_legacy,climatology_regional_intensity12,0.0476439782557757,2020-03,2020-03,0.0476439782557757,False,0.0,1.8879742853081825,1.8879742853081825,True,0.04,0.96,14.495827516419919,1.8403303070524069
2312106,Santana do Cariri,CE,2020,3,0.0,inpe_bdq_legacy,climatology_regional_intensity12,0.0,2020-03,2020-03,0.0,False,0.0,1.8403303070524069,1.8403303070524069,True,0.04,0.96,14.495827516419919,1.8403303070524069
2312908,Sobral,CE,2020,3,0.0,inpe_bdq_aqua_ref,climatology_regional_intensity12,0.0476439782557757,2020-03,2020-03,0.0476439782557757,False,0.0,1.8879742853081825,1.8879742853081825,True,0.04,0.96,14.495827516419919,1.8403303070524069
2313302,Tauá,CE,2020,3,0.0,inpe_bdq_aqua_ref,climatology_regional_intensity12,0.0,2020-03,2020-03,0.0,False,0.0,1.8403303070524069,1.8403303070524069,True,0.04,0.96,14.495827516419919,1.8403303070524069
2313401,Tianguá,CE,2020,3,0.0,inpe_bdq_aqua_ref,climatology_regional_intensity12,0.0,2020-03,2020-03,0.0,False,0.0,1.8403303070524069,1.8403303070524069,True,0.04,0.96,14.495827516419919,1.8403303070524069
2300101,Abaiara,CE,2020,4,0.0,inpe_bdq_legacy,climatology_regional_intensity12,0.0,2020-04,2020-04,0.0,False,0.0,1.7851890705736584,1.7851890705736584,True,0.04,0.96,14.495827516419919,1.7851890705736584
2300200,Acaraú,CE,2020,4,0.0,inpe_bdq_aqua_ref,climatology_regional_intensity12,0.0,2020-04,2020-04,0.0,False,0.0,1.7851890705736584,1.7851890705736584,True,0.04,0.96,14.495827516419919,1.7851890705736584
2301307,Araripe,CE,2020,4,0.0,inpe_bdq_legacy,climatology_regional_intensity12,0.0,2020-04,2020-04,0.0,False,0.0,1.7851890705736584,1.7851890705736584,True,0.04,0.96,14.495827516419919,1.7851890705736584
2301604,Assaré,CE,2020,4,0.0,inpe_bdq_legacy,climatology_regional_intensity12,0.0,2020-04,2020-04,0.0,False,0.0,1.7851890705736584,1.7851890705736584,True,0.04,0.96,14.495827516419919,1.7851890705736584
2301901,Barbalha,CE,2020,4,0.0,inpe_bdq_aqua_ref,climatology_regional_intensity12,0.0,2020-04,2020-04,0.0,False,0.0,1.7851890705736584,1.7851890705736584,True,0.04,0.96,14.495827516419919,1.7851890705736584
2302503,Brejo Santo,CE,2020,4,0.0,inpe_bdq_legacy,climatology_regional_intensity12,0.0,2020-04,2020-04,0.0,False,0.0,1.7851890705736584,1.7851890705736584,True,0.04,0.96,14.495827516419919,1.7851890705736584
2302701,Campos Sales,CE,2020,4,0.0,inpe_bdq_aqua_ref,climatology_regional_intensity12,0.0,2020-04,2020-04,0.0,False,0.0,1.7851890705736584,1.7851890705736584,True,0.04,0.96,14.495827516419919,1.7851890705736584
2304103,Crateús,CE,2020,4,0.0,inpe_bdq_aqua_ref,climatology_regional_intensity12,0.0951891858538056,2020-04,2020-04,0.0951891858538056,False,0.0,1.880378256427464,1.880378256427464,True,0.04,0.96,14.495827516419919,1.7851890705736584
2304202,Crato,CE,2020,4,0.0,inpe_bdq_legacy,climatology_regional_intensity12,0.0,2020-04,2020-04,0.0,False,0.0,1.7851890705736584,1.7851890705736584,True,0.04,0.96,14.495827516419919,1.7851890705736584
2304400,Fortaleza,CE,2020,4,0.0,inpe_bdq_aqua_ref,climatology_regional_intensity12,0.0,2020-04,2020-04,0.0,False,0.0,1.7851890705736584,1.7851890705736584,True,0.04,0.96,14.495827516419919,1.7851890705736584
2305100,Guaramiranga,CE,2020,4,0.0,inpe_bdq_aqua_ref,climatology_regional_intensity12,0.0,2020-04,2020-04,0.0,False,0.0,1.7851890705736584,1.7851890705736584,True,0.04,0.96,14.495827516419919,1.7851890705736584
2305506,Iguatu,CE,2020,4,0.0,inpe_bdq_aqua_ref,climatology_regional_intensity12,0.0475945929269028,2020-04,2020-04,0.0475945929269028,False,0.0,1.8327836635005612,1.8327836635005612,True,0.04,0.96,14.495827516419919,1.7851890705736584
2306405,Itapipoca,CE,2020,4,0.0,inpe_bdq_aqua_ref,climatology_regional_intensity12,0.0,2020-04,2020-04,0.0,False,0.0,1.7851890705736584,1.7851890705736584,True,0.04,0.96,14.495827516419919,1.7851890705736584
2306900,Jaguaribe,CE,2020,4,0.0,inpe_bdq_aqua_ref,climatology_regional_intensity12,0.0951891858538056,2020-04,2020-04,0.0951891858538056,False,0.0,1.880378256427464,1.880378256427464,True,0.04,0.96,14.495827516419919,1.7851890705736584
2307007,Jaguaruana,CE,2020,4,0.0,inpe_bdq_aqua_ref,climatology_regional_intensity12,0.0,2020-04,2020-04,0.0,False,0.0,1.7851890705736584,1.7851890705736584,True,0.04,0.96,14.495827516419919,1.7851890705736584
2307106,Jardim,CE,2020,4,0.0,inpe_bdq_legacy,climatology_regional_intensity12,0.0,2020-04,2020-04,0.0,False,0.0,1.7851890705736584,1.7851890705736584,True,0.04,0.96,14.495827516419919,1.7851890705736584
2307205,Jati,CE,2020,4,0.0,inpe_bdq_legacy,climatology_regional_intensity12,0.0,2020-04,2020-04,0.0,False,0.0,1.7851890705736584,1.7851890705736584,True,0.04,0.96,14.495827516419919,1.7851890705736584
2307304,Juazeiro do Norte,CE,2020,4,0.0,inpe_bdq_legacy,climatology_regional_intensity12,0.0,2020-04,2020-04,0.0,False,0.0,1.7851890705736584,1.7851890705736584,True,0.04,0.96,14.495827516419919,1.7851890705736584
2308401,Missão Velha,CE,2020,4,0.0,inpe_bdq_legacy,climatology_regional_intensity12,0.1903783717076112,2020-04,2020-04,0.1903783717076112,False,0.0,1.9755674422812697,1.9755674422812697,True,0.04,0.96,14.495827516419919,1.7851890705736584
2308708,Morada Nova,CE,2020,4,0.0,inpe_bdq_aqua_ref,climatology_regional_intensity12,0.0475945929269028,2020-04,2020-04,0.0475945929269028,False,0.0,1.8327836635005612,1.8327836635005612,True,0.04,0.96,14.495827516419919,1.7851890705736584
2309201,Nova Olinda,CE,2020,4,0.0,inpe_bdq_legacy,climatology_regional_intensity12,0.0,2020-04,2020-04,0.0,False,0.0,1.7851890705736584,1.7851890705736584,True,0.04,0.96,14.495827516419919,1.7851890705736584
2310605,Penaforte,CE,2020,4,0.0,inpe_bdq_legacy,climatology_regional_intensity12,0.0,2020-04,2020-04,0.0,False,0.0,1.7851890705736584,1.7851890705736584,True,0.04,0.96,14.495827516419919,1.7851890705736584
2311108,Porteiras,CE,2020,4,0.0,inpe_bdq_legacy,climatology_regional_intensity12,0.0,2020-04,2020-04,0.0,False,0.0,1.7851890705736584,1.7851890705736584,True,0.04,0.96,14.495827516419919,1.7851890705736584
2311207,Potengi,CE,2020,4,0.0,inpe_bdq_legacy,climatology_regional_intensity12,0.0,2020-04,2020-04,0.0,False,0.0,1.7851890705736584,1.7851890705736584,True,0.04,0.96,14.495827516419919,1.7851890705736584
2311306,Quixadá,CE,2020,4,0.0,inpe_bdq_aqua_ref,climatology_regional_intensity12,0.0951891858538056,2020-04,2020-04,0.0951891858538056,False,0.0,1.880378256427464,1.880378256427464,True,0.04,0.96,14.495827516419919,1.7851890705736584
2311405,Quixeramobim,CE,2020,4,0.0,inpe_bdq_aqua_ref,climatology_regional_intensity12,0.0475945929269028,2020-04,2020-04,0.0475945929269028,False,0.0,1.8327836635005612,1.8327836635005612,True,0.04,0.96,14.495827516419919,1.7851890705736584
2311959,Salitre,CE,2020,4,0.0,inpe_bdq_legacy,climatology_regional_intensity12,0.0475945929269028,2020-04,2020-04,0.0475945929269028,False,0.0,1.8327836635005612,1.8327836635005612,True,0.04,0.96,14.495827516419919,1.7851890705736584
2312106,Santana do Cariri,CE,2020,4,0.0,inpe_bdq_legacy,climatology_regional_intensity12,0.0,2020-04,2020-04,0.0,False,0.0,1.7851890705736584,1.7851890705736584,True,0.04,0.96,14.495827516419919,1.7851890705736584
2312908,Sobral,CE,2020,4,0.0,inpe_bdq_aqua_ref,climatology_regional_intensity12,0.0,2020-04,2020-04,0.0,False,0.0,1.7851890705736584,1.7851890705736584,True,0.04,0.96,14.495827516419919,1.7851890705736584
2313302,Tauá,CE,2020,4,0.0,inpe_bdq_aqua_ref,climatology_regional_intensity12,0.0475945929269028,2020-04,2020-04,0.0475945929269028,False,0.0,1.8327836635005612,1.8327836635005612,True,0.04,0.96,14.495827516419919,1.7851890705736584
2313401,Tianguá,CE,2020,4,0.0,inpe_bdq_aqua_ref,climatology_regional_intensity12,0.0,2020-04,2020-04,0.0,False,0.0,1.7851890705736584,1.7851890705736584,True,0.04,0.96,14.495827516419919,1.7851890705736584
2300101,Abaiara,CE,2020,5,0.0,inpe_bdq_legacy,climatology_regional_intensity12,0.0475969362378518,2020-05,2020-05,0.0475969362378518,False,0.0,1.8071741194138815,1.8071741194138815,True,0.04,0.96,14.495827516419919,1.7595771831760296
2300200,Acaraú,CE,2020,5,0.0,inpe_bdq_aqua_ref,climatology_regional_intensity12,0.0475969362378518,2020-05,2020-05,0.0475969362378518,False,0.0,1.8071741194138815,1.8071741194138815,True,0.04,0.96,14.495827516419919,1.7595771831760296
2301307,Araripe,CE,2020,5,0.0,inpe_bdq_legacy,climatology_regional_intensity12,0.0,2020-05,2020-05,0.0,False,0.0,1.7595771831760296,1.7595771831760296,True,0.04,0.96,14.495827516419919,1.7595771831760296
2301604,Assaré,CE,2020,5,0.0,inpe_bdq_legacy,climatology_regional_intensity12,0.0,2020-05,2020-05,0.0,False,0.0,1.7595771831760296,1.7595771831760296,True,0.04,0.96,14.495827516419919,1.7595771831760296
2301901,Barbalha,CE,2020,5,0.0,inpe_bdq_aqua_ref,climatology_regional_intensity12,0.0,2020-05,2020-05,0.0,False,0.0,1.7595771831760296,1.7595771831760296,True,0.04,0.96,14.495827516419919,1.7595771831760296
2302503,Brejo Santo,CE,2020,5,0.0,inpe_bdq_legacy,climatology_regional_intensity12,0.0475969362378518,2020-05,2020-05,0.0475969362378518,False,0.0,1.8071741194138815,1.8071741194138815,True,0.04,0.96,14.495827516419919,1.7595771831760296
2302701,Campos Sales,CE,2020,5,0.0,inpe_bdq_aqua_ref,climatology_regional_intensity12,0.0,2020-05,2020-05,0.0,False,0.0,1.7595771831760296,1.7595771831760296,True,0.04,0.96,14.495827516419919,1.7595771831760296
2304103,Crateús,CE,2020,5,0.0,inpe_bdq_aqua_ref,climatology_regional_intensity12,0.0,2020-05,2020-05,0.0,False,0.0,1.7595771831760296,1.7595771831760296,True,0.04,0.96,14.495827516419919,1.7595771831760296
2304202,Crato,CE,2020,5,0.0,inpe_bdq_legacy,climatology_regional_intensity12,0.0475969362378518,2020-05,2020-05,0.0475969362378518,False,0.0,1.8071741194138815,1.8071741194138815,True,0.04,0.96,14.495827516419919,1.7595771831760296
2304400,Fortaleza,CE,2020,5,0.0,inpe_bdq_aqua_ref,climatology_regional_intensity12,0.0,2020-05,2020-05,0.0,False,0.0,1.7595771831760296,1.7595771831760296,True,0.04,0.96,14.495827516419919,1.7595771831760296
2305100,Guaramiranga,CE,2020,5,0.0,inpe_bdq_aqua_ref,climatology_regional_intensity12,0.0,2020-05,2020-05,0.0,False,0.0,1.7595771831760296,1.7595771831760296,True,0.04,0.96,14.495827516419919,1.7595771831760296
2305506,Iguatu,CE,2020,5,0.0,inpe_bdq_aqua_ref,climatology_regional_intensity12,0.0,2020-05,2020-05,0.0,False,0.0,1.7595771831760296,1.7595771831760296,True,0.04,0.96,14.495827516419919,1.7595771831760296
2306405,Itapipoca,CE,2020,5,0.0,inpe_bdq_aqua_ref,climatology_regional_intensity12,0.0951938724757037,2020-05,2020-05,0.0951938724757037,False,0.0,1.8547710556517334,1.8547710556517334,True,0.04,0.96,14.495827516419919,1.7595771831760296
2306900,Jaguaribe,CE,2020,5,0.0,inpe_bdq_aqua_ref,climatology_regional_intensity12,0.0,2020-05,2020-05,0.0,False,0.0,1.7595771831760296,1.7595771831760296,True,0.04,0.96,14.495827516419919,1.7595771831760296
2307007,Jaguaruana,CE,2020,5,0.0,inpe_bdq_aqua_ref,climatology_regional_intensity12,0.0475969362378518,2020-05,2020-05,0.0475969362378518,False,0.0,1.8071741194138815,1.8071741194138815,True,0.04,0.96,14.495827516419919,1.7595771831760296
2307106,Jardim,CE,2020,5,3.0,inpe_bdq_legacy,climatology_regional_intensity12,0.0,2020-05,2020-05,3.0,False,0.0,1.7595771831760296,1.7595771831760296,False,0.04,0.96,14.495827516419919,1.7595771831760296
2307205,Jati,CE,2020,5,0.0,inpe_bdq_legacy,climatology_regional_intensity12,0.0,2020-05,2020-05,0.0,False,0.0,1.7595771831760296,1.7595771831760296,True,0.04,0.96,14.495827516419919,1.7595771831760296
2307304,Juazeiro do Norte,CE,2020,5,0.0,inpe_bdq_legacy,climatology_regional_intensity12,0.0,2020-05,2020-05,0.0,False,0.0,1.7595771831760296,1.7595771831760296,True,0.04,0.96,14.495827516419919,1.7595771831760296
2308401,Missão Velha,CE,2020,5,0.0,inpe_bdq_legacy,climatology_regional_intensity12,0.0,2020-05,2020-05,0.0,False,0.0,1.7595771831760296,1.7595771831760296,True,0.04,0.96,14.495827516419919,1.7595771831760296
2308708,Morada Nova,CE,2020,5,0.0,inpe_bdq_aqua_ref,climatology_regional_intensity12,0.1903877449514074,2020-05,2020-05,0.1903877449514074,False,0.0,1.949964928127437,1.949964928127437,True,0.04,0.96,14.495827516419919,1.7595771831760296
2309201,Nova Olinda,CE,2020,5,0.0,inpe_bdq_legacy,climatology_regional_intensity12,0.1427908087135555,2020-05,2020-05,0.1427908087135555,False,0.0,1.902367991889585,1.902367991889585,True,0.04,0.96,14.495827516419919,1.7595771831760296
2310605,Penaforte,CE,2020,5,0.0,inpe_bdq_legacy,climatology_regional_intensity12,0.0,2020-05,2020-05,0.0,False,0.0,1.7595771831760296,1.7595771831760296,True,0.04,0.96,14.495827516419919,1.7595771831760296
2311108,Porteiras,CE,2020,5,0.0,inpe_bdq_legacy,climatology_regional_intensity12,0.0475969362378518,2020-05,2020-05,0.0475969362378518,False,0.0,1.8071741194138815,1.8071741194138815,True,0.04,0.96,14.495827516419919,1.7595771831760296
2311207,Potengi,CE,2020,5,0.0,inpe_bdq_legacy,climatology_regional_intensity12,0.0475969362378518,2020-05,2020-05,0.0475969362378518,False,0.0,1.8071741194138815,1.8071741194138815,True,0.04,0.96,14.495827516419919,1.7595771831760296
2311306,Quixadá,CE,2020,5,0.0,inpe_bdq_aqua_ref,climatology_regional_intensity12,0.1427908087135555,2020-05,2020-05,0.1427908087135555,False,0.0,1.902367991889585,1.902367991889585,True,0.04,0.96,14.495827516419919,1.7595771831760296
2311405,Quixeramobim,CE,2020,5,0.0,inpe_bdq_aqua_ref,climatology_regional_intensity12,0.0,2020-05,2020-05,0.0,False,0.0,1.7595771831760296,1.7595771831760296,True,0.04,0.96,14.495827516419919,1.7595771831760296
2311959,Salitre,CE,2020,5,0.0,inpe_bdq_legacy,climatology_regional_intensity12,0.0475969362378518,2020-05,2020-05,0.0475969362378518,False,0.0,1.8071741194138815,1.8071741194138815,True,0.04,0.96,14.495827516419919,1.7595771831760296
2312106,Santana do Cariri,CE,2020,5,0.0,inpe_bdq_legacy,climatology_regional_intensity12,0.0,2020-05,2020-05,0.0,False,0.0,1.7595771831760296,1.7595771831760296,True,0.04,0.96,14.495827516419919,1.7595771831760296
2312908,Sobral,CE,2020,5,0.0,inpe_bdq_aqua_ref,climatology_regional_intensity12,0.0,2020-05,2020-05,0.0,False,0.0,1.7595771831760296,1.7595771831760296,True,0.04,0.96,14.495827516419919,1.7595771831760296
2313302,Tauá,CE,2020,5,0.0,inpe_bdq_aqua_ref,climatology_regional_intensity12,0.0,2020-05,2020-05,0.0,False,0.0,1.7595771831760296,1.7595771831760296,True,0.04,0.96,14.495827516419919,1.7595771831760296
2313401,Tianguá,CE,2020,5,0.0,inpe_bdq_aqua_ref,climatology_regional_intensity12,0.0,2020-05,2020-05,0.0,False,0.0,1.7595771831760296,1.7595771831760296,True,0.04,0.96,14.495827516419919,1.7595771831760296
2300101,Abaiara,CE,2020,6,0.0,inpe_bdq_legacy,climatology_regional_intensity12,0.0,2020-06,2020-06,0.0,False,0.0,1.7595771831760296,1.7595771831760296,True,0.04,0.96,14.495827516419919,1.7595771831760296
2300200,Acaraú,CE,2020,6,0.0,inpe_bdq_aqua_ref,climatology_regional_intensity12,0.3807404979523481,2020-06,2020-06,0.3807404979523481,False,0.0,2.1403176811283777,2.1403176811283777,True,0.04,0.96,14.495827516419919,1.7595771831760296
2301307,Araripe,CE,2020,6,0.0,inpe_bdq_legacy,climatology_regional_intensity12,0.0475925622440435,2020-06,2020-06,0.0475925622440435,False,0.0,1.807169745420073,1.807169745420073,True,0.04,0.96,14.495827516419919,1.7595771831760296
2301604,Assaré,CE,2020,6,0.0,inpe_bdq_legacy,climatology_regional_intensity12,0.0,2020-06,2020-06,0.0,False,0.0,1.7595771831760296,1.7595771831760296,True,0.04,0.96,14.495827516419919,1.7595771831760296
2301901,Barbalha,CE,2020,6,1.0,inpe_bdq_aqua_ref,climatology_regional_intensity12,0.095185124488087,2020-06,2020-06,0.904814875511913,False,0.0,1.8547623076641166,1.8547623076641166,True,0.04,0.96,14.495827516419919,1.7595771831760296
2302503,Brejo Santo,CE,2020,6,0.0,inpe_bdq_legacy,climatology_regional_intensity12,0.0,2020-06,2020-06,0.0,False,0.0,1.7595771831760296,1.7595771831760296,True,0.04,0.96,14.495827516419919,1.7595771831760296
2302701,Campos Sales,CE,2020,6,0.0,inpe_bdq_aqua_ref,climatology_regional_intensity12,0.0,2020-06,2020-06,0.0,False,0.0,1.7595771831760296,1.7595771831760296,True,0.04,0.96,14.495827516419919,1.7595771831760296
2304103,Crateús,CE,2020,6,2.0,inpe_bdq_aqua_ref,climatology_regional_intensity12,0.1427776867321305,2020-06,2020-06,1.8572223132678696,False,0.0,1.90235486990816,1.90235486990816,False,0.04,0.96,14.495827516419919,1.7595771831760296
2304202,Crato,CE,2020,6,0.0,inpe_bdq_legacy,climatology_regional_intensity12,0.0475925622440435,2020-06,2020-06,0.0475925622440435,False,0.0,1.807169745420073,1.807169745420073,True,0.04,0.96,14.495827516419919,1.7595771831760296
2304400,Fortaleza,CE,2020,6,0.0,inpe_bdq_aqua_ref,climatology_regional_intensity12,0.0,2020-06,2020-06,0.0,False,0.0,1.7595771831760296,1.7595771831760296,True,0.04,0.96,14.495827516419919,1.7595771831760296
2305100,Guaramiranga,CE,2020,6,0.0,inpe_bdq_aqua_ref,climatology_regional_intensity12,0.0,2020-06,2020-06,0.0,False,0.0,1.7595771831760296,1.7595771831760296,True,0.04,0.96,14.495827516419919,1.7595771831760296
2305506,Iguatu,CE,2020,6,0.0,inpe_bdq_aqua_ref,climatology_regional_intensity12,0.1427776867321305,2020-06,2020-06,0.1427776867321305,False,0.0,1.90235486990816,1.90235486990816,True,0.04,0.96,14.495827516419919,1.7595771831760296
2306405,Itapipoca,CE,2020,6,0.0,inpe_bdq_aqua_ref,climatology_regional_intensity12,0.4759256224404352,2020-06,2020-06,0.4759256224404352,False,0.0,2.235502805616465,2.235502805616465,True,0.04,0.96,14.495827516419919,1.7595771831760296
2306900,Jaguaribe,CE,2020,6,1.0,inpe_bdq_aqua_ref,climatology_regional_intensity12,0.0475925622440435,2020-06,2020-06,0.9524074377559565,False,0.0,1.807169745420073,1.807169745420073,True,0.04,0.96,14.495827516419919,1.7595771831760296
2307007,Jaguaruana,CE,2020,6,0.0,inpe_bdq_aqua_ref,climatology_regional_intensity12,0.0,2020-06,2020-06,0.0,False,0.0,1.7595771831760296,1.7595771831760296,True,0.04,0.96,14.495827516419919,1.7595771831760296
2307106,Jardim,CE,2020,6,1.0,inpe_bdq_legacy,climatology_regional_intensity12,0.0,2020-06,2020-06,1.0,False,0.0,1.7595771831760296,1.7595771831760296,True,0.04,0.96,14.495827516419919,1.7595771831760296
2307205,Jati,CE,2020,6,0.0,inpe_bdq_legacy,climatology_regional_intensity12,0.0,2020-06,2020-06,0.0,False,0.0,1.7595771831760296,1.7595771831760296,True,0.04,0.96,14.495827516419919,1.7595771831760296
2307304,Juazeiro do Norte,CE,2020,6,0.0,inpe_bdq_legacy,climatology_regional_intensity12,0.0,2020-06,2020-06,0.0,False,0.0,1.7595771831760296,1.7595771831760296,True,0.04,0.96,14.495827516419919,1.7595771831760296
2308401,Missão Velha,CE,2020,6,0.0,inpe_bdq_legacy,climatology_regional_intensity12,0.095185124488087,2020-06,2020-06,0.095185124488087,False,0.0,1.8547623076641166,1.8547623076641166,True,0.04,0.96,14.495827516419919,1.7595771831760296
2308708,Morada Nova,CE,2020,6,0.0,inpe_bdq_aqua_ref,climatology_regional_intensity12,0.1427776867321305,2020-06,2020-06,0.1427776867321305,False,0.0,1.90235486990816,1.90235486990816,True,0.04,0.96,14.495827516419919,1.7595771831760296
2309201,Nova Olinda,CE,2020,6,0.0,inpe_bdq_legacy,climatology_regional_intensity12,0.0,2020-06,2020-06,0.0,False,0.0,1.7595771831760296,1.7595771831760296,True,0.04,0.96,14.495827516419919,1.7595771831760296
2310605,Penaforte,CE,2020,6,0.0,inpe_bdq_legacy,climatology_regional_intensity12,0.0,2020-06,2020-06,0.0,False,0.0,1.7595771831760296,1.7595771831760296,True,0.04,0.96,14.495827516419919,1.7595771831760296
2311108,Porteiras,CE,2020,6,0.0,inpe_bdq_legacy,climatology_regional_intensity12,0.0475925622440435,2020-06,2020-06,0.0475925622440435,False,0.0,1.807169745420073,1.807169745420073,True,0.04,0.96,14.495827516419919,1.7595771831760296
2311207,Potengi,CE,2020,6,0.0,inpe_bdq_legacy,climatology_regional_intensity12,0.0,2020-06,2020-06,0.0,False,0.0,1.7595771831760296,1.7595771831760296,True,0.04,0.96,14.495827516419919,1.7595771831760296
2311306,Quixadá,CE,2020,6,0.0,inpe_bdq_aqua_ref,climatology_regional_intensity12,0.0475925622440435,2020-06,2020-06,0.0475925622440435,False,0.0,1.807169745420073,1.807169745420073,True,0.04,0.96,14.495827516419919,1.7595771831760296
2311405,Quixeramobim,CE,2020,6,0.0,inpe_bdq_aqua_ref,climatology_regional_intensity12,0.1427776867321305,2020-06,2020-06,0.1427776867321305,False,0.0,1.90235486990816,1.90235486990816,True,0.04,0.96,14.495827516419919,1.7595771831760296
2311959,Salitre,CE,2020,6,0.0,inpe_bdq_legacy,climatology_regional_intensity12,0.095185124488087,2020-06,2020-06,0.095185124488087,False,0.0,1.8547623076641166,1.8547623076641166,True,0.04,0.96,14.495827516419919,1.7595771831760296
2312106,Santana do Cariri,CE,2020,6,0.0,inpe_bdq_legacy,climatology_regional_intensity12,0.0,2020-06,2020-06,0.0,False,0.0,1.7595771831760296,1.7595771831760296,True,0.04,0.96,14.495827516419919,1.7595771831760296
2312908,Sobral,CE,2020,6,0.0,inpe_bdq_aqua_ref,climatology_regional_intensity12,0.190370248976174,2020-06,2020-06,0.190370248976174,False,0.0,1.9499474321522037,1.9499474321522037,True,0.04,0.96,14.495827516419919,1.7595771831760296
2313302,Tauá,CE,2020,6,0.0,inpe_bdq_aqua_ref,climatology_regional_intensity12,0.095185124488087,2020-06,2020-06,0.095185124488087,False,0.0,1.8547623076641166,1.8547623076641166,True,0.04,0.96,14.495827516419919,1.7595771831760296
2313401,Tianguá,CE,2020,6,0.0,inpe_bdq_aqua_ref,climatology_regional_intensity12,0.095185124488087,2020-06,2020-06,0.095185124488087,False,0.0,1.8547623076641166,1.8547623076641166,True,0.04,0.96,14.495827516419919,1.7595771831760296
2300101,Abaiara,CE,2020,7,0.0,inpe_bdq_legacy,climatology_regional_intensity12,0.1424284297222687,2020-07,2020-07,0.1424284297222687,False,0.0,1.9020056128982983,1.9020056128982983,True,0.04,0.96,14.495827516419919,1.7595771831760296
2300200,Acaraú,CE,2020,7,3.0,inpe_bdq_aqua_ref,climatology_regional_intensity12,0.9969990080558814,2020-07,2020-07,2.0030009919441185,False,0.0,2.756576191231911,2.756576191231911,False,0.04,0.96,14.495827516419919,1.7595771831760296
2301307,Araripe,CE,2020,7,0.0,inpe_bdq_legacy,climatology_regional_intensity12,0.2848568594445375,2020-07,2020-07,0.2848568594445375,False,0.0,2.044434042620567,2.044434042620567,True,0.04,0.96,14.495827516419919,1.7595771831760296
2301604,Assaré,CE,2020,7,0.0,inpe_bdq_legacy,climatology_regional_intensity12,0.0474761432407562,2020-07,2020-07,0.0474761432407562,False,0.0,1.8070533264167858,1.8070533264167858,True,0.04,0.96,14.495827516419919,1.7595771831760296
2301901,Barbalha,CE,2020,7,3.0,inpe_bdq_aqua_ref,climatology_regional_intensity12,0.0446834289324764,2020-07,2020-07,2.9553165710675238,False,0.0,1.804260612108506,1.804260612108506,False,0.04,0.96,14.495827516419919,1.7595771831760296
2302503,Brejo Santo,CE,2020,7,1.0,inpe_bdq_legacy,climatology_regional_intensity12,0.1424284297222687,2020-07,2020-07,0.8575715702777313,False,0.0,1.9020056128982983,1.9020056128982983,True,0.04,0.96,14.495827516419919,1.7595771831760296
2302701,Campos Sales,CE,2020,7,0.0,inpe_bdq_aqua_ref,climatology_regional_intensity12,0.0,2020-07,2020-07,0.0,False,0.0,1.7595771831760296,1.7595771831760296,True,0.04,0.96,14.495827516419919,1.7595771831760296
2304103,Crateús,CE,2020,7,0.0,inpe_bdq_aqua_ref,climatology_regional_intensity12,0.4272852891668063,2020-07,2020-07,0.4272852891668063,False,0.0,2.186862472342836,2.186862472342836,True,0.04,0.96,14.495827516419919,1.7595771831760296
2304202,Crato,CE,2020,7,0.0,inpe_bdq_legacy,climatology_regional_intensity12,0.0,2020-07,2020-07,0.0,False,0.0,1.7595771831760296,1.7595771831760296,True,0.04,0.96,14.495827516419919,1.7595771831760296
2304400,Fortaleza,CE,2020,7,0.0,inpe_bdq_aqua_ref,climatology_regional_intensity12,0.0474761432407562,2020-07,2020-07,0.0474761432407562,False,0.0,1.8070533264167858,1.8070533264167858,True,0.04,0.96,14.495827516419919,1.7595771831760296
2305100,Guaramiranga,CE,2020,7,0.0,inpe_bdq_aqua_ref,climatology_regional_intensity12,0.0,2020-07,2020-07,0.0,False,0.0,1.7595771831760296,1.7595771831760296,True,0.04,0.96,14.495827516419919,1.7595771831760296
2305506,Iguatu,CE,2020,7,3.0,inpe_bdq_aqua_ref,climatology_regional_intensity12,0.6646660053705875,2020-07,2020-07,2.3353339946294125,False,0.0,2.424243188546617,2.424243188546617,False,0.04,0.96,14.495827516419919,1.7595771831760296
2306405,Itapipoca,CE,2020,7,2.0,inpe_bdq_aqua_ref,climatology_regional_intensity12,0.5697137188890751,2020-07,2020-07,1.430286281110925,False,0.0,2.3292909020651047,2.3292909020651047,True,0.04,0.96,14.495827516419919,1.7595771831760296
2306900,Jaguaribe,CE,2020,7,0.0,inpe_bdq_aqua_ref,climatology_regional_intensity12,0.0949522864815125,2020-07,2020-07,0.0949522864815125,False,0.0,1.854529469657542,1.854529469657542,True,0.04,0.96,14.495827516419919,1.7595771831760296
2307007,Jaguaruana,CE,2020,7,0.0,inpe_bdq_aqua_ref,climatology_regional_intensity12,0.189904572963025,2020-07,2020-07,0.189904572963025,False,0.0,1.9494817561390545,1.9494817561390545,True,0.04,0.96,14.495827516419919,1.7595771831760296
2307106,Jardim,CE,2020,7,1.0,inpe_bdq_legacy,climatology_regional_intensity12,0.0,2020-07,2020-07,1.0,False,0.0,1.7595771831760296,1.7595771831760296,True,0.04,0.96,14.495827516419919,1.7595771831760296
2307205,Jati,CE,2020,7,0.0,inpe_bdq_legacy,climatology_regional_intensity12,0.0,2020-07,2020-07,0.0,False,0.0,1.7595771831760296,1.7595771831760296,True,0.04,0.96,14.495827516419919,1.7595771831760296
2307304,Juazeiro do Norte,CE,2020,7,0.0,inpe_bdq_legacy,climatology_regional_intensity12,0.2373807162037812,2020-07,2020-07,0.2373807162037812,False,0.0,1.9969578993798107,1.9969578993798107,True,0.04,0.96,14.495827516419919,1.7595771831760296
2308401,Missão Velha,CE,2020,7,0.0,inpe_bdq_legacy,climatology_regional_intensity12,0.0949522864815125,2020-07,2020-07,0.0949522864815125,False,0.0,1.854529469657542,1.854529469657542,True,0.04,0.96,14.495827516419919,1.7595771831760296
2308708,Morada Nova,CE,2020,7,0.0,inpe_bdq_aqua_ref,climatology_regional_intensity12,0.0,2020-07,2020-07,0.0,False,0.0,1.7595771831760296,1.7595771831760296,True,0.04,0.96,14.495827516419919,1.7595771831760296
2309201,Nova Olinda,CE,2020,7,1.0,inpe_bdq_legacy,climatology_regional_intensity12,0.3323330026852937,2020-07,2020-07,0.6676669973147062,False,0.0,2.091910185861323,2.091910185861323,True,0.04,0.96,14.495827516419919,1.7595771831760296
2310605,Penaforte,CE,2020,7,0.0,inpe_bdq_legacy,climatology_regional_intensity12,0.0,2020-07,2020-07,0.0,False,0.0,1.7595771831760296,1.7595771831760296,True,0.04,0.96,14.495827516419919,1.7595771831760296
2311108,Porteiras,CE,2020,7,0.0,inpe_bdq_legacy,climatology_regional_intensity12,0.1424284297222687,2020-07,2020-07,0.1424284297222687,False,0.0,1.9020056128982983,1.9020056128982983,True,0.04,0.96,14.495827516419919,1.7595771831760296
2311207,Potengi,CE,2020,7,0.0,inpe_bdq_legacy,climatology_regional_intensity12,0.0949522864815125,2020-07,2020-07,0.0949522864815125,False,0.0,1.854529469657542,1.854529469657542,True,0.04,0.96,14.495827516419919,1.7595771831760296
2311306,Quixadá,CE,2020,7,1.0,inpe_bdq_aqua_ref,climatology_regional_intensity12,0.3323330026852937,2020-07,2020-07,0.6676669973147062,False,0.0,2.091910185861323,2.091910185861323,True,0.04,0.96,14.495827516419919,1.7595771831760296
2311405,Quixeramobim,CE,2020,7,0.0,inpe_bdq_aqua_ref,climatology_regional_intensity12,0.2848568594445375,2020-07,2020-07,0.2848568594445375,False,0.0,2.044434042620567,2.044434042620567,True,0.04,0.96,14.495827516419919,1.7595771831760296
2311959,Salitre,CE,2020,7,1.0,inpe_bdq_legacy,climatology_regional_intensity12,0.0,2020-07,2020-07,1.0,False,0.0,1.7595771831760296,1.7595771831760296,True,0.04,0.96,14.495827516419919,1.7595771831760296
2312106,Santana do Cariri,CE,2020,7,2.0,inpe_bdq_legacy,climatology_regional_intensity12,0.189904572963025,2020-07,2020-07,1.8100954270369751,False,0.0,1.9494817561390545,1.9494817561390545,False,0.04,0.96,14.495827516419919,1.7595771831760296
2312908,Sobral,CE,2020,7,1.0,inpe_bdq_aqua_ref,climatology_regional_intensity12,0.5697137188890751,2020-07,2020-07,0.43028628111092493,False,0.0,2.3292909020651047,2.3292909020651047,True,0.04,0.96,14.495827516419919,1.7595771831760296
2313302,Tauá,CE,2020,7,0.0,inpe_bdq_aqua_ref,climatology_regional_intensity12,0.189904572963025,2020-07,2020-07,0.189904572963025,False,0.0,1.9494817561390545,1.9494817561390545,True,0.04,0.96,14.495827516419919,1.7595771831760296
2313401,Tianguá,CE,2020,7,0.0,inpe_bdq_aqua_ref,climatology_regional_intensity12,0.2373807162037812,2020-07,2020-07,0.2373807162037812,False,0.0,1.9969578993798107,1.9969578993798107,True,0.04,0.96,14.495827516419919,1.7595771831760296
2300101,Abaiara,CE,2020,8,0.0,inpe_bdq_legacy,climatology_regional_intensity12,0.3383953834988787,2020-08,2020-08,0.3383953834988787,True,0.0,14.834222899918798,14.834222899918798,True,0.04,0.96,14.495827516419919,1.8076617465408236
2300200,Acaraú,CE,2020,8,0.0,inpe_bdq_aqua_ref,climatology_regional_intensity12,1.1118705457820302,2020-08,2020-08,1.1118705457820302,True,0.0,15.60769806220195,15.60769806220195,True,0.04,0.96,14.495827516419919,1.8076617465408236
2301307,Araripe,CE,2020,8,0.0,inpe_bdq_legacy,climatology_regional_intensity12,0.8189737012409838,2020-08,2020-08,0.8189737012409838,True,0.0,15.314801217660902,15.314801217660902,True,0.04,0.96,14.495827516419919,1.8076617465408236
2301604,Assaré,CE,2020,8,0.0,inpe_bdq_legacy,climatology_regional_intensity12,0.8701595575685453,2020-08,2020-08,0.8701595575685453,True,0.0,15.365987073988464,15.365987073988464,True,0.04,0.96,14.495827516419919,1.8076617465408236
2301901,Barbalha,CE,2020,8,1.0,inpe_bdq_aqua_ref,climatology_regional_intensity12,0.8644722401988163,2020-08,2020-08,0.1355277598011837,True,0.0,15.360299756618735,15.360299756618735,True,0.04,0.96,14.495827516419919,1.8076617465408236
2302503,Brejo Santo,CE,2020,8,0.0,inpe_bdq_legacy,climatology_regional_intensity12,0.1450265929280909,2020-08,2020-08,0.1450265929280909,True,0.0,14.640854109348009,14.640854109348009,True,0.04,0.96,14.495827516419919,1.8076617465408236
2302701,Campos Sales,CE,2020,8,2.0,inpe_bdq_aqua_ref,climatology_regional_intensity12,0.1450265929280909,2020-08,2020-08,1.854973407071909,True,0.0,14.640854109348009,14.640854109348009,True,0.04,0.96,14.495827516419919,1.8076617465408236
2304103,Crateús,CE,2020,8,4.0,inpe_bdq_aqua_ref,climatology_regional_intensity12,1.8370035104224844,2020-08,2020-08,2.1629964895775156,True,0.0,16.332831026842403,16.332831026842403,True,0.04,0.96,14.495827516419919,1.8076617465408236
2304202,Crato,CE,2020,8,2.0,inpe_bdq_legacy,climatology_regional_intensity12,1.2284605518614755,2020-08,2020-08,0.7715394481385245,True,0.0,15.724288068281394,15.724288068281394,True,0.04,0.96,14.495827516419919,1.8076617465408236
2304400,Fortaleza,CE,2020,8,0.0,inpe_bdq_aqua_ref,climatology_regional_intensity12,0.3314893552642077,2020-08,2020-08,0.3314893552642077,True,0.0,14.827316871684125,14.827316871684125,True,0.04,0.96,14.495827516419919,1.8076617465408236
2305100,Guaramiranga,CE,2020,8,0.0,inpe_bdq_aqua_ref,climatology_regional_intensity12,0.0,2020-08,2020-08,0.0,True,0.0,14.495827516419919,14.495827516419919,True,0.04,0.96,14.495827516419919,1.8076617465408236
2305506,Iguatu,CE,2020,8,3.0,inpe_bdq_aqua_ref,climatology_regional_intensity12,1.0635283481393332,2020-08,2020-08,1.9364716518606668,True,0.0,15.559355864559251,15.559355864559251,True,0.04,0.96,14.495827516419919,1.8076617465408236
2306405,Itapipoca,CE,2020,8,3.0,inpe_bdq_aqua_ref,climatology_regional_intensity12,2.465452079777545,2020-08,2020-08,0.534547920222455,True,0.0,16.961279596197464,16.961279596197464,True,0.04,0.96,14.495827516419919,1.8076617465408236
2306900,Jaguaribe,CE,2020,8,1.0,inpe_bdq_aqua_ref,climatology_regional_intensity12,0.6767907669977574,2020-08,2020-08,0.3232092330022426,True,0.0,15.172618283417677,15.172618283417677,True,0.04,0.96,14.495827516419919,1.8076617465408236
2307007,Jaguaruana,CE,2020,8,0.0,inpe_bdq_aqua_ref,climatology_regional_intensity12,0.8379314258067473,2020-08,2020-08,0.8379314258067473,True,0.0,15.333758942226666,15.333758942226666,True,0.04,0.96,14.495827516419919,1.8076617465408236
2307106,Jardim,CE,2020,8,1.0,inpe_bdq_legacy,climatology_regional_intensity12,0.0966843952853939,2020-08,2020-08,0.9033156047146061,True,0.0,14.592511911705312,14.592511911705312,True,0.04,0.96,14.495827516419919,1.8076617465408236
2307205,Jati,CE,2020,8,0.0,inpe_bdq_legacy,climatology_regional_intensity12,0.0,2020-08,2020-08,0.0,True,0.0,14.495827516419919,14.495827516419919,True,0.04,0.96,14.495827516419919,1.8076617465408236
2307304,Juazeiro do Norte,CE,2020,8,0.0,inpe_bdq_legacy,climatology_regional_intensity12,0.6187801298265212,2020-08,2020-08,0.6187801298265212,True,0.0,15.11460764624644,15.11460764624644,True,0.04,0.96,14.495827516419919,1.8076617465408236
2308401,Missão Velha,CE,2020,8,0.0,inpe_bdq_legacy,climatology_regional_intensity12,0.4834219764269696,2020-08,2020-08,0.4834219764269696,True,0.0,14.979249492846888,14.979249492846888,True,0.04,0.96,14.495827516419919,1.8076617465408236
2308708,Morada Nova,CE,2020,8,0.0,inpe_bdq_aqua_ref,climatology_regional_intensity12,1.1118705457820302,2020-08,2020-08,1.1118705457820302,True,0.0,15.60769806220195,15.60769806220195,True,0.04,0.96,14.495827516419919,1.8076617465408236
2309201,Nova Olinda,CE,2020,8,0.0,inpe_bdq_legacy,climatology_regional_intensity12,0.1933687905707878,2020-08,2020-08,0.1933687905707878,True,0.0,14.689196306990706,14.689196306990706,True,0.04,0.96,14.495827516419919,1.8076617465408236
2310605,Penaforte,CE,2020,8,0.0,inpe_bdq_legacy,climatology_regional_intensity12,0.0,2020-08,2020-08,0.0,True,0.0,14.495827516419919,14.495827516419919,True,0.04,0.96,14.495827516419919,1.8076617465408236
2311108,Porteiras,CE,2020,8,1.0,inpe_bdq_legacy,climatology_regional_intensity12,0.0,2020-08,2020-08,1.0,True,0.0,14.495827516419919,14.495827516419919,True,0.04,0.96,14.495827516419919,1.8076617465408236
2311207,Potengi,CE,2020,8,0.0,inpe_bdq_legacy,climatology_regional_intensity12,0.0,2020-08,2020-08,0.0,True,0.0,14.495827516419919,14.495827516419919,True,0.04,0.96,14.495827516419919,1.8076617465408236
2311306,Quixadá,CE,2020,8,0.0,inpe_bdq_aqua_ref,climatology_regional_intensity12,0.7251329646404544,2020-08,2020-08,0.7251329646404544,True,0.0,15.220960481060374,15.220960481060374,True,0.04,0.96,14.495827516419919,1.8076617465408236
2311405,Quixeramobim,CE,2020,8,3.0,inpe_bdq_aqua_ref,climatology_regional_intensity12,0.8701595575685453,2020-08,2020-08,2.1298404424314548,True,0.0,15.365987073988464,15.365987073988464,True,0.04,0.96,14.495827516419919,1.8076617465408236
2311959,Salitre,CE,2020,8,1.0,inpe_bdq_legacy,climatology_regional_intensity12,0.2274926947891621,2020-08,2020-08,0.7725073052108379,True,0.0,14.723320211209082,14.723320211209082,True,0.04,0.96,14.495827516419919,1.8076617465408236
2312106,Santana do Cariri,CE,2020,8,2.0,inpe_bdq_legacy,climatology_regional_intensity12,0.5459824674939893,2020-08,2020-08,1.4540175325060107,True,0.0,15.041809983913907,15.041809983913907,True,0.04,0.96,14.495827516419919,1.8076617465408236
2312908,Sobral,CE,2020,8,5.0,inpe_bdq_aqua_ref,climatology_regional_intensity12,5.172615147768575,2020-08,2020-08,0.17261514776857467,True,0.0,19.668442664188493,19.668442664188493,True,0.04,0.96,14.495827516419919,1.8076617465408236
2313302,Tauá,CE,2020,8,3.0,inpe_bdq_aqua_ref,climatology_regional_intensity12,0.3383953834988787,2020-08,2020-08,2.6616046165011213,True,0.0,14.834222899918798,14.834222899918798,True,0.04,0.96,14.495827516419919,1.8076617465408236
2313401,Tianguá,CE,2020,8,0.0,inpe_bdq_aqua_ref,climatology_regional_intensity12,0.7734751622831514,2020-08,2020-08,0.7734751622831514,True,0.0,15.26930267870307,15.26930267870307,True,0.04,0.96,14.495827516419919,1.8076617465408236
2300101,Abaiara,CE,2020,9,0.0,inpe_bdq_legacy,climatology_regional_intensity12,0.2405865466757469,2020-09,2020-09,0.2405865466757469,True,0.0,14.499025865005294,14.499025865005294,True,0.04,0.96,14.258439318329547,1.8076617465408236
2300200,Acaraú,CE,2020,9,1.0,inpe_bdq_aqua_ref,climatology_regional_intensity12,1.491636589389631,2020-09,2020-09,0.49163658938963106,True,0.0,15.750075907719179,15.750075907719179,True,0.04,0.96,14.258439318329547,1.8076617465408236
2301307,Araripe,CE,2020,9,5.0,inpe_bdq_legacy,climatology_regional_intensity12,5.7514336805307975,2020-09,2020-09,0.7514336805307975,True,0.0,20.009872998860345,20.009872998860345,True,0.04,0.96,14.258439318329547,1.8076617465408236
2301604,Assaré,CE,2020,9,5.0,inpe_bdq_legacy,climatology_regional_intensity12,0.9057375874851652,2020-09,2020-09,4.094262412514835,True,0.0,15.164176905814712,15.164176905814712,True,0.04,0.96,14.258439318329547,1.8076617465408236
2301901,Barbalha,CE,2020,9,2.0,inpe_bdq_aqua_ref,climatology_regional_intensity12,2.08319645121588,2020-09,2020-09,0.08319645121587982,True,0.0,16.341635769545427,16.341635769545427,True,0.04,0.96,14.258439318329547,1.8076617465408236
2302503,Brejo Santo,CE,2020,9,3.0,inpe_bdq_legacy,climatology_regional_intensity12,1.04159822560794,2020-09,2020-09,1.95840177439206,True,0.0,15.300037543937487,15.300037543937487,True,0.04,0.96,14.258439318329547,1.8076617465408236
2302701,Campos Sales,CE,2020,9,1.0,inpe_bdq_aqua_ref,climatology_regional_intensity12,1.04159822560794,2020-09,2020-09,0.04159822560793991,True,0.0,15.300037543937487,15.300037543937487,True,0.04,0.96,14.258439318329547,1.8076617465408236
2304103,Crateús,CE,2020,9,2.0,inpe_bdq_aqua_ref,climatology_regional_intensity12,2.405865466757469,2020-09,2020-09,0.40586546675746904,True,0.0,16.664304785087015,16.664304785087015,True,0.04,0.96,14.258439318329547,1.8076617465408236
2304202,Crato,CE,2020,9,5.0,inpe_bdq_legacy,climatology_regional_intensity12,2.7624996418297534,2020-09,2020-09,2.2375003581702466,True,0.0,17.0209389601593,17.0209389601593,True,0.04,0.96,14.258439318329547,1.8076617465408236
2304400,Fortaleza,CE,2020,9,4.0,inpe_bdq_aqua_ref,climatology_regional_intensity12,0.4399296853499372,2020-09,2020-09,3.560070314650063,True,0.0,14.698369003679485,14.698369003679485,True,0.04,0.96,14.258439318329547,1.8076617465408236
2305100,Guaramiranga,CE,2020,9,0.0,inpe_bdq_aqua_ref,climatology_regional_intensity12,0.0,2020-09,2020-09,0.0,True,0.0,14.258439318329547,14.258439318329547,True,0.04,0.96,14.258439318329547,1.8076617465408236
2305506,Iguatu,CE,2020,9,6.0,inpe_bdq_aqua_ref,climatology_regional_intensity12,3.320094344125308,2020-09,2020-09,2.679905655874692,True,0.0,17.578533662454856,17.578533662454856,True,0.04,0.96,14.258439318329547,1.8076617465408236
2306405,Itapipoca,CE,2020,9,3.0,inpe_bdq_aqua_ref,climatology_regional_intensity12,2.7908039414386647,2020-09,2020-09,0.20919605856133527,True,0.0,17.04924325976821,17.04924325976821,True,0.04,0.96,14.258439318329547,1.8076617465408236
2306900,Jaguaribe,CE,2020,9,0.0,inpe_bdq_aqua_ref,climatology_regional_intensity12,0.8661115680326891,2020-09,2020-09,0.8661115680326891,True,0.0,15.124550886362236,15.124550886362236,True,0.04,0.96,14.258439318329547,1.8076617465408236
2307007,Jaguaruana,CE,2020,9,2.0,inpe_bdq_aqua_ref,climatology_regional_intensity12,0.6415641244686586,2020-09,2020-09,1.3584358755313413,True,0.0,14.900003442798205,14.900003442798205,True,0.04,0.96,14.258439318329547,1.8076617465408236
2307106,Jardim,CE,2020,9,1.0,inpe_bdq_legacy,climatology_regional_intensity12,1.1548154240435853,2020-09,2020-09,0.15481542404358528,True,0.0,15.413254742373132,15.413254742373132,True,0.04,0.96,14.258439318329547,1.8076617465408236
2307205,Jati,CE,2020,9,0.0,inpe_bdq_legacy,climatology_regional_intensity12,0.4528687937425825,2020-09,2020-09,0.4528687937425825,True,0.0,14.71130811207213,14.71130811207213,True,0.04,0.96,14.258439318329547,1.8076617465408236
2307304,Juazeiro do Norte,CE,2020,9,0.0,inpe_bdq_legacy,climatology_regional_intensity12,0.7698769493623903,2020-09,2020-09,0.7698769493623903,True,0.0,15.028316267691936,15.028316267691936,True,0.04,0.96,14.258439318329547,1.8076617465408236
2308401,Missão Velha,CE,2020,9,5.0,inpe_bdq_legacy,climatology_regional_intensity12,2.4454914862099453,2020-09,2020-09,2.5545085137900547,True,0.0,16.703930804539493,16.703930804539493,True,0.04,0.96,14.258439318329547,1.8076617465408236
2308708,Morada Nova,CE,2020,9,6.0,inpe_bdq_aqua_ref,climatology_regional_intensity12,1.0104634960381371,2020-09,2020-09,4.989536503961863,True,0.0,15.268902814367683,15.268902814367683,True,0.04,0.96,14.258439318329547,1.8076617465408236
2309201,Nova Olinda,CE,2020,9,1.0,inpe_bdq_legacy,climatology_regional_intensity12,0.5774077120217926,2020-09,2020-09,0.42259228797820736,True,0.0,14.835847030351339,14.835847030351339,True,0.04,0.96,14.258439318329547,1.8076617465408236
2310605,Penaforte,CE,2020,9,0.0,inpe_bdq_legacy,climatology_regional_intensity12,0.0,2020-09,2020-09,0.0,True,0.0,14.258439318329547,14.258439318329547,True,0.04,0.96,14.258439318329547,1.8076617465408236
2311108,Porteiras,CE,2020,9,0.0,inpe_bdq_legacy,climatology_regional_intensity12,0.8248681600311324,2020-09,2020-09,0.8248681600311324,True,0.0,15.083307478360679,15.083307478360679,True,0.04,0.96,14.258439318329547,1.8076617465408236
2311207,Potengi,CE,2020,9,3.0,inpe_bdq_legacy,climatology_regional_intensity12,0.8604507081109067,2020-09,2020-09,2.139549291889093,True,0.0,15.118890026440454,15.118890026440454,True,0.04,0.96,14.258439318329547,1.8076617465408236
2311306,Quixadá,CE,2020,9,2.0,inpe_bdq_aqua_ref,climatology_regional_intensity12,2.694569322768366,2020-09,2020-09,0.6945693227683658,True,0.0,16.953008641097913,16.953008641097913,True,0.04,0.96,14.258439318329547,1.8076617465408236
2311405,Quixeramobim,CE,2020,9,2.0,inpe_bdq_aqua_ref,climatology_regional_intensity12,2.5021000854277684,2020-09,2020-09,0.5021000854277684,True,0.0,16.760539403757313,16.760539403757313,True,0.04,0.96,14.258439318329547,1.8076617465408236
2311959,Salitre,CE,2020,9,6.0,inpe_bdq_legacy,climatology_regional_intensity12,1.1321719843564564,2020-09,2020-09,4.867828015643544,True,0.0,15.390611302686004,15.390611302686004,True,0.04,0.96,14.258439318329547,1.8076617465408236
2312106,Santana do Cariri,CE,2020,9,1.0,inpe_bdq_legacy,climatology_regional_intensity12,2.7624996418297534,2020-09,2020-09,1.7624996418297534,True,0.0,17.0209389601593,17.0209389601593,True,0.04,0.96,14.258439318329547,1.8076617465408236
2312908,Sobral,CE,2020,9,17.0,inpe_bdq_aqua_ref,climatology_regional_intensity12,8.035590658969948,2020-09,2020-09,8.964409341030052,True,0.0,22.294029977299495,22.294029977299495,True,0.04,0.96,14.258439318329547,1.8076617465408236
2313302,Tauá,CE,2020,9,3.0,inpe_bdq_aqua_ref,climatology_regional_intensity12,1.684105826730229,2020-09,2020-09,1.315894173269771,True,0.0,15.942545145059775,15.942545145059775,True,0.04,0.96,14.258439318329547,1.8076617465408236
2313401,Tianguá,CE,2020,9,2.0,inpe_bdq_aqua_ref,climatology_regional_intensity12,1.0585808053732866,2020-09,2020-09,0.9414191946267134,True,0.0,15.317020123702834,15.317020123702834,True,0.04,0.96,14.258439318329547,1.8076617465408236
2300101,Abaiara,CE,2020,10,4.0,inpe_bdq_legacy,climatology_regional_intensity12,0.7322819123495855,2020-10,2020-10,3.2677180876504144,True,0.0,14.148476341989184,14.148476341989184,True,0.04,0.96,13.4161944296396,1.8076617465408236
2300200,Acaraú,CE,2020,10,0.0,inpe_bdq_aqua_ref,climatology_regional_intensity12,1.4102147765169752,2020-10,2020-10,1.4102147765169752,True,0.0,14.826409206156574,14.826409206156574,True,0.04,0.96,13.4161944296396,1.8076617465408236
2301307,Araripe,CE,2020,10,10.0,inpe_bdq_legacy,climatology_regional_intensity12,9.290826762935367,2020-10,2020-10,0.7091732370646326,True,0.0,22.707021192574967,22.707021192574967,True,0.04,0.96,13.4161944296396,1.8076617465408236
2301604,Assaré,CE,2020,10,0.0,inpe_bdq_legacy,climatology_regional_intensity12,2.6087543127453987,2020-10,2020-10,2.6087543127453987,True,0.0,16.024948742385,16.024948742385,True,0.04,0.96,13.4161944296396,1.8076617465408236
2301901,Barbalha,CE,2020,10,5.0,inpe_bdq_aqua_ref,climatology_regional_intensity12,2.425683834658002,2020-10,2020-10,2.574316165341998,True,0.0,15.841878264297602,15.841878264297602,True,0.04,0.96,13.4161944296396,1.8076617465408236
2302503,Brejo Santo,CE,2020,10,2.0,inpe_bdq_legacy,climatology_regional_intensity12,2.425683834658002,2020-10,2020-10,0.4256838346580021,True,0.0,15.841878264297602,15.841878264297602,True,0.04,0.96,13.4161944296396,1.8076617465408236
2302701,Campos Sales,CE,2020,10,2.0,inpe_bdq_aqua_ref,climatology_regional_intensity12,2.1053104980050588,2020-10,2020-10,0.10531049800505876,True,0.0,15.521504927644658,15.521504927644658,True,0.04,0.96,13.4161944296396,1.8076617465408236
2304103,Crateús,CE,2020,10,31.0,inpe_bdq_aqua_ref,climatology_regional_intensity12,33.55338606195562,2020-10,2020-10,2.553386061955621,True,20.13719163231602,46.969580491595224,26.832388859279202,True,0.04,0.96,13.4161944296396,1.8076617465408236
2304202,Crato,CE,2020,10,15.0,inpe_bdq_legacy,climatology_regional_intensity12,7.185516264930308,2020-10,2020-10,7.814483735069692,True,0.0,20.601710694569906,20.601710694569906,True,0.04,0.96,13.4161944296396,1.8076617465408236
2304400,Fortaleza,CE,2020,10,1.0,inpe_bdq_aqua_ref,climatology_regional_intensity12,0.6668995987469439,2020-10,2020-10,0.33310040125305607,True,0.0,14.083094028386544,14.083094028386544,True,0.04,0.96,13.4161944296396,1.8076617465408236
2305100,Guaramiranga,CE,2020,10,0.0,inpe_bdq_aqua_ref,climatology_regional_intensity12,0.0555749665622453,2020-10,2020-10,0.0555749665622453,True,0.0,13.471769396201845,13.471769396201845,True,0.04,0.96,13.4161944296396,1.8076617465408236
2305506,Iguatu,CE,2020,10,6.0,inpe_bdq_aqua_ref,climatology_regional_intensity12,2.8204295530339505,2020-10,2020-10,3.1795704469660495,True,0.0,16.23662398267355,16.23662398267355,True,0.04,0.96,13.4161944296396,1.8076617465408236
2306405,Itapipoca,CE,2020,10,2.0,inpe_bdq_aqua_ref,climatology_regional_intensity12,2.3827766913562685,2020-10,2020-10,0.38277669135626846,True,0.0,15.798971120995867,15.798971120995867,True,0.04,0.96,13.4161944296396,1.8076617465408236
2306900,Jaguaribe,CE,2020,10,0.0,inpe_bdq_aqua_ref,climatology_regional_intensity12,1.556099063742869,2020-10,2020-10,1.556099063742869,True,0.0,14.972293493382468,14.972293493382468,True,0.04,0.96,13.4161944296396,1.8076617465408236
2307007,Jaguaruana,CE,2020,10,0.0,inpe_bdq_aqua_ref,climatology_regional_intensity12,0.9725619148392932,2020-10,2020-10,0.9725619148392932,True,0.0,14.388756344478892,14.388756344478892,True,0.04,0.96,13.4161944296396,1.8076617465408236
2307106,Jardim,CE,2020,10,9.0,inpe_bdq_legacy,climatology_regional_intensity12,2.1053104980050588,2020-10,2020-10,6.894689501994941,True,0.0,15.521504927644658,15.521504927644658,True,0.04,0.96,13.4161944296396,1.8076617465408236
2307205,Jati,CE,2020,10,5.0,inpe_bdq_legacy,climatology_regional_intensity12,2.288380976092455,2020-10,2020-10,2.711619023907545,True,0.0,15.704575405732054,15.704575405732054,True,0.04,0.96,13.4161944296396,1.8076617465408236
2307304,Juazeiro do Norte,CE,2020,10,1.0,inpe_bdq_legacy,climatology_regional_intensity12,2.2822786268228747,2020-10,2020-10,1.2822786268228747,True,0.0,15.698473056462474,15.698473056462474,True,0.04,0.96,13.4161944296396,1.8076617465408236
2308401,Missão Velha,CE,2020,10,6.0,inpe_bdq_legacy,climatology_regional_intensity12,4.164853376488268,2020-10,2020-10,1.835146623511732,True,0.0,17.581047806127867,17.581047806127867,True,0.04,0.96,13.4161944296396,1.8076617465408236
2308708,Morada Nova,CE,2020,10,3.0,inpe_bdq_aqua_ref,climatology_regional_intensity12,3.64710718064735,2020-10,2020-10,0.6471071806473501,True,0.0,17.06330161028695,17.06330161028695,True,0.04,0.96,13.4161944296396,1.8076617465408236
2309201,Nova Olinda,CE,2020,10,0.0,inpe_bdq_legacy,climatology_regional_intensity12,0.7322819123495855,2020-10,2020-10,0.7322819123495855,True,0.0,14.148476341989184,14.148476341989184,True,0.04,0.96,13.4161944296396,1.8076617465408236
2310605,Penaforte,CE,2020,10,0.0,inpe_bdq_legacy,climatology_regional_intensity12,0.145884287225894,2020-10,2020-10,0.145884287225894,True,0.0,13.562078716865493,13.562078716865493,True,0.04,0.96,13.4161944296396,1.8076617465408236
2311108,Porteiras,CE,2020,10,0.0,inpe_bdq_legacy,climatology_regional_intensity12,0.7261795630800058,2020-10,2020-10,0.7261795630800058,True,0.0,14.142373992719605,14.142373992719605,True,0.04,0.96,13.4161944296396,1.8076617465408236
2311207,Potengi,CE,2020,10,0.0,inpe_bdq_legacy,climatology_regional_intensity12,1.6018666832647184,2020-10,2020-10,1.6018666832647184,True,0.0,15.018061112904318,15.018061112904318,True,0.04,0.96,13.4161944296396,1.8076617465408236
2311306,Quixadá,CE,2020,10,18.0,inpe_bdq_aqua_ref,climatology_regional_intensity12,14.68568491407333,2020-10,2020-10,3.314315085926671,True,1.2694904844337298,28.10187934371293,26.8323888592792,True,0.04,0.96,13.4161944296396,1.8076617465408236
2311405,Quixeramobim,CE,2020,10,19.0,inpe_bdq_aqua_ref,climatology_regional_intensity12,29.225485540920765,2020-10,2020-10,10.225485540920765,True,15.809291111281166,42.64167997056036,26.832388859279195,True,0.04,0.96,13.4161944296396,1.8076617465408236
2311959,Salitre,CE,2020,10,0.0,inpe_bdq_legacy,climatology_regional_intensity12,3.2037333665294367,2020-10,2020-10,3.2037333665294367,True,0.0,16.619927796169037,16.619927796169037,True,0.04,0.96,13.4161944296396,1.8076617465408236
2312106,Santana do Cariri,CE,2020,10,4.0,inpe_bdq_legacy,climatology_regional_intensity12,5.58364958166559,2020-10,2020-10,1.5836495816655898,True,0.0,18.99984401130519,18.99984401130519,True,0.04,0.96,13.4161944296396,1.8076617465408236
2312908,Sobral,CE,2020,10,19.0,inpe_bdq_aqua_ref,climatology_regional_intensity12,12.448792509942956,2020-10,2020-10,6.551207490057044,True,0.0,25.864986939582558,25.864986939582558,True,0.04,0.96,13.4161944296396,1.8076617465408236
2313302,Tauá,CE,2020,10,3.0,inpe_bdq_aqua_ref,climatology_regional_intensity12,6.370280542197372,2020-10,2020-10,3.3702805421973716,True,0.0,19.78647497183697,19.78647497183697,True,0.04,0.96,13.4161944296396,1.8076617465408236
2313401,Tianguá,CE,2020,10,12.0,inpe_bdq_aqua_ref,climatology_regional_intensity12,2.771801457291986,2020-10,2020-10,9.228198542708014,True,0.0,16.187995886931585,16.187995886931585,True,0.04,0.96,13.4161944296396,1.8076617465408236
2300101,Abaiara,CE,2020,11,0.0,inpe_bdq_legacy,climatology_regional_intensity12,2.2265983108735177,2020-11,2020-11,2.2265983108735177,True,0.0,15.057553540728287,15.057553540728287,True,0.04,0.96,12.83095522985477,1.8076617465408236
2300200,Acaraú,CE,2020,11,2.0,inpe_bdq_aqua_ref,climatology_regional_intensity12,6.813390831272963,2020-11,2020-11,4.813390831272963,True,0.0,19.644346061127735,19.644346061127735,True,0.04,0.96,12.83095522985477,1.8076617465408236
2301307,Araripe,CE,2020,11,11.0,inpe_bdq_legacy,climatology_regional_intensity12,10.509544027323004,2020-11,2020-11,0.4904559726769957,True,0.0,23.340499257177775,23.340499257177775,True,0.04,0.96,12.83095522985477,1.8076617465408236
2301604,Assaré,CE,2020,11,6.0,inpe_bdq_legacy,climatology_regional_intensity12,3.87428106091992,2020-11,2020-11,2.12571893908008,True,0.0,16.70523629077469,16.70523629077469,True,0.04,0.96,12.83095522985477,1.8076617465408236
2301901,Barbalha,CE,2020,11,3.0,inpe_bdq_aqua_ref,climatology_regional_intensity12,4.007876959572331,2020-11,2020-11,1.0078769595723314,True,0.0,16.8388321894271,16.8388321894271,True,0.04,0.96,12.83095522985477,1.8076617465408236
2302503,Brejo Santo,CE,2020,11,0.0,inpe_bdq_legacy,climatology_regional_intensity12,3.87428106091992,2020-11,2020-11,3.87428106091992,True,0.0,16.70523629077469,16.70523629077469,True,0.04,0.96,12.83095522985477,1.8076617465408236
2302701,Campos Sales,CE,2020,11,0.0,inpe_bdq_aqua_ref,climatology_regional_intensity12,2.315662243308458,2020-11,2020-11,2.315662243308458,True,0.0,15.146617473163227,15.146617473163227,True,0.04,0.96,12.83095522985477,1.8076617465408236
2304103,Crateús,CE,2020,11,57.0,inpe_bdq_aqua_ref,climatology_regional_intensity12,46.03770332519856,2020-11,2020-11,10.962296674801443,True,33.206748095343784,58.86865855505333,25.661910459709546,True,0.04,0.96,12.83095522985477,1.8076617465408236
2304202,Crato,CE,2020,11,6.0,inpe_bdq_legacy,climatology_regional_intensity12,8.015753919144663,2020-11,2020-11,2.0157539191446627,True,0.0,20.84670914899943,20.84670914899943,True,0.04,0.96,12.83095522985477,1.8076617465408236
2304400,Fortaleza,CE,2020,11,0.0,inpe_bdq_aqua_ref,climatology_regional_intensity12,0.9733415473247092,2020-11,2020-11,0.9733415473247092,True,0.0,13.804296777179479,13.804296777179479,True,0.04,0.96,12.83095522985477,1.8076617465408236
2305100,Guaramiranga,CE,2020,11,0.0,inpe_bdq_aqua_ref,climatology_regional_intensity12,0.3785217128484979,2020-11,2020-11,0.3785217128484979,True,0.0,13.209476942703267,13.209476942703267,True,0.04,0.96,12.83095522985477,1.8076617465408236
2305506,Iguatu,CE,2020,11,2.0,inpe_bdq_aqua_ref,climatology_regional_intensity12,6.292923476106278,2020-11,2020-11,4.292923476106278,True,0.0,19.123878705961047,19.123878705961047,True,0.04,0.96,12.83095522985477,1.8076617465408236
2306405,Itapipoca,CE,2020,11,18.0,inpe_bdq_aqua_ref,climatology_regional_intensity12,17.648574861561215,2020-11,2020-11,0.35142513843878476,True,4.817619631706446,30.479530091415985,25.66191045970954,True,0.04,0.96,12.83095522985477,1.8076617465408236
2306900,Jaguaribe,CE,2020,11,5.0,inpe_bdq_aqua_ref,climatology_regional_intensity12,2.8862280604697967,2020-11,2020-11,2.1137719395302033,True,0.0,15.717183290324567,15.717183290324567,True,0.04,0.96,12.83095522985477,1.8076617465408236
2307007,Jaguaruana,CE,2020,11,0.0,inpe_bdq_aqua_ref,climatology_regional_intensity12,0.3154347607070816,2020-11,2020-11,0.3154347607070816,True,0.0,13.14638999056185,13.14638999056185,True,0.04,0.96,12.83095522985477,1.8076617465408236
2307106,Jardim,CE,2020,11,4.0,inpe_bdq_legacy,climatology_regional_intensity12,2.6719179730482208,2020-11,2020-11,1.3280820269517792,True,0.0,15.50287320290299,15.50287320290299,True,0.04,0.96,12.83095522985477,1.8076617465408236
2307205,Jati,CE,2020,11,0.0,inpe_bdq_legacy,climatology_regional_intensity12,1.9148745473512248,2020-11,2020-11,1.9148745473512248,True,0.0,14.745829777205994,14.745829777205994,True,0.04,0.96,12.83095522985477,1.8076617465408236
2307304,Juazeiro do Norte,CE,2020,11,1.0,inpe_bdq_legacy,climatology_regional_intensity12,2.775825894222318,2020-11,2020-11,1.7758258942223182,True,0.0,15.606781124077088,15.606781124077088,True,0.04,0.96,12.83095522985477,1.8076617465408236
2308401,Missão Velha,CE,2020,11,7.0,inpe_bdq_legacy,climatology_regional_intensity12,7.882158020492252,2020-11,2020-11,0.8821580204922519,True,0.0,20.71311325034702,20.71311325034702,True,0.04,0.96,12.83095522985477,1.8076617465408236
2308708,Morada Nova,CE,2020,11,0.0,inpe_bdq_aqua_ref,climatology_regional_intensity12,3.7852171284849794,2020-11,2020-11,3.7852171284849794,True,0.0,16.61617235833975,16.61617235833975,True,0.04,0.96,12.83095522985477,1.8076617465408236
2309201,Nova Olinda,CE,2020,11,9.0,inpe_bdq_legacy,climatology_regional_intensity12,3.0727056690054537,2020-11,2020-11,5.927294330994546,True,0.0,15.903660898860224,15.903660898860224,True,0.04,0.96,12.83095522985477,1.8076617465408236
2310605,Penaforte,CE,2020,11,0.0,inpe_bdq_legacy,climatology_regional_intensity12,0.2226598310873517,2020-11,2020-11,0.2226598310873517,True,0.0,13.053615060942121,13.053615060942121,True,0.04,0.96,12.83095522985477,1.8076617465408236
2311108,Porteiras,CE,2020,11,0.0,inpe_bdq_legacy,climatology_regional_intensity12,1.3626781662545926,2020-11,2020-11,1.3626781662545926,True,0.0,14.193633396109362,14.193633396109362,True,0.04,0.96,12.83095522985477,1.8076617465408236
2311207,Potengi,CE,2020,11,0.0,inpe_bdq_legacy,climatology_regional_intensity12,2.137534378438577,2020-11,2020-11,2.137534378438577,True,0.0,14.968489608293346,14.968489608293346,True,0.04,0.96,12.83095522985477,1.8076617465408236
2311306,Quixadá,CE,2020,11,7.0,inpe_bdq_aqua_ref,climatology_regional_intensity12,19.493868211697645,2020-11,2020-11,12.493868211697645,True,6.662912981842876,32.32482344155241,25.661910459709535,True,0.04,0.96,12.83095522985477,1.8076617465408236
2311405,Quixeramobim,CE,2020,11,28.0,inpe_bdq_aqua_ref,climatology_regional_intensity12,40.217931990152906,2020-11,2020-11,12.217931990152906,True,27.386976760298136,53.04888722000767,25.661910459709535,True,0.04,0.96,12.83095522985477,1.8076617465408236
2311959,Salitre,CE,2020,11,6.0,inpe_bdq_legacy,climatology_regional_intensity12,6.902454763707904,2020-11,2020-11,0.9024547637079037,True,0.0,19.733409993562674,19.733409993562674,True,0.04,0.96,12.83095522985477,1.8076617465408236
2312106,Santana do Cariri,CE,2020,11,10.0,inpe_bdq_legacy,climatology_regional_intensity12,9.529840770538652,2020-11,2020-11,0.47015922946134836,True,0.0,22.36079600039342,22.36079600039342,True,0.04,0.96,12.83095522985477,1.8076617465408236
2312908,Sobral,CE,2020,11,18.0,inpe_bdq_aqua_ref,climatology_regional_intensity12,25.029748262106928,2020-11,2020-11,7.029748262106928,True,12.198793032252158,37.8607034919617,25.661910459709542,True,0.04,0.96,12.83095522985477,1.8076617465408236
2313302,Tauá,CE,2020,11,4.0,inpe_bdq_aqua_ref,climatology_regional_intensity12,11.35565138545494,2020-11,2020-11,7.355651385454941,True,0.0,24.18660661530971,24.18660661530971,True,0.04,0.96,12.83095522985477,1.8076617465408236
2313401,Tianguá,CE,2020,11,0.0,inpe_bdq_aqua_ref,climatology_regional_intensity12,7.428488614651772,2020-11,2020-11,7.428488614651772,True,0.0,20.259443844506542,20.259443844506542,True,0.04,0.96,12.83095522985477,1.8076617465408236
2300101,Abaiara,CE,2020,12,0.0,inpe_bdq_legacy,climatology_regional_intensity12,1.5579745559856844,2020-12,2020-12,1.5579745559856844,True,0.0,13.884264422373386,13.884264422373386,True,0.04,0.96,12.326289866387702,1.8076617465408236
2300200,Acaraú,CE,2020,12,4.0,inpe_bdq_aqua_ref,climatology_regional_intensity12,27.773060313994804,2020-12,2020-12,23.773060313994804,True,15.446770447607102,40.09935018038251,24.652579732775408,False,0.04,0.96,12.326289866387702,1.8076617465408236
2301307,Araripe,CE,2020,12,6.0,inpe_bdq_legacy,climatology_regional_intensity12,4.717200738956656,2020-12,2020-12,1.282799261043344,True,0.0,17.04349060534436,17.04349060534436,True,0.04,0.96,12.326289866387702,1.8076617465408236
2301604,Assaré,CE,2020,12,8.0,inpe_bdq_legacy,climatology_regional_intensity12,3.635273963966597,2020-12,2020-12,4.364726036033403,True,0.0,15.961563830354299,15.961563830354299,True,0.04,0.96,12.326289866387702,1.8076617465408236
2301901,Barbalha,CE,2020,12,2.0,inpe_bdq_aqua_ref,climatology_regional_intensity12,1.774359910983696,2020-12,2020-12,0.22564008901630395,True,0.0,14.100649777371398,14.100649777371398,True,0.04,0.96,12.326289866387702,1.8076617465408236
2302503,Brejo Santo,CE,2020,12,3.0,inpe_bdq_legacy,climatology_regional_intensity12,1.7310828399840938,2020-12,2020-12,1.2689171600159062,True,0.0,14.057372706371796,14.057372706371796,True,0.04,0.96,12.326289866387702,1.8076617465408236
2302701,Campos Sales,CE,2020,12,1.0,inpe_bdq_aqua_ref,climatology_regional_intensity12,0.9520955619912516,2020-12,2020-12,0.04790443800874844,True,0.0,13.278385428378954,13.278385428378954,True,0.04,0.96,12.326289866387702,1.8076617465408236
2304103,Crateús,CE,2020,12,13.0,inpe_bdq_aqua_ref,climatology_regional_intensity12,20.829795235496103,2020-12,2020-12,7.829795235496103,True,8.503505369108401,33.156085101883804,24.6525797327754,True,0.04,0.96,12.326289866387702,1.8076617465408236
2304202,Crato,CE,2020,12,4.0,inpe_bdq_legacy,climatology_regional_intensity12,4.760477809956258,2020-12,2020-12,0.7604778099562584,True,0.0,17.08676767634396,17.08676767634396,True,0.04,0.96,12.326289866387702,1.8076617465408236
2304400,Fortaleza,CE,2020,12,0.0,inpe_bdq_aqua_ref,climatology_regional_intensity12,0.1051014581418914,2020-12,2020-12,0.1051014581418914,True,0.0,12.431391324529594,12.431391324529594,True,0.04,0.96,12.326289866387702,1.8076617465408236
2305100,Guaramiranga,CE,2020,12,0.0,inpe_bdq_aqua_ref,climatology_regional_intensity12,0.0525507290709457,2020-12,2020-12,0.0525507290709457,True,0.0,12.378840595458648,12.378840595458648,True,0.04,0.96,12.326289866387702,1.8076617465408236
2305506,Iguatu,CE,2020,12,1.0,inpe_bdq_aqua_ref,climatology_regional_intensity12,3.172750267658347,2020-12,2020-12,2.172750267658347,True,0.0,15.499040134046048,15.499040134046048,True,0.04,0.96,12.326289866387702,1.8076617465408236
2306405,Itapipoca,CE,2020,12,39.0,inpe_bdq_aqua_ref,climatology_regional_intensity12,49.75240274791785,2020-12,2020-12,10.752402747917849,True,37.426112881530145,62.07869261430555,24.652579732775408,True,0.04,0.96,12.326289866387702,1.8076617465408236
2306900,Jaguaribe,CE,2020,12,1.0,inpe_bdq_aqua_ref,climatology_regional_intensity12,1.7473117416089448,2020-12,2020-12,0.7473117416089448,True,0.0,14.073601607996647,14.073601607996647,True,0.04,0.96,12.326289866387702,1.8076617465408236
2307007,Jaguaruana,CE,2020,12,0.0,inpe_bdq_aqua_ref,climatology_regional_intensity12,0.5517826552449299,2020-12,2020-12,0.5517826552449299,True,0.0,12.878072521632632,12.878072521632632,True,0.04,0.96,12.326289866387702,1.8076617465408236
2307106,Jardim,CE,2020,12,1.0,inpe_bdq_legacy,climatology_regional_intensity12,2.8130096149741526,2020-12,2020-12,1.8130096149741526,True,0.0,15.139299481361855,15.139299481361855,True,0.04,0.96,12.326289866387702,1.8076617465408236
2307205,Jati,CE,2020,12,2.0,inpe_bdq_legacy,climatology_regional_intensity12,0.4760477809956258,2020-12,2020-12,1.5239522190043742,True,0.0,12.802337647383327,12.802337647383327,True,0.04,0.96,12.326289866387702,1.8076617465408236
2307304,Juazeiro do Norte,CE,2020,12,4.0,inpe_bdq_legacy,climatology_regional_intensity12,0.7357102069932399,2020-12,2020-12,3.26428979300676,True,0.0,13.062000073380942,13.062000073380942,True,0.04,0.96,12.326289866387702,1.8076617465408236
2308401,Missão Velha,CE,2020,12,3.0,inpe_bdq_legacy,climatology_regional_intensity12,5.582742158948702,2020-12,2020-12,2.582742158948702,True,0.0,17.909032025336405,17.909032025336405,True,0.04,0.96,12.326289866387702,1.8076617465408236
2308708,Morada Nova,CE,2020,12,3.0,inpe_bdq_aqua_ref,climatology_regional_intensity12,4.000424250525742,2020-12,2020-12,1.0004242505257421,True,0.0,16.326714116913443,16.326714116913443,True,0.04,0.96,12.326289866387702,1.8076617465408236
2309201,Nova Olinda,CE,2020,12,3.0,inpe_bdq_legacy,climatology_regional_intensity12,2.2936847629789243,2020-12,2020-12,0.7063152370210757,True,0.0,14.619974629366627,14.619974629366627,True,0.04,0.96,12.326289866387702,1.8076617465408236
2310605,Penaforte,CE,2020,12,1.0,inpe_bdq_legacy,climatology_regional_intensity12,0.2596624259976141,2020-12,2020-12,0.7403375740023859,True,0.0,12.585952292385317,12.585952292385317,True,0.04,0.96,12.326289866387702,1.8076617465408236
2311108,Porteiras,CE,2020,12,0.0,inpe_bdq_legacy,climatology_regional_intensity12,1.6676098025180104,2020-12,2020-12,1.6676098025180104,True,0.0,13.993899668905712,13.993899668905712,True,0.04,0.96,12.326289866387702,1.8076617465408236
2311207,Potengi,CE,2020,12,0.0,inpe_bdq_legacy,climatology_regional_intensity12,1.0819267749900587,2020-12,2020-12,1.0819267749900587,True,0.0,13.408216641377761,13.408216641377761,True,0.04,0.96,12.326289866387702,1.8076617465408236
2311306,Quixadá,CE,2020,12,15.0,inpe_bdq_aqua_ref,climatology_regional_intensity12,9.656196466786271,2020-12,2020-12,5.343803533213729,True,0.0,21.982486333173973,21.982486333173973,True,0.04,0.96,12.326289866387702,1.8076617465408236
2311405,Quixeramobim,CE,2020,12,26.0,inpe_bdq_aqua_ref,climatology_regional_intensity12,23.81861795140614,2020-12,2020-12,2.1813820485938606,True,11.492328085018437,36.14490781779384,24.652579732775408,True,0.04,0.96,12.326289866387702,1.8076617465408236
2311959,Salitre,CE,2020,12,1.0,inpe_bdq_legacy,climatology_regional_intensity12,2.726455472974948,2020-12,2020-12,1.7264554729749482,True,0.0,15.05274533936265,15.05274533936265,True,0.04,0.96,12.326289866387702,1.8076617465408236
2312106,Santana do Cariri,CE,2020,12,13.0,inpe_bdq_legacy,climatology_regional_intensity12,7.962981063926832,2020-12,2020-12,5.037018936073168,True,0.0,20.289270930314533,20.289270930314533,True,0.04,0.96,12.326289866387702,1.8076617465408236
2312908,Sobral,CE,2020,12,13.0,inpe_bdq_aqua_ref,climatology_regional_intensity12,14.898131691613107,2020-12,2020-12,1.8981316916131075,True,2.5718418252254054,27.22442155800081,24.652579732775404,True,0.04,0.96,12.326289866387702,1.8076617465408236
2313302,Tauá,CE,2020,12,4.0,inpe_bdq_aqua_ref,climatology_regional_intensity12,6.667373750876236,2020-12,2020-12,2.6673737508762363,True,0.0,18.993663617263937,18.993663617263937,True,0.04,0.96,12.326289866387702,1.8076617465408236
2313401,Tianguá,CE,2020,12,2.0,inpe_bdq_aqua_ref,climatology_regional_intensity12,9.88610590647166,2020-12,2020-12,7.886105906471659,True,0.0,22.21239577285936,22.21239577285936,True,0.04,0.96,12.326289866387702,1.8076617465408236
2300101,Abaiara,CE,2021,1,0.0,inpe_bdq_legacy,climatology_regional_intensity12,0.0436658967673616,2021-01,2021-01,0.0436658967673616,False,0.0,1.8513276433081851,1.8513276433081851,True,0.04,0.96,12.326289866387702,1.8076617465408236
2300200,Acaraú,CE,2021,1,1.0,inpe_bdq_aqua_ref,climatology_regional_intensity12,4.366589676736164,2021-01,2021-01,3.3665896767361643,False,2.558927930195341,6.174251423276988,3.6153234930816467,False,0.04,0.96,12.326289866387702,1.8076617465408236
2301307,Araripe,CE,2021,1,2.0,inpe_bdq_legacy,climatology_regional_intensity12,1.0479815224166793,2021-01,2021-01,0.9520184775833207,False,0.0,2.855643268957503,2.855643268957503,True,0.04,0.96,12.326289866387702,1.8076617465408236
2301604,Assaré,CE,2021,1,0.0,inpe_bdq_legacy,climatology_regional_intensity12,1.6156381803923805,2021-01,2021-01,1.6156381803923805,False,0.0,3.423299926933204,3.423299926933204,True,0.04,0.96,12.326289866387702,1.8076617465408236
2301901,Barbalha,CE,2021,1,0.0,inpe_bdq_aqua_ref,climatology_regional_intensity12,0.3493271741388931,2021-01,2021-01,0.3493271741388931,False,0.0,2.1569889206797166,2.1569889206797166,True,0.04,0.96,12.326289866387702,1.8076617465408236
2302503,Brejo Santo,CE,2021,1,0.0,inpe_bdq_legacy,climatology_regional_intensity12,0.3056612773715314,2021-01,2021-01,0.3056612773715314,False,0.0,2.113323023912355,2.113323023912355,True,0.04,0.96,12.326289866387702,1.8076617465408236
2302701,Campos Sales,CE,2021,1,1.0,inpe_bdq_aqua_ref,climatology_regional_intensity12,0.2619953806041698,2021-01,2021-01,0.7380046193958302,False,0.0,2.0696571271449935,2.0696571271449935,True,0.04,0.96,12.326289866387702,1.8076617465408236
2304103,Crateús,CE,2021,1,8.0,inpe_bdq_aqua_ref,climatology_regional_intensity12,2.619953806041698,2021-01,2021-01,5.380046193958302,False,0.8122920595008745,4.427615552582521,3.6153234930816467,False,0.04,0.96,12.326289866387702,1.8076617465408236
2304202,Crato,CE,2021,1,0.0,inpe_bdq_legacy,climatology_regional_intensity12,0.6549884515104245,2021-01,2021-01,0.6549884515104245,False,0.0,2.4626501980512483,2.4626501980512483,True,0.04,0.96,12.326289866387702,1.8076617465408236
2304400,Fortaleza,CE,2021,1,0.0,inpe_bdq_aqua_ref,climatology_regional_intensity12,0.0873317935347232,2021-01,2021-01,0.0873317935347232,False,0.0,1.8949935400755469,1.8949935400755469,True,0.04,0.96,12.326289866387702,1.8076617465408236
2305100,Guaramiranga,CE,2021,1,0.0,inpe_bdq_aqua_ref,climatology_regional_intensity12,0.0,2021-01,2021-01,0.0,False,0.0,1.8076617465408236,1.8076617465408236,True,0.04,0.96,12.326289866387702,1.8076617465408236
2305506,Iguatu,CE,2021,1,0.0,inpe_bdq_aqua_ref,climatology_regional_intensity12,0.960649728881956,2021-01,2021-01,0.960649728881956,False,0.0,2.7683114754227796,2.7683114754227796,True,0.04,0.96,12.326289866387702,1.8076617465408236
2306405,Itapipoca,CE,2021,1,7.0,inpe_bdq_aqua_ref,climatology_regional_intensity12,5.414571199152843,2021-01,2021-01,1.5854288008471569,False,3.60690945261202,7.2222329456936665,3.6153234930816467,True,0.04,0.96,12.326289866387702,1.8076617465408236
2306900,Jaguaribe,CE,2021,1,0.0,inpe_bdq_aqua_ref,climatology_regional_intensity12,0.6113225547430629,2021-01,2021-01,0.6113225547430629,False,0.0,2.4189843012838863,2.4189843012838863,True,0.04,0.96,12.326289866387702,1.8076617465408236
2307007,Jaguaruana,CE,2021,1,0.0,inpe_bdq_aqua_ref,climatology_regional_intensity12,0.480324864440978,2021-01,2021-01,0.480324864440978,False,0.0,2.2879866109818017,2.2879866109818017,True,0.04,0.96,12.326289866387702,1.8076617465408236
2307106,Jardim,CE,2021,1,0.0,inpe_bdq_legacy,climatology_regional_intensity12,0.3493271741388931,2021-01,2021-01,0.3493271741388931,False,0.0,2.1569889206797166,2.1569889206797166,True,0.04,0.96,12.326289866387702,1.8076617465408236
2307205,Jati,CE,2021,1,2.0,inpe_bdq_legacy,climatology_regional_intensity12,0.2183294838368082,2021-01,2021-01,1.7816705161631918,False,0.0,2.025991230377632,2.025991230377632,True,0.04,0.96,12.326289866387702,1.8076617465408236
2307304,Juazeiro do Norte,CE,2021,1,0.0,inpe_bdq_legacy,climatology_regional_intensity12,0.1309976903020849,2021-01,2021-01,0.1309976903020849,False,0.0,1.9386594368429084,1.9386594368429084,True,0.04,0.96,12.326289866387702,1.8076617465408236
2308401,Missão Velha,CE,2021,1,2.0,inpe_bdq_legacy,climatology_regional_intensity12,0.8296520385798711,2021-01,2021-01,1.1703479614201289,False,0.0,2.6373137851206945,2.6373137851206945,True,0.04,0.96,12.326289866387702,1.8076617465408236
2308708,Morada Nova,CE,2021,1,7.0,inpe_bdq_aqua_ref,climatology_regional_intensity12,1.091647419184041,2021-01,2021-01,5.908352580815959,False,0.0,2.8993091657248646,2.8993091657248646,False,0.04,0.96,12.326289866387702,1.8076617465408236
2309201,Nova Olinda,CE,2021,1,1.0,inpe_bdq_legacy,climatology_regional_intensity12,0.1746635870694465,2021-01,2021-01,0.8253364129305535,False,0.0,1.98232533361027,1.98232533361027,True,0.04,0.96,12.326289866387702,1.8076617465408236
2310605,Penaforte,CE,2021,1,0.0,inpe_bdq_legacy,climatology_regional_intensity12,0.0436658967673616,2021-01,2021-01,0.0436658967673616,False,0.0,1.8513276433081851,1.8513276433081851,True,0.04,0.96,12.326289866387702,1.8076617465408236
2311108,Porteiras,CE,2021,1,0.0,inpe_bdq_legacy,climatology_regional_intensity12,0.1746635870694465,2021-01,2021-01,0.1746635870694465,False,0.0,1.98232533361027,1.98232533361027,True,0.04,0.96,12.326289866387702,1.8076617465408236
2311207,Potengi,CE,2021,1,0.0,inpe_bdq_legacy,climatology_regional_intensity12,0.6113225547430629,2021-01,2021-01,0.6113225547430629,False,0.0,2.4189843012838863,2.4189843012838863,True,0.04,0.96,12.326289866387702,1.8076617465408236
2311306,Quixadá,CE,2021,1,3.0,inpe_bdq_aqua_ref,climatology_regional_intensity12,1.5283063868576572,2021-01,2021-01,1.4716936131423428,False,0.0,3.335968133398481,3.335968133398481,True,0.04,0.96,12.326289866387702,1.8076617465408236
2311405,Quixeramobim,CE,2021,1,3.0,inpe_bdq_aqua_ref,climatology_regional_intensity12,4.54125326380561,2021-01,2021-01,1.5412532638056096,False,2.733591517264786,6.348915010346433,3.6153234930816467,True,0.04,0.96,12.326289866387702,1.8076617465408236
2311959,Salitre,CE,2021,1,0.0,inpe_bdq_legacy,climatology_regional_intensity12,0.4366589676736164,2021-01,2021-01,0.4366589676736164,False,0.0,2.24432071421444,2.24432071421444,True,0.04,0.96,12.326289866387702,1.8076617465408236
2312106,Santana do Cariri,CE,2021,1,3.0,inpe_bdq_legacy,climatology_regional_intensity12,2.838283289878506,2021-01,2021-01,0.1617167101214938,False,1.0306215433376826,4.64594503641933,3.6153234930816476,True,0.04,0.96,12.326289866387702,1.8076617465408236
2312908,Sobral,CE,2021,1,2.0,inpe_bdq_aqua_ref,climatology_regional_intensity12,1.790301767461827,2021-01,2021-01,0.2096982325381731,False,0.0,3.5979635140026502,3.5979635140026502,True,0.04,0.96,12.326289866387702,1.8076617465408236
2313302,Tauá,CE,2021,1,0.0,inpe_bdq_aqua_ref,climatology_regional_intensity12,0.8733179353472328,2021-01,2021-01,0.8733179353472328,False,0.0,2.6809796818880565,2.6809796818880565,True,0.04,0.96,12.326289866387702,1.8076617465408236
2313401,Tianguá,CE,2021,1,0.0,inpe_bdq_aqua_ref,climatology_regional_intensity12,0.6113225547430629,2021-01,2021-01,0.6113225547430629,False,0.0,2.4189843012838863,2.4189843012838863,True,0.04,0.96,12.326289866387702,1.8076617465408236
2300101,Abaiara,CE,2021,2,0.0,inpe_bdq_legacy,climatology_regional_intensity12,0.0,2021-02,2021-02,0.0,False,0.0,1.8403303070524069,1.8403303070524069,True,0.04,0.96,12.326289866387702,1.8403303070524069
2300200,Acaraú,CE,2021,2,4.0,inpe_bdq_aqua_ref,climatology_regional_intensity12,0.3150631739666416,2021-02,2021-02,3.6849368260333586,False,0.0,2.1553934810190483,2.1553934810190483,False,0.04,0.96,12.326289866387702,1.8403303070524069
2301307,Araripe,CE,2021,2,0.0,inpe_bdq_legacy,climatology_regional_intensity12,0.0900180497047547,2021-02,2021-02,0.0900180497047547,False,0.0,1.9303483567571615,1.9303483567571615,True,0.04,0.96,12.326289866387702,1.8403303070524069
2301604,Assaré,CE,2021,2,0.0,inpe_bdq_legacy,climatology_regional_intensity12,0.2250451242618869,2021-02,2021-02,0.2250451242618869,False,0.0,2.0653754313142936,2.0653754313142936,True,0.04,0.96,12.326289866387702,1.8403303070524069
2301901,Barbalha,CE,2021,2,0.0,inpe_bdq_aqua_ref,climatology_regional_intensity12,0.1350270745571321,2021-02,2021-02,0.1350270745571321,False,0.0,1.9753573816095389,1.9753573816095389,True,0.04,0.96,12.326289866387702,1.8403303070524069
2302503,Brejo Santo,CE,2021,2,0.0,inpe_bdq_legacy,climatology_regional_intensity12,0.0450090248523773,2021-02,2021-02,0.0450090248523773,False,0.0,1.8853393319047842,1.8853393319047842,True,0.04,0.96,12.326289866387702,1.8403303070524069
2302701,Campos Sales,CE,2021,2,0.0,inpe_bdq_aqua_ref,climatology_regional_intensity12,0.0450090248523773,2021-02,2021-02,0.0450090248523773,False,0.0,1.8853393319047842,1.8853393319047842,True,0.04,0.96,12.326289866387702,1.8403303070524069
2304103,Crateús,CE,2021,2,0.0,inpe_bdq_aqua_ref,climatology_regional_intensity12,0.1350270745571321,2021-02,2021-02,0.1350270745571321,False,0.0,1.9753573816095389,1.9753573816095389,True,0.04,0.96,12.326289866387702,1.8403303070524069
2304202,Crato,CE,2021,2,1.0,inpe_bdq_legacy,climatology_regional_intensity12,0.1800360994095095,2021-02,2021-02,0.8199639005904905,False,0.0,2.0203664064619162,2.0203664064619162,True,0.04,0.96,12.326289866387702,1.8403303070524069
2304400,Fortaleza,CE,2021,2,0.0,inpe_bdq_aqua_ref,climatology_regional_intensity12,0.0900180497047547,2021-02,2021-02,0.0900180497047547,False,0.0,1.9303483567571615,1.9303483567571615,True,0.04,0.96,12.326289866387702,1.8403303070524069
2305100,Guaramiranga,CE,2021,2,0.0,inpe_bdq_aqua_ref,climatology_regional_intensity12,0.0,2021-02,2021-02,0.0,False,0.0,1.8403303070524069,1.8403303070524069,True,0.04,0.96,12.326289866387702,1.8403303070524069
2305506,Iguatu,CE,2021,2,0.0,inpe_bdq_aqua_ref,climatology_regional_intensity12,0.0900180497047547,2021-02,2021-02,0.0900180497047547,False,0.0,1.9303483567571615,1.9303483567571615,True,0.04,0.96,12.326289866387702,1.8403303070524069
2306405,Itapipoca,CE,2021,2,0.0,inpe_bdq_aqua_ref,climatology_regional_intensity12,0.1800360994095095,2021-02,2021-02,0.1800360994095095,False,0.0,2.0203664064619162,2.0203664064619162,True,0.04,0.96,12.326289866387702,1.8403303070524069
2306900,Jaguaribe,CE,2021,2,1.0,inpe_bdq_aqua_ref,climatology_regional_intensity12,0.1350270745571321,2021-02,2021-02,0.864972925442868,False,0.0,1.9753573816095389,1.9753573816095389,True,0.04,0.96,12.326289866387702,1.8403303070524069
2307007,Jaguaruana,CE,2021,2,2.0,inpe_bdq_aqua_ref,climatology_regional_intensity12,0.1350270745571321,2021-02,2021-02,1.864972925442868,False,0.0,1.9753573816095389,1.9753573816095389,False,0.04,0.96,12.326289866387702,1.8403303070524069
2307106,Jardim,CE,2021,2,1.0,inpe_bdq_legacy,climatology_regional_intensity12,0.0450090248523773,2021-02,2021-02,0.9549909751476227,False,0.0,1.8853393319047842,1.8853393319047842,True,0.04,0.96,12.326289866387702,1.8403303070524069
2307205,Jati,CE,2021,2,0.0,inpe_bdq_legacy,climatology_regional_intensity12,0.1350270745571321,2021-02,2021-02,0.1350270745571321,False,0.0,1.9753573816095389,1.9753573816095389,True,0.04,0.96,12.326289866387702,1.8403303070524069
2307304,Juazeiro do Norte,CE,2021,2,0.0,inpe_bdq_legacy,climatology_regional_intensity12,0.0,2021-02,2021-02,0.0,False,0.0,1.8403303070524069,1.8403303070524069,True,0.04,0.96,12.326289866387702,1.8403303070524069
2308401,Missão Velha,CE,2021,2,0.0,inpe_bdq_legacy,climatology_regional_intensity12,0.0900180497047547,2021-02,2021-02,0.0900180497047547,False,0.0,1.9303483567571615,1.9303483567571615,True,0.04,0.96,12.326289866387702,1.8403303070524069
2308708,Morada Nova,CE,2021,2,3.0,inpe_bdq_aqua_ref,climatology_regional_intensity12,0.360072198819019,2021-02,2021-02,2.6399278011809812,False,0.0,2.200402505871426,2.200402505871426,False,0.04,0.96,12.326289866387702,1.8403303070524069
2309201,Nova Olinda,CE,2021,2,0.0,inpe_bdq_legacy,climatology_regional_intensity12,0.0,2021-02,2021-02,0.0,False,0.0,1.8403303070524069,1.8403303070524069,True,0.04,0.96,12.326289866387702,1.8403303070524069
2310605,Penaforte,CE,2021,2,0.0,inpe_bdq_legacy,climatology_regional_intensity12,0.0900180497047547,2021-02,2021-02,0.0900180497047547,False,0.0,1.9303483567571615,1.9303483567571615,True,0.04,0.96,12.326289866387702,1.8403303070524069
2311108,Porteiras,CE,2021,2,0.0,inpe_bdq_legacy,climatology_regional_intensity12,0.0900180497047547,2021-02,2021-02,0.0900180497047547,False,0.0,1.9303483567571615,1.9303483567571615,True,0.04,0.96,12.326289866387702,1.8403303070524069
2311207,Potengi,CE,2021,2,0.0,inpe_bdq_legacy,climatology_regional_intensity12,0.2700541491142643,2021-02,2021-02,0.2700541491142643,False,0.0,2.1103844561666714,2.1103844561666714,True,0.04,0.96,12.326289866387702,1.8403303070524069
2311306,Quixadá,CE,2021,2,0.0,inpe_bdq_aqua_ref,climatology_regional_intensity12,0.1800360994095095,2021-02,2021-02,0.1800360994095095,False,0.0,2.0203664064619162,2.0203664064619162,True,0.04,0.96,12.326289866387702,1.8403303070524069
2311405,Quixeramobim,CE,2021,2,5.0,inpe_bdq_aqua_ref,climatology_regional_intensity12,0.7201443976380381,2021-02,2021-02,4.279855602361962,False,0.0,2.560474704690445,2.560474704690445,False,0.04,0.96,12.326289866387702,1.8403303070524069
2311959,Salitre,CE,2021,2,0.0,inpe_bdq_legacy,climatology_regional_intensity12,0.0450090248523773,2021-02,2021-02,0.0450090248523773,False,0.0,1.8853393319047842,1.8853393319047842,True,0.04,0.96,12.326289866387702,1.8403303070524069
2312106,Santana do Cariri,CE,2021,2,0.0,inpe_bdq_legacy,climatology_regional_intensity12,0.2250451242618869,2021-02,2021-02,0.2250451242618869,False,0.0,2.0653754313142936,2.0653754313142936,True,0.04,0.96,12.326289866387702,1.8403303070524069
2312908,Sobral,CE,2021,2,1.0,inpe_bdq_aqua_ref,climatology_regional_intensity12,0.0900180497047547,2021-02,2021-02,0.9099819502952453,False,0.0,1.9303483567571615,1.9303483567571615,True,0.04,0.96,12.326289866387702,1.8403303070524069
2313302,Tauá,CE,2021,2,1.0,inpe_bdq_aqua_ref,climatology_regional_intensity12,0.1800360994095095,2021-02,2021-02,0.8199639005904905,False,0.0,2.0203664064619162,2.0203664064619162,True,0.04,0.96,12.326289866387702,1.8403303070524069
2313401,Tianguá,CE,2021,2,0.0,inpe_bdq_aqua_ref,climatology_regional_intensity12,0.1800360994095095,2021-02,2021-02,0.1800360994095095,False,0.0,2.0203664064619162,2.0203664064619162,True,0.04,0.96,12.326289866387702,1.8403303070524069
2300101,Abaiara,CE,2021,3,0.0,inpe_bdq_legacy,climatology_regional_intensity12,0.0,2021-03,2021-03,0.0,False,0.0,1.864972925442868,1.864972925442868,True,0.04,0.96,12.326289866387702,1.864972925442868
2300200,Acaraú,CE,2021,3,0.0,inpe_bdq_aqua_ref,climatology_regional_intensity12,0.5047267834745761,2021-03,2021-03,0.5047267834745761,False,0.0,2.369699708917444,2.369699708917444,True,0.04,0.96,12.326289866387702,1.864972925442868
2301307,Araripe,CE,2021,3,0.0,inpe_bdq_legacy,climatology_regional_intensity12,0.0,2021-03,2021-03,0.0,False,0.0,1.864972925442868,1.864972925442868,True,0.04,0.96,12.326289866387702,1.864972925442868
2301604,Assaré,CE,2021,3,0.0,inpe_bdq_legacy,climatology_regional_intensity12,0.0,2021-03,2021-03,0.0,False,0.0,1.864972925442868,1.864972925442868,True,0.04,0.96,12.326289866387702,1.864972925442868
2301901,Barbalha,CE,2021,3,0.0,inpe_bdq_aqua_ref,climatology_regional_intensity12,0.0,2021-03,2021-03,0.0,False,0.0,1.864972925442868,1.864972925442868,True,0.04,0.96,12.326289866387702,1.864972925442868
2302503,Brejo Santo,CE,2021,3,0.0,inpe_bdq_legacy,climatology_regional_intensity12,0.0,2021-03,2021-03,0.0,False,0.0,1.864972925442868,1.864972925442868,True,0.04,0.96,12.326289866387702,1.864972925442868
2302701,Campos Sales,CE,2021,3,0.0,inpe_bdq_aqua_ref,climatology_regional_intensity12,0.0,2021-03,2021-03,0.0,False,0.0,1.864972925442868,1.864972925442868,True,0.04,0.96,12.326289866387702,1.864972925442868
2304103,Crateús,CE,2021,3,0.0,inpe_bdq_aqua_ref,climatology_regional_intensity12,0.0917685060862865,2021-03,2021-03,0.0917685060862865,False,0.0,1.9567414315291545,1.9567414315291545,True,0.04,0.96,12.326289866387702,1.864972925442868
2304202,Crato,CE,2021,3,0.0,inpe_bdq_legacy,climatology_regional_intensity12,0.0917685060862865,2021-03,2021-03,0.0917685060862865,False,0.0,1.9567414315291545,1.9567414315291545,True,0.04,0.96,12.326289866387702,1.864972925442868
2304400,Fortaleza,CE,2021,3,0.0,inpe_bdq_aqua_ref,climatology_regional_intensity12,0.0,2021-03,2021-03,0.0,False,0.0,1.864972925442868,1.864972925442868,True,0.04,0.96,12.326289866387702,1.864972925442868
2305100,Guaramiranga,CE,2021,3,0.0,inpe_bdq_aqua_ref,climatology_regional_intensity12,0.0,2021-03,2021-03,0.0,False,0.0,1.864972925442868,1.864972925442868,True,0.04,0.96,12.326289866387702,1.864972925442868
2305506,Iguatu,CE,2021,3,0.0,inpe_bdq_aqua_ref,climatology_regional_intensity12,0.1835370121725731,2021-03,2021-03,0.1835370121725731,False,0.0,2.048509937615441,2.048509937615441,True,0.04,0.96,12.326289866387702,1.864972925442868
2306405,Itapipoca,CE,2021,3,0.0,inpe_bdq_aqua_ref,climatology_regional_intensity12,0.0458842530431432,2021-03,2021-03,0.0458842530431432,False,0.0,1.910857178486011,1.910857178486011,True,0.04,0.96,12.326289866387702,1.864972925442868
2306900,Jaguaribe,CE,2021,3,0.0,inpe_bdq_aqua_ref,climatology_regional_intensity12,0.0458842530431432,2021-03,2021-03,0.0458842530431432,False,0.0,1.910857178486011,1.910857178486011,True,0.04,0.96,12.326289866387702,1.864972925442868
2307007,Jaguaruana,CE,2021,3,0.0,inpe_bdq_aqua_ref,climatology_regional_intensity12,0.0458842530431432,2021-03,2021-03,0.0458842530431432,False,0.0,1.910857178486011,1.910857178486011,True,0.04,0.96,12.326289866387702,1.864972925442868
2307106,Jardim,CE,2021,3,0.0,inpe_bdq_legacy,climatology_regional_intensity12,0.0458842530431432,2021-03,2021-03,0.0458842530431432,False,0.0,1.910857178486011,1.910857178486011,True,0.04,0.96,12.326289866387702,1.864972925442868
2307205,Jati,CE,2021,3,0.0,inpe_bdq_legacy,climatology_regional_intensity12,0.0,2021-03,2021-03,0.0,False,0.0,1.864972925442868,1.864972925442868,True,0.04,0.96,12.326289866387702,1.864972925442868
2307304,Juazeiro do Norte,CE,2021,3,0.0,inpe_bdq_legacy,climatology_regional_intensity12,0.0917685060862865,2021-03,2021-03,0.0917685060862865,False,0.0,1.9567414315291545,1.9567414315291545,True,0.04,0.96,12.326289866387702,1.864972925442868
2308401,Missão Velha,CE,2021,3,1.0,inpe_bdq_legacy,climatology_regional_intensity12,0.2294212652157164,2021-03,2021-03,0.7705787347842836,False,0.0,2.0943941906585843,2.0943941906585843,True,0.04,0.96,12.326289866387702,1.864972925442868
2308708,Morada Nova,CE,2021,3,0.0,inpe_bdq_aqua_ref,climatology_regional_intensity12,0.0917685060862865,2021-03,2021-03,0.0917685060862865,False,0.0,1.9567414315291545,1.9567414315291545,True,0.04,0.96,12.326289866387702,1.864972925442868
2309201,Nova Olinda,CE,2021,3,0.0,inpe_bdq_legacy,climatology_regional_intensity12,0.0,2021-03,2021-03,0.0,False,0.0,1.864972925442868,1.864972925442868,True,0.04,0.96,12.326289866387702,1.864972925442868
2310605,Penaforte,CE,2021,3,0.0,inpe_bdq_legacy,climatology_regional_intensity12,0.0,2021-03,2021-03,0.0,False,0.0,1.864972925442868,1.864972925442868,True,0.04,0.96,12.326289866387702,1.864972925442868
2311108,Porteiras,CE,2021,3,0.0,inpe_bdq_legacy,climatology_regional_intensity12,0.0,2021-03,2021-03,0.0,False,0.0,1.864972925442868,1.864972925442868,True,0.04,0.96,12.326289866387702,1.864972925442868
2311207,Potengi,CE,2021,3,0.0,inpe_bdq_legacy,climatology_regional_intensity12,0.0,2021-03,2021-03,0.0,False,0.0,1.864972925442868,1.864972925442868,True,0.04,0.96,12.326289866387702,1.864972925442868
2311306,Quixadá,CE,2021,3,0.0,inpe_bdq_aqua_ref,climatology_regional_intensity12,0.0917685060862865,2021-03,2021-03,0.0917685060862865,False,0.0,1.9567414315291545,1.9567414315291545,True,0.04,0.96,12.326289866387702,1.864972925442868
2311405,Quixeramobim,CE,2021,3,0.0,inpe_bdq_aqua_ref,climatology_regional_intensity12,0.2294212652157164,2021-03,2021-03,0.2294212652157164,False,0.0,2.0943941906585843,2.0943941906585843,True,0.04,0.96,12.326289866387702,1.864972925442868
2311959,Salitre,CE,2021,3,0.0,inpe_bdq_legacy,climatology_regional_intensity12,0.0458842530431432,2021-03,2021-03,0.0458842530431432,False,0.0,1.910857178486011,1.910857178486011,True,0.04,0.96,12.326289866387702,1.864972925442868
2312106,Santana do Cariri,CE,2021,3,0.0,inpe_bdq_legacy,climatology_regional_intensity12,0.0,2021-03,2021-03,0.0,False,0.0,1.864972925442868,1.864972925442868,True,0.04,0.96,12.326289866387702,1.864972925442868
2312908,Sobral,CE,2021,3,0.0,inpe_bdq_aqua_ref,climatology_regional_intensity12,0.0458842530431432,2021-03,2021-03,0.0458842530431432,False,0.0,1.910857178486011,1.910857178486011,True,0.04,0.96,12.326289866387702,1.864972925442868
2313302,Tauá,CE,2021,3,0.0,inpe_bdq_aqua_ref,climatology_regional_intensity12,0.0,2021-03,2021-03,0.0,False,0.0,1.864972925442868,1.864972925442868,True,0.04,0.96,12.326289866387702,1.864972925442868
2313401,Tianguá,CE,2021,3,0.0,inpe_bdq_aqua_ref,climatology_regional_intensity12,0.0,2021-03,2021-03,0.0,False,0.0,1.864972925442868,1.864972925442868,True,0.04,0.96,12.326289866387702,1.864972925442868
2300101,Abaiara,CE,2021,4,0.0,inpe_bdq_legacy,climatology_regional_intensity12,0.0,2021-04,2021-04,0.0,False,0.0,1.8572223132678696,1.8572223132678696,True,0.04,0.96,12.326289866387702,1.8572223132678696
2300200,Acaraú,CE,2021,4,0.0,inpe_bdq_aqua_ref,climatology_regional_intensity12,0.0,2021-04,2021-04,0.0,False,0.0,1.8572223132678696,1.8572223132678696,True,0.04,0.96,12.326289866387702,1.8572223132678696
2301307,Araripe,CE,2021,4,0.0,inpe_bdq_legacy,climatology_regional_intensity12,0.0,2021-04,2021-04,0.0,False,0.0,1.8572223132678696,1.8572223132678696,True,0.04,0.96,12.326289866387702,1.8572223132678696
2301604,Assaré,CE,2021,4,0.0,inpe_bdq_legacy,climatology_regional_intensity12,0.0,2021-04,2021-04,0.0,False,0.0,1.8572223132678696,1.8572223132678696,True,0.04,0.96,12.326289866387702,1.8572223132678696
2301901,Barbalha,CE,2021,4,0.0,inpe_bdq_aqua_ref,climatology_regional_intensity12,0.0,2021-04,2021-04,0.0,False,0.0,1.8572223132678696,1.8572223132678696,True,0.04,0.96,12.326289866387702,1.8572223132678696
2302503,Brejo Santo,CE,2021,4,0.0,inpe_bdq_legacy,climatology_regional_intensity12,0.0,2021-04,2021-04,0.0,False,0.0,1.8572223132678696,1.8572223132678696,True,0.04,0.96,12.326289866387702,1.8572223132678696
2302701,Campos Sales,CE,2021,4,0.0,inpe_bdq_aqua_ref,climatology_regional_intensity12,0.0,2021-04,2021-04,0.0,False,0.0,1.8572223132678696,1.8572223132678696,True,0.04,0.96,12.326289866387702,1.8572223132678696
2304103,Crateús,CE,2021,4,0.0,inpe_bdq_aqua_ref,climatology_regional_intensity12,0.0918814872045751,2021-04,2021-04,0.0918814872045751,False,0.0,1.9491038004724446,1.9491038004724446,True,0.04,0.96,12.326289866387702,1.8572223132678696
2304202,Crato,CE,2021,4,0.0,inpe_bdq_legacy,climatology_regional_intensity12,0.0,2021-04,2021-04,0.0,False,0.0,1.8572223132678696,1.8572223132678696,True,0.04,0.96,12.326289866387702,1.8572223132678696
2304400,Fortaleza,CE,2021,4,0.0,inpe_bdq_aqua_ref,climatology_regional_intensity12,0.0,2021-04,2021-04,0.0,False,0.0,1.8572223132678696,1.8572223132678696,True,0.04,0.96,12.326289866387702,1.8572223132678696
2305100,Guaramiranga,CE,2021,4,0.0,inpe_bdq_aqua_ref,climatology_regional_intensity12,0.0,2021-04,2021-04,0.0,False,0.0,1.8572223132678696,1.8572223132678696,True,0.04,0.96,12.326289866387702,1.8572223132678696
2305506,Iguatu,CE,2021,4,0.0,inpe_bdq_aqua_ref,climatology_regional_intensity12,0.0459407436022875,2021-04,2021-04,0.0459407436022875,False,0.0,1.903163056870157,1.903163056870157,True,0.04,0.96,12.326289866387702,1.8572223132678696
2306405,Itapipoca,CE,2021,4,0.0,inpe_bdq_aqua_ref,climatology_regional_intensity12,0.0,2021-04,2021-04,0.0,False,0.0,1.8572223132678696,1.8572223132678696,True,0.04,0.96,12.326289866387702,1.8572223132678696
2306900,Jaguaribe,CE,2021,4,0.0,inpe_bdq_aqua_ref,climatology_regional_intensity12,0.0918814872045751,2021-04,2021-04,0.0918814872045751,False,0.0,1.9491038004724446,1.9491038004724446,True,0.04,0.96,12.326289866387702,1.8572223132678696
2307007,Jaguaruana,CE,2021,4,0.0,inpe_bdq_aqua_ref,climatology_regional_intensity12,0.0,2021-04,2021-04,0.0,False,0.0,1.8572223132678696,1.8572223132678696,True,0.04,0.96,12.326289866387702,1.8572223132678696
2307106,Jardim,CE,2021,4,0.0,inpe_bdq_legacy,climatology_regional_intensity12,0.0,2021-04,2021-04,0.0,False,0.0,1.8572223132678696,1.8572223132678696,True,0.04,0.96,12.326289866387702,1.8572223132678696
2307205,Jati,CE,2021,4,0.0,inpe_bdq_legacy,climatology_regional_intensity12,0.0,2021-04,2021-04,0.0,False,0.0,1.8572223132678696,1.8572223132678696,True,0.04,0.96,12.326289866387702,1.8572223132678696
2307304,Juazeiro do Norte,CE,2021,4,0.0,inpe_bdq_legacy,climatology_regional_intensity12,0.0,2021-04,2021-04,0.0,False,0.0,1.8572223132678696,1.8572223132678696,True,0.04,0.96,12.326289866387702,1.8572223132678696
2308401,Missão Velha,CE,2021,4,0.0,inpe_bdq_legacy,climatology_regional_intensity12,0.1837629744091503,2021-04,2021-04,0.1837629744091503,False,0.0,2.04098528767702,2.04098528767702,True,0.04,0.96,12.326289866387702,1.8572223132678696
2308708,Morada Nova,CE,2021,4,0.0,inpe_bdq_aqua_ref,climatology_regional_intensity12,0.0459407436022875,2021-04,2021-04,0.0459407436022875,False,0.0,1.903163056870157,1.903163056870157,True,0.04,0.96,12.326289866387702,1.8572223132678696
2309201,Nova Olinda,CE,2021,4,0.0,inpe_bdq_legacy,climatology_regional_intensity12,0.0,2021-04,2021-04,0.0,False,0.0,1.8572223132678696,1.8572223132678696,True,0.04,0.96,12.326289866387702,1.8572223132678696
2310605,Penaforte,CE,2021,4,0.0,inpe_bdq_legacy,climatology_regional_intensity12,0.0,2021-04,2021-04,0.0,False,0.0,1.8572223132678696,1.8572223132678696,True,0.04,0.96,12.326289866387702,1.8572223132678696
2311108,Porteiras,CE,2021,4,0.0,inpe_bdq_legacy,climatology_regional_intensity12,0.0,2021-04,2021-04,0.0,False,0.0,1.8572223132678696,1.8572223132678696,True,0.04,0.96,12.326289866387702,1.8572223132678696
2311207,Potengi,CE,2021,4,0.0,inpe_bdq_legacy,climatology_regional_intensity12,0.0,2021-04,2021-04,0.0,False,0.0,1.8572223132678696,1.8572223132678696,True,0.04,0.96,12.326289866387702,1.8572223132678696
2311306,Quixadá,CE,2021,4,0.0,inpe_bdq_aqua_ref,climatology_regional_intensity12,0.0918814872045751,2021-04,2021-04,0.0918814872045751,False,0.0,1.9491038004724446,1.9491038004724446,True,0.04,0.96,12.326289866387702,1.8572223132678696
2311405,Quixeramobim,CE,2021,4,0.0,inpe_bdq_aqua_ref,climatology_regional_intensity12,0.0459407436022875,2021-04,2021-04,0.0459407436022875,False,0.0,1.903163056870157,1.903163056870157,True,0.04,0.96,12.326289866387702,1.8572223132678696
2311959,Salitre,CE,2021,4,0.0,inpe_bdq_legacy,climatology_regional_intensity12,0.0459407436022875,2021-04,2021-04,0.0459407436022875,False,0.0,1.903163056870157,1.903163056870157,True,0.04,0.96,12.326289866387702,1.8572223132678696
2312106,Santana do Cariri,CE,2021,4,0.0,inpe_bdq_legacy,climatology_regional_intensity12,0.0,2021-04,2021-04,0.0,False,0.0,1.8572223132678696,1.8572223132678696,True,0.04,0.96,12.326289866387702,1.8572223132678696
2312908,Sobral,CE,2021,4,0.0,inpe_bdq_aqua_ref,climatology_regional_intensity12,0.0,2021-04,2021-04,0.0,False,0.0,1.8572223132678696,1.8572223132678696,True,0.04,0.96,12.326289866387702,1.8572223132678696
2313302,Tauá,CE,2021,4,0.0,inpe_bdq_aqua_ref,climatology_regional_intensity12,0.0459407436022875,2021-04,2021-04,0.0459407436022875,False,0.0,1.903163056870157,1.903163056870157,True,0.04,0.96,12.326289866387702,1.8572223132678696
2313401,Tianguá,CE,2021,4,0.0,inpe_bdq_aqua_ref,climatology_regional_intensity12,0.0,2021-04,2021-04,0.0,False,0.0,1.8572223132678696,1.8572223132678696,True,0.04,0.96,12.326289866387702,1.8572223132678696
2300101,Abaiara,CE,2021,5,0.0,inpe_bdq_legacy,climatology_regional_intensity12,0.0459427816918531,2021-05,2021-05,0.0459427816918531,False,0.0,1.88627308874426,1.88627308874426,True,0.04,0.96,12.326289866387702,1.8403303070524069
2300200,Acaraú,CE,2021,5,1.0,inpe_bdq_aqua_ref,climatology_regional_intensity12,0.0459427816918531,2021-05,2021-05,0.9540572183081469,False,0.0,1.88627308874426,1.88627308874426,True,0.04,0.96,12.326289866387702,1.8403303070524069
2301307,Araripe,CE,2021,5,5.0,inpe_bdq_legacy,climatology_regional_intensity12,0.0,2021-05,2021-05,5.0,False,0.0,1.8403303070524069,1.8403303070524069,False,0.04,0.96,12.326289866387702,1.8403303070524069
2301604,Assaré,CE,2021,5,0.0,inpe_bdq_legacy,climatology_regional_intensity12,0.0,2021-05,2021-05,0.0,False,0.0,1.8403303070524069,1.8403303070524069,True,0.04,0.96,12.326289866387702,1.8403303070524069
2301901,Barbalha,CE,2021,5,0.0,inpe_bdq_aqua_ref,climatology_regional_intensity12,0.0,2021-05,2021-05,0.0,False,0.0,1.8403303070524069,1.8403303070524069,True,0.04,0.96,12.326289866387702,1.8403303070524069
2302503,Brejo Santo,CE,2021,5,0.0,inpe_bdq_legacy,climatology_regional_intensity12,0.0459427816918531,2021-05,2021-05,0.0459427816918531,False,0.0,1.88627308874426,1.88627308874426,True,0.04,0.96,12.326289866387702,1.8403303070524069
2302701,Campos Sales,CE,2021,5,0.0,inpe_bdq_aqua_ref,climatology_regional_intensity12,0.0,2021-05,2021-05,0.0,False,0.0,1.8403303070524069,1.8403303070524069,True,0.04,0.96,12.326289866387702,1.8403303070524069
2304103,Crateús,CE,2021,5,0.0,inpe_bdq_aqua_ref,climatology_regional_intensity12,0.0,2021-05,2021-05,0.0,False,0.0,1.8403303070524069,1.8403303070524069,True,0.04,0.96,12.326289866387702,1.8403303070524069
2304202,Crato,CE,2021,5,0.0,inpe_bdq_legacy,climatology_regional_intensity12,0.0459427816918531,2021-05,2021-05,0.0459427816918531,False,0.0,1.88627308874426,1.88627308874426,True,0.04,0.96,12.326289866387702,1.8403303070524069
2304400,Fortaleza,CE,2021,5,0.0,inpe_bdq_aqua_ref,climatology_regional_intensity12,0.0,2021-05,2021-05,0.0,False,0.0,1.8403303070524069,1.8403303070524069,True,0.04,0.96,12.326289866387702,1.8403303070524069
2305100,Guaramiranga,CE,2021,5,0.0,inpe_bdq_aqua_ref,climatology_regional_intensity12,0.0,2021-05,2021-05,0.0,False,0.0,1.8403303070524069,1.8403303070524069,True,0.04,0.96,12.326289866387702,1.8403303070524069
2305506,Iguatu,CE,2021,5,0.0,inpe_bdq_aqua_ref,climatology_regional_intensity12,0.0,2021-05,2021-05,0.0,False,0.0,1.8403303070524069,1.8403303070524069,True,0.04,0.96,12.326289866387702,1.8403303070524069
2306405,Itapipoca,CE,2021,5,0.0,inpe_bdq_aqua_ref,climatology_regional_intensity12,0.0918855633837062,2021-05,2021-05,0.0918855633837062,False,0.0,1.932215870436113,1.932215870436113,True,0.04,0.96,12.326289866387702,1.8403303070524069
2306900,Jaguaribe,CE,2021,5,0.0,inpe_bdq_aqua_ref,climatology_regional_intensity12,0.0,2021-05,2021-05,0.0,False,0.0,1.8403303070524069,1.8403303070524069,True,0.04,0.96,12.326289866387702,1.8403303070524069
2307007,Jaguaruana,CE,2021,5,0.0,inpe_bdq_aqua_ref,climatology_regional_intensity12,0.0459427816918531,2021-05,2021-05,0.0459427816918531,False,0.0,1.88627308874426,1.88627308874426,True,0.04,0.96,12.326289866387702,1.8403303070524069
2307106,Jardim,CE,2021,5,0.0,inpe_bdq_legacy,climatology_regional_intensity12,0.1378283450755594,2021-05,2021-05,0.1378283450755594,False,0.0,1.9781586521279664,1.9781586521279664,True,0.04,0.96,12.326289866387702,1.8403303070524069
2307205,Jati,CE,2021,5,0.0,inpe_bdq_legacy,climatology_regional_intensity12,0.0,2021-05,2021-05,0.0,False,0.0,1.8403303070524069,1.8403303070524069,True,0.04,0.96,12.326289866387702,1.8403303070524069
2307304,Juazeiro do Norte,CE,2021,5,0.0,inpe_bdq_legacy,climatology_regional_intensity12,0.0,2021-05,2021-05,0.0,False,0.0,1.8403303070524069,1.8403303070524069,True,0.04,0.96,12.326289866387702,1.8403303070524069
2308401,Missão Velha,CE,2021,5,0.0,inpe_bdq_legacy,climatology_regional_intensity12,0.0,2021-05,2021-05,0.0,False,0.0,1.8403303070524069,1.8403303070524069,True,0.04,0.96,12.326289866387702,1.8403303070524069
2308708,Morada Nova,CE,2021,5,0.0,inpe_bdq_aqua_ref,climatology_regional_intensity12,0.1837711267674125,2021-05,2021-05,0.1837711267674125,False,0.0,2.0241014338198196,2.0241014338198196,True,0.04,0.96,12.326289866387702,1.8403303070524069
2309201,Nova Olinda,CE,2021,5,0.0,inpe_bdq_legacy,climatology_regional_intensity12,0.1378283450755594,2021-05,2021-05,0.1378283450755594,False,0.0,1.9781586521279664,1.9781586521279664,True,0.04,0.96,12.326289866387702,1.8403303070524069
2310605,Penaforte,CE,2021,5,0.0,inpe_bdq_legacy,climatology_regional_intensity12,0.0,2021-05,2021-05,0.0,False,0.0,1.8403303070524069,1.8403303070524069,True,0.04,0.96,12.326289866387702,1.8403303070524069
2311108,Porteiras,CE,2021,5,0.0,inpe_bdq_legacy,climatology_regional_intensity12,0.0459427816918531,2021-05,2021-05,0.0459427816918531,False,0.0,1.88627308874426,1.88627308874426,True,0.04,0.96,12.326289866387702,1.8403303070524069
2311207,Potengi,CE,2021,5,0.0,inpe_bdq_legacy,climatology_regional_intensity12,0.0459427816918531,2021-05,2021-05,0.0459427816918531,False,0.0,1.88627308874426,1.88627308874426,True,0.04,0.96,12.326289866387702,1.8403303070524069
2311306,Quixadá,CE,2021,5,0.0,inpe_bdq_aqua_ref,climatology_regional_intensity12,0.1378283450755594,2021-05,2021-05,0.1378283450755594,False,0.0,1.9781586521279664,1.9781586521279664,True,0.04,0.96,12.326289866387702,1.8403303070524069
2311405,Quixeramobim,CE,2021,5,0.0,inpe_bdq_aqua_ref,climatology_regional_intensity12,0.0,2021-05,2021-05,0.0,False,0.0,1.8403303070524069,1.8403303070524069,True,0.04,0.96,12.326289866387702,1.8403303070524069
2311959,Salitre,CE,2021,5,0.0,inpe_bdq_legacy,climatology_regional_intensity12,0.0459427816918531,2021-05,2021-05,0.0459427816918531,False,0.0,1.88627308874426,1.88627308874426,True,0.04,0.96,12.326289866387702,1.8403303070524069
2312106,Santana do Cariri,CE,2021,5,0.0,inpe_bdq_legacy,climatology_regional_intensity12,0.0,2021-05,2021-05,0.0,False,0.0,1.8403303070524069,1.8403303070524069,True,0.04,0.96,12.326289866387702,1.8403303070524069
2312908,Sobral,CE,2021,5,0.0,inpe_bdq_aqua_ref,climatology_regional_intensity12,0.0,2021-05,2021-05,0.0,False,0.0,1.8403303070524069,1.8403303070524069,True,0.04,0.96,12.326289866387702,1.8403303070524069
2313302,Tauá,CE,2021,5,2.0,inpe_bdq_aqua_ref,climatology_regional_intensity12,0.0,2021-05,2021-05,2.0,False,0.0,1.8403303070524069,1.8403303070524069,False,0.04,0.96,12.326289866387702,1.8403303070524069
2313401,Tianguá,CE,2021,5,1.0,inpe_bdq_aqua_ref,climatology_regional_intensity12,0.0,2021-05,2021-05,1.0,False,0.0,1.8403303070524069,1.8403303070524069,True,0.04,0.96,12.326289866387702,1.8403303070524069
2300101,Abaiara,CE,2021,6,3.0,inpe_bdq_legacy,climatology_regional_intensity12,0.0,2021-06,2021-06,3.0,False,0.0,1.840624081753735,1.840624081753735,False,0.04,0.96,12.326289866387702,1.840624081753735
2300200,Acaraú,CE,2021,6,0.0,inpe_bdq_aqua_ref,climatology_regional_intensity12,0.3699553462527111,2021-06,2021-06,0.3699553462527111,False,0.0,2.210579428006446,2.210579428006446,True,0.04,0.96,12.326289866387702,1.840624081753735
2301307,Araripe,CE,2021,6,1.0,inpe_bdq_legacy,climatology_regional_intensity12,0.0462444182815888,2021-06,2021-06,0.9537555817184112,False,0.0,1.8868685000353238,1.8868685000353238,True,0.04,0.96,12.326289866387702,1.840624081753735
2301604,Assaré,CE,2021,6,0.0,inpe_bdq_legacy,climatology_regional_intensity12,0.0,2021-06,2021-06,0.0,False,0.0,1.840624081753735,1.840624081753735,True,0.04,0.96,12.326289866387702,1.840624081753735
2301901,Barbalha,CE,2021,6,0.0,inpe_bdq_aqua_ref,climatology_regional_intensity12,0.1387332548447666,2021-06,2021-06,0.1387332548447666,False,0.0,1.9793573365985015,1.9793573365985015,True,0.04,0.96,12.326289866387702,1.840624081753735
2302503,Brejo Santo,CE,2021,6,4.0,inpe_bdq_legacy,climatology_regional_intensity12,0.0,2021-06,2021-06,4.0,False,0.0,1.840624081753735,1.840624081753735,False,0.04,0.96,12.326289866387702,1.840624081753735
2302701,Campos Sales,CE,2021,6,0.0,inpe_bdq_aqua_ref,climatology_regional_intensity12,0.0,2021-06,2021-06,0.0,False,0.0,1.840624081753735,1.840624081753735,True,0.04,0.96,12.326289866387702,1.840624081753735
2304103,Crateús,CE,2021,6,0.0,inpe_bdq_aqua_ref,climatology_regional_intensity12,0.2312220914079444,2021-06,2021-06,0.2312220914079444,False,0.0,2.0718461731616795,2.0718461731616795,True,0.04,0.96,12.326289866387702,1.840624081753735
2304202,Crato,CE,2021,6,0.0,inpe_bdq_legacy,climatology_regional_intensity12,0.0462444182815888,2021-06,2021-06,0.0462444182815888,False,0.0,1.8868685000353238,1.8868685000353238,True,0.04,0.96,12.326289866387702,1.840624081753735
2304400,Fortaleza,CE,2021,6,0.0,inpe_bdq_aqua_ref,climatology_regional_intensity12,0.0,2021-06,2021-06,0.0,False,0.0,1.840624081753735,1.840624081753735,True,0.04,0.96,12.326289866387702,1.840624081753735
2305100,Guaramiranga,CE,2021,6,0.0,inpe_bdq_aqua_ref,climatology_regional_intensity12,0.0,2021-06,2021-06,0.0,False,0.0,1.840624081753735,1.840624081753735,True,0.04,0.96,12.326289866387702,1.840624081753735
2305506,Iguatu,CE,2021,6,2.0,inpe_bdq_aqua_ref,climatology_regional_intensity12,0.1387332548447666,2021-06,2021-06,1.8612667451552334,False,0.0,1.9793573365985015,1.9793573365985015,False,0.04,0.96,12.326289866387702,1.840624081753735
2306405,Itapipoca,CE,2021,6,2.0,inpe_bdq_aqua_ref,climatology_regional_intensity12,0.4624441828158889,2021-06,2021-06,1.537555817184111,False,0.0,2.3030682645696237,2.3030682645696237,True,0.04,0.96,12.326289866387702,1.840624081753735
2306900,Jaguaribe,CE,2021,6,0.0,inpe_bdq_aqua_ref,climatology_regional_intensity12,0.0924888365631777,2021-06,2021-06,0.0924888365631777,False,0.0,1.9331129183169127,1.9331129183169127,True,0.04,0.96,12.326289866387702,1.840624081753735
2307007,Jaguaruana,CE,2021,6,0.0,inpe_bdq_aqua_ref,climatology_regional_intensity12,0.0,2021-06,2021-06,0.0,False,0.0,1.840624081753735,1.840624081753735,True,0.04,0.96,12.326289866387702,1.840624081753735
2307106,Jardim,CE,2021,6,0.0,inpe_bdq_legacy,climatology_regional_intensity12,0.0462444182815888,2021-06,2021-06,0.0462444182815888,False,0.0,1.8868685000353238,1.8868685000353238,True,0.04,0.96,12.326289866387702,1.840624081753735
2307205,Jati,CE,2021,6,0.0,inpe_bdq_legacy,climatology_regional_intensity12,0.0,2021-06,2021-06,0.0,False,0.0,1.840624081753735,1.840624081753735,True,0.04,0.96,12.326289866387702,1.840624081753735
2307304,Juazeiro do Norte,CE,2021,6,0.0,inpe_bdq_legacy,climatology_regional_intensity12,0.0,2021-06,2021-06,0.0,False,0.0,1.840624081753735,1.840624081753735,True,0.04,0.96,12.326289866387702,1.840624081753735
2308401,Missão Velha,CE,2021,6,0.0,inpe_bdq_legacy,climatology_regional_intensity12,0.0924888365631777,2021-06,2021-06,0.0924888365631777,False,0.0,1.9331129183169127,1.9331129183169127,True,0.04,0.96,12.326289866387702,1.840624081753735
2308708,Morada Nova,CE,2021,6,0.0,inpe_bdq_aqua_ref,climatology_regional_intensity12,0.1387332548447666,2021-06,2021-06,0.1387332548447666,False,0.0,1.9793573365985015,1.9793573365985015,True,0.04,0.96,12.326289866387702,1.840624081753735
2309201,Nova Olinda,CE,2021,6,0.0,inpe_bdq_legacy,climatology_regional_intensity12,0.0,2021-06,2021-06,0.0,False,0.0,1.840624081753735,1.840624081753735,True,0.04,0.96,12.326289866387702,1.840624081753735
2310605,Penaforte,CE,2021,6,0.0,inpe_bdq_legacy,climatology_regional_intensity12,0.0,2021-06,2021-06,0.0,False,0.0,1.840624081753735,1.840624081753735,True,0.04,0.96,12.326289866387702,1.840624081753735
2311108,Porteiras,CE,2021,6,0.0,inpe_bdq_legacy,climatology_regional_intensity12,0.0462444182815888,2021-06,2021-06,0.0462444182815888,False,0.0,1.8868685000353238,1.8868685000353238,True,0.04,0.96,12.326289866387702,1.840624081753735
2311207,Potengi,CE,2021,6,0.0,inpe_bdq_legacy,climatology_regional_intensity12,0.0,2021-06,2021-06,0.0,False,0.0,1.840624081753735,1.840624081753735,True,0.04,0.96,12.326289866387702,1.840624081753735
2311306,Quixadá,CE,2021,6,1.0,inpe_bdq_aqua_ref,climatology_regional_intensity12,0.0462444182815888,2021-06,2021-06,0.9537555817184112,False,0.0,1.8868685000353238,1.8868685000353238,True,0.04,0.96,12.326289866387702,1.840624081753735
2311405,Quixeramobim,CE,2021,6,1.0,inpe_bdq_aqua_ref,climatology_regional_intensity12,0.1387332548447666,2021-06,2021-06,0.8612667451552334,False,0.0,1.9793573365985015,1.9793573365985015,True,0.04,0.96,12.326289866387702,1.840624081753735
2311959,Salitre,CE,2021,6,0.0,inpe_bdq_legacy,climatology_regional_intensity12,0.0924888365631777,2021-06,2021-06,0.0924888365631777,False,0.0,1.9331129183169127,1.9331129183169127,True,0.04,0.96,12.326289866387702,1.840624081753735
2312106,Santana do Cariri,CE,2021,6,0.0,inpe_bdq_legacy,climatology_regional_intensity12,0.0,2021-06,2021-06,0.0,False,0.0,1.840624081753735,1.840624081753735,True,0.04,0.96,12.326289866387702,1.840624081753735
2312908,Sobral,CE,2021,6,0.0,inpe_bdq_aqua_ref,climatology_regional_intensity12,0.1849776731263555,2021-06,2021-06,0.1849776731263555,False,0.0,2.0256017548800904,2.0256017548800904,True,0.04,0.96,12.326289866387702,1.840624081753735
2313302,Tauá,CE,2021,6,0.0,inpe_bdq_aqua_ref,climatology_regional_intensity12,0.0924888365631777,2021-06,2021-06,0.0924888365631777,False,0.0,1.9331129183169127,1.9331129183169127,True,0.04,0.96,12.326289866387702,1.840624081753735
2313401,Tianguá,CE,2021,6,0.0,inpe_bdq_aqua_ref,climatology_regional_intensity12,0.0924888365631777,2021-06,2021-06,0.0924888365631777,False,0.0,1.9331129183169127,1.9331129183169127,True,0.04,0.96,12.326289866387702,1.840624081753735
2300101,Abaiara,CE,2021,7,0.0,inpe_bdq_legacy,climatology_regional_intensity12,0.1400938693658012,2021-07,2021-07,0.1400938693658012,False,0.0,2.0013606145210345,2.0013606145210345,True,0.04,0.96,12.326289866387702,1.8612667451552334
2300200,Acaraú,CE,2021,7,2.0,inpe_bdq_aqua_ref,climatology_regional_intensity12,1.12075095492641,2021-07,2021-07,0.8792490450735899,False,0.0,2.9820177000816432,2.9820177000816432,True,0.04,0.96,12.326289866387702,1.8612667451552334
2301307,Araripe,CE,2021,7,0.0,inpe_bdq_legacy,climatology_regional_intensity12,0.2801877387316024,2021-07,2021-07,0.2801877387316024,False,0.0,2.141454483886836,2.141454483886836,True,0.04,0.96,12.326289866387702,1.8612667451552334
2301604,Assaré,CE,2021,7,0.0,inpe_bdq_legacy,climatology_regional_intensity12,0.046697956455267,2021-07,2021-07,0.046697956455267,False,0.0,1.9079647016105004,1.9079647016105004,True,0.04,0.96,12.326289866387702,1.8612667451552334
2301901,Barbalha,CE,2021,7,0.0,inpe_bdq_aqua_ref,climatology_regional_intensity12,0.1764145021643422,2021-07,2021-07,0.1764145021643422,False,0.0,2.0376812473195756,2.0376812473195756,True,0.04,0.96,12.326289866387702,1.8612667451552334
2302503,Brejo Santo,CE,2021,7,0.0,inpe_bdq_legacy,climatology_regional_intensity12,0.1867918258210683,2021-07,2021-07,0.1867918258210683,False,0.0,2.0480585709763015,2.0480585709763015,True,0.04,0.96,12.326289866387702,1.8612667451552334
2302701,Campos Sales,CE,2021,7,1.0,inpe_bdq_aqua_ref,climatology_regional_intensity12,0.0,2021-07,2021-07,1.0,False,0.0,1.8612667451552334,1.8612667451552334,True,0.04,0.96,12.326289866387702,1.8612667451552334
2304103,Crateús,CE,2021,7,2.0,inpe_bdq_aqua_ref,climatology_regional_intensity12,0.4202816080974036,2021-07,2021-07,1.5797183919025963,False,0.0,2.281548353252637,2.281548353252637,True,0.04,0.96,12.326289866387702,1.8612667451552334
2304202,Crato,CE,2021,7,0.0,inpe_bdq_legacy,climatology_regional_intensity12,0.0,2021-07,2021-07,0.0,False,0.0,1.8612667451552334,1.8612667451552334,True,0.04,0.96,12.326289866387702,1.8612667451552334
2304400,Fortaleza,CE,2021,7,0.0,inpe_bdq_aqua_ref,climatology_regional_intensity12,0.046697956455267,2021-07,2021-07,0.046697956455267,False,0.0,1.9079647016105004,1.9079647016105004,True,0.04,0.96,12.326289866387702,1.8612667451552334
2305100,Guaramiranga,CE,2021,7,0.0,inpe_bdq_aqua_ref,climatology_regional_intensity12,0.0,2021-07,2021-07,0.0,False,0.0,1.8612667451552334,1.8612667451552334,True,0.04,0.96,12.326289866387702,1.8612667451552334
2305506,Iguatu,CE,2021,7,0.0,inpe_bdq_aqua_ref,climatology_regional_intensity12,0.7938652597395403,2021-07,2021-07,0.7938652597395403,False,0.0,2.6551320048947735,2.6551320048947735,True,0.04,0.96,12.326289866387702,1.8612667451552334
2306405,Itapipoca,CE,2021,7,2.0,inpe_bdq_aqua_ref,climatology_regional_intensity12,0.653771390373739,2021-07,2021-07,1.346228609626261,False,0.0,2.5150381355289726,2.5150381355289726,True,0.04,0.96,12.326289866387702,1.8612667451552334
2306900,Jaguaribe,CE,2021,7,1.0,inpe_bdq_aqua_ref,climatology_regional_intensity12,0.0933959129105341,2021-07,2021-07,0.9066040870894659,False,0.0,1.9546626580657676,1.9546626580657676,True,0.04,0.96,12.326289866387702,1.8612667451552334
2307007,Jaguaruana,CE,2021,7,0.0,inpe_bdq_aqua_ref,climatology_regional_intensity12,0.1867918258210683,2021-07,2021-07,0.1867918258210683,False,0.0,2.0480585709763015,2.0480585709763015,True,0.04,0.96,12.326289866387702,1.8612667451552334
2307106,Jardim,CE,2021,7,0.0,inpe_bdq_legacy,climatology_regional_intensity12,0.046697956455267,2021-07,2021-07,0.046697956455267,False,0.0,1.9079647016105004,1.9079647016105004,True,0.04,0.96,12.326289866387702,1.8612667451552334
2307205,Jati,CE,2021,7,0.0,inpe_bdq_legacy,climatology_regional_intensity12,0.0,2021-07,2021-07,0.0,False,0.0,1.8612667451552334,1.8612667451552334,True,0.04,0.96,12.326289866387702,1.8612667451552334
2307304,Juazeiro do Norte,CE,2021,7,0.0,inpe_bdq_legacy,climatology_regional_intensity12,0.2334897822763353,2021-07,2021-07,0.2334897822763353,False,0.0,2.0947565274315685,2.0947565274315685,True,0.04,0.96,12.326289866387702,1.8612667451552334
2308401,Missão Velha,CE,2021,7,0.0,inpe_bdq_legacy,climatology_regional_intensity12,0.0933959129105341,2021-07,2021-07,0.0933959129105341,False,0.0,1.9546626580657676,1.9546626580657676,True,0.04,0.96,12.326289866387702,1.8612667451552334
2308708,Morada Nova,CE,2021,7,0.0,inpe_bdq_aqua_ref,climatology_regional_intensity12,0.0,2021-07,2021-07,0.0,False,0.0,1.8612667451552334,1.8612667451552334,True,0.04,0.96,12.326289866387702,1.8612667451552334
2309201,Nova Olinda,CE,2021,7,0.0,inpe_bdq_legacy,climatology_regional_intensity12,0.3735836516421366,2021-07,2021-07,0.3735836516421366,False,0.0,2.23485039679737,2.23485039679737,True,0.04,0.96,12.326289866387702,1.8612667451552334
2310605,Penaforte,CE,2021,7,0.0,inpe_bdq_legacy,climatology_regional_intensity12,0.0,2021-07,2021-07,0.0,False,0.0,1.8612667451552334,1.8612667451552334,True,0.04,0.96,12.326289866387702,1.8612667451552334
2311108,Porteiras,CE,2021,7,0.0,inpe_bdq_legacy,climatology_regional_intensity12,0.1400938693658012,2021-07,2021-07,0.1400938693658012,False,0.0,2.0013606145210345,2.0013606145210345,True,0.04,0.96,12.326289866387702,1.8612667451552334
2311207,Potengi,CE,2021,7,0.0,inpe_bdq_legacy,climatology_regional_intensity12,0.0933959129105341,2021-07,2021-07,0.0933959129105341,False,0.0,1.9546626580657676,1.9546626580657676,True,0.04,0.96,12.326289866387702,1.8612667451552334
2311306,Quixadá,CE,2021,7,0.0,inpe_bdq_aqua_ref,climatology_regional_intensity12,0.3735836516421366,2021-07,2021-07,0.3735836516421366,False,0.0,2.23485039679737,2.23485039679737,True,0.04,0.96,12.326289866387702,1.8612667451552334
2311405,Quixeramobim,CE,2021,7,0.0,inpe_bdq_aqua_ref,climatology_regional_intensity12,0.2801877387316024,2021-07,2021-07,0.2801877387316024,False,0.0,2.141454483886836,2.141454483886836,True,0.04,0.96,12.326289866387702,1.8612667451552334
2311959,Salitre,CE,2021,7,0.0,inpe_bdq_legacy,climatology_regional_intensity12,0.046697956455267,2021-07,2021-07,0.046697956455267,False,0.0,1.9079647016105004,1.9079647016105004,True,0.04,0.96,12.326289866387702,1.8612667451552334
2312106,Santana do Cariri,CE,2021,7,0.0,inpe_bdq_legacy,climatology_regional_intensity12,0.2801877387316024,2021-07,2021-07,0.2801877387316024,False,0.0,2.141454483886836,2.141454483886836,True,0.04,0.96,12.326289866387702,1.8612667451552334
2312908,Sobral,CE,2021,7,0.0,inpe_bdq_aqua_ref,climatology_regional_intensity12,0.6070734339184719,2021-07,2021-07,0.6070734339184719,False,0.0,2.468340179073705,2.468340179073705,True,0.04,0.96,12.326289866387702,1.8612667451552334
2313302,Tauá,CE,2021,7,0.0,inpe_bdq_aqua_ref,climatology_regional_intensity12,0.1867918258210683,2021-07,2021-07,0.1867918258210683,False,0.0,2.0480585709763015,2.0480585709763015,True,0.04,0.96,12.326289866387702,1.8612667451552334
2313401,Tianguá,CE,2021,7,3.0,inpe_bdq_aqua_ref,climatology_regional_intensity12,0.2334897822763353,2021-07,2021-07,2.7665102177236647,False,0.0,2.0947565274315685,2.0947565274315685,False,0.04,0.96,12.326289866387702,1.8612667451552334
2300101,Abaiara,CE,2021,8,0.0,inpe_bdq_legacy,climatology_regional_intensity12,0.3238742972290193,2021-08,2021-08,0.3238742972290193,True,0.0,12.650164163616722,12.650164163616722,True,0.04,0.96,12.326289866387702,1.8612667451552334
2300200,Acaraú,CE,2021,8,6.0,inpe_bdq_aqua_ref,climatology_regional_intensity12,1.0641584051810633,2021-08,2021-08,4.935841594818937,True,0.0,13.390448271568765,13.390448271568765,True,0.04,0.96,12.326289866387702,1.8612667451552334
2301307,Araripe,CE,2021,8,1.0,inpe_bdq_legacy,climatology_regional_intensity12,0.7865518646990468,2021-08,2021-08,0.2134481353009532,True,0.0,13.11284173108675,13.11284173108675,True,0.04,0.96,12.326289866387702,1.8612667451552334
2301604,Assaré,CE,2021,8,0.0,inpe_bdq_legacy,climatology_regional_intensity12,0.8328196214460496,2021-08,2021-08,0.8328196214460496,True,0.0,13.159109487833751,13.159109487833751,True,0.04,0.96,12.326289866387702,1.8612667451552334
2301901,Barbalha,CE,2021,8,2.0,inpe_bdq_aqua_ref,climatology_regional_intensity12,0.8739465163322743,2021-08,2021-08,1.1260534836677256,True,0.0,13.200236382719977,13.200236382719977,True,0.04,0.96,12.326289866387702,1.8612667451552334
2302503,Brejo Santo,CE,2021,8,0.0,inpe_bdq_legacy,climatology_regional_intensity12,0.1388032702410082,2021-08,2021-08,0.1388032702410082,True,0.0,12.46509313662871,12.46509313662871,True,0.04,0.96,12.326289866387702,1.8612667451552334
2302701,Campos Sales,CE,2021,8,0.0,inpe_bdq_aqua_ref,climatology_regional_intensity12,0.2313387837350137,2021-08,2021-08,0.2313387837350137,True,0.0,12.557628650122716,12.557628650122716,True,0.04,0.96,12.326289866387702,1.8612667451552334
2304103,Crateús,CE,2021,8,1.0,inpe_bdq_aqua_ref,climatology_regional_intensity12,1.943245783374116,2021-08,2021-08,0.9432457833741159,True,0.0,14.269535649761817,14.269535649761817,True,0.04,0.96,12.326289866387702,1.8612667451552334
2304202,Crato,CE,2021,8,0.0,inpe_bdq_legacy,climatology_regional_intensity12,1.2672224486817978,2021-08,2021-08,1.2672224486817978,True,0.0,13.5935123150695,13.5935123150695,True,0.04,0.96,12.326289866387702,1.8612667451552334
2304400,Fortaleza,CE,2021,8,0.0,inpe_bdq_aqua_ref,climatology_regional_intensity12,0.3146207458796187,2021-08,2021-08,0.3146207458796187,True,0.0,12.640910612267321,12.640910612267321,True,0.04,0.96,12.326289866387702,1.8612667451552334
2305100,Guaramiranga,CE,2021,8,0.0,inpe_bdq_aqua_ref,climatology_regional_intensity12,0.0,2021-08,2021-08,0.0,True,0.0,12.326289866387702,12.326289866387702,True,0.04,0.96,12.326289866387702,1.8612667451552334
2305506,Iguatu,CE,2021,8,2.0,inpe_bdq_aqua_ref,climatology_regional_intensity12,1.1566939186750689,2021-08,2021-08,0.8433060813249311,True,0.0,13.482983785062771,13.482983785062771,True,0.04,0.96,12.326289866387702,1.8612667451552334
2306405,Itapipoca,CE,2021,8,1.0,inpe_bdq_aqua_ref,climatology_regional_intensity12,2.4984588643381485,2021-08,2021-08,1.4984588643381485,True,0.0,14.824748730725851,14.824748730725851,True,0.04,0.96,12.326289866387702,1.8612667451552334
2306900,Jaguaribe,CE,2021,8,0.0,inpe_bdq_aqua_ref,climatology_regional_intensity12,0.6940163512050412,2021-08,2021-08,0.6940163512050412,True,0.0,13.020306217592744,13.020306217592744,True,0.04,0.96,12.326289866387702,1.8612667451552334
2307007,Jaguaruana,CE,2021,8,1.0,inpe_bdq_aqua_ref,climatology_regional_intensity12,0.7865518646990468,2021-08,2021-08,0.2134481353009532,True,0.0,13.11284173108675,13.11284173108675,True,0.04,0.96,12.326289866387702,1.8612667451552334
2307106,Jardim,CE,2021,8,0.0,inpe_bdq_legacy,climatology_regional_intensity12,0.1388032702410082,2021-08,2021-08,0.1388032702410082,True,0.0,12.46509313662871,12.46509313662871,True,0.04,0.96,12.326289866387702,1.8612667451552334
2307205,Jati,CE,2021,8,0.0,inpe_bdq_legacy,climatology_regional_intensity12,0.0,2021-08,2021-08,0.0,True,0.0,12.326289866387702,12.326289866387702,True,0.04,0.96,12.326289866387702,1.8612667451552334
2307304,Juazeiro do Norte,CE,2021,8,1.0,inpe_bdq_legacy,climatology_regional_intensity12,0.5899138985242851,2021-08,2021-08,0.4100861014757149,True,0.0,12.916203764911987,12.916203764911987,True,0.04,0.96,12.326289866387702,1.8612667451552334
2308401,Missão Velha,CE,2021,8,1.0,inpe_bdq_legacy,climatology_regional_intensity12,0.4626775674700275,2021-08,2021-08,0.5373224325299726,True,0.0,12.78896743385773,12.78896743385773,True,0.04,0.96,12.326289866387702,1.8612667451552334
2308708,Morada Nova,CE,2021,8,0.0,inpe_bdq_aqua_ref,climatology_regional_intensity12,1.0641584051810633,2021-08,2021-08,1.0641584051810633,True,0.0,13.390448271568765,13.390448271568765,True,0.04,0.96,12.326289866387702,1.8612667451552334
2309201,Nova Olinda,CE,2021,8,0.0,inpe_bdq_legacy,climatology_regional_intensity12,0.185071026988011,2021-08,2021-08,0.185071026988011,True,0.0,12.511360893375713,12.511360893375713,True,0.04,0.96,12.326289866387702,1.8612667451552334
2311108,Porteiras,CE,2021,8,0.0,inpe_bdq_legacy,climatology_regional_intensity12,0.0524367909799364,2021-08,2021-08,0.0524367909799364,True,0.0,12.378726657367638,12.378726657367638,True,0.04,0.96,12.326289866387702,1.8612667451552334
2311207,Potengi,CE,2021,8,0.0,inpe_bdq_legacy,climatology_regional_intensity12,0.0,2021-08,2021-08,0.0,True,0.0,12.326289866387702,12.326289866387702,True,0.04,0.96,12.326289866387702,1.8612667451552334
2311306,Quixadá,CE,2021,8,4.0,inpe_bdq_aqua_ref,climatology_regional_intensity12,0.6940163512050412,2021-08,2021-08,3.3059836487949585,True,0.0,13.020306217592744,13.020306217592744,True,0.04,0.96,12.326289866387702,1.8612667451552334
2311405,Quixeramobim,CE,2021,8,0.0,inpe_bdq_aqua_ref,climatology_regional_intensity12,0.9716228916870578,2021-08,2021-08,0.9716228916870578,True,0.0,13.29791275807476,13.29791275807476,True,0.04,0.96,12.326289866387702,1.8612667451552334
2311959,Salitre,CE,2021,8,1.0,inpe_bdq_legacy,climatology_regional_intensity12,0.2621839548996822,2021-08,2021-08,0.7378160451003177,True,0.0,12.588473821287383,12.588473821287383,True,0.04,0.96,12.326289866387702,1.8612667451552334
2312106,Santana do Cariri,CE,2021,8,0.0,inpe_bdq_legacy,climatology_regional_intensity12,0.611762561432592,2021-08,2021-08,0.611762561432592,True,0.0,12.938052427820294,12.938052427820294,True,0.04,0.96,12.326289866387702,1.8612667451552334
2312908,Sobral,CE,2021,8,1.0,inpe_bdq_aqua_ref,climatology_regional_intensity12,5.1819887556643085,2021-08,2021-08,4.1819887556643085,True,0.0,17.50827862205201,17.50827862205201,True,0.04,0.96,12.326289866387702,1.8612667451552334
2313302,Tauá,CE,2021,8,1.0,inpe_bdq_aqua_ref,climatology_regional_intensity12,0.4626775674700275,2021-08,2021-08,0.5373224325299726,True,0.0,12.78896743385773,12.78896743385773,True,0.04,0.96,12.326289866387702,1.8612667451552334
2313401,Tianguá,CE,2021,8,1.0,inpe_bdq_aqua_ref,climatology_regional_intensity12,0.740284107952044,2021-08,2021-08,0.259715892047956,True,0.0,13.066573974339747,13.066573974339747,True,0.04,0.96,12.326289866387702,1.8612667451552334
2300101,Abaiara,CE,2021,9,0.0,inpe_bdq_legacy,climatology_regional_intensity12,0.229291364833523,2021-09,2021-09,0.229291364833523,True,0.0,12.447223354986429,12.447223354986429,True,0.04,0.96,12.217931990152906,1.8612667451552334
2300200,Acaraú,CE,2021,9,1.0,inpe_bdq_aqua_ref,climatology_regional_intensity12,1.4674647349345475,2021-09,2021-09,0.46746473493454754,True,0.0,13.685396725087454,13.685396725087454,True,0.04,0.96,12.217931990152906,1.8612667451552334
2301307,Araripe,CE,2021,9,9.0,inpe_bdq_legacy,climatology_regional_intensity12,5.716998029849175,2021-09,2021-09,3.283001970150825,True,0.0,17.93493002000208,17.93493002000208,True,0.04,0.96,12.217931990152906,1.8612667451552334
2301604,Assaré,CE,2021,9,0.0,inpe_bdq_legacy,climatology_regional_intensity12,1.0827647783805254,2021-09,2021-09,1.0827647783805254,True,0.0,13.300696768533431,13.300696768533431,True,0.04,0.96,12.217931990152906,1.8612667451552334
2301901,Barbalha,CE,2021,9,3.0,inpe_bdq_aqua_ref,climatology_regional_intensity12,2.078908374490609,2021-09,2021-09,0.921091625509391,True,0.0,14.296840364643515,14.296840364643515,True,0.04,0.96,12.217931990152906,1.8612667451552334
2302503,Brejo Santo,CE,2021,9,1.0,inpe_bdq_legacy,climatology_regional_intensity12,1.1260753695157466,2021-09,2021-09,0.1260753695157466,True,0.0,13.344007359668652,13.344007359668652,True,0.04,0.96,12.217931990152906,1.8612667451552334
2302701,Campos Sales,CE,2021,9,2.0,inpe_bdq_aqua_ref,climatology_regional_intensity12,1.0394541872453045,2021-09,2021-09,0.9605458127546955,True,0.0,13.25738617739821,13.25738617739821,True,0.04,0.96,12.217931990152906,1.8612667451552334
2304103,Crateús,CE,2021,9,11.0,inpe_bdq_aqua_ref,climatology_regional_intensity12,2.38463019426864,2021-09,2021-09,8.61536980573136,True,0.0,14.602562184421545,14.602562184421545,True,0.04,0.96,12.217931990152906,1.8612667451552334
2304202,Crato,CE,2021,9,11.0,inpe_bdq_legacy,climatology_regional_intensity12,2.8584990149245875,2021-09,2021-09,8.141500985075412,True,0.0,15.076431005077493,15.076431005077493,True,0.04,0.96,12.217931990152906,1.8612667451552334
2304400,Fortaleza,CE,2021,9,0.0,inpe_bdq_aqua_ref,climatology_regional_intensity12,0.6236725123471828,2021-09,2021-09,0.6236725123471828,True,0.0,12.841604502500088,12.841604502500088,True,0.04,0.96,12.217931990152906,1.8612667451552334
2305100,Guaramiranga,CE,2021,9,0.0,inpe_bdq_aqua_ref,climatology_regional_intensity12,0.0,2021-09,2021-09,0.0,True,0.0,12.217931990152906,12.217931990152906,True,0.04,0.96,12.217931990152906,1.8612667451552334
2305506,Iguatu,CE,2021,9,3.0,inpe_bdq_aqua_ref,climatology_regional_intensity12,3.439370472502846,2021-09,2021-09,0.439370472502846,True,0.0,15.657302462655752,15.657302462655752,True,0.04,0.96,12.217931990152906,1.8612667451552334
2306405,Itapipoca,CE,2021,9,2.0,inpe_bdq_aqua_ref,climatology_regional_intensity12,2.7973546509689813,2021-09,2021-09,0.7973546509689813,True,0.0,15.015286641121886,15.015286641121886,True,0.04,0.96,12.217931990152906,1.8612667451552334
2306900,Jaguaribe,CE,2021,9,0.0,inpe_bdq_aqua_ref,climatology_regional_intensity12,0.825448913400683,2021-09,2021-09,0.825448913400683,True,0.0,13.043380903553588,13.043380903553588,True,0.04,0.96,12.217931990152906,1.8612667451552334
2307007,Jaguaruana,CE,2021,9,0.0,inpe_bdq_aqua_ref,climatology_regional_intensity12,0.7196221296313647,2021-09,2021-09,0.7196221296313647,True,0.0,12.93755411978427,12.93755411978427,True,0.04,0.96,12.217931990152906,1.8612667451552334
2307106,Jardim,CE,2021,9,3.0,inpe_bdq_legacy,climatology_regional_intensity12,1.1464568241676154,2021-09,2021-09,1.8535431758323846,True,0.0,13.36438881432052,13.36438881432052,True,0.04,0.96,12.217931990152906,1.8612667451552334
2307205,Jati,CE,2021,9,0.0,inpe_bdq_legacy,climatology_regional_intensity12,0.4331059113522102,2021-09,2021-09,0.4331059113522102,True,0.0,12.651037901505116,12.651037901505116,True,0.04,0.96,12.217931990152906,1.8612667451552334
2307304,Juazeiro do Norte,CE,2021,9,3.0,inpe_bdq_legacy,climatology_regional_intensity12,0.7308662254068548,2021-09,2021-09,2.2691337745931452,True,0.0,12.94879821555976,12.94879821555976,True,0.04,0.96,12.217931990152906,1.8612667451552334
2308401,Missão Velha,CE,2021,9,1.0,inpe_bdq_legacy,climatology_regional_intensity12,2.55532487697804,2021-09,2021-09,1.5553248769780401,True,0.0,14.773256867130947,14.773256867130947,True,0.04,0.96,12.217931990152906,1.8612667451552334
2308708,Morada Nova,CE,2021,9,0.0,inpe_bdq_aqua_ref,climatology_regional_intensity12,1.2381733701010245,2021-09,2021-09,1.2381733701010245,True,0.0,13.45610536025393,13.45610536025393,True,0.04,0.96,12.217931990152906,1.8612667451552334
2309201,Nova Olinda,CE,2021,9,2.0,inpe_bdq_legacy,climatology_regional_intensity12,0.59615754856716,2021-09,2021-09,1.40384245143284,True,0.0,12.814089538720065,12.814089538720065,True,0.04,0.96,12.217931990152906,1.8612667451552334
2311108,Porteiras,CE,2021,9,0.0,inpe_bdq_legacy,climatology_regional_intensity12,0.7795906404339784,2021-09,2021-09,0.7795906404339784,True,0.0,12.997522630586884,12.997522630586884,True,0.04,0.96,12.217931990152906,1.8612667451552334
2311207,Potengi,CE,2021,9,1.0,inpe_bdq_legacy,climatology_regional_intensity12,0.9528330049748626,2021-09,2021-09,0.04716699502513744,True,0.0,13.170764995127769,13.170764995127769,True,0.04,0.96,12.217931990152906,1.8612667451552334
2311306,Quixadá,CE,2021,9,6.0,inpe_bdq_aqua_ref,climatology_regional_intensity12,2.6597798320688675,2021-09,2021-09,3.3402201679311325,True,0.0,14.877711822221773,14.877711822221773,True,0.04,0.96,12.217931990152906,1.8612667451552334
2311405,Quixeramobim,CE,2021,9,2.0,inpe_bdq_aqua_ref,climatology_regional_intensity12,2.476346740202049,2021-09,2021-09,0.4763467402020489,True,0.0,14.694278730354954,14.694278730354954,True,0.04,0.96,12.217931990152906,1.8612667451552334
2311959,Salitre,CE,2021,9,0.0,inpe_bdq_legacy,climatology_regional_intensity12,1.3426283251918518,2021-09,2021-09,1.3426283251918518,True,0.0,13.560560315344757,13.560560315344757,True,0.04,0.96,12.217931990152906,1.8612667451552334
2312106,Santana do Cariri,CE,2021,9,6.0,inpe_bdq_legacy,climatology_regional_intensity12,2.685256650383704,2021-09,2021-09,3.314743349616296,True,0.0,14.903188640536609,14.903188640536609,True,0.04,0.96,12.217931990152906,1.8612667451552334
2312908,Sobral,CE,2021,9,10.0,inpe_bdq_aqua_ref,climatology_regional_intensity12,8.437922225873649,2021-09,2021-09,1.562077774126351,True,0.0,20.655854216026555,20.655854216026555,True,0.04,0.96,12.217931990152906,1.8612667451552334
2313302,Tauá,CE,2021,9,0.0,inpe_bdq_aqua_ref,climatology_regional_intensity12,1.7426143727347754,2021-09,2021-09,1.7426143727347754,True,0.0,13.960546362887682,13.960546362887682,True,0.04,0.96,12.217931990152906,1.8612667451552334
2313401,Tianguá,CE,2021,9,2.0,inpe_bdq_aqua_ref,climatology_regional_intensity12,1.1005985512009109,2021-09,2021-09,0.8994014487990891,True,0.0,13.318530541353816,13.318530541353816,True,0.04,0.96,12.217931990152906,1.8612667451552334
2300101,Abaiara,CE,2021,10,3.0,inpe_bdq_legacy,climatology_regional_intensity12,0.8568480973936426,2021-10,2021-10,2.1431519026063572,True,0.0,12.843916400415274,12.843916400415274,True,0.04,0.96,11.987068303021632,1.8612667451552334
2300200,Acaraú,CE,2021,10,0.0,inpe_bdq_aqua_ref,climatology_regional_intensity12,1.3155138436455336,2021-10,2021-10,1.3155138436455336,True,0.0,13.302582146667165,13.302582146667165,True,0.04,0.96,11.987068303021632,1.8612667451552334
2301307,Araripe,CE,2021,10,14.0,inpe_bdq_legacy,climatology_regional_intensity12,9.125432237242292,2021-10,2021-10,4.874567762757708,True,0.0,21.112500540263923,21.112500540263923,True,0.04,0.96,11.987068303021632,1.8612667451552334
2301604,Assaré,CE,2021,10,4.0,inpe_bdq_legacy,climatology_regional_intensity12,2.442017077571881,2021-10,2021-10,1.5579829224281192,True,0.0,14.429085380593513,14.429085380593513,True,0.04,0.96,11.987068303021632,1.8612667451552334
2301901,Barbalha,CE,2021,10,6.0,inpe_bdq_aqua_ref,climatology_regional_intensity12,2.484859482441564,2021-10,2021-10,3.515140517558436,True,0.0,14.471927785463196,14.471927785463196,True,0.04,0.96,11.987068303021632,1.8612667451552334
2302503,Brejo Santo,CE,2021,10,0.0,inpe_bdq_legacy,climatology_regional_intensity12,2.356332267832517,2021-10,2021-10,2.356332267832517,True,0.0,14.343400570854149,14.343400570854149,True,0.04,0.96,11.987068303021632,1.8612667451552334
2302701,Campos Sales,CE,2021,10,3.0,inpe_bdq_aqua_ref,climatology_regional_intensity12,2.056435433744742,2021-10,2021-10,0.9435645662552581,True,0.0,14.043503736766374,14.043503736766374,True,0.04,0.96,11.987068303021632,1.8612667451552334
2304103,Crateús,CE,2021,10,49.0,inpe_bdq_aqua_ref,climatology_regional_intensity12,32.70639590580792,2021-10,2021-10,16.293604094192077,True,20.719327602786294,44.69346420882955,23.97413660604326,False,0.04,0.96,11.987068303021632,1.8612667451552334
2304202,Crato,CE,2021,10,5.0,inpe_bdq_legacy,climatology_regional_intensity12,7.368893637585326,2021-10,2021-10,2.368893637585326,True,0.0,19.355961940606957,19.355961940606957,True,0.04,0.96,11.987068303021632,1.8612667451552334
2304400,Fortaleza,CE,2021,10,1.0,inpe_bdq_aqua_ref,climatology_regional_intensity12,0.6683415159670413,2021-10,2021-10,0.3316584840329587,True,0.0,12.655409818988673,12.655409818988673,True,0.04,0.96,11.987068303021632,1.8612667451552334
2305100,Guaramiranga,CE,2021,10,0.0,inpe_bdq_aqua_ref,climatology_regional_intensity12,0.0514108858436185,2021-10,2021-10,0.0514108858436185,True,0.0,12.03847918886525,12.03847918886525,True,0.04,0.96,11.987068303021632,1.8612667451552334
2305506,Iguatu,CE,2021,10,10.0,inpe_bdq_aqua_ref,climatology_regional_intensity12,2.903202965286695,2021-10,2021-10,7.096797034713305,True,0.0,14.890271268308327,14.890271268308327,True,0.04,0.96,11.987068303021632,1.8612667451552334
2306405,Itapipoca,CE,2021,10,4.0,inpe_bdq_aqua_ref,climatology_regional_intensity12,2.313489862962835,2021-10,2021-10,1.686510137037165,True,0.0,14.300558165984466,14.300558165984466,True,0.04,0.96,11.987068303021632,1.8612667451552334
2306900,Jaguaribe,CE,2021,10,0.0,inpe_bdq_aqua_ref,climatology_regional_intensity12,1.4516014826433474,2021-10,2021-10,1.4516014826433474,True,0.0,13.43866978566498,13.43866978566498,True,0.04,0.96,11.987068303021632,1.8612667451552334
2307007,Jaguaruana,CE,2021,10,0.0,inpe_bdq_aqua_ref,climatology_regional_intensity12,0.8898037934472441,2021-10,2021-10,0.8898037934472441,True,0.0,12.876872096468876,12.876872096468876,True,0.04,0.96,11.987068303021632,1.8612667451552334
2307106,Jardim,CE,2021,10,2.0,inpe_bdq_legacy,climatology_regional_intensity12,2.356332267832517,2021-10,2021-10,0.35633226783251715,True,0.0,14.343400570854149,14.343400570854149,True,0.04,0.96,11.987068303021632,1.8612667451552334
2307205,Jati,CE,2021,10,5.0,inpe_bdq_legacy,climatology_regional_intensity12,2.356332267832517,2021-10,2021-10,2.643667732167483,True,0.0,14.343400570854149,14.343400570854149,True,0.04,0.96,11.987068303021632,1.8612667451552334
2307304,Juazeiro do Norte,CE,2021,10,0.0,inpe_bdq_legacy,climatology_regional_intensity12,2.1688967465276576,2021-10,2021-10,2.1688967465276576,True,0.0,14.15596504954929,14.15596504954929,True,0.04,0.96,11.987068303021632,1.8612667451552334
2308401,Missão Velha,CE,2021,10,4.0,inpe_bdq_legacy,climatology_regional_intensity12,4.155713272359167,2021-10,2021-10,0.15571327235916677,True,0.0,16.1427815753808,16.1427815753808,True,0.04,0.96,11.987068303021632,1.8612667451552334
2308708,Morada Nova,CE,2021,10,0.0,inpe_bdq_aqua_ref,climatology_regional_intensity12,3.538278613943159,2021-10,2021-10,3.538278613943159,True,0.0,15.525346916964791,15.525346916964791,True,0.04,0.96,11.987068303021632,1.8612667451552334
2309201,Nova Olinda,CE,2021,10,0.0,inpe_bdq_legacy,climatology_regional_intensity12,0.685478477914914,2021-10,2021-10,0.685478477914914,True,0.0,12.672546780936546,12.672546780936546,True,0.04,0.96,11.987068303021632,1.8612667451552334
2311108,Porteiras,CE,2021,10,1.0,inpe_bdq_legacy,climatology_regional_intensity12,0.6747678766974935,2021-10,2021-10,0.3252321233025065,True,0.0,12.661836179719126,12.661836179719126,True,0.04,0.96,11.987068303021632,1.8612667451552334
2311207,Potengi,CE,2021,10,0.0,inpe_bdq_legacy,climatology_regional_intensity12,1.4994841704388746,2021-10,2021-10,1.4994841704388746,True,0.0,13.486552473460506,13.486552473460506,True,0.04,0.96,11.987068303021632,1.8612667451552334
2311306,Quixadá,CE,2021,10,5.0,inpe_bdq_aqua_ref,climatology_regional_intensity12,14.516014826433477,2021-10,2021-10,9.516014826433477,True,2.528946523411845,26.503083129455106,23.97413660604326,True,0.04,0.96,11.987068303021632,1.8612667451552334
2311405,Quixeramobim,CE,2021,10,8.0,inpe_bdq_aqua_ref,climatology_regional_intensity12,28.124778726214856,2021-10,2021-10,20.124778726214856,True,16.137710423193226,40.111847029236486,23.97413660604326,False,0.04,0.96,11.987068303021632,1.8612667451552334
2311959,Salitre,CE,2021,10,6.0,inpe_bdq_legacy,climatology_regional_intensity12,2.998968340877749,2021-10,2021-10,3.001031659122251,True,0.0,14.98603664389938,14.98603664389938,True,0.04,0.96,11.987068303021632,1.8612667451552334
2312106,Santana do Cariri,CE,2021,10,5.0,inpe_bdq_legacy,climatology_regional_intensity12,5.398143013579948,2021-10,2021-10,0.39814301357994797,True,0.0,17.38521131660158,17.38521131660158,True,0.04,0.96,11.987068303021632,1.8612667451552334
2312908,Sobral,CE,2021,10,18.0,inpe_bdq_aqua_ref,climatology_regional_intensity12,12.474700241466266,2021-10,2021-10,5.525299758533734,True,0.48763193844463437,24.461768544487896,23.97413660604326,True,0.04,0.96,11.987068303021632,1.8612667451552334
2313302,Tauá,CE,2021,10,10.0,inpe_bdq_aqua_ref,climatology_regional_intensity12,6.078581208569018,2021-10,2021-10,3.921418791430982,True,0.0,18.06564951159065,18.06564951159065,True,0.04,0.96,11.987068303021632,1.8612667451552334
2313401,Tianguá,CE,2021,10,3.0,inpe_bdq_aqua_ref,climatology_regional_intensity12,3.1300156969497177,2021-10,2021-10,0.1300156969497177,True,0.0,15.11708399997135,15.11708399997135,True,0.04,0.96,11.987068303021632,1.8612667451552334
2300101,Abaiara,CE,2021,11,5.0,inpe_bdq_legacy,climatology_regional_intensity12,2.119166556240686,2021-11,2021-11,2.880833443759314,True,0.0,14.106234859262317,14.106234859262317,True,0.04,0.96,11.987068303021632,1.8612667451552334
2300200,Acaraú,CE,2021,11,9.0,inpe_bdq_aqua_ref,climatology_regional_intensity12,6.5519643644712025,2021-11,2021-11,2.4480356355287975,True,0.0,18.539032667492833,18.539032667492833,True,0.04,0.96,11.987068303021632,1.8612667451552334
2301307,Araripe,CE,2021,11,3.0,inpe_bdq_legacy,climatology_regional_intensity12,10.468682787828987,2021-11,2021-11,7.468682787828987,True,0.0,22.45575109085062,22.45575109085062,True,0.04,0.96,11.987068303021632,1.8612667451552334
2301604,Assaré,CE,2021,11,6.0,inpe_bdq_legacy,climatology_regional_intensity12,3.941649794607676,2021-11,2021-11,2.058350205392324,True,0.0,15.928718097629307,15.928718097629307,True,0.04,0.96,11.987068303021632,1.8612667451552334
2301901,Barbalha,CE,2021,11,0.0,inpe_bdq_aqua_ref,climatology_regional_intensity12,3.941649794607676,2021-11,2021-11,3.941649794607676,True,0.0,15.928718097629307,15.928718097629307,True,0.04,0.96,11.987068303021632,1.8612667451552334
2302503,Brejo Santo,CE,2021,11,6.0,inpe_bdq_legacy,climatology_regional_intensity12,3.687349807858793,2021-11,2021-11,2.312650192141207,True,0.0,15.674418110880424,15.674418110880424,True,0.04,0.96,11.987068303021632,1.8612667451552334
2302701,Campos Sales,CE,2021,11,2.0,inpe_bdq_aqua_ref,climatology_regional_intensity12,2.203933218490313,2021-11,2021-11,0.2039332184903131,True,0.0,14.191001521511945,14.191001521511945,True,0.04,0.96,11.987068303021632,1.8612667451552334
2304103,Crateús,CE,2021,11,55.0,inpe_bdq_aqua_ref,climatology_regional_intensity12,46.22276229729684,2021-11,2021-11,8.777237702703161,True,34.23569399427521,58.20983060031847,23.97413660604326,True,0.04,0.96,11.987068303021632,1.8612667451552334
2304202,Crato,CE,2021,11,5.0,inpe_bdq_legacy,climatology_regional_intensity12,7.883299589215351,2021-11,2021-11,2.8832995892153512,True,0.0,19.870367892236985,19.870367892236985,True,0.04,0.96,11.987068303021632,1.8612667451552334
2304400,Fortaleza,CE,2021,11,1.0,inpe_bdq_aqua_ref,climatology_regional_intensity12,0.9154799522959762,2021-11,2021-11,0.08452004770402377,True,0.0,12.902548255317608,12.902548255317608,True,0.04,0.96,11.987068303021632,1.8612667451552334
2305100,Guaramiranga,CE,2021,11,0.0,inpe_bdq_aqua_ref,climatology_regional_intensity12,0.3560199814484352,2021-11,2021-11,0.3560199814484352,True,0.0,12.343088284470067,12.343088284470067,True,0.04,0.96,11.987068303021632,1.8612667451552334
2305506,Iguatu,CE,2021,11,5.0,inpe_bdq_aqua_ref,climatology_regional_intensity12,6.058323213723372,2021-11,2021-11,1.058323213723372,True,0.0,18.045391516745003,18.045391516745003,True,0.04,0.96,11.987068303021632,1.8612667451552334
2306405,Itapipoca,CE,2021,11,23.0,inpe_bdq_aqua_ref,climatology_regional_intensity12,17.546699085672877,2021-11,2021-11,5.453300914327123,True,5.559630782651245,29.533767388694507,23.97413660604326,True,0.04,0.96,11.987068303021632,1.8612667451552334
2306900,Jaguaribe,CE,2021,11,6.0,inpe_bdq_aqua_ref,climatology_regional_intensity12,2.9618469044869817,2021-11,2021-11,3.0381530955130183,True,0.0,14.948915207508612,14.948915207508612,True,0.04,0.96,11.987068303021632,1.8612667451552334
2307007,Jaguaruana,CE,2021,11,1.0,inpe_bdq_aqua_ref,climatology_regional_intensity12,0.2934230616333257,2021-11,2021-11,0.7065769383666742,True,0.0,12.280491364654956,12.280491364654956,True,0.04,0.96,11.987068303021632,1.8612667451552334
2307106,Jardim,CE,2021,11,2.0,inpe_bdq_legacy,climatology_regional_intensity12,2.712533191988077,2021-11,2021-11,0.7125331919880771,True,0.0,14.69960149500971,14.69960149500971,True,0.04,0.96,11.987068303021632,1.8612667451552334
2307205,Jati,CE,2021,11,0.0,inpe_bdq_legacy,climatology_regional_intensity12,1.8224832383669896,2021-11,2021-11,1.8224832383669896,True,0.0,13.809551541388622,13.809551541388622,True,0.04,0.96,11.987068303021632,1.8612667451552334
2307304,Juazeiro do Norte,CE,2021,11,0.0,inpe_bdq_legacy,climatology_regional_intensity12,2.670149860863264,2021-11,2021-11,2.670149860863264,True,0.0,14.657218163884895,14.657218163884895,True,0.04,0.96,11.987068303021632,1.8612667451552334
2308401,Missão Velha,CE,2021,11,11.0,inpe_bdq_legacy,climatology_regional_intensity12,7.798532926965723,2021-11,2021-11,3.2014670730342774,True,0.0,19.785601229987353,19.785601229987353,True,0.04,0.96,11.987068303021632,1.8612667451552334
2308708,Morada Nova,CE,2021,11,6.0,inpe_bdq_aqua_ref,climatology_regional_intensity12,3.5901174599842207,2021-11,2021-11,2.4098825400157793,True,0.0,15.577185763005852,15.577185763005852,True,0.04,0.96,11.987068303021632,1.8612667451552334
2309201,Nova Olinda,CE,2021,11,5.0,inpe_bdq_legacy,climatology_regional_intensity12,3.3058998277354696,2021-11,2021-11,1.6941001722645304,True,0.0,15.292968130757101,15.292968130757101,True,0.04,0.96,11.987068303021632,1.8612667451552334
2311108,Porteiras,CE,2021,11,10.0,inpe_bdq_legacy,climatology_regional_intensity12,1.2873936829162165,2021-11,2021-11,8.712606317083784,True,0.0,13.274461985937847,13.274461985937847,True,0.04,0.96,11.987068303021632,1.8612667451552334
2311207,Potengi,CE,2021,11,3.0,inpe_bdq_legacy,climatology_regional_intensity12,2.034399893991058,2021-11,2021-11,0.9656001060089419,True,0.0,14.02146819701269,14.02146819701269,True,0.04,0.96,11.987068303021632,1.8612667451552334
2311306,Quixadá,CE,2021,11,19.0,inpe_bdq_aqua_ref,climatology_regional_intensity12,18.80324019666736,2021-11,2021-11,0.19675980333263965,True,6.816171893645729,30.79030849968899,23.97413660604326,True,0.04,0.96,11.987068303021632,1.8612667451552334
2311405,Quixeramobim,CE,2021,11,35.0,inpe_bdq_aqua_ref,climatology_regional_intensity12,39.40153912332682,2021-11,2021-11,4.40153912332682,True,27.41447082030519,51.38860742634845,23.97413660604326,True,0.04,0.96,11.987068303021632,1.8612667451552334
2311959,Salitre,CE,2021,11,4.0,inpe_bdq_legacy,climatology_regional_intensity12,6.8237163110950085,2021-11,2021-11,2.8237163110950085,True,0.0,18.810784614116642,18.810784614116642,True,0.04,0.96,11.987068303021632,1.8612667451552334
2312106,Santana do Cariri,CE,2021,11,16.0,inpe_bdq_legacy,climatology_regional_intensity12,9.493866171958272,2021-11,2021-11,6.506133828041728,True,0.0,21.480934474979904,21.480934474979904,True,0.04,0.96,11.987068303021632,1.8612667451552334
2312908,Sobral,CE,2021,11,11.0,inpe_bdq_aqua_ref,climatology_regional_intensity12,24.54742813264211,2021-11,2021-11,13.54742813264211,True,12.560359829620479,36.53449643566374,23.97413660604326,False,0.04,0.96,11.987068303021632,1.8612667451552334
2313302,Tauá,CE,2021,11,4.0,inpe_bdq_aqua_ref,climatology_regional_intensity12,10.949858252951874,2021-11,2021-11,6.9498582529518735,True,0.0,22.936926555973507,22.936926555973507,True,0.04,0.96,11.987068303021632,1.8612667451552334
2313401,Tianguá,CE,2021,11,12.0,inpe_bdq_aqua_ref,climatology_regional_intensity12,7.045605515219032,2021-11,2021-11,4.954394484780968,True,0.0,19.032673818240664,19.032673818240664,True,0.04,0.96,11.987068303021632,1.8612667451552334
2300101,Abaiara,CE,2021,12,0.0,inpe_bdq_legacy,climatology_regional_intensity12,1.6426181714659427,2021-12,2021-12,1.6426181714659427,True,0.0,13.629686474487574,13.629686474487574,True,0.04,0.96,11.987068303021632,1.8612667451552334
2300200,Acaraú,CE,2021,12,1.0,inpe_bdq_aqua_ref,climatology_regional_intensity12,29.37387788974392,2021-12,2021-12,28.37387788974392,True,17.386809586722286,41.36094619276555,23.974136606043267,False,0.04,0.96,11.987068303021632,1.8612667451552334
2301307,Araripe,CE,2021,12,3.0,inpe_bdq_legacy,climatology_regional_intensity12,5.247252492182873,2021-12,2021-12,2.2472524921828727,True,0.0,17.234320795204503,17.234320795204503,True,0.04,0.96,11.987068303021632,1.8612667451552334
2301604,Assaré,CE,2021,12,1.0,inpe_bdq_legacy,climatology_regional_intensity12,4.197801993746298,2021-12,2021-12,3.197801993746298,True,0.0,16.18487029676793,16.18487029676793,True,0.04,0.96,11.987068303021632,1.8612667451552334
2301901,Barbalha,CE,2021,12,0.0,inpe_bdq_aqua_ref,climatology_regional_intensity12,1.962016149250987,2021-12,2021-12,1.962016149250987,True,0.0,13.949084452272619,13.949084452272619,True,0.04,0.96,11.987068303021632,1.8612667451552334
2302503,Brejo Santo,CE,2021,12,0.0,inpe_bdq_legacy,climatology_regional_intensity12,1.962016149250987,2021-12,2021-12,1.962016149250987,True,0.0,13.949084452272619,13.949084452272619,True,0.04,0.96,11.987068303021632,1.8612667451552334
2302701,Campos Sales,CE,2021,12,3.0,inpe_bdq_aqua_ref,climatology_regional_intensity12,1.0494504984365745,2021-12,2021-12,1.9505495015634255,True,0.0,13.036518801458206,13.036518801458206,True,0.04,0.96,11.987068303021632,1.8612667451552334
2304103,Crateús,CE,2021,12,15.0,inpe_bdq_aqua_ref,climatology_regional_intensity12,22.513531408915565,2021-12,2021-12,7.513531408915565,True,10.526463105893933,34.5005997119372,23.974136606043267,True,0.04,0.96,11.987068303021632,1.8612667451552334
2304202,Crato,CE,2021,12,2.0,inpe_bdq_legacy,climatology_regional_intensity12,5.201624209642151,2021-12,2021-12,3.2016242096421514,True,0.0,17.188692512663785,17.188692512663785,True,0.04,0.96,11.987068303021632,1.8612667451552334
2304400,Fortaleza,CE,2021,12,1.0,inpe_bdq_aqua_ref,climatology_regional_intensity12,0.1095078780977295,2021-12,2021-12,0.8904921219022706,True,0.0,12.096576181119362,12.096576181119362,True,0.04,0.96,11.987068303021632,1.8612667451552334
2305100,Guaramiranga,CE,2021,12,0.0,inpe_bdq_aqua_ref,climatology_regional_intensity12,0.0547539390488647,2021-12,2021-12,0.0547539390488647,True,0.0,12.041822242070497,12.041822242070497,True,0.04,0.96,11.987068303021632,1.8612667451552334
2305506,Iguatu,CE,2021,12,0.0,inpe_bdq_aqua_ref,climatology_regional_intensity12,3.381860941253411,2021-12,2021-12,3.381860941253411,True,0.0,15.368929244275042,15.368929244275042,True,0.04,0.96,11.987068303021632,1.8612667451552334
2306405,Itapipoca,CE,2021,12,20.0,inpe_bdq_aqua_ref,climatology_regional_intensity12,54.158087359215344,2021-12,2021-12,34.158087359215344,True,42.171019056193714,66.14515566223697,23.97413660604326,False,0.04,0.96,11.987068303021632,1.8612667451552334
2306900,Jaguaribe,CE,2021,12,0.0,inpe_bdq_aqua_ref,climatology_regional_intensity12,1.8841796672697575,2021-12,2021-12,1.8841796672697575,True,0.0,13.871247970291389,13.871247970291389,True,0.04,0.96,11.987068303021632,1.8612667451552334
2307007,Jaguaruana,CE,2021,12,0.0,inpe_bdq_aqua_ref,climatology_regional_intensity12,0.568598597815134,2021-12,2021-12,0.568598597815134,True,0.0,12.555666900836766,12.555666900836766,True,0.04,0.96,11.987068303021632,1.8612667451552334
2307106,Jardim,CE,2021,12,2.0,inpe_bdq_legacy,climatology_regional_intensity12,3.0114666476875613,2021-12,2021-12,1.0114666476875613,True,0.0,14.998534950709193,14.998534950709193,True,0.04,0.96,11.987068303021632,1.8612667451552334
2307205,Jati,CE,2021,12,5.0,inpe_bdq_legacy,climatology_regional_intensity12,0.5931676730293682,2021-12,2021-12,4.4068323269706315,True,0.0,12.580235976051,12.580235976051,True,0.04,0.96,11.987068303021632,1.8612667451552334
2307304,Juazeiro do Norte,CE,2021,12,1.0,inpe_bdq_legacy,climatology_regional_intensity12,0.9753045393079036,2021-12,2021-12,0.024695460692096383,True,0.0,12.962372842329536,12.962372842329536,True,0.04,0.96,11.987068303021632,1.8612667451552334
2308401,Missão Velha,CE,2021,12,4.0,inpe_bdq_legacy,climatology_regional_intensity12,6.022933295375123,2021-12,2021-12,2.0229332953751227,True,0.0,18.010001598396755,18.010001598396755,True,0.04,0.96,11.987068303021632,1.8612667451552334
2308708,Morada Nova,CE,2021,12,0.0,inpe_bdq_aqua_ref,climatology_regional_intensity12,4.348106924468672,2021-12,2021-12,4.348106924468672,True,0.0,16.335175227490303,16.335175227490303,True,0.04,0.96,11.987068303021632,1.8612667451552334
2309201,Nova Olinda,CE,2021,12,0.0,inpe_bdq_legacy,climatology_regional_intensity12,2.555183822280356,2021-12,2021-12,2.555183822280356,True,0.0,14.542252125301987,14.542252125301987,True,0.04,0.96,11.987068303021632,1.8612667451552334
2311108,Porteiras,CE,2021,12,0.0,inpe_bdq_legacy,climatology_regional_intensity12,1.7452818071825642,2021-12,2021-12,1.7452818071825642,True,0.0,13.732350110204196,13.732350110204196,True,0.04,0.96,11.987068303021632,1.8612667451552334
2311207,Potengi,CE,2021,12,0.0,inpe_bdq_legacy,climatology_regional_intensity12,1.1407070635180157,2021-12,2021-12,1.1407070635180157,True,0.0,13.127775366539648,13.127775366539648,True,0.04,0.96,11.987068303021632,1.8612667451552334
2311306,Quixadá,CE,2021,12,13.0,inpe_bdq_aqua_ref,climatology_regional_intensity12,10.87026731117168,2021-12,2021-12,2.1297326888283195,True,0.0,22.85733561419331,22.85733561419331,True,0.04,0.96,11.987068303021632,1.8612667451552334
2311405,Quixeramobim,CE,2021,12,21.0,inpe_bdq_aqua_ref,climatology_regional_intensity12,26.281890743455083,2021-12,2021-12,5.281890743455083,True,14.294822440433451,38.268959046476716,23.974136606043267,True,0.04,0.96,11.987068303021632,1.8612667451552334
2311959,Salitre,CE,2021,12,2.0,inpe_bdq_legacy,climatology_regional_intensity12,2.92021008260612,2021-12,2021-12,0.9202100826061201,True,0.0,14.907278385627752,14.907278385627752,True,0.04,0.96,11.987068303021632,1.8612667451552334
2312106,Santana do Cariri,CE,2021,12,0.0,inpe_bdq_legacy,climatology_regional_intensity12,8.988771660521964,2021-12,2021-12,8.988771660521964,True,0.0,20.975839963543596,20.975839963543596,True,0.04,0.96,11.987068303021632,1.8612667451552334
2312908,Sobral,CE,2021,12,6.0,inpe_bdq_aqua_ref,climatology_regional_intensity12,16.28124481717714,2021-12,2021-12,10.28124481717714,True,4.294176514155508,28.26831312019877,23.97413660604326,True,0.04,0.96,11.987068303021632,1.8612667451552334
2313302,Tauá,CE,2021,12,5.0,inpe_bdq_aqua_ref,climatology_regional_intensity12,7.198532574953691,2021-12,2021-12,2.198532574953691,True,0.0,19.18560087797532,19.18560087797532,True,0.04,0.96,11.987068303021632,1.8612667451552334
2313401,Tianguá,CE,2021,12,7.0,inpe_bdq_aqua_ref,climatology_regional_intensity12,10.483768917885577,2021-12,2021-12,3.483768917885577,True,0.0,22.470837220907207,22.470837220907207,True,0.04,0.96,11.987068303021632,1.8612667451552334
2300101,Abaiara,CE,2022,1,0.0,inpe_bdq_legacy,climatology_regional_intensity12,0.0429400860586641,2022-01,2022-01,0.0429400860586641,False,0.0,1.9042068312138976,1.9042068312138976,True,0.04,0.96,12.217931990152906,1.8612667451552334
2300200,Acaraú,CE,2022,1,0.0,inpe_bdq_aqua_ref,climatology_regional_intensity12,4.33694869192508,2022-01,2022-01,4.33694869192508,False,2.475681946769847,6.1982154370803135,3.7225334903104663,False,0.04,0.96,12.217931990152906,1.8612667451552334
2301307,Araripe,CE,2022,1,0.0,inpe_bdq_legacy,climatology_regional_intensity12,1.116442237525268,2022-01,2022-01,1.116442237525268,False,0.0,2.977708982680501,2.977708982680501,True,0.04,0.96,12.217931990152906,1.8612667451552334
2301604,Assaré,CE,2022,1,0.0,inpe_bdq_legacy,climatology_regional_intensity12,1.5887831841705735,2022-01,2022-01,1.5887831841705735,False,0.0,3.450049929325807,3.450049929325807,True,0.04,0.96,12.217931990152906,1.8612667451552334
2301901,Barbalha,CE,2022,1,0.0,inpe_bdq_aqua_ref,climatology_regional_intensity12,0.3435206884693133,2022-01,2022-01,0.3435206884693133,False,0.0,2.2047874336245465,2.2047874336245465,True,0.04,0.96,12.217931990152906,1.8612667451552334
2302503,Brejo Santo,CE,2022,1,0.0,inpe_bdq_legacy,climatology_regional_intensity12,0.3005806024106491,2022-01,2022-01,0.3005806024106491,False,0.0,2.1618473475658826,2.1618473475658826,True,0.04,0.96,12.217931990152906,1.8612667451552334
2302701,Campos Sales,CE,2022,1,0.0,inpe_bdq_aqua_ref,climatology_regional_intensity12,0.3005806024106491,2022-01,2022-01,0.3005806024106491,False,0.0,2.1618473475658826,2.1618473475658826,True,0.04,0.96,12.217931990152906,1.8612667451552334
2304103,Crateús,CE,2022,1,0.0,inpe_bdq_aqua_ref,climatology_regional_intensity12,2.919925851989163,2022-01,2022-01,2.919925851989163,False,1.0586591068339295,4.781192597144396,3.7225334903104663,False,0.04,0.96,12.217931990152906,1.8612667451552334
2304202,Crato,CE,2022,1,0.0,inpe_bdq_legacy,climatology_regional_intensity12,0.6441012908799625,2022-01,2022-01,0.6441012908799625,False,0.0,2.505368036035196,2.505368036035196,True,0.04,0.96,12.217931990152906,1.8612667451552334
2304400,Fortaleza,CE,2022,1,0.0,inpe_bdq_aqua_ref,climatology_regional_intensity12,0.0858801721173283,2022-01,2022-01,0.0858801721173283,False,0.0,1.9471469172725617,1.9471469172725617,True,0.04,0.96,12.217931990152906,1.8612667451552334
2305100,Guaramiranga,CE,2022,1,0.0,inpe_bdq_aqua_ref,climatology_regional_intensity12,0.0,2022-01,2022-01,0.0,False,0.0,1.8612667451552334,1.8612667451552334,True,0.04,0.96,12.217931990152906,1.8612667451552334
2305506,Iguatu,CE,2022,1,0.0,inpe_bdq_aqua_ref,climatology_regional_intensity12,0.9446818932906116,2022-01,2022-01,0.9446818932906116,False,0.0,2.805948638445845,2.805948638445845,True,0.04,0.96,12.217931990152906,1.8612667451552334
2306405,Itapipoca,CE,2022,1,3.0,inpe_bdq_aqua_ref,climatology_regional_intensity12,5.625151273685005,2022-01,2022-01,2.625151273685005,False,3.763884528529772,7.486418018840238,3.7225334903104663,False,0.04,0.96,12.217931990152906,1.8612667451552334
2306900,Jaguaribe,CE,2022,1,1.0,inpe_bdq_aqua_ref,climatology_regional_intensity12,0.6011612048212983,2022-01,2022-01,0.3988387951787017,False,0.0,2.4624279499765316,2.4624279499765316,True,0.04,0.96,12.217931990152906,1.8612667451552334
2307007,Jaguaruana,CE,2022,1,0.0,inpe_bdq_aqua_ref,climatology_regional_intensity12,0.4723409466453058,2022-01,2022-01,0.4723409466453058,False,0.0,2.3336076918005393,2.3336076918005393,True,0.04,0.96,12.217931990152906,1.8612667451552334
2307106,Jardim,CE,2022,1,1.0,inpe_bdq_legacy,climatology_regional_intensity12,0.3435206884693133,2022-01,2022-01,0.6564793115306867,False,0.0,2.2047874336245465,2.2047874336245465,True,0.04,0.96,12.217931990152906,1.8612667451552334
2307205,Jati,CE,2022,1,0.0,inpe_bdq_legacy,climatology_regional_intensity12,0.3005806024106491,2022-01,2022-01,0.3005806024106491,False,0.0,2.1618473475658826,2.1618473475658826,True,0.04,0.96,12.217931990152906,1.8612667451552334
2307304,Juazeiro do Norte,CE,2022,1,0.0,inpe_bdq_legacy,climatology_regional_intensity12,0.1288202581759924,2022-01,2022-01,0.1288202581759924,False,0.0,1.990087003331226,1.990087003331226,True,0.04,0.96,12.217931990152906,1.8612667451552334
2308401,Missão Velha,CE,2022,1,0.0,inpe_bdq_legacy,climatology_regional_intensity12,0.9017418072319474,2022-01,2022-01,0.9017418072319474,False,0.0,2.7630085523871806,2.7630085523871806,True,0.04,0.96,12.217931990152906,1.8612667451552334
2308708,Morada Nova,CE,2022,1,0.0,inpe_bdq_aqua_ref,climatology_regional_intensity12,1.374082753877253,2022-01,2022-01,1.374082753877253,False,0.0,3.2353494990324867,3.2353494990324867,True,0.04,0.96,12.217931990152906,1.8612667451552334
2309201,Nova Olinda,CE,2022,1,0.0,inpe_bdq_legacy,climatology_regional_intensity12,0.2147004302933208,2022-01,2022-01,0.2147004302933208,False,0.0,2.0759671754485542,2.0759671754485542,True,0.04,0.96,12.217931990152906,1.8612667451552334
2310605,Penaforte,CE,2022,1,0.0,inpe_bdq_legacy,climatology_regional_intensity12,0.0429400860586641,2022-01,2022-01,0.0429400860586641,False,0.0,1.9042068312138976,1.9042068312138976,True,0.04,0.96,12.217931990152906,1.8612667451552334
2311108,Porteiras,CE,2022,1,0.0,inpe_bdq_legacy,climatology_regional_intensity12,0.1717603442346566,2022-01,2022-01,0.1717603442346566,False,0.0,2.03302708938989,2.03302708938989,True,0.04,0.96,12.217931990152906,1.8612667451552334
2311207,Potengi,CE,2022,1,0.0,inpe_bdq_legacy,climatology_regional_intensity12,0.6011612048212983,2022-01,2022-01,0.6011612048212983,False,0.0,2.4624279499765316,2.4624279499765316,True,0.04,0.96,12.217931990152906,1.8612667451552334
2311306,Quixadá,CE,2022,1,0.0,inpe_bdq_aqua_ref,climatology_regional_intensity12,1.631723270229238,2022-01,2022-01,1.631723270229238,False,0.0,3.4929900153844713,3.4929900153844713,True,0.04,0.96,12.217931990152906,1.8612667451552334
2311405,Quixeramobim,CE,2022,1,1.0,inpe_bdq_aqua_ref,climatology_regional_intensity12,4.594589208277065,2022-01,2022-01,3.594589208277065,False,2.733322463121832,6.455855953432298,3.7225334903104663,False,0.04,0.96,12.217931990152906,1.8612667451552334
2311959,Salitre,CE,2022,1,0.0,inpe_bdq_legacy,climatology_regional_intensity12,0.4294008605866416,2022-01,2022-01,0.4294008605866416,False,0.0,2.290667605741875,2.290667605741875,True,0.04,0.96,12.217931990152906,1.8612667451552334
2312106,Santana do Cariri,CE,2022,1,0.0,inpe_bdq_legacy,climatology_regional_intensity12,2.919925851989163,2022-01,2022-01,2.919925851989163,False,1.0586591068339295,4.781192597144396,3.7225334903104663,False,0.04,0.96,12.217931990152906,1.8612667451552334
2312908,Sobral,CE,2022,1,0.0,inpe_bdq_aqua_ref,climatology_regional_intensity12,1.8464237005225588,2022-01,2022-01,1.8464237005225588,False,0.0,3.707690445677792,3.707690445677792,True,0.04,0.96,12.217931990152906,1.8612667451552334
2313302,Tauá,CE,2022,1,2.0,inpe_bdq_aqua_ref,climatology_regional_intensity12,0.8588017211732832,2022-01,2022-01,1.1411982788267168,False,0.0,2.7200684663285166,2.7200684663285166,True,0.04,0.96,12.217931990152906,1.8612667451552334
2313401,Tianguá,CE,2022,1,0.0,inpe_bdq_aqua_ref,climatology_regional_intensity12,0.6011612048212983,2022-01,2022-01,0.6011612048212983,False,0.0,2.4624279499765316,2.4624279499765316,True,0.04,0.96,12.217931990152906,1.8612667451552334
2300101,Abaiara,CE,2022,2,0.0,inpe_bdq_legacy,climatology_regional_intensity12,0.0,2022-02,2022-02,0.0,False,0.0,1.898177990608559,1.898177990608559,True,0.04,0.96,12.217931990152906,1.898177990608559
2300200,Acaraú,CE,2022,2,1.0,inpe_bdq_aqua_ref,climatology_regional_intensity12,0.4541222494610774,2022-02,2022-02,0.5458777505389226,False,0.0,2.3523002400696362,2.3523002400696362,True,0.04,0.96,12.217931990152906,1.898177990608559
2301307,Araripe,CE,2022,2,0.0,inpe_bdq_legacy,climatology_regional_intensity12,0.0825676817201958,2022-02,2022-02,0.0825676817201958,False,0.0,1.9807456723287546,1.9807456723287546,True,0.04,0.96,12.217931990152906,1.898177990608559
2301604,Assaré,CE,2022,2,0.0,inpe_bdq_legacy,climatology_regional_intensity12,0.2064192043004897,2022-02,2022-02,0.2064192043004897,False,0.0,2.1045971949090485,2.1045971949090485,True,0.04,0.96,12.217931990152906,1.898177990608559
2301901,Barbalha,CE,2022,2,0.0,inpe_bdq_aqua_ref,climatology_regional_intensity12,0.1238515225802938,2022-02,2022-02,0.1238515225802938,False,0.0,2.0220295131888526,2.0220295131888526,True,0.04,0.96,12.217931990152906,1.898177990608559
2302503,Brejo Santo,CE,2022,2,0.0,inpe_bdq_legacy,climatology_regional_intensity12,0.0412838408600979,2022-02,2022-02,0.0412838408600979,False,0.0,1.939461831468657,1.939461831468657,True,0.04,0.96,12.217931990152906,1.898177990608559
2302701,Campos Sales,CE,2022,2,0.0,inpe_bdq_aqua_ref,climatology_regional_intensity12,0.0412838408600979,2022-02,2022-02,0.0412838408600979,False,0.0,1.939461831468657,1.939461831468657,True,0.04,0.96,12.217931990152906,1.898177990608559
2304103,Crateús,CE,2022,2,0.0,inpe_bdq_aqua_ref,climatology_regional_intensity12,0.1238515225802938,2022-02,2022-02,0.1238515225802938,False,0.0,2.0220295131888526,2.0220295131888526,True,0.04,0.96,12.217931990152906,1.898177990608559
2304202,Crato,CE,2022,2,0.0,inpe_bdq_legacy,climatology_regional_intensity12,0.2064192043004897,2022-02,2022-02,0.2064192043004897,False,0.0,2.1045971949090485,2.1045971949090485,True,0.04,0.96,12.217931990152906,1.898177990608559
2304400,Fortaleza,CE,2022,2,0.0,inpe_bdq_aqua_ref,climatology_regional_intensity12,0.0825676817201958,2022-02,2022-02,0.0825676817201958,False,0.0,1.9807456723287546,1.9807456723287546,True,0.04,0.96,12.217931990152906,1.898177990608559
2305100,Guaramiranga,CE,2022,2,0.0,inpe_bdq_aqua_ref,climatology_regional_intensity12,0.0,2022-02,2022-02,0.0,False,0.0,1.898177990608559,1.898177990608559,True,0.04,0.96,12.217931990152906,1.898177990608559
2305506,Iguatu,CE,2022,2,0.0,inpe_bdq_aqua_ref,climatology_regional_intensity12,0.0825676817201958,2022-02,2022-02,0.0825676817201958,False,0.0,1.9807456723287546,1.9807456723287546,True,0.04,0.96,12.217931990152906,1.898177990608559
2306405,Itapipoca,CE,2022,2,0.0,inpe_bdq_aqua_ref,climatology_regional_intensity12,0.1651353634403917,2022-02,2022-02,0.1651353634403917,False,0.0,2.0633133540489506,2.0633133540489506,True,0.04,0.96,12.217931990152906,1.898177990608559
2306900,Jaguaribe,CE,2022,2,0.0,inpe_bdq_aqua_ref,climatology_regional_intensity12,0.1651353634403917,2022-02,2022-02,0.1651353634403917,False,0.0,2.0633133540489506,2.0633133540489506,True,0.04,0.96,12.217931990152906,1.898177990608559
2307007,Jaguaruana,CE,2022,2,0.0,inpe_bdq_aqua_ref,climatology_regional_intensity12,0.2064192043004897,2022-02,2022-02,0.2064192043004897,False,0.0,2.1045971949090485,2.1045971949090485,True,0.04,0.96,12.217931990152906,1.898177990608559
2307106,Jardim,CE,2022,2,0.0,inpe_bdq_legacy,climatology_regional_intensity12,0.0825676817201958,2022-02,2022-02,0.0825676817201958,False,0.0,1.9807456723287546,1.9807456723287546,True,0.04,0.96,12.217931990152906,1.898177990608559
2307205,Jati,CE,2022,2,0.0,inpe_bdq_legacy,climatology_regional_intensity12,0.1238515225802938,2022-02,2022-02,0.1238515225802938,False,0.0,2.0220295131888526,2.0220295131888526,True,0.04,0.96,12.217931990152906,1.898177990608559
2307304,Juazeiro do Norte,CE,2022,2,0.0,inpe_bdq_legacy,climatology_regional_intensity12,0.0,2022-02,2022-02,0.0,False,0.0,1.898177990608559,1.898177990608559,True,0.04,0.96,12.217931990152906,1.898177990608559
2308401,Missão Velha,CE,2022,2,0.0,inpe_bdq_legacy,climatology_regional_intensity12,0.0825676817201958,2022-02,2022-02,0.0825676817201958,False,0.0,1.9807456723287546,1.9807456723287546,True,0.04,0.96,12.217931990152906,1.898177990608559
2308708,Morada Nova,CE,2022,2,0.0,inpe_bdq_aqua_ref,climatology_regional_intensity12,0.4541222494610774,2022-02,2022-02,0.4541222494610774,False,0.0,2.3523002400696362,2.3523002400696362,True,0.04,0.96,12.217931990152906,1.898177990608559
2309201,Nova Olinda,CE,2022,2,0.0,inpe_bdq_legacy,climatology_regional_intensity12,0.0,2022-02,2022-02,0.0,False,0.0,1.898177990608559,1.898177990608559,True,0.04,0.96,12.217931990152906,1.898177990608559
2310605,Penaforte,CE,2022,2,0.0,inpe_bdq_legacy,climatology_regional_intensity12,0.0825676817201958,2022-02,2022-02,0.0825676817201958,False,0.0,1.9807456723287546,1.9807456723287546,True,0.04,0.96,12.217931990152906,1.898177990608559
2311108,Porteiras,CE,2022,2,0.0,inpe_bdq_legacy,climatology_regional_intensity12,0.0825676817201958,2022-02,2022-02,0.0825676817201958,False,0.0,1.9807456723287546,1.9807456723287546,True,0.04,0.96,12.217931990152906,1.898177990608559
2311207,Potengi,CE,2022,2,0.0,inpe_bdq_legacy,climatology_regional_intensity12,0.2477030451605876,2022-02,2022-02,0.2477030451605876,False,0.0,2.1458810357691465,2.1458810357691465,True,0.04,0.96,12.217931990152906,1.898177990608559
2311306,Quixadá,CE,2022,2,0.0,inpe_bdq_aqua_ref,climatology_regional_intensity12,0.1651353634403917,2022-02,2022-02,0.1651353634403917,False,0.0,2.0633133540489506,2.0633133540489506,True,0.04,0.96,12.217931990152906,1.898177990608559
2311405,Quixeramobim,CE,2022,2,0.0,inpe_bdq_aqua_ref,climatology_regional_intensity12,0.8669606580620568,2022-02,2022-02,0.8669606580620568,False,0.0,2.7651386486706158,2.7651386486706158,True,0.04,0.96,12.217931990152906,1.898177990608559
2311959,Salitre,CE,2022,2,0.0,inpe_bdq_legacy,climatology_regional_intensity12,0.0412838408600979,2022-02,2022-02,0.0412838408600979,False,0.0,1.939461831468657,1.939461831468657,True,0.04,0.96,12.217931990152906,1.898177990608559
2312106,Santana do Cariri,CE,2022,2,0.0,inpe_bdq_legacy,climatology_regional_intensity12,0.2064192043004897,2022-02,2022-02,0.2064192043004897,False,0.0,2.1045971949090485,2.1045971949090485,True,0.04,0.96,12.217931990152906,1.898177990608559
2312908,Sobral,CE,2022,2,0.0,inpe_bdq_aqua_ref,climatology_regional_intensity12,0.1238515225802938,2022-02,2022-02,0.1238515225802938,False,0.0,2.0220295131888526,2.0220295131888526,True,0.04,0.96,12.217931990152906,1.898177990608559
2313302,Tauá,CE,2022,2,0.0,inpe_bdq_aqua_ref,climatology_regional_intensity12,0.2064192043004897,2022-02,2022-02,0.2064192043004897,False,0.0,2.1045971949090485,2.1045971949090485,True,0.04,0.96,12.217931990152906,1.898177990608559
2313401,Tianguá,CE,2022,2,0.0,inpe_bdq_aqua_ref,climatology_regional_intensity12,0.1651353634403917,2022-02,2022-02,0.1651353634403917,False,0.0,2.0633133540489506,2.0633133540489506,True,0.04,0.96,12.217931990152906,1.898177990608559
2300101,Abaiara,CE,2022,3,0.0,inpe_bdq_legacy,climatology_regional_intensity12,0.0,2022-03,2022-03,0.0,False,0.0,1.8854278873079102,1.8854278873079102,True,0.04,0.96,12.217931990152906,1.8854278873079102
2300200,Acaraú,CE,2022,3,0.0,inpe_bdq_aqua_ref,climatology_regional_intensity12,0.4441262912690826,2022-03,2022-03,0.4441262912690826,False,0.0,2.3295541785769927,2.3295541785769927,True,0.04,0.96,12.217931990152906,1.8854278873079102
2301307,Araripe,CE,2022,3,0.0,inpe_bdq_legacy,climatology_regional_intensity12,0.0,2022-03,2022-03,0.0,False,0.0,1.8854278873079102,1.8854278873079102,True,0.04,0.96,12.217931990152906,1.8854278873079102
2301604,Assaré,CE,2022,3,0.0,inpe_bdq_legacy,climatology_regional_intensity12,0.0,2022-03,2022-03,0.0,False,0.0,1.8854278873079102,1.8854278873079102,True,0.04,0.96,12.217931990152906,1.8854278873079102
2301901,Barbalha,CE,2022,3,0.0,inpe_bdq_aqua_ref,climatology_regional_intensity12,0.0,2022-03,2022-03,0.0,False,0.0,1.8854278873079102,1.8854278873079102,True,0.04,0.96,12.217931990152906,1.8854278873079102
2302503,Brejo Santo,CE,2022,3,0.0,inpe_bdq_legacy,climatology_regional_intensity12,0.0,2022-03,2022-03,0.0,False,0.0,1.8854278873079102,1.8854278873079102,True,0.04,0.96,12.217931990152906,1.8854278873079102
2302701,Campos Sales,CE,2022,3,0.0,inpe_bdq_aqua_ref,climatology_regional_intensity12,0.0,2022-03,2022-03,0.0,False,0.0,1.8854278873079102,1.8854278873079102,True,0.04,0.96,12.217931990152906,1.8854278873079102
2304103,Crateús,CE,2022,3,0.0,inpe_bdq_aqua_ref,climatology_regional_intensity12,0.0807502347761968,2022-03,2022-03,0.0807502347761968,False,0.0,1.966178122084107,1.966178122084107,True,0.04,0.96,12.217931990152906,1.8854278873079102
2304202,Crato,CE,2022,3,0.0,inpe_bdq_legacy,climatology_regional_intensity12,0.0807502347761968,2022-03,2022-03,0.0807502347761968,False,0.0,1.966178122084107,1.966178122084107,True,0.04,0.96,12.217931990152906,1.8854278873079102
2304400,Fortaleza,CE,2022,3,0.0,inpe_bdq_aqua_ref,climatology_regional_intensity12,0.0,2022-03,2022-03,0.0,False,0.0,1.8854278873079102,1.8854278873079102,True,0.04,0.96,12.217931990152906,1.8854278873079102
2305100,Guaramiranga,CE,2022,3,0.0,inpe_bdq_aqua_ref,climatology_regional_intensity12,0.0,2022-03,2022-03,0.0,False,0.0,1.8854278873079102,1.8854278873079102,True,0.04,0.96,12.217931990152906,1.8854278873079102
2305506,Iguatu,CE,2022,3,0.0,inpe_bdq_aqua_ref,climatology_regional_intensity12,0.1615004695523936,2022-03,2022-03,0.1615004695523936,False,0.0,2.046928356860304,2.046928356860304,True,0.04,0.96,12.217931990152906,1.8854278873079102
2306405,Itapipoca,CE,2022,3,0.0,inpe_bdq_aqua_ref,climatology_regional_intensity12,0.0403751173880984,2022-03,2022-03,0.0403751173880984,False,0.0,1.9258030046960086,1.9258030046960086,True,0.04,0.96,12.217931990152906,1.8854278873079102
2306900,Jaguaribe,CE,2022,3,0.0,inpe_bdq_aqua_ref,climatology_regional_intensity12,0.0403751173880984,2022-03,2022-03,0.0403751173880984,False,0.0,1.9258030046960086,1.9258030046960086,True,0.04,0.96,12.217931990152906,1.8854278873079102
2307007,Jaguaruana,CE,2022,3,0.0,inpe_bdq_aqua_ref,climatology_regional_intensity12,0.0403751173880984,2022-03,2022-03,0.0403751173880984,False,0.0,1.9258030046960086,1.9258030046960086,True,0.04,0.96,12.217931990152906,1.8854278873079102
2307106,Jardim,CE,2022,3,0.0,inpe_bdq_legacy,climatology_regional_intensity12,0.0403751173880984,2022-03,2022-03,0.0403751173880984,False,0.0,1.9258030046960086,1.9258030046960086,True,0.04,0.96,12.217931990152906,1.8854278873079102
2307205,Jati,CE,2022,3,0.0,inpe_bdq_legacy,climatology_regional_intensity12,0.0,2022-03,2022-03,0.0,False,0.0,1.8854278873079102,1.8854278873079102,True,0.04,0.96,12.217931990152906,1.8854278873079102
2307304,Juazeiro do Norte,CE,2022,3,0.0,inpe_bdq_legacy,climatology_regional_intensity12,0.0807502347761968,2022-03,2022-03,0.0807502347761968,False,0.0,1.966178122084107,1.966178122084107,True,0.04,0.96,12.217931990152906,1.8854278873079102
2308401,Missão Velha,CE,2022,3,0.0,inpe_bdq_legacy,climatology_regional_intensity12,0.2422507043285904,2022-03,2022-03,0.2422507043285904,False,0.0,2.1276785916365006,2.1276785916365006,True,0.04,0.96,12.217931990152906,1.8854278873079102
2308708,Morada Nova,CE,2022,3,0.0,inpe_bdq_aqua_ref,climatology_regional_intensity12,0.0807502347761968,2022-03,2022-03,0.0807502347761968,False,0.0,1.966178122084107,1.966178122084107,True,0.04,0.96,12.217931990152906,1.8854278873079102
2309201,Nova Olinda,CE,2022,3,0.0,inpe_bdq_legacy,climatology_regional_intensity12,0.0,2022-03,2022-03,0.0,False,0.0,1.8854278873079102,1.8854278873079102,True,0.04,0.96,12.217931990152906,1.8854278873079102
2310605,Penaforte,CE,2022,3,0.0,inpe_bdq_legacy,climatology_regional_intensity12,0.0,2022-03,2022-03,0.0,False,0.0,1.8854278873079102,1.8854278873079102,True,0.04,0.96,12.217931990152906,1.8854278873079102
2311108,Porteiras,CE,2022,3,0.0,inpe_bdq_legacy,climatology_regional_intensity12,0.0,2022-03,2022-03,0.0,False,0.0,1.8854278873079102,1.8854278873079102,True,0.04,0.96,12.217931990152906,1.8854278873079102
2311207,Potengi,CE,2022,3,0.0,inpe_bdq_legacy,climatology_regional_intensity12,0.0,2022-03,2022-03,0.0,False,0.0,1.8854278873079102,1.8854278873079102,True,0.04,0.96,12.217931990152906,1.8854278873079102
2311306,Quixadá,CE,2022,3,0.0,inpe_bdq_aqua_ref,climatology_regional_intensity12,0.0807502347761968,2022-03,2022-03,0.0807502347761968,False,0.0,1.966178122084107,1.966178122084107,True,0.04,0.96,12.217931990152906,1.8854278873079102
2311405,Quixeramobim,CE,2022,3,2.0,inpe_bdq_aqua_ref,climatology_regional_intensity12,0.2018755869404921,2022-03,2022-03,1.798124413059508,False,0.0,2.0873034742484022,2.0873034742484022,True,0.04,0.96,12.217931990152906,1.8854278873079102
2311959,Salitre,CE,2022,3,0.0,inpe_bdq_legacy,climatology_regional_intensity12,0.0403751173880984,2022-03,2022-03,0.0403751173880984,False,0.0,1.9258030046960086,1.9258030046960086,True,0.04,0.96,12.217931990152906,1.8854278873079102
2312106,Santana do Cariri,CE,2022,3,0.0,inpe_bdq_legacy,climatology_regional_intensity12,0.0,2022-03,2022-03,0.0,False,0.0,1.8854278873079102,1.8854278873079102,True,0.04,0.96,12.217931990152906,1.8854278873079102
2312908,Sobral,CE,2022,3,0.0,inpe_bdq_aqua_ref,climatology_regional_intensity12,0.0403751173880984,2022-03,2022-03,0.0403751173880984,False,0.0,1.9258030046960086,1.9258030046960086,True,0.04,0.96,12.217931990152906,1.8854278873079102
2313302,Tauá,CE,2022,3,0.0,inpe_bdq_aqua_ref,climatology_regional_intensity12,0.0,2022-03,2022-03,0.0,False,0.0,1.8854278873079102,1.8854278873079102,True,0.04,0.96,12.217931990152906,1.8854278873079102
2313401,Tianguá,CE,2022,3,0.0,inpe_bdq_aqua_ref,climatology_regional_intensity12,0.0,2022-03,2022-03,0.0,False,0.0,1.8854278873079102,1.8854278873079102,True,0.04,0.96,12.217931990152906,1.8854278873079102
2300101,Abaiara,CE,2022,4,0.0,inpe_bdq_legacy,climatology_regional_intensity12,0.0,2022-04,2022-04,0.0,False,0.0,1.864972925442868,1.864972925442868,True,0.04,0.96,12.217931990152906,1.864972925442868
2300200,Acaraú,CE,2022,4,0.0,inpe_bdq_aqua_ref,climatology_regional_intensity12,0.0,2022-04,2022-04,0.0,False,0.0,1.864972925442868,1.864972925442868,True,0.04,0.96,12.217931990152906,1.864972925442868
2301307,Araripe,CE,2022,4,0.0,inpe_bdq_legacy,climatology_regional_intensity12,0.0,2022-04,2022-04,0.0,False,0.0,1.864972925442868,1.864972925442868,True,0.04,0.96,12.217931990152906,1.864972925442868
2301604,Assaré,CE,2022,4,0.0,inpe_bdq_legacy,climatology_regional_intensity12,0.0,2022-04,2022-04,0.0,False,0.0,1.864972925442868,1.864972925442868,True,0.04,0.96,12.217931990152906,1.864972925442868
2301901,Barbalha,CE,2022,4,0.0,inpe_bdq_aqua_ref,climatology_regional_intensity12,0.0,2022-04,2022-04,0.0,False,0.0,1.864972925442868,1.864972925442868,True,0.04,0.96,12.217931990152906,1.864972925442868
2302503,Brejo Santo,CE,2022,4,0.0,inpe_bdq_legacy,climatology_regional_intensity12,0.0,2022-04,2022-04,0.0,False,0.0,1.864972925442868,1.864972925442868,True,0.04,0.96,12.217931990152906,1.864972925442868
2302701,Campos Sales,CE,2022,4,0.0,inpe_bdq_aqua_ref,climatology_regional_intensity12,0.0,2022-04,2022-04,0.0,False,0.0,1.864972925442868,1.864972925442868,True,0.04,0.96,12.217931990152906,1.864972925442868
2304103,Crateús,CE,2022,4,0.0,inpe_bdq_aqua_ref,climatology_regional_intensity12,0.08085375518525,2022-04,2022-04,0.08085375518525,False,0.0,1.945826680628118,1.945826680628118,True,0.04,0.96,12.217931990152906,1.864972925442868
2304202,Crato,CE,2022,4,0.0,inpe_bdq_legacy,climatology_regional_intensity12,0.0,2022-04,2022-04,0.0,False,0.0,1.864972925442868,1.864972925442868,True,0.04,0.96,12.217931990152906,1.864972925442868
2304400,Fortaleza,CE,2022,4,0.0,inpe_bdq_aqua_ref,climatology_regional_intensity12,0.0,2022-04,2022-04,0.0,False,0.0,1.864972925442868,1.864972925442868,True,0.04,0.96,12.217931990152906,1.864972925442868
2305100,Guaramiranga,CE,2022,4,0.0,inpe_bdq_aqua_ref,climatology_regional_intensity12,0.0,2022-04,2022-04,0.0,False,0.0,1.864972925442868,1.864972925442868,True,0.04,0.96,12.217931990152906,1.864972925442868
2305506,Iguatu,CE,2022,4,0.0,inpe_bdq_aqua_ref,climatology_regional_intensity12,0.040426877592625,2022-04,2022-04,0.040426877592625,False,0.0,1.905399803035493,1.905399803035493,True,0.04,0.96,12.217931990152906,1.864972925442868
2306405,Itapipoca,CE,2022,4,0.0,inpe_bdq_aqua_ref,climatology_regional_intensity12,0.0,2022-04,2022-04,0.0,False,0.0,1.864972925442868,1.864972925442868,True,0.04,0.96,12.217931990152906,1.864972925442868
2306900,Jaguaribe,CE,2022,4,0.0,inpe_bdq_aqua_ref,climatology_regional_intensity12,0.08085375518525,2022-04,2022-04,0.08085375518525,False,0.0,1.945826680628118,1.945826680628118,True,0.04,0.96,12.217931990152906,1.864972925442868
2307007,Jaguaruana,CE,2022,4,0.0,inpe_bdq_aqua_ref,climatology_regional_intensity12,0.0,2022-04,2022-04,0.0,False,0.0,1.864972925442868,1.864972925442868,True,0.04,0.96,12.217931990152906,1.864972925442868
2307106,Jardim,CE,2022,4,0.0,inpe_bdq_legacy,climatology_regional_intensity12,0.0,2022-04,2022-04,0.0,False,0.0,1.864972925442868,1.864972925442868,True,0.04,0.96,12.217931990152906,1.864972925442868
2307205,Jati,CE,2022,4,0.0,inpe_bdq_legacy,climatology_regional_intensity12,0.0,2022-04,2022-04,0.0,False,0.0,1.864972925442868,1.864972925442868,True,0.04,0.96,12.217931990152906,1.864972925442868
2307304,Juazeiro do Norte,CE,2022,4,0.0,inpe_bdq_legacy,climatology_regional_intensity12,0.0,2022-04,2022-04,0.0,False,0.0,1.864972925442868,1.864972925442868,True,0.04,0.96,12.217931990152906,1.864972925442868
2308401,Missão Velha,CE,2022,4,0.0,inpe_bdq_legacy,climatology_regional_intensity12,0.1617075103705001,2022-04,2022-04,0.1617075103705001,False,0.0,2.026680435813368,2.026680435813368,True,0.04,0.96,12.217931990152906,1.864972925442868
2308708,Morada Nova,CE,2022,4,0.0,inpe_bdq_aqua_ref,climatology_regional_intensity12,0.040426877592625,2022-04,2022-04,0.040426877592625,False,0.0,1.905399803035493,1.905399803035493,True,0.04,0.96,12.217931990152906,1.864972925442868
2309201,Nova Olinda,CE,2022,4,0.0,inpe_bdq_legacy,climatology_regional_intensity12,0.0,2022-04,2022-04,0.0,False,0.0,1.864972925442868,1.864972925442868,True,0.04,0.96,12.217931990152906,1.864972925442868
2310605,Penaforte,CE,2022,4,0.0,inpe_bdq_legacy,climatology_regional_intensity12,0.0,2022-04,2022-04,0.0,False,0.0,1.864972925442868,1.864972925442868,True,0.04,0.96,12.217931990152906,1.864972925442868
2311108,Porteiras,CE,2022,4,0.0,inpe_bdq_legacy,climatology_regional_intensity12,0.0,2022-04,2022-04,0.0,False,0.0,1.864972925442868,1.864972925442868,True,0.04,0.96,12.217931990152906,1.864972925442868
2311207,Potengi,CE,2022,4,0.0,inpe_bdq_legacy,climatology_regional_intensity12,0.0,2022-04,2022-04,0.0,False,0.0,1.864972925442868,1.864972925442868,True,0.04,0.96,12.217931990152906,1.864972925442868
2311306,Quixadá,CE,2022,4,0.0,inpe_bdq_aqua_ref,climatology_regional_intensity12,0.08085375518525,2022-04,2022-04,0.08085375518525,False,0.0,1.945826680628118,1.945826680628118,True,0.04,0.96,12.217931990152906,1.864972925442868
2311405,Quixeramobim,CE,2022,4,0.0,inpe_bdq_aqua_ref,climatology_regional_intensity12,0.040426877592625,2022-04,2022-04,0.040426877592625,False,0.0,1.905399803035493,1.905399803035493,True,0.04,0.96,12.217931990152906,1.864972925442868
2311959,Salitre,CE,2022,4,0.0,inpe_bdq_legacy,climatology_regional_intensity12,0.040426877592625,2022-04,2022-04,0.040426877592625,False,0.0,1.905399803035493,1.905399803035493,True,0.04,0.96,12.217931990152906,1.864972925442868
2312106,Santana do Cariri,CE,2022,4,0.0,inpe_bdq_legacy,climatology_regional_intensity12,0.0,2022-04,2022-04,0.0,False,0.0,1.864972925442868,1.864972925442868,True,0.04,0.96,12.217931990152906,1.864972925442868
2312908,Sobral,CE,2022,4,0.0,inpe_bdq_aqua_ref,climatology_regional_intensity12,0.0,2022-04,2022-04,0.0,False,0.0,1.864972925442868,1.864972925442868,True,0.04,0.96,12.217931990152906,1.864972925442868
2313302,Tauá,CE,2022,4,0.0,inpe_bdq_aqua_ref,climatology_regional_intensity12,0.040426877592625,2022-04,2022-04,0.040426877592625,False,0.0,1.905399803035493,1.905399803035493,True,0.04,0.96,12.217931990152906,1.864972925442868
2313401,Tianguá,CE,2022,4,0.0,inpe_bdq_aqua_ref,climatology_regional_intensity12,0.0,2022-04,2022-04,0.0,False,0.0,1.864972925442868,1.864972925442868,True,0.04,0.96,12.217931990152906,1.864972925442868
2300101,Abaiara,CE,2022,5,0.0,inpe_bdq_legacy,climatology_regional_intensity12,0.0404285088372634,2022-05,2022-05,0.0404285088372634,False,0.0,1.9016952539924967,1.9016952539924967,True,0.04,0.96,12.217931990152906,1.8612667451552334
2300200,Acaraú,CE,2022,5,0.0,inpe_bdq_aqua_ref,climatology_regional_intensity12,0.0808570176745268,2022-05,2022-05,0.0808570176745268,False,0.0,1.9421237628297603,1.9421237628297603,True,0.04,0.96,12.217931990152906,1.8612667451552334
2301307,Araripe,CE,2022,5,0.0,inpe_bdq_legacy,climatology_regional_intensity12,0.202142544186317,2022-05,2022-05,0.202142544186317,False,0.0,2.0634092893415503,2.0634092893415503,True,0.04,0.96,12.217931990152906,1.8612667451552334
2301604,Assaré,CE,2022,5,0.0,inpe_bdq_legacy,climatology_regional_intensity12,0.0,2022-05,2022-05,0.0,False,0.0,1.8612667451552334,1.8612667451552334,True,0.04,0.96,12.217931990152906,1.8612667451552334
2301901,Barbalha,CE,2022,5,0.0,inpe_bdq_aqua_ref,climatology_regional_intensity12,0.0,2022-05,2022-05,0.0,False,0.0,1.8612667451552334,1.8612667451552334,True,0.04,0.96,12.217931990152906,1.8612667451552334
2302503,Brejo Santo,CE,2022,5,1.0,inpe_bdq_legacy,climatology_regional_intensity12,0.0404285088372634,2022-05,2022-05,0.9595714911627367,False,0.0,1.9016952539924967,1.9016952539924967,True,0.04,0.96,12.217931990152906,1.8612667451552334
2302701,Campos Sales,CE,2022,5,0.0,inpe_bdq_aqua_ref,climatology_regional_intensity12,0.0,2022-05,2022-05,0.0,False,0.0,1.8612667451552334,1.8612667451552334,True,0.04,0.96,12.217931990152906,1.8612667451552334
2304103,Crateús,CE,2022,5,0.0,inpe_bdq_aqua_ref,climatology_regional_intensity12,0.0,2022-05,2022-05,0.0,False,0.0,1.8612667451552334,1.8612667451552334,True,0.04,0.96,12.217931990152906,1.8612667451552334
2304202,Crato,CE,2022,5,0.0,inpe_bdq_legacy,climatology_regional_intensity12,0.0404285088372634,2022-05,2022-05,0.0404285088372634,False,0.0,1.9016952539924967,1.9016952539924967,True,0.04,0.96,12.217931990152906,1.8612667451552334
2304400,Fortaleza,CE,2022,5,0.0,inpe_bdq_aqua_ref,climatology_regional_intensity12,0.0,2022-05,2022-05,0.0,False,0.0,1.8612667451552334,1.8612667451552334,True,0.04,0.96,12.217931990152906,1.8612667451552334
2305100,Guaramiranga,CE,2022,5,0.0,inpe_bdq_aqua_ref,climatology_regional_intensity12,0.0,2022-05,2022-05,0.0,False,0.0,1.8612667451552334,1.8612667451552334,True,0.04,0.96,12.217931990152906,1.8612667451552334
2305506,Iguatu,CE,2022,5,0.0,inpe_bdq_aqua_ref,climatology_regional_intensity12,0.0,2022-05,2022-05,0.0,False,0.0,1.8612667451552334,1.8612667451552334,True,0.04,0.96,12.217931990152906,1.8612667451552334
2306405,Itapipoca,CE,2022,5,0.0,inpe_bdq_aqua_ref,climatology_regional_intensity12,0.0808570176745268,2022-05,2022-05,0.0808570176745268,False,0.0,1.9421237628297603,1.9421237628297603,True,0.04,0.96,12.217931990152906,1.8612667451552334
2306900,Jaguaribe,CE,2022,5,0.0,inpe_bdq_aqua_ref,climatology_regional_intensity12,0.0,2022-05,2022-05,0.0,False,0.0,1.8612667451552334,1.8612667451552334,True,0.04,0.96,12.217931990152906,1.8612667451552334
2307007,Jaguaruana,CE,2022,5,0.0,inpe_bdq_aqua_ref,climatology_regional_intensity12,0.0404285088372634,2022-05,2022-05,0.0404285088372634,False,0.0,1.9016952539924967,1.9016952539924967,True,0.04,0.96,12.217931990152906,1.8612667451552334
2307106,Jardim,CE,2022,5,0.0,inpe_bdq_legacy,climatology_regional_intensity12,0.1212855265117902,2022-05,2022-05,0.1212855265117902,False,0.0,1.9825522716670236,1.9825522716670236,True,0.04,0.96,12.217931990152906,1.8612667451552334
2307205,Jati,CE,2022,5,0.0,inpe_bdq_legacy,climatology_regional_intensity12,0.0,2022-05,2022-05,0.0,False,0.0,1.8612667451552334,1.8612667451552334,True,0.04,0.96,12.217931990152906,1.8612667451552334
2307304,Juazeiro do Norte,CE,2022,5,1.0,inpe_bdq_legacy,climatology_regional_intensity12,0.0,2022-05,2022-05,1.0,False,0.0,1.8612667451552334,1.8612667451552334,True,0.04,0.96,12.217931990152906,1.8612667451552334
2308401,Missão Velha,CE,2022,5,0.0,inpe_bdq_legacy,climatology_regional_intensity12,0.0,2022-05,2022-05,0.0,False,0.0,1.8612667451552334,1.8612667451552334,True,0.04,0.96,12.217931990152906,1.8612667451552334
2308708,Morada Nova,CE,2022,5,0.0,inpe_bdq_aqua_ref,climatology_regional_intensity12,0.1617140353490536,2022-05,2022-05,0.1617140353490536,False,0.0,2.022980780504287,2.022980780504287,True,0.04,0.96,12.217931990152906,1.8612667451552334
2309201,Nova Olinda,CE,2022,5,0.0,inpe_bdq_legacy,climatology_regional_intensity12,0.1212855265117902,2022-05,2022-05,0.1212855265117902,False,0.0,1.9825522716670236,1.9825522716670236,True,0.04,0.96,12.217931990152906,1.8612667451552334
2310605,Penaforte,CE,2022,5,0.0,inpe_bdq_legacy,climatology_regional_intensity12,0.0,2022-05,2022-05,0.0,False,0.0,1.8612667451552334,1.8612667451552334,True,0.04,0.96,12.217931990152906,1.8612667451552334
2311108,Porteiras,CE,2022,5,0.0,inpe_bdq_legacy,climatology_regional_intensity12,0.0404285088372634,2022-05,2022-05,0.0404285088372634,False,0.0,1.9016952539924967,1.9016952539924967,True,0.04,0.96,12.217931990152906,1.8612667451552334
2311207,Potengi,CE,2022,5,0.0,inpe_bdq_legacy,climatology_regional_intensity12,0.0404285088372634,2022-05,2022-05,0.0404285088372634,False,0.0,1.9016952539924967,1.9016952539924967,True,0.04,0.96,12.217931990152906,1.8612667451552334
2311306,Quixadá,CE,2022,5,0.0,inpe_bdq_aqua_ref,climatology_regional_intensity12,0.1212855265117902,2022-05,2022-05,0.1212855265117902,False,0.0,1.9825522716670236,1.9825522716670236,True,0.04,0.96,12.217931990152906,1.8612667451552334
2311405,Quixeramobim,CE,2022,5,0.0,inpe_bdq_aqua_ref,climatology_regional_intensity12,0.0,2022-05,2022-05,0.0,False,0.0,1.8612667451552334,1.8612667451552334,True,0.04,0.96,12.217931990152906,1.8612667451552334
2311959,Salitre,CE,2022,5,0.0,inpe_bdq_legacy,climatology_regional_intensity12,0.0404285088372634,2022-05,2022-05,0.0404285088372634,False,0.0,1.9016952539924967,1.9016952539924967,True,0.04,0.96,12.217931990152906,1.8612667451552334
2312106,Santana do Cariri,CE,2022,5,0.0,inpe_bdq_legacy,climatology_regional_intensity12,0.0,2022-05,2022-05,0.0,False,0.0,1.8612667451552334,1.8612667451552334,True,0.04,0.96,12.217931990152906,1.8612667451552334
2312908,Sobral,CE,2022,5,0.0,inpe_bdq_aqua_ref,climatology_regional_intensity12,0.0,2022-05,2022-05,0.0,False,0.0,1.8612667451552334,1.8612667451552334,True,0.04,0.96,12.217931990152906,1.8612667451552334
2313302,Tauá,CE,2022,5,0.0,inpe_bdq_aqua_ref,climatology_regional_intensity12,0.0808570176745268,2022-05,2022-05,0.0808570176745268,False,0.0,1.9421237628297603,1.9421237628297603,True,0.04,0.96,12.217931990152906,1.8612667451552334
2313401,Tianguá,CE,2022,5,0.0,inpe_bdq_aqua_ref,climatology_regional_intensity12,0.0404285088372634,2022-05,2022-05,0.0404285088372634,False,0.0,1.9016952539924967,1.9016952539924967,True,0.04,0.96,12.217931990152906,1.8612667451552334
2300101,Abaiara,CE,2022,6,0.0,inpe_bdq_legacy,climatology_regional_intensity12,0.1202109097829738,2022-06,2022-06,0.1202109097829738,False,0.0,1.9666346103055325,1.9666346103055325,True,0.04,0.96,12.217931990152906,1.8464237005225588
2300200,Acaraú,CE,2022,6,1.0,inpe_bdq_aqua_ref,climatology_regional_intensity12,0.3205624260879301,2022-06,2022-06,0.6794375739120699,False,0.0,2.166986126610489,2.166986126610489,True,0.04,0.96,12.217931990152906,1.8464237005225588
2301307,Araripe,CE,2022,6,1.0,inpe_bdq_legacy,climatology_regional_intensity12,0.0801406065219825,2022-06,2022-06,0.9198593934780175,False,0.0,1.9265643070445413,1.9265643070445413,True,0.04,0.96,12.217931990152906,1.8464237005225588
2301604,Assaré,CE,2022,6,0.0,inpe_bdq_legacy,climatology_regional_intensity12,0.0,2022-06,2022-06,0.0,False,0.0,1.8464237005225588,1.8464237005225588,True,0.04,0.96,12.217931990152906,1.8464237005225588
2301901,Barbalha,CE,2022,6,0.0,inpe_bdq_aqua_ref,climatology_regional_intensity12,0.1202109097829738,2022-06,2022-06,0.1202109097829738,False,0.0,1.9666346103055325,1.9666346103055325,True,0.04,0.96,12.217931990152906,1.8464237005225588
2302503,Brejo Santo,CE,2022,6,1.0,inpe_bdq_legacy,climatology_regional_intensity12,0.160281213043965,2022-06,2022-06,0.839718786956035,False,0.0,2.006704913566524,2.006704913566524,True,0.04,0.96,12.217931990152906,1.8464237005225588
2302701,Campos Sales,CE,2022,6,0.0,inpe_bdq_aqua_ref,climatology_regional_intensity12,0.0,2022-06,2022-06,0.0,False,0.0,1.8464237005225588,1.8464237005225588,True,0.04,0.96,12.217931990152906,1.8464237005225588
2304103,Crateús,CE,2022,6,5.0,inpe_bdq_aqua_ref,climatology_regional_intensity12,0.2003515163049563,2022-06,2022-06,4.7996484836950435,False,0.0,2.0467752168275153,2.0467752168275153,False,0.04,0.96,12.217931990152906,1.8464237005225588
2304202,Crato,CE,2022,6,0.0,inpe_bdq_legacy,climatology_regional_intensity12,0.0400703032609912,2022-06,2022-06,0.0400703032609912,False,0.0,1.88649400378355,1.88649400378355,True,0.04,0.96,12.217931990152906,1.8464237005225588
2304400,Fortaleza,CE,2022,6,0.0,inpe_bdq_aqua_ref,climatology_regional_intensity12,0.0,2022-06,2022-06,0.0,False,0.0,1.8464237005225588,1.8464237005225588,True,0.04,0.96,12.217931990152906,1.8464237005225588
2305100,Guaramiranga,CE,2022,6,0.0,inpe_bdq_aqua_ref,climatology_regional_intensity12,0.0,2022-06,2022-06,0.0,False,0.0,1.8464237005225588,1.8464237005225588,True,0.04,0.96,12.217931990152906,1.8464237005225588
2305506,Iguatu,CE,2022,6,0.0,inpe_bdq_aqua_ref,climatology_regional_intensity12,0.2003515163049563,2022-06,2022-06,0.2003515163049563,False,0.0,2.0467752168275153,2.0467752168275153,True,0.04,0.96,12.217931990152906,1.8464237005225588
2306405,Itapipoca,CE,2022,6,0.0,inpe_bdq_aqua_ref,climatology_regional_intensity12,0.4808436391318952,2022-06,2022-06,0.4808436391318952,False,0.0,2.327267339654454,2.327267339654454,True,0.04,0.96,12.217931990152906,1.8464237005225588
2306900,Jaguaribe,CE,2022,6,0.0,inpe_bdq_aqua_ref,climatology_regional_intensity12,0.0801406065219825,2022-06,2022-06,0.0801406065219825,False,0.0,1.9265643070445413,1.9265643070445413,True,0.04,0.96,12.217931990152906,1.8464237005225588
2307007,Jaguaruana,CE,2022,6,0.0,inpe_bdq_aqua_ref,climatology_regional_intensity12,0.0,2022-06,2022-06,0.0,False,0.0,1.8464237005225588,1.8464237005225588,True,0.04,0.96,12.217931990152906,1.8464237005225588
2307106,Jardim,CE,2022,6,0.0,inpe_bdq_legacy,climatology_regional_intensity12,0.0400703032609912,2022-06,2022-06,0.0400703032609912,False,0.0,1.88649400378355,1.88649400378355,True,0.04,0.96,12.217931990152906,1.8464237005225588
2307205,Jati,CE,2022,6,0.0,inpe_bdq_legacy,climatology_regional_intensity12,0.0,2022-06,2022-06,0.0,False,0.0,1.8464237005225588,1.8464237005225588,True,0.04,0.96,12.217931990152906,1.8464237005225588
2307304,Juazeiro do Norte,CE,2022,6,0.0,inpe_bdq_legacy,climatology_regional_intensity12,0.0,2022-06,2022-06,0.0,False,0.0,1.8464237005225588,1.8464237005225588,True,0.04,0.96,12.217931990152906,1.8464237005225588
2308401,Missão Velha,CE,2022,6,0.0,inpe_bdq_legacy,climatology_regional_intensity12,0.0801406065219825,2022-06,2022-06,0.0801406065219825,False,0.0,1.9265643070445413,1.9265643070445413,True,0.04,0.96,12.217931990152906,1.8464237005225588
2308708,Morada Nova,CE,2022,6,0.0,inpe_bdq_aqua_ref,climatology_regional_intensity12,0.1202109097829738,2022-06,2022-06,0.1202109097829738,False,0.0,1.9666346103055325,1.9666346103055325,True,0.04,0.96,12.217931990152906,1.8464237005225588
2309201,Nova Olinda,CE,2022,6,0.0,inpe_bdq_legacy,climatology_regional_intensity12,0.0,2022-06,2022-06,0.0,False,0.0,1.8464237005225588,1.8464237005225588,True,0.04,0.96,12.217931990152906,1.8464237005225588
2310605,Penaforte,CE,2022,6,0.0,inpe_bdq_legacy,climatology_regional_intensity12,0.0,2022-06,2022-06,0.0,False,0.0,1.8464237005225588,1.8464237005225588,True,0.04,0.96,12.217931990152906,1.8464237005225588
2311108,Porteiras,CE,2022,6,0.0,inpe_bdq_legacy,climatology_regional_intensity12,0.0400703032609912,2022-06,2022-06,0.0400703032609912,False,0.0,1.88649400378355,1.88649400378355,True,0.04,0.96,12.217931990152906,1.8464237005225588
2311207,Potengi,CE,2022,6,0.0,inpe_bdq_legacy,climatology_regional_intensity12,0.0,2022-06,2022-06,0.0,False,0.0,1.8464237005225588,1.8464237005225588,True,0.04,0.96,12.217931990152906,1.8464237005225588
2311306,Quixadá,CE,2022,6,0.0,inpe_bdq_aqua_ref,climatology_regional_intensity12,0.0801406065219825,2022-06,2022-06,0.0801406065219825,False,0.0,1.9265643070445413,1.9265643070445413,True,0.04,0.96,12.217931990152906,1.8464237005225588
2311405,Quixeramobim,CE,2022,6,0.0,inpe_bdq_aqua_ref,climatology_regional_intensity12,0.160281213043965,2022-06,2022-06,0.160281213043965,False,0.0,2.006704913566524,2.006704913566524,True,0.04,0.96,12.217931990152906,1.8464237005225588
2311959,Salitre,CE,2022,6,0.0,inpe_bdq_legacy,climatology_regional_intensity12,0.0801406065219825,2022-06,2022-06,0.0801406065219825,False,0.0,1.9265643070445413,1.9265643070445413,True,0.04,0.96,12.217931990152906,1.8464237005225588
2312106,Santana do Cariri,CE,2022,6,0.0,inpe_bdq_legacy,climatology_regional_intensity12,0.0,2022-06,2022-06,0.0,False,0.0,1.8464237005225588,1.8464237005225588,True,0.04,0.96,12.217931990152906,1.8464237005225588
2312908,Sobral,CE,2022,6,0.0,inpe_bdq_aqua_ref,climatology_regional_intensity12,0.160281213043965,2022-06,2022-06,0.160281213043965,False,0.0,2.006704913566524,2.006704913566524,True,0.04,0.96,12.217931990152906,1.8464237005225588
2313302,Tauá,CE,2022,6,0.0,inpe_bdq_aqua_ref,climatology_regional_intensity12,0.0801406065219825,2022-06,2022-06,0.0801406065219825,False,0.0,1.9265643070445413,1.9265643070445413,True,0.04,0.96,12.217931990152906,1.8464237005225588
2313401,Tianguá,CE,2022,6,2.0,inpe_bdq_aqua_ref,climatology_regional_intensity12,0.0801406065219825,2022-06,2022-06,1.9198593934780175,False,0.0,1.9265643070445413,1.9265643070445413,False,0.04,0.96,12.217931990152906,1.8464237005225588
2300101,Abaiara,CE,2022,7,0.0,inpe_bdq_legacy,climatology_regional_intensity12,0.1195615672488435,2022-07,2022-07,0.1195615672488435,False,0.0,1.976783880516713,1.976783880516713,True,0.04,0.96,12.217931990152906,1.8572223132678696
2300200,Acaraú,CE,2022,7,0.0,inpe_bdq_aqua_ref,climatology_regional_intensity12,1.0362002494899774,2022-07,2022-07,1.0362002494899774,False,0.0,2.8934225627578467,2.8934225627578467,True,0.04,0.96,12.217931990152906,1.8572223132678696
2301307,Araripe,CE,2022,7,0.0,inpe_bdq_legacy,climatology_regional_intensity12,0.2391231344976871,2022-07,2022-07,0.2391231344976871,False,0.0,2.0963454477655565,2.0963454477655565,True,0.04,0.96,12.217931990152906,1.8572223132678696
2301604,Assaré,CE,2022,7,0.0,inpe_bdq_legacy,climatology_regional_intensity12,0.0398538557496145,2022-07,2022-07,0.0398538557496145,False,0.0,1.897076169017484,1.897076169017484,True,0.04,0.96,12.217931990152906,1.8572223132678696
2301901,Barbalha,CE,2022,7,2.0,inpe_bdq_aqua_ref,climatology_regional_intensity12,0.1510251375774866,2022-07,2022-07,1.8489748624225135,False,0.0,2.008247450845356,2.008247450845356,True,0.04,0.96,12.217931990152906,1.8572223132678696
2302503,Brejo Santo,CE,2022,7,0.0,inpe_bdq_legacy,climatology_regional_intensity12,0.159415422998458,2022-07,2022-07,0.159415422998458,False,0.0,2.0166377362663277,2.0166377362663277,True,0.04,0.96,12.217931990152906,1.8572223132678696
2302701,Campos Sales,CE,2022,7,0.0,inpe_bdq_aqua_ref,climatology_regional_intensity12,0.0398538557496145,2022-07,2022-07,0.0398538557496145,False,0.0,1.897076169017484,1.897076169017484,True,0.04,0.96,12.217931990152906,1.8572223132678696
2304103,Crateús,CE,2022,7,0.0,inpe_bdq_aqua_ref,climatology_regional_intensity12,0.4383924132457597,2022-07,2022-07,0.4383924132457597,False,0.0,2.2956147265136293,2.2956147265136293,True,0.04,0.96,12.217931990152906,1.8572223132678696
2304202,Crato,CE,2022,7,0.0,inpe_bdq_legacy,climatology_regional_intensity12,0.0,2022-07,2022-07,0.0,False,0.0,1.8572223132678696,1.8572223132678696,True,0.04,0.96,12.217931990152906,1.8572223132678696
2304400,Fortaleza,CE,2022,7,0.0,inpe_bdq_aqua_ref,climatology_regional_intensity12,0.0398538557496145,2022-07,2022-07,0.0398538557496145,False,0.0,1.897076169017484,1.897076169017484,True,0.04,0.96,12.217931990152906,1.8572223132678696
2305100,Guaramiranga,CE,2022,7,0.0,inpe_bdq_aqua_ref,climatology_regional_intensity12,0.0,2022-07,2022-07,0.0,False,0.0,1.8572223132678696,1.8572223132678696,True,0.04,0.96,12.217931990152906,1.8572223132678696
2305506,Iguatu,CE,2022,7,0.0,inpe_bdq_aqua_ref,climatology_regional_intensity12,0.6775155477434468,2022-07,2022-07,0.6775155477434468,False,0.0,2.5347378610113163,2.5347378610113163,True,0.04,0.96,12.217931990152906,1.8572223132678696
2306405,Itapipoca,CE,2022,7,0.0,inpe_bdq_aqua_ref,climatology_regional_intensity12,0.6376616919938323,2022-07,2022-07,0.6376616919938323,False,0.0,2.494884005261702,2.494884005261702,True,0.04,0.96,12.217931990152906,1.8572223132678696
2306900,Jaguaribe,CE,2022,7,0.0,inpe_bdq_aqua_ref,climatology_regional_intensity12,0.1195615672488435,2022-07,2022-07,0.1195615672488435,False,0.0,1.976783880516713,1.976783880516713,True,0.04,0.96,12.217931990152906,1.8572223132678696
2307007,Jaguaruana,CE,2022,7,0.0,inpe_bdq_aqua_ref,climatology_regional_intensity12,0.159415422998458,2022-07,2022-07,0.159415422998458,False,0.0,2.0166377362663277,2.0166377362663277,True,0.04,0.96,12.217931990152906,1.8572223132678696
2307106,Jardim,CE,2022,7,0.0,inpe_bdq_legacy,climatology_regional_intensity12,0.0398538557496145,2022-07,2022-07,0.0398538557496145,False,0.0,1.897076169017484,1.897076169017484,True,0.04,0.96,12.217931990152906,1.8572223132678696
2307205,Jati,CE,2022,7,0.0,inpe_bdq_legacy,climatology_regional_intensity12,0.0,2022-07,2022-07,0.0,False,0.0,1.8572223132678696,1.8572223132678696,True,0.04,0.96,12.217931990152906,1.8572223132678696
2307304,Juazeiro do Norte,CE,2022,7,0.0,inpe_bdq_legacy,climatology_regional_intensity12,0.1992692787480726,2022-07,2022-07,0.1992692787480726,False,0.0,2.0564915920159423,2.0564915920159423,True,0.04,0.96,12.217931990152906,1.8572223132678696
2308401,Missão Velha,CE,2022,7,0.0,inpe_bdq_legacy,climatology_regional_intensity12,0.079707711499229,2022-07,2022-07,0.079707711499229,False,0.0,1.9369300247670986,1.9369300247670986,True,0.04,0.96,12.217931990152906,1.8572223132678696
2308708,Morada Nova,CE,2022,7,0.0,inpe_bdq_aqua_ref,climatology_regional_intensity12,0.0,2022-07,2022-07,0.0,False,0.0,1.8572223132678696,1.8572223132678696,True,0.04,0.96,12.217931990152906,1.8572223132678696
2309201,Nova Olinda,CE,2022,7,0.0,inpe_bdq_legacy,climatology_regional_intensity12,0.3188308459969161,2022-07,2022-07,0.3188308459969161,False,0.0,2.176053159264786,2.176053159264786,True,0.04,0.96,12.217931990152906,1.8572223132678696
2310605,Penaforte,CE,2022,7,0.0,inpe_bdq_legacy,climatology_regional_intensity12,0.0,2022-07,2022-07,0.0,False,0.0,1.8572223132678696,1.8572223132678696,True,0.04,0.96,12.217931990152906,1.8572223132678696
2311108,Porteiras,CE,2022,7,0.0,inpe_bdq_legacy,climatology_regional_intensity12,0.1195615672488435,2022-07,2022-07,0.1195615672488435,False,0.0,1.976783880516713,1.976783880516713,True,0.04,0.96,12.217931990152906,1.8572223132678696
2311207,Potengi,CE,2022,7,0.0,inpe_bdq_legacy,climatology_regional_intensity12,0.079707711499229,2022-07,2022-07,0.079707711499229,False,0.0,1.9369300247670986,1.9369300247670986,True,0.04,0.96,12.217931990152906,1.8572223132678696
2311306,Quixadá,CE,2022,7,0.0,inpe_bdq_aqua_ref,climatology_regional_intensity12,0.3188308459969161,2022-07,2022-07,0.3188308459969161,False,0.0,2.176053159264786,2.176053159264786,True,0.04,0.96,12.217931990152906,1.8572223132678696
2311405,Quixeramobim,CE,2022,7,0.0,inpe_bdq_aqua_ref,climatology_regional_intensity12,0.2391231344976871,2022-07,2022-07,0.2391231344976871,False,0.0,2.0963454477655565,2.0963454477655565,True,0.04,0.96,12.217931990152906,1.8572223132678696
2311959,Salitre,CE,2022,7,3.0,inpe_bdq_legacy,climatology_regional_intensity12,0.0398538557496145,2022-07,2022-07,2.9601461442503854,False,0.0,1.897076169017484,1.897076169017484,False,0.04,0.96,12.217931990152906,1.8572223132678696
2312106,Santana do Cariri,CE,2022,7,3.0,inpe_bdq_legacy,climatology_regional_intensity12,0.2391231344976871,2022-07,2022-07,2.760876865502313,False,0.0,2.0963454477655565,2.0963454477655565,False,0.04,0.96,12.217931990152906,1.8572223132678696
2312908,Sobral,CE,2022,7,0.0,inpe_bdq_aqua_ref,climatology_regional_intensity12,0.5181001247449887,2022-07,2022-07,0.5181001247449887,False,0.0,2.375322438012858,2.375322438012858,True,0.04,0.96,12.217931990152906,1.8572223132678696
2313302,Tauá,CE,2022,7,0.0,inpe_bdq_aqua_ref,climatology_regional_intensity12,0.159415422998458,2022-07,2022-07,0.159415422998458,False,0.0,2.0166377362663277,2.0166377362663277,True,0.04,0.96,12.217931990152906,1.8572223132678696
2313401,Tianguá,CE,2022,7,6.0,inpe_bdq_aqua_ref,climatology_regional_intensity12,0.3188308459969161,2022-07,2022-07,5.681169154003084,False,0.0,2.176053159264786,2.176053159264786,False,0.04,0.96,12.217931990152906,1.8572223132678696
2300101,Abaiara,CE,2022,8,0.0,inpe_bdq_legacy,climatology_regional_intensity12,0.279984774639868,2022-08,2022-08,0.279984774639868,True,0.0,12.497916764792773,12.497916764792773,True,0.04,0.96,12.217931990152906,1.864972925442868
2300200,Acaraú,CE,2022,8,1.0,inpe_bdq_aqua_ref,climatology_regional_intensity12,1.1599369235080246,2022-08,2022-08,0.15993692350802458,True,0.0,13.37786891366093,13.37786891366093,True,0.04,0.96,12.217931990152906,1.864972925442868
2301307,Araripe,CE,2022,8,0.0,inpe_bdq_legacy,climatology_regional_intensity12,0.7199608490739463,2022-08,2022-08,0.7199608490739463,True,0.0,12.937892839226851,12.937892839226851,True,0.04,0.96,12.217931990152906,1.864972925442868
2301604,Assaré,CE,2022,8,0.0,inpe_bdq_legacy,climatology_regional_intensity12,0.7199608490739463,2022-08,2022-08,0.7199608490739463,True,0.0,12.937892839226851,12.937892839226851,True,0.04,0.96,12.217931990152906,1.864972925442868
2301901,Barbalha,CE,2022,8,0.0,inpe_bdq_aqua_ref,climatology_regional_intensity12,0.8336388778750957,2022-08,2022-08,0.8336388778750957,True,0.0,13.051570868028001,13.051570868028001,True,0.04,0.96,12.217931990152906,1.864972925442868
2302503,Brejo Santo,CE,2022,8,0.0,inpe_bdq_legacy,climatology_regional_intensity12,0.1199934748456577,2022-08,2022-08,0.1199934748456577,True,0.0,12.337925464998563,12.337925464998563,True,0.04,0.96,12.217931990152906,1.864972925442868
2302701,Campos Sales,CE,2022,8,1.0,inpe_bdq_aqua_ref,climatology_regional_intensity12,0.1999891247427628,2022-08,2022-08,0.8000108752572372,True,0.0,12.417921114895668,12.417921114895668,True,0.04,0.96,12.217931990152906,1.864972925442868
2304103,Crateús,CE,2022,8,4.0,inpe_bdq_aqua_ref,climatology_regional_intensity12,1.7199064727877609,2022-08,2022-08,2.280093527212239,True,0.0,13.937838462940666,13.937838462940666,True,0.04,0.96,12.217931990152906,1.864972925442868
2304202,Crato,CE,2022,8,4.0,inpe_bdq_legacy,climatology_regional_intensity12,1.0988876117444444,2022-08,2022-08,2.9011123882555556,True,0.0,13.31681960189735,13.31681960189735,True,0.04,0.96,12.217931990152906,1.864972925442868
2304400,Fortaleza,CE,2022,8,0.0,inpe_bdq_aqua_ref,climatology_regional_intensity12,0.2699853184027299,2022-08,2022-08,0.2699853184027299,True,0.0,12.487917308555636,12.487917308555636,True,0.04,0.96,12.217931990152906,1.864972925442868
2305100,Guaramiranga,CE,2022,8,0.0,inpe_bdq_aqua_ref,climatology_regional_intensity12,0.0,2022-08,2022-08,0.0,True,0.0,12.217931990152906,12.217931990152906,True,0.04,0.96,12.217931990152906,1.864972925442868
2305506,Iguatu,CE,2022,8,8.0,inpe_bdq_aqua_ref,climatology_regional_intensity12,1.0799412736109195,2022-08,2022-08,6.9200587263890805,True,0.0,13.297873263763826,13.297873263763826,True,0.04,0.96,12.217931990152906,1.864972925442868
2306405,Itapipoca,CE,2022,8,0.0,inpe_bdq_aqua_ref,climatology_regional_intensity12,2.1998803721703912,2022-08,2022-08,2.1998803721703912,True,0.0,14.417812362323296,14.417812362323296,True,0.04,0.96,12.217931990152906,1.864972925442868
2306900,Jaguaribe,CE,2022,8,0.0,inpe_bdq_aqua_ref,climatology_regional_intensity12,0.5999673742282886,2022-08,2022-08,0.5999673742282886,True,0.0,12.817899364381194,12.817899364381194,True,0.04,0.96,12.217931990152906,1.864972925442868
2307106,Jardim,CE,2022,8,0.0,inpe_bdq_legacy,climatology_regional_intensity12,0.1199934748456577,2022-08,2022-08,0.1199934748456577,True,0.0,12.337925464998563,12.337925464998563,True,0.04,0.96,12.217931990152906,1.864972925442868
2307205,Jati,CE,2022,8,0.0,inpe_bdq_legacy,climatology_regional_intensity12,0.0,2022-08,2022-08,0.0,True,0.0,12.217931990152906,12.217931990152906,True,0.04,0.96,12.217931990152906,1.864972925442868
2307304,Juazeiro do Norte,CE,2022,8,0.0,inpe_bdq_legacy,climatology_regional_intensity12,0.5505582963506648,2022-08,2022-08,0.5505582963506648,True,0.0,12.768490286503571,12.768490286503571,True,0.04,0.96,12.217931990152906,1.864972925442868
2308401,Missão Velha,CE,2022,8,3.0,inpe_bdq_legacy,climatology_regional_intensity12,0.4399760744340783,2022-08,2022-08,2.560023925565922,True,0.0,12.657908064586984,12.657908064586984,True,0.04,0.96,12.217931990152906,1.864972925442868
2308708,Morada Nova,CE,2022,8,4.0,inpe_bdq_aqua_ref,climatology_regional_intensity12,0.9199499738167092,2022-08,2022-08,3.080050026183291,True,0.0,13.137881963969615,13.137881963969615,True,0.04,0.96,12.217931990152906,1.864972925442868
2309201,Nova Olinda,CE,2022,8,0.0,inpe_bdq_legacy,climatology_regional_intensity12,0.1599912997942102,2022-08,2022-08,0.1599912997942102,True,0.0,12.377923289947116,12.377923289947116,True,0.04,0.96,12.217931990152906,1.864972925442868
2311108,Porteiras,CE,2022,8,2.0,inpe_bdq_legacy,climatology_regional_intensity12,0.0449975530671216,2022-08,2022-08,1.9550024469328784,True,0.0,12.262929543220027,12.262929543220027,True,0.04,0.96,12.217931990152906,1.864972925442868
2311207,Potengi,CE,2022,8,0.0,inpe_bdq_legacy,climatology_regional_intensity12,0.0,2022-08,2022-08,0.0,True,0.0,12.217931990152906,12.217931990152906,True,0.04,0.96,12.217931990152906,1.864972925442868
2311306,Quixadá,CE,2022,8,1.0,inpe_bdq_aqua_ref,climatology_regional_intensity12,0.759958674022499,2022-08,2022-08,0.24004132597750105,True,0.0,12.977890664175405,12.977890664175405,True,0.04,0.96,12.217931990152906,1.864972925442868
2311405,Quixeramobim,CE,2022,8,0.0,inpe_bdq_aqua_ref,climatology_regional_intensity12,0.8399543239196041,2022-08,2022-08,0.8399543239196041,True,0.0,13.05788631407251,13.05788631407251,True,0.04,0.96,12.217931990152906,1.864972925442868
2311959,Salitre,CE,2022,8,0.0,inpe_bdq_legacy,climatology_regional_intensity12,0.2652487338693486,2022-08,2022-08,0.2652487338693486,True,0.0,12.483180724022255,12.483180724022255,True,0.04,0.96,12.217931990152906,1.864972925442868
2312106,Santana do Cariri,CE,2022,8,2.0,inpe_bdq_legacy,climatology_regional_intensity12,0.5304974677386972,2022-08,2022-08,1.469502532261303,True,0.0,12.748429457891604,12.748429457891604,True,0.04,0.96,12.217931990152906,1.864972925442868
2312908,Sobral,CE,2022,8,9.0,inpe_bdq_aqua_ref,climatology_regional_intensity12,4.51975421918644,2022-08,2022-08,4.48024578081356,True,0.0,16.737686209339344,16.737686209339344,True,0.04,0.96,12.217931990152906,1.864972925442868
2313302,Tauá,CE,2022,8,1.0,inpe_bdq_aqua_ref,climatology_regional_intensity12,0.4399760744340783,2022-08,2022-08,0.5600239255659216,True,0.0,12.657908064586984,12.657908064586984,True,0.04,0.96,12.217931990152906,1.864972925442868
2313401,Tianguá,CE,2022,8,0.0,inpe_bdq_aqua_ref,climatology_regional_intensity12,0.6799630241253937,2022-08,2022-08,0.6799630241253937,True,0.0,12.8978950142783,12.8978950142783,True,0.04,0.96,12.217931990152906,1.864972925442868
2300101,Abaiara,CE,2022,9,2.0,inpe_bdq_legacy,climatology_regional_intensity12,0.2041593973721703,2022-09,2022-09,1.7958406026278297,True,0.0,12.191227700393801,12.191227700393801,True,0.04,0.96,11.987068303021632,1.864972925442868
2300200,Acaraú,CE,2022,9,1.0,inpe_bdq_aqua_ref,climatology_regional_intensity12,1.3474520226563238,2022-09,2022-09,0.3474520226563238,True,0.0,13.334520325677955,13.334520325677955,True,0.04,0.96,11.987068303021632,1.864972925442868
2301307,Araripe,CE,2022,9,8.0,inpe_bdq_legacy,climatology_regional_intensity12,5.454279479269139,2022-09,2022-09,2.5457205207308613,True,0.0,17.44134778229077,17.44134778229077,True,0.04,0.96,11.987068303021632,1.864972925442868
2301604,Assaré,CE,2022,9,0.0,inpe_bdq_legacy,climatology_regional_intensity12,0.9670708296576488,2022-09,2022-09,0.9670708296576488,True,0.0,12.95413913267928,12.95413913267928,True,0.04,0.96,11.987068303021632,1.864972925442868
2301901,Barbalha,CE,2022,9,7.0,inpe_bdq_aqua_ref,climatology_regional_intensity12,1.9728244925016036,2022-09,2022-09,5.027175507498397,True,0.0,13.959892795523235,13.959892795523235,True,0.04,0.96,11.987068303021632,1.864972925442868
2302503,Brejo Santo,CE,2022,9,4.0,inpe_bdq_legacy,climatology_regional_intensity12,1.0444364960302606,2022-09,2022-09,2.9555635039697394,True,0.0,13.031504799051891,13.031504799051891,True,0.04,0.96,11.987068303021632,1.864972925442868
2302701,Campos Sales,CE,2022,9,2.0,inpe_bdq_aqua_ref,climatology_regional_intensity12,1.0057536628439547,2022-09,2022-09,0.9942463371560453,True,0.0,12.992821965865586,12.992821965865586,True,0.04,0.96,11.987068303021632,1.864972925442868
2304103,Crateús,CE,2022,9,7.0,inpe_bdq_aqua_ref,climatology_regional_intensity12,2.5724084068893456,2022-09,2022-09,4.427591593110654,True,0.0,14.559476709910978,14.559476709910978,True,0.04,0.96,11.987068303021632,1.864972925442868
2304202,Crato,CE,2022,9,2.0,inpe_bdq_legacy,climatology_regional_intensity12,2.978578155345558,2022-09,2022-09,0.9785781553455579,True,0.0,14.965646458367189,14.965646458367189,True,0.04,0.96,11.987068303021632,1.864972925442868
2304400,Fortaleza,CE,2022,9,1.0,inpe_bdq_aqua_ref,climatology_regional_intensity12,0.5512303729048598,2022-09,2022-09,0.44876962709514023,True,0.0,12.538298675926491,12.538298675926491,True,0.04,0.96,11.987068303021632,1.864972925442868
2305100,Guaramiranga,CE,2022,9,0.0,inpe_bdq_aqua_ref,climatology_regional_intensity12,0.0,2022-09,2022-09,0.0,True,0.0,11.987068303021632,11.987068303021632,True,0.04,0.96,11.987068303021632,1.864972925442868
2305506,Iguatu,CE,2022,9,9.0,inpe_bdq_aqua_ref,climatology_regional_intensity12,3.184886599005856,2022-09,2022-09,5.815113400994144,True,0.0,15.171954902027487,15.171954902027487,True,0.04,0.96,11.987068303021632,1.864972925442868
2306405,Itapipoca,CE,2022,9,1.0,inpe_bdq_aqua_ref,climatology_regional_intensity12,2.5724084068893456,2022-09,2022-09,1.5724084068893456,True,0.0,14.559476709910978,14.559476709910978,True,0.04,0.96,11.987068303021632,1.864972925442868
2306900,Jaguaribe,CE,2022,9,2.0,inpe_bdq_aqua_ref,climatology_regional_intensity12,0.734973830539813,2022-09,2022-09,1.265026169460187,True,0.0,12.722042133561445,12.722042133561445,True,0.04,0.96,11.987068303021632,1.864972925442868
2307106,Jardim,CE,2022,9,3.0,inpe_bdq_legacy,climatology_regional_intensity12,1.1432926252841535,2022-09,2022-09,1.8567073747158465,True,0.0,13.130360928305786,13.130360928305786,True,0.04,0.96,11.987068303021632,1.864972925442868
2307205,Jati,CE,2022,9,0.0,inpe_bdq_legacy,climatology_regional_intensity12,0.3868283318630595,2022-09,2022-09,0.3868283318630595,True,0.0,12.37389663488469,12.37389663488469,True,0.04,0.96,11.987068303021632,1.864972925442868
2307304,Juazeiro do Norte,CE,2022,9,2.0,inpe_bdq_legacy,climatology_regional_intensity12,0.778207585277449,2022-09,2022-09,1.221792414722551,True,0.0,12.765275888299081,12.765275888299081,True,0.04,0.96,11.987068303021632,1.864972925442868
2308401,Missão Velha,CE,2022,9,4.0,inpe_bdq_legacy,climatology_regional_intensity12,2.320969991178357,2022-09,2022-09,1.679030008821643,True,0.0,14.308038294199989,14.308038294199989,True,0.04,0.96,11.987068303021632,1.864972925442868
2308708,Morada Nova,CE,2022,9,4.0,inpe_bdq_aqua_ref,climatology_regional_intensity12,1.1024607458097195,2022-09,2022-09,2.8975392541902805,True,0.0,13.089529048831352,13.089529048831352,True,0.04,0.96,11.987068303021632,1.864972925442868
2309201,Nova Olinda,CE,2022,9,0.0,inpe_bdq_legacy,climatology_regional_intensity12,0.6124781921165109,2022-09,2022-09,0.6124781921165109,True,0.0,12.599546495138142,12.599546495138142,True,0.04,0.96,11.987068303021632,1.864972925442868
2311108,Porteiras,CE,2022,9,1.0,inpe_bdq_legacy,climatology_regional_intensity12,0.6890379661310747,2022-09,2022-09,0.3109620338689253,True,0.0,12.676106269152706,12.676106269152706,True,0.04,0.96,11.987068303021632,1.864972925442868
2311207,Potengi,CE,2022,9,4.0,inpe_bdq_legacy,climatology_regional_intensity12,0.8897051632850368,2022-09,2022-09,3.110294836714963,True,0.0,12.876773466306668,12.876773466306668,True,0.04,0.96,11.987068303021632,1.864972925442868
2311306,Quixadá,CE,2022,9,3.0,inpe_bdq_aqua_ref,climatology_regional_intensity12,2.61324028636378,2022-09,2022-09,0.38675971363621997,True,0.0,14.600308589385412,14.600308589385412,True,0.04,0.96,11.987068303021632,1.864972925442868
2311405,Quixeramobim,CE,2022,9,2.0,inpe_bdq_aqua_ref,climatology_regional_intensity12,2.286585250568307,2022-09,2022-09,0.2865852505683071,True,0.0,14.273653553589938,14.273653553589938,True,0.04,0.96,11.987068303021632,1.864972925442868
2311959,Salitre,CE,2022,9,2.0,inpe_bdq_legacy,climatology_regional_intensity12,1.1991678287754843,2022-09,2022-09,0.8008321712245157,True,0.0,13.186236131797116,13.186236131797116,True,0.04,0.96,11.987068303021632,1.864972925442868
2312106,Santana do Cariri,CE,2022,9,2.0,inpe_bdq_legacy,climatology_regional_intensity12,2.6304326566688045,2022-09,2022-09,0.6304326566688045,True,0.0,14.617500959690435,14.617500959690435,True,0.04,0.96,11.987068303021632,1.864972925442868
2312908,Sobral,CE,2022,9,6.0,inpe_bdq_aqua_ref,climatology_regional_intensity12,7.921384618040207,2022-09,2022-09,1.9213846180402072,True,0.0,19.908452921061837,19.908452921061837,True,0.04,0.96,11.987068303021632,1.864972925442868
2313302,Tauá,CE,2022,9,1.0,inpe_bdq_aqua_ref,climatology_regional_intensity12,1.5516114200284945,2022-09,2022-09,0.5516114200284945,True,0.0,13.538679723050127,13.538679723050127,True,0.04,0.96,11.987068303021632,1.864972925442868
2313401,Tianguá,CE,2022,9,0.0,inpe_bdq_aqua_ref,climatology_regional_intensity12,1.0616288663352855,2022-09,2022-09,1.0616288663352855,True,0.0,13.048697169356917,13.048697169356917,True,0.04,0.96,11.987068303021632,1.864972925442868
2300101,Abaiara,CE,2022,10,5.0,inpe_bdq_legacy,climatology_regional_intensity12,0.8911196640148671,2022-10,2022-10,4.108880335985133,True,0.0,12.869808540681289,12.869808540681289,True,0.04,0.96,11.978688876666421,1.864972925442868
2300200,Acaraú,CE,2022,10,2.0,inpe_bdq_aqua_ref,climatology_regional_intensity12,1.1860070890632652,2022-10,2022-10,0.8139929109367348,True,0.0,13.164695965729686,13.164695965729686,True,0.04,0.96,11.978688876666421,1.864972925442868
2301307,Araripe,CE,2022,10,12.0,inpe_bdq_legacy,climatology_regional_intensity12,8.794963640494558,2022-10,2022-10,3.205036359505442,True,0.0,20.77365251716098,20.77365251716098,True,0.04,0.96,11.978688876666421,1.864972925442868
2301604,Assaré,CE,2022,10,10.0,inpe_bdq_legacy,climatology_regional_intensity12,2.3634043263003,2022-10,2022-10,7.6365956736997,True,0.0,14.342093202966721,14.342093202966721,True,0.04,0.96,11.978688876666421,1.864972925442868
2301901,Barbalha,CE,2022,10,4.0,inpe_bdq_aqua_ref,climatology_regional_intensity12,2.4796373259544127,2022-10,2022-10,1.5203626740455873,True,0.0,14.458326202620833,14.458326202620833,True,0.04,0.96,11.978688876666421,1.864972925442868
2302503,Brejo Santo,CE,2022,10,2.0,inpe_bdq_legacy,climatology_regional_intensity12,2.130938326992074,2022-10,2022-10,0.13093832699207386,True,0.0,14.109627203658494,14.109627203658494,True,0.04,0.96,11.978688876666421,1.864972925442868
2302701,Campos Sales,CE,2022,10,7.0,inpe_bdq_aqua_ref,climatology_regional_intensity12,1.9759609941199228,2022-10,2022-10,5.024039005880077,True,0.0,13.954649870786344,13.954649870786344,True,0.04,0.96,11.978688876666421,1.864972925442868
2304103,Crateús,CE,2022,10,38.0,inpe_bdq_aqua_ref,climatology_regional_intensity12,31.490533054438423,2022-10,2022-10,6.509466945561577,True,19.511844177772,43.46922193110484,23.95737775333284,True,0.04,0.96,11.978688876666421,1.864972925442868
2304202,Crato,CE,2022,10,5.0,inpe_bdq_legacy,climatology_regional_intensity12,6.857746979592673,2022-10,2022-10,1.8577469795926733,True,0.0,18.836435856259094,18.836435856259094,True,0.04,0.96,11.978688876666421,1.864972925442868
2304400,Fortaleza,CE,2022,10,3.0,inpe_bdq_aqua_ref,climatology_regional_intensity12,0.6441245397498768,2022-10,2022-10,2.355875460250123,True,0.0,12.622813416416298,12.622813416416298,True,0.04,0.96,11.978688876666421,1.864972925442868
2305100,Guaramiranga,CE,2022,10,0.0,inpe_bdq_aqua_ref,climatology_regional_intensity12,0.0460088956964197,2022-10,2022-10,0.0460088956964197,True,0.0,12.02469777236284,12.02469777236284,True,0.04,0.96,11.978688876666421,1.864972925442868
2305506,Iguatu,CE,2022,10,18.0,inpe_bdq_aqua_ref,climatology_regional_intensity12,3.026362916920056,2022-10,2022-10,14.973637083079943,True,0.0,15.005051793586478,15.005051793586478,False,0.04,0.96,11.978688876666421,1.864972925442868
2306405,Itapipoca,CE,2022,10,4.0,inpe_bdq_aqua_ref,climatology_regional_intensity12,2.249323789602744,2022-10,2022-10,1.750676210397256,True,0.0,14.228012666269166,14.228012666269166,True,0.04,0.96,11.978688876666421,1.864972925442868
2306900,Jaguaribe,CE,2022,10,31.0,inpe_bdq_aqua_ref,climatology_regional_intensity12,1.3086974775870512,2022-10,2022-10,29.691302522412947,True,0.0,13.287386354253472,13.287386354253472,False,0.04,0.96,11.978688876666421,1.864972925442868
2307106,Jardim,CE,2022,10,0.0,inpe_bdq_legacy,climatology_regional_intensity12,2.208426993428149,2022-10,2022-10,2.208426993428149,True,0.0,14.18711587009457,14.18711587009457,True,0.04,0.96,11.978688876666421,1.864972925442868
2307205,Jati,CE,2022,10,0.0,inpe_bdq_legacy,climatology_regional_intensity12,2.3246599930822622,2022-10,2022-10,2.3246599930822622,True,0.0,14.303348869748683,14.303348869748683,True,0.04,0.96,11.978688876666421,1.864972925442868
2307304,Juazeiro do Norte,CE,2022,10,2.0,inpe_bdq_legacy,climatology_regional_intensity12,1.9486120530248368,2022-10,2022-10,0.051387946975163246,True,0.0,13.927300929691258,13.927300929691258,True,0.04,0.96,11.978688876666421,1.864972925442868
2308401,Missão Velha,CE,2022,10,5.0,inpe_bdq_legacy,climatology_regional_intensity12,3.913177655021808,2022-10,2022-10,1.086822344978192,True,0.0,15.89186653168823,15.89186653168823,True,0.04,0.96,11.978688876666421,1.864972925442868
2308708,Morada Nova,CE,2022,10,3.0,inpe_bdq_aqua_ref,climatology_regional_intensity12,3.1899501016184373,2022-10,2022-10,0.18995010161843728,True,0.0,15.168638978284859,15.168638978284859,True,0.04,0.96,11.978688876666421,1.864972925442868
2309201,Nova Olinda,CE,2022,10,4.0,inpe_bdq_legacy,climatology_regional_intensity12,0.6199093314886032,2022-10,2022-10,3.380090668511397,True,0.0,12.598598208155025,12.598598208155025,True,0.04,0.96,11.978688876666421,1.864972925442868
2311108,Porteiras,CE,2022,10,1.0,inpe_bdq_legacy,climatology_regional_intensity12,0.6495373510082791,2022-10,2022-10,0.35046264899172086,True,0.0,12.6282262276747,12.6282262276747,True,0.04,0.96,11.978688876666421,1.864972925442868
2311207,Potengi,CE,2022,10,4.0,inpe_bdq_legacy,climatology_regional_intensity12,1.3560516626313197,2022-10,2022-10,2.6439483373686805,True,0.0,13.33474053929774,13.33474053929774,True,0.04,0.96,11.978688876666421,1.864972925442868
2311306,Quixadá,CE,2022,10,11.0,inpe_bdq_aqua_ref,climatology_regional_intensity12,13.29145875674349,2022-10,2022-10,2.2914587567434896,True,1.3127698800770684,25.270147633409913,23.957377753332842,True,0.04,0.96,11.978688876666421,1.864972925442868
2311405,Quixeramobim,CE,2022,10,18.0,inpe_bdq_aqua_ref,climatology_regional_intensity12,25.68318799764588,2022-10,2022-10,7.683187997645881,True,13.70449912097946,37.6618768743123,23.95737775333284,True,0.04,0.96,11.978688876666421,1.864972925442868
2311959,Salitre,CE,2022,10,16.0,inpe_bdq_legacy,climatology_regional_intensity12,2.9445693245708653,2022-10,2022-10,13.055430675429134,True,0.0,14.923258201237287,14.923258201237287,False,0.04,0.96,11.978688876666421,1.864972925442868
2312106,Santana do Cariri,CE,2022,10,5.0,inpe_bdq_legacy,climatology_regional_intensity12,5.075507651562939,2022-10,2022-10,0.0755076515629387,True,0.0,17.05419652822936,17.05419652822936,True,0.04,0.96,11.978688876666421,1.864972925442868
2312908,Sobral,CE,2022,10,15.0,inpe_bdq_aqua_ref,climatology_regional_intensity12,11.982761279156438,2022-10,2022-10,3.0172387208435616,True,0.0040724024900171685,23.96145015582286,23.957377753332842,True,0.04,0.96,11.978688876666421,1.864972925442868
2313302,Tauá,CE,2022,10,10.0,inpe_bdq_aqua_ref,climatology_regional_intensity12,5.889138649141731,2022-10,2022-10,4.110861350858269,True,0.0,17.867827525808153,17.867827525808153,True,0.04,0.96,11.978688876666421,1.864972925442868
2313401,Tianguá,CE,2022,10,7.0,inpe_bdq_aqua_ref,climatology_regional_intensity12,2.9445693245708653,2022-10,2022-10,4.055430675429134,True,0.0,14.923258201237287,14.923258201237287,True,0.04,0.96,11.978688876666421,1.864972925442868
2300101,Abaiara,CE,2022,11,2.0,inpe_bdq_legacy,climatology_regional_intensity12,2.333644764553102,2022-11,2022-11,0.3336447645531022,True,0.0,14.551576754706009,14.551576754706009,True,0.04,0.96,12.217931990152906,1.864972925442868
2300200,Acaraú,CE,2022,11,1.0,inpe_bdq_aqua_ref,climatology_regional_intensity12,6.942003870312005,2022-11,2022-11,5.942003870312005,True,0.0,19.159935860464913,19.159935860464913,True,0.04,0.96,12.217931990152906,1.864972925442868
2301307,Araripe,CE,2022,11,14.0,inpe_bdq_legacy,climatology_regional_intensity12,10.6074762025141,2022-11,2022-11,3.3925237974859,True,0.0,22.825408192667005,22.825408192667005,True,0.04,0.96,12.217931990152906,1.864972925442868
2301604,Assaré,CE,2022,11,0.0,inpe_bdq_legacy,climatology_regional_intensity12,4.200560576195584,2022-11,2022-11,4.200560576195584,True,0.0,16.41849256634849,16.41849256634849,True,0.04,0.96,12.217931990152906,1.864972925442868
2301901,Barbalha,CE,2022,11,1.0,inpe_bdq_aqua_ref,climatology_regional_intensity12,3.945981147335245,2022-11,2022-11,2.945981147335245,True,0.0,16.16391313748815,16.16391313748815,True,0.04,0.96,12.217931990152906,1.864972925442868
2302503,Brejo Santo,CE,2022,11,3.0,inpe_bdq_legacy,climatology_regional_intensity12,3.945981147335245,2022-11,2022-11,0.9459811473352451,True,0.0,16.16391313748815,16.16391313748815,True,0.04,0.96,12.217931990152906,1.864972925442868
2302701,Campos Sales,CE,2022,11,0.0,inpe_bdq_aqua_ref,climatology_regional_intensity12,2.2912148597430457,2022-11,2022-11,2.2912148597430457,True,0.0,14.509146849895952,14.509146849895952,True,0.04,0.96,12.217931990152906,1.864972925442868
2304103,Crateús,CE,2022,11,53.0,inpe_bdq_aqua_ref,climatology_regional_intensity12,48.59402709218404,2022-11,2022-11,4.405972907815958,True,36.37609510203114,60.81195908233695,24.43586398030581,True,0.04,0.96,12.217931990152906,1.864972925442868
2304202,Crato,CE,2022,11,8.0,inpe_bdq_legacy,climatology_regional_intensity12,8.104111818720773,2022-11,2022-11,0.10411181872077258,True,0.0,20.32204380887368,20.32204380887368,True,0.04,0.96,12.217931990152906,1.864972925442868
2304400,Fortaleza,CE,2022,11,0.0,inpe_bdq_aqua_ref,climatology_regional_intensity12,0.9573247272768975,2022-11,2022-11,0.9573247272768975,True,0.0,13.175256717429804,13.175256717429804,True,0.04,0.96,12.217931990152906,1.864972925442868
2305100,Guaramiranga,CE,2022,11,0.0,inpe_bdq_aqua_ref,climatology_regional_intensity12,0.3526985837335938,2022-11,2022-11,0.3526985837335938,True,0.0,12.570630573886499,12.570630573886499,True,0.04,0.96,12.217931990152906,1.864972925442868
2305506,Iguatu,CE,2022,11,7.0,inpe_bdq_aqua_ref,climatology_regional_intensity12,6.27019704415278,2022-11,2022-11,0.7298029558472203,True,0.0,18.488129034305686,18.488129034305686,True,0.04,0.96,12.217931990152906,1.864972925442868
2306405,Itapipoca,CE,2022,11,7.0,inpe_bdq_aqua_ref,climatology_regional_intensity12,18.54186840199465,2022-11,2022-11,11.541868401994648,True,6.323936411841743,30.759800392147554,24.43586398030581,True,0.04,0.96,12.217931990152906,1.864972925442868
2306900,Jaguaribe,CE,2022,11,2.0,inpe_bdq_aqua_ref,climatology_regional_intensity12,3.2246727655642866,2022-11,2022-11,1.2246727655642866,True,0.0,15.442604755717191,15.442604755717191,True,0.04,0.96,12.217931990152906,1.864972925442868
2307106,Jardim,CE,2022,11,2.0,inpe_bdq_legacy,climatology_regional_intensity12,2.8003737174637227,2022-11,2022-11,0.8003737174637227,True,0.0,15.018305707616628,15.018305707616628,True,0.04,0.96,12.217931990152906,1.864972925442868
2307205,Jati,CE,2022,11,4.0,inpe_bdq_legacy,climatology_regional_intensity12,1.8244859068324253,2022-11,2022-11,2.1755140931675747,True,0.0,14.04241789698533,14.04241789698533,True,0.04,0.96,12.217931990152906,1.864972925442868
2307304,Juazeiro do Norte,CE,2022,11,2.0,inpe_bdq_legacy,climatology_regional_intensity12,2.6556128657588243,2022-11,2022-11,0.6556128657588243,True,0.0,14.87354485591173,14.87354485591173,True,0.04,0.96,12.217931990152906,1.864972925442868
2308401,Missão Velha,CE,2022,11,15.0,inpe_bdq_legacy,climatology_regional_intensity12,8.273831437960999,2022-11,2022-11,6.7261685620390015,True,0.0,20.491763428113906,20.491763428113906,True,0.04,0.96,12.217931990152906,1.864972925442868
2308708,Morada Nova,CE,2022,11,4.0,inpe_bdq_aqua_ref,climatology_regional_intensity12,3.851692469979565,2022-11,2022-11,0.14830753002043506,True,0.0,16.06962446013247,16.06962446013247,True,0.04,0.96,12.217931990152906,1.864972925442868
2309201,Nova Olinda,CE,2022,11,1.0,inpe_bdq_legacy,climatology_regional_intensity12,3.521682099234681,2022-11,2022-11,2.521682099234681,True,0.0,15.739614089387587,15.739614089387587,True,0.04,0.96,12.217931990152906,1.864972925442868
2311108,Porteiras,CE,2022,11,2.0,inpe_bdq_legacy,climatology_regional_intensity12,1.754601357733509,2022-11,2022-11,0.2453986422664911,True,0.0,13.972533347886415,13.972533347886415,True,0.04,0.96,12.217931990152906,1.864972925442868
2311207,Potengi,CE,2022,11,5.0,inpe_bdq_legacy,climatology_regional_intensity12,2.1639251453128763,2022-11,2022-11,2.8360748546871237,True,0.0,14.381857135465783,14.381857135465783,True,0.04,0.96,12.217931990152906,1.864972925442868
2311306,Quixadá,CE,2022,11,7.0,inpe_bdq_aqua_ref,climatology_regional_intensity12,19.616759323849408,2022-11,2022-11,12.616759323849408,True,7.398827333696502,31.834691314002313,24.43586398030581,False,0.04,0.96,12.217931990152906,1.864972925442868
2311405,Quixeramobim,CE,2022,11,26.0,inpe_bdq_aqua_ref,climatology_regional_intensity12,40.89064215222491,2022-11,2022-11,14.890642152224913,True,28.672710162072008,53.10857414237782,24.43586398030581,False,0.04,0.96,12.217931990152906,1.864972925442868
2311959,Salitre,CE,2022,11,10.0,inpe_bdq_legacy,climatology_regional_intensity12,7.000934293659307,2022-11,2022-11,2.9990657063406934,True,0.0,19.21886628381221,19.21886628381221,True,0.04,0.96,12.217931990152906,1.864972925442868
2312106,Santana do Cariri,CE,2022,11,5.0,inpe_bdq_legacy,climatology_regional_intensity12,10.183177154413537,2022-11,2022-11,5.183177154413537,True,0.0,22.40110914456644,22.40110914456644,True,0.04,0.96,12.217931990152906,1.864972925442868
2312908,Sobral,CE,2022,11,27.0,inpe_bdq_aqua_ref,climatology_regional_intensity12,24.99121393312322,2022-11,2022-11,2.0087860668767803,True,12.773281942970314,37.209145923276125,24.43586398030581,True,0.04,0.96,12.217931990152906,1.864972925442868
2313302,Tauá,CE,2022,11,7.0,inpe_bdq_aqua_ref,climatology_regional_intensity12,11.107206192499213,2022-11,2022-11,4.107206192499213,True,0.0,23.32513818265212,23.32513818265212,True,0.04,0.96,12.217931990152906,1.864972925442868
2313401,Tianguá,CE,2022,11,14.0,inpe_bdq_aqua_ref,climatology_regional_intensity12,7.569023574727284,2022-11,2022-11,6.430976425272716,True,0.0,19.786955564880188,19.786955564880188,True,0.04,0.96,12.217931990152906,1.864972925442868
2300101,Abaiara,CE,2022,12,0.0,inpe_bdq_legacy,climatology_regional_intensity12,1.4723472489204654,2022-12,2022-12,1.4723472489204654,True,0.0,13.690279239073371,13.690279239073371,True,0.04,0.96,12.217931990152906,1.864972925442868
2300200,Acaraú,CE,2022,12,4.0,inpe_bdq_aqua_ref,climatology_regional_intensity12,26.2909413846585,2022-12,2022-12,22.2909413846585,True,14.073009394505593,38.5088733748114,24.435863980305808,False,0.04,0.96,12.217931990152906,1.864972925442868
2301307,Araripe,CE,2022,12,7.0,inpe_bdq_legacy,climatology_regional_intensity12,4.826027093683748,2022-12,2022-12,2.1739729063162523,True,0.0,17.043959083836654,17.043959083836654,True,0.04,0.96,12.217931990152906,1.864972925442868
2301604,Assaré,CE,2022,12,10.0,inpe_bdq_legacy,climatology_regional_intensity12,3.803563726377869,2022-12,2022-12,6.1964362736221315,True,0.0,16.021495716530776,16.021495716530776,True,0.04,0.96,12.217931990152906,1.864972925442868
2301901,Barbalha,CE,2022,12,0.0,inpe_bdq_aqua_ref,climatology_regional_intensity12,1.758636991766111,2022-12,2022-12,1.758636991766111,True,0.0,13.976568981919016,13.976568981919016,True,0.04,0.96,12.217931990152906,1.864972925442868
2302503,Brejo Santo,CE,2022,12,2.0,inpe_bdq_legacy,climatology_regional_intensity12,1.758636991766111,2022-12,2022-12,0.2413630082338889,True,0.0,13.976568981919016,13.976568981919016,True,0.04,0.96,12.217931990152906,1.864972925442868
2302701,Campos Sales,CE,2022,12,3.0,inpe_bdq_aqua_ref,climatology_regional_intensity12,1.063361901998114,2022-12,2022-12,1.936638098001886,True,0.0,13.28129389215102,13.28129389215102,True,0.04,0.96,12.217931990152906,1.864972925442868
2304103,Crateús,CE,2022,12,29.0,inpe_bdq_aqua_ref,climatology_regional_intensity12,20.76509491957428,2022-12,2022-12,8.234905080425719,True,8.547162929421376,32.98302690972719,24.43586398030581,True,0.04,0.96,12.217931990152906,1.864972925442868
2304202,Crato,CE,2022,12,2.0,inpe_bdq_legacy,climatology_regional_intensity12,4.744230024299278,2022-12,2022-12,2.744230024299278,True,0.0,16.962162014452183,16.962162014452183,True,0.04,0.96,12.217931990152906,1.864972925442868
2304400,Fortaleza,CE,2022,12,0.0,inpe_bdq_aqua_ref,climatology_regional_intensity12,0.1457010298410877,2022-12,2022-12,0.1457010298410877,True,0.0,12.363633019993994,12.363633019993994,True,0.04,0.96,12.217931990152906,1.864972925442868
2305100,Guaramiranga,CE,2022,12,0.0,inpe_bdq_aqua_ref,climatology_regional_intensity12,0.0485670099470292,2022-12,2022-12,0.0485670099470292,True,0.0,12.266499000099934,12.266499000099934,True,0.04,0.96,12.217931990152906,1.864972925442868
2305506,Iguatu,CE,2022,12,6.0,inpe_bdq_aqua_ref,climatology_regional_intensity12,3.0219472855929306,2022-12,2022-12,2.9780527144070694,True,0.0,15.239879275745835,15.239879275745835,True,0.04,0.96,12.217931990152906,1.864972925442868
2306405,Itapipoca,CE,2022,12,43.0,inpe_bdq_aqua_ref,climatology_regional_intensity12,49.25774075516477,2022-12,2022-12,6.257740755164768,True,37.03980876501186,61.475672745317674,24.43586398030581,True,0.04,0.96,12.217931990152906,1.864972925442868
2306900,Jaguaribe,CE,2022,12,2.0,inpe_bdq_aqua_ref,climatology_regional_intensity12,1.683656344830347,2022-12,2022-12,0.316343655169653,True,0.0,13.901588334983252,13.901588334983252,True,0.04,0.96,12.217931990152906,1.864972925442868
2307106,Jardim,CE,2022,12,1.0,inpe_bdq_legacy,climatology_regional_intensity12,2.7811003590719903,2022-12,2022-12,1.7811003590719903,True,0.0,14.999032349224896,14.999032349224896,True,0.04,0.96,12.217931990152906,1.864972925442868
2307205,Jati,CE,2022,12,1.0,inpe_bdq_legacy,climatology_regional_intensity12,0.7361736244602327,2022-12,2022-12,0.2638263755397673,True,0.0,12.954105614613137,12.954105614613137,True,0.04,0.96,12.217931990152906,1.864972925442868
2307304,Juazeiro do Norte,CE,2022,12,0.0,inpe_bdq_legacy,climatology_regional_intensity12,0.914202540179374,2022-12,2022-12,0.914202540179374,True,0.0,13.13213453033228,13.13213453033228,True,0.04,0.96,12.217931990152906,1.864972925442868
2308401,Missão Velha,CE,2022,12,3.0,inpe_bdq_legacy,climatology_regional_intensity12,5.5622007181439805,2022-12,2022-12,2.5622007181439805,True,0.0,17.780132708296886,17.780132708296886,True,0.04,0.96,12.217931990152906,1.864972925442868
2308708,Morada Nova,CE,2022,12,0.0,inpe_bdq_aqua_ref,climatology_regional_intensity12,3.885360795762339,2022-12,2022-12,3.885360795762339,True,0.0,16.103292785915244,16.103292785915244,True,0.04,0.96,12.217931990152906,1.864972925442868
2309201,Nova Olinda,CE,2022,12,0.0,inpe_bdq_legacy,climatology_regional_intensity12,2.290317942765168,2022-12,2022-12,2.290317942765168,True,0.0,14.508249932918073,14.508249932918073,True,0.04,0.96,12.217931990152906,1.864972925442868
2311108,Porteiras,CE,2022,12,0.0,inpe_bdq_legacy,climatology_regional_intensity12,1.5541443183049355,2022-12,2022-12,1.5541443183049355,True,0.0,13.77207630845784,13.77207630845784,True,0.04,0.96,12.217931990152906,1.864972925442868
2311207,Potengi,CE,2022,12,1.0,inpe_bdq_legacy,climatology_regional_intensity12,1.0224633673058787,2022-12,2022-12,0.022463367305878723,True,0.0,13.240395357458784,13.240395357458784,True,0.04,0.96,12.217931990152906,1.864972925442868
2311306,Quixadá,CE,2022,12,9.0,inpe_bdq_aqua_ref,climatology_regional_intensity12,10.274620771015964,2022-12,2022-12,1.2746207710159645,True,0.0,22.49255276116887,22.49255276116887,True,0.04,0.96,12.217931990152906,1.864972925442868
2311405,Quixeramobim,CE,2022,12,23.0,inpe_bdq_aqua_ref,climatology_regional_intensity12,24.3914316622858,2022-12,2022-12,1.3914316622858003,True,12.173499672132895,36.6093636524387,24.435863980305808,True,0.04,0.96,12.217931990152906,1.864972925442868
2311959,Salitre,CE,2022,12,4.0,inpe_bdq_legacy,climatology_regional_intensity12,2.69930328968752,2022-12,2022-12,1.3006967103124798,True,0.0,14.917235279840426,14.917235279840426,True,0.04,0.96,12.217931990152906,1.864972925442868
2312106,Santana do Cariri,CE,2022,12,13.0,inpe_bdq_legacy,climatology_regional_intensity12,8.057011334370324,2022-12,2022-12,4.9429886656296755,True,0.0,20.27494332452323,20.27494332452323,True,0.04,0.96,12.217931990152906,1.864972925442868
2312908,Sobral,CE,2022,12,23.0,inpe_bdq_aqua_ref,climatology_regional_intensity12,14.80754169940536,2022-12,2022-12,8.19245830059464,True,2.5896097092524553,27.025473689558268,24.43586398030581,True,0.04,0.96,12.217931990152906,1.864972925442868
2313302,Tauá,CE,2022,12,19.0,inpe_bdq_aqua_ref,climatology_regional_intensity12,6.648284028304447,2022-12,2022-12,12.351715971695553,True,0.0,18.86621601845735,18.86621601845735,False,0.04,0.96,12.217931990152906,1.864972925442868
2313401,Tianguá,CE,2022,12,6.0,inpe_bdq_aqua_ref,climatology_regional_intensity12,9.67023131389738,2022-12,2022-12,3.6702313138973803,True,0.0,21.888163304050288,21.888163304050288,True,0.04,0.96,12.217931990152906,1.864972925442868
2300101,Abaiara,CE,2023,1,0.0,inpe_bdq_legacy,climatology_regional_intensity12,0.0459701469305742,2023-01,2023-01,0.0459701469305742,False,0.0,1.9109430723734422,1.9109430723734422,True,0.04,0.96,12.326289866387702,1.864972925442868
2300200,Acaraú,CE,2023,1,0.0,inpe_bdq_aqua_ref,climatology_regional_intensity12,4.642984839987999,2023-01,2023-01,4.642984839987999,False,2.7780119145451314,6.507957765430867,3.729945850885736,False,0.04,0.96,12.326289866387702,1.864972925442868
2301307,Araripe,CE,2023,1,1.0,inpe_bdq_legacy,climatology_regional_intensity12,1.1952238201949306,2023-01,2023-01,0.19522382019493056,False,0.0,3.0601967456377985,3.0601967456377985,True,0.04,0.96,12.326289866387702,1.864972925442868
2301604,Assaré,CE,2023,1,0.0,inpe_bdq_legacy,climatology_regional_intensity12,1.7008954364312474,2023-01,2023-01,1.7008954364312474,False,0.0,3.5658683618741156,3.5658683618741156,True,0.04,0.96,12.326289866387702,1.864972925442868
2301901,Barbalha,CE,2023,1,1.0,inpe_bdq_aqua_ref,climatology_regional_intensity12,0.367761175444594,2023-01,2023-01,0.632238824555406,False,0.0,2.232734100887462,2.232734100887462,True,0.04,0.96,12.326289866387702,1.864972925442868
2302503,Brejo Santo,CE,2023,1,0.0,inpe_bdq_legacy,climatology_regional_intensity12,0.3217910285140197,2023-01,2023-01,0.3217910285140197,False,0.0,2.1867639539568877,2.1867639539568877,True,0.04,0.96,12.326289866387702,1.864972925442868
2302701,Campos Sales,CE,2023,1,1.0,inpe_bdq_aqua_ref,climatology_regional_intensity12,0.3217910285140197,2023-01,2023-01,0.6782089714859802,False,0.0,2.1867639539568877,2.1867639539568877,True,0.04,0.96,12.326289866387702,1.864972925442868
2304103,Crateús,CE,2023,1,4.0,inpe_bdq_aqua_ref,climatology_regional_intensity12,3.125969991279049,2023-01,2023-01,0.8740300087209509,False,1.260997065836181,4.990942916721917,3.7299458508857355,True,0.04,0.96,12.326289866387702,1.864972925442868
2304202,Crato,CE,2023,1,0.0,inpe_bdq_legacy,climatology_regional_intensity12,0.6895522039586138,2023-01,2023-01,0.6895522039586138,False,0.0,2.554525129401482,2.554525129401482,True,0.04,0.96,12.326289866387702,1.864972925442868
2304400,Fortaleza,CE,2023,1,0.0,inpe_bdq_aqua_ref,climatology_regional_intensity12,0.0919402938611485,2023-01,2023-01,0.0919402938611485,False,0.0,1.9569132193040164,1.9569132193040164,True,0.04,0.96,12.326289866387702,1.864972925442868
2305100,Guaramiranga,CE,2023,1,0.0,inpe_bdq_aqua_ref,climatology_regional_intensity12,0.0,2023-01,2023-01,0.0,False,0.0,1.864972925442868,1.864972925442868,True,0.04,0.96,12.326289866387702,1.864972925442868
2305506,Iguatu,CE,2023,1,0.0,inpe_bdq_aqua_ref,climatology_regional_intensity12,1.0113432324726337,2023-01,2023-01,1.0113432324726337,False,0.0,2.8763161579155017,2.8763161579155017,True,0.04,0.96,12.326289866387702,1.864972925442868
2306405,Itapipoca,CE,2023,1,4.0,inpe_bdq_aqua_ref,climatology_regional_intensity12,6.15999968869695,2023-01,2023-01,2.15999968869695,False,4.295026763254082,8.024972614139818,3.729945850885736,False,0.04,0.96,12.326289866387702,1.864972925442868
2306900,Jaguaribe,CE,2023,1,0.0,inpe_bdq_aqua_ref,climatology_regional_intensity12,0.6895522039586138,2023-01,2023-01,0.6895522039586138,False,0.0,2.554525129401482,2.554525129401482,True,0.04,0.96,12.326289866387702,1.864972925442868
2307007,Jaguaruana,CE,2023,1,0.0,inpe_bdq_aqua_ref,climatology_regional_intensity12,0.5056716162363168,2023-01,2023-01,0.5056716162363168,False,0.0,2.3706445416791846,2.3706445416791846,True,0.04,0.96,12.326289866387702,1.864972925442868
2307106,Jardim,CE,2023,1,0.0,inpe_bdq_legacy,climatology_regional_intensity12,0.4137313223751682,2023-01,2023-01,0.4137313223751682,False,0.0,2.278704247818036,2.278704247818036,True,0.04,0.96,12.326289866387702,1.864972925442868
2307205,Jati,CE,2023,1,0.0,inpe_bdq_legacy,climatology_regional_intensity12,0.3217910285140197,2023-01,2023-01,0.3217910285140197,False,0.0,2.1867639539568877,2.1867639539568877,True,0.04,0.96,12.326289866387702,1.864972925442868
2307304,Juazeiro do Norte,CE,2023,1,0.0,inpe_bdq_legacy,climatology_regional_intensity12,0.1379104407917227,2023-01,2023-01,0.1379104407917227,False,0.0,2.002883366234591,2.002883366234591,True,0.04,0.96,12.326289866387702,1.864972925442868
2308401,Missão Velha,CE,2023,1,1.0,inpe_bdq_legacy,climatology_regional_intensity12,0.9653730855420594,2023-01,2023-01,0.03462691445794064,False,0.0,2.830346010984927,2.830346010984927,True,0.04,0.96,12.326289866387702,1.864972925442868
2308708,Morada Nova,CE,2023,1,0.0,inpe_bdq_aqua_ref,climatology_regional_intensity12,1.471044701778376,2023-01,2023-01,1.471044701778376,False,0.0,3.336017627221244,3.336017627221244,True,0.04,0.96,12.326289866387702,1.864972925442868
2309201,Nova Olinda,CE,2023,1,0.0,inpe_bdq_legacy,climatology_regional_intensity12,0.2298507346528712,2023-01,2023-01,0.2298507346528712,False,0.0,2.0948236600957393,2.0948236600957393,True,0.04,0.96,12.326289866387702,1.864972925442868
2310605,Penaforte,CE,2023,1,0.0,inpe_bdq_legacy,climatology_regional_intensity12,0.0459701469305742,2023-01,2023-01,0.0459701469305742,False,0.0,1.9109430723734422,1.9109430723734422,True,0.04,0.96,12.326289866387702,1.864972925442868
2311108,Porteiras,CE,2023,1,0.0,inpe_bdq_legacy,climatology_regional_intensity12,0.183880587722297,2023-01,2023-01,0.183880587722297,False,0.0,2.048853513165165,2.048853513165165,True,0.04,0.96,12.326289866387702,1.864972925442868
2311207,Potengi,CE,2023,1,0.0,inpe_bdq_legacy,climatology_regional_intensity12,0.6435820570280395,2023-01,2023-01,0.6435820570280395,False,0.0,2.5085549824709075,2.5085549824709075,True,0.04,0.96,12.326289866387702,1.864972925442868
2311306,Quixadá,CE,2023,1,2.0,inpe_bdq_aqua_ref,climatology_regional_intensity12,1.7468655833618216,2023-01,2023-01,0.25313441663817837,False,0.0,3.6118385088046896,3.6118385088046896,True,0.04,0.96,12.326289866387702,1.864972925442868
2311405,Quixeramobim,CE,2023,1,2.0,inpe_bdq_aqua_ref,climatology_regional_intensity12,4.964775868502019,2023-01,2023-01,2.964775868502019,False,3.099802943059151,6.829748793944887,3.729945850885736,False,0.04,0.96,12.326289866387702,1.864972925442868
2311959,Salitre,CE,2023,1,0.0,inpe_bdq_legacy,climatology_regional_intensity12,0.4597014693057425,2023-01,2023-01,0.4597014693057425,False,0.0,2.3246743947486106,2.3246743947486106,True,0.04,0.96,12.326289866387702,1.864972925442868
2312106,Santana do Cariri,CE,2023,1,0.0,inpe_bdq_legacy,climatology_regional_intensity12,3.125969991279049,2023-01,2023-01,3.125969991279049,False,1.260997065836181,4.990942916721917,3.7299458508857355,False,0.04,0.96,12.326289866387702,1.864972925442868
2312908,Sobral,CE,2023,1,1.0,inpe_bdq_aqua_ref,climatology_regional_intensity12,1.976716318014693,2023-01,2023-01,0.9767163180146929,False,0.11174339257182497,3.841689243457561,3.729945850885736,True,0.04,0.96,12.326289866387702,1.864972925442868
2313302,Tauá,CE,2023,1,0.0,inpe_bdq_aqua_ref,climatology_regional_intensity12,1.0113432324726337,2023-01,2023-01,1.0113432324726337,False,0.0,2.8763161579155017,2.8763161579155017,True,0.04,0.96,12.326289866387702,1.864972925442868
2313401,Tianguá,CE,2023,1,0.0,inpe_bdq_aqua_ref,climatology_regional_intensity12,0.6435820570280395,2023-01,2023-01,0.6435820570280395,False,0.0,2.5085549824709075,2.5085549824709075,True,0.04,0.96,12.326289866387702,1.864972925442868
2300101,Abaiara,CE,2023,2,0.0,inpe_bdq_legacy,climatology_regional_intensity12,0.0,2023-02,2023-02,0.0,False,0.0,1.903830873270412,1.903830873270412,True,0.04,0.96,12.326289866387702,1.903830873270412
2300200,Acaraú,CE,2023,2,0.0,inpe_bdq_aqua_ref,climatology_regional_intensity12,0.5576333659208915,2023-02,2023-02,0.5576333659208915,False,0.0,2.4614642391913035,2.4614642391913035,True,0.04,0.96,12.326289866387702,1.903830873270412
2301307,Araripe,CE,2023,2,1.0,inpe_bdq_legacy,climatology_regional_intensity12,0.0929388943201485,2023-02,2023-02,0.9070611056798515,False,0.0,1.9967697675905605,1.9967697675905605,True,0.04,0.96,12.326289866387702,1.903830873270412
2301604,Assaré,CE,2023,2,0.0,inpe_bdq_legacy,climatology_regional_intensity12,0.2323472358003714,2023-02,2023-02,0.2323472358003714,False,0.0,2.136178109070783,2.136178109070783,True,0.04,0.96,12.326289866387702,1.903830873270412
2301901,Barbalha,CE,2023,2,0.0,inpe_bdq_aqua_ref,climatology_regional_intensity12,0.1394083414802228,2023-02,2023-02,0.1394083414802228,False,0.0,2.043239214750635,2.043239214750635,True,0.04,0.96,12.326289866387702,1.903830873270412
2302503,Brejo Santo,CE,2023,2,1.0,inpe_bdq_legacy,climatology_regional_intensity12,0.0464694471600742,2023-02,2023-02,0.9535305528399258,False,0.0,1.950300320430486,1.950300320430486,True,0.04,0.96,12.326289866387702,1.903830873270412
2302701,Campos Sales,CE,2023,2,0.0,inpe_bdq_aqua_ref,climatology_regional_intensity12,0.0464694471600742,2023-02,2023-02,0.0464694471600742,False,0.0,1.950300320430486,1.950300320430486,True,0.04,0.96,12.326289866387702,1.903830873270412
2304103,Crateús,CE,2023,2,0.0,inpe_bdq_aqua_ref,climatology_regional_intensity12,0.1394083414802228,2023-02,2023-02,0.1394083414802228,False,0.0,2.043239214750635,2.043239214750635,True,0.04,0.96,12.326289866387702,1.903830873270412
2304202,Crato,CE,2023,2,1.0,inpe_bdq_legacy,climatology_regional_intensity12,0.2323472358003714,2023-02,2023-02,0.7676527641996286,False,0.0,2.136178109070783,2.136178109070783,True,0.04,0.96,12.326289866387702,1.903830873270412
2304400,Fortaleza,CE,2023,2,0.0,inpe_bdq_aqua_ref,climatology_regional_intensity12,0.0929388943201485,2023-02,2023-02,0.0929388943201485,False,0.0,1.9967697675905605,1.9967697675905605,True,0.04,0.96,12.326289866387702,1.903830873270412
2305100,Guaramiranga,CE,2023,2,0.0,inpe_bdq_aqua_ref,climatology_regional_intensity12,0.0,2023-02,2023-02,0.0,False,0.0,1.903830873270412,1.903830873270412,True,0.04,0.96,12.326289866387702,1.903830873270412
2305506,Iguatu,CE,2023,2,0.0,inpe_bdq_aqua_ref,climatology_regional_intensity12,0.0929388943201485,2023-02,2023-02,0.0929388943201485,False,0.0,1.9967697675905605,1.9967697675905605,True,0.04,0.96,12.326289866387702,1.903830873270412
2306405,Itapipoca,CE,2023,2,0.0,inpe_bdq_aqua_ref,climatology_regional_intensity12,0.1858777886402971,2023-02,2023-02,0.1858777886402971,False,0.0,2.089708661910709,2.089708661910709,True,0.04,0.96,12.326289866387702,1.903830873270412
2306900,Jaguaribe,CE,2023,2,0.0,inpe_bdq_aqua_ref,climatology_regional_intensity12,0.1858777886402971,2023-02,2023-02,0.1858777886402971,False,0.0,2.089708661910709,2.089708661910709,True,0.04,0.96,12.326289866387702,1.903830873270412
2307007,Jaguaruana,CE,2023,2,0.0,inpe_bdq_aqua_ref,climatology_regional_intensity12,0.2323472358003714,2023-02,2023-02,0.2323472358003714,False,0.0,2.136178109070783,2.136178109070783,True,0.04,0.96,12.326289866387702,1.903830873270412
2307106,Jardim,CE,2023,2,0.0,inpe_bdq_legacy,climatology_regional_intensity12,0.0929388943201485,2023-02,2023-02,0.0929388943201485,False,0.0,1.9967697675905605,1.9967697675905605,True,0.04,0.96,12.326289866387702,1.903830873270412
2307205,Jati,CE,2023,2,0.0,inpe_bdq_legacy,climatology_regional_intensity12,0.1394083414802228,2023-02,2023-02,0.1394083414802228,False,0.0,2.043239214750635,2.043239214750635,True,0.04,0.96,12.326289866387702,1.903830873270412
2307304,Juazeiro do Norte,CE,2023,2,1.0,inpe_bdq_legacy,climatology_regional_intensity12,0.0,2023-02,2023-02,1.0,False,0.0,1.903830873270412,1.903830873270412,True,0.04,0.96,12.326289866387702,1.903830873270412
2308401,Missão Velha,CE,2023,2,2.0,inpe_bdq_legacy,climatology_regional_intensity12,0.0929388943201485,2023-02,2023-02,1.9070611056798514,False,0.0,1.9967697675905605,1.9967697675905605,False,0.04,0.96,12.326289866387702,1.903830873270412
2308708,Morada Nova,CE,2023,2,2.0,inpe_bdq_aqua_ref,climatology_regional_intensity12,0.5111639187608172,2023-02,2023-02,1.4888360812391828,False,0.0,2.414994792031229,2.414994792031229,True,0.04,0.96,12.326289866387702,1.903830873270412
2309201,Nova Olinda,CE,2023,2,0.0,inpe_bdq_legacy,climatology_regional_intensity12,0.0,2023-02,2023-02,0.0,False,0.0,1.903830873270412,1.903830873270412,True,0.04,0.96,12.326289866387702,1.903830873270412
2310605,Penaforte,CE,2023,2,0.0,inpe_bdq_legacy,climatology_regional_intensity12,0.0929388943201485,2023-02,2023-02,0.0929388943201485,False,0.0,1.9967697675905605,1.9967697675905605,True,0.04,0.96,12.326289866387702,1.903830873270412
2311108,Porteiras,CE,2023,2,0.0,inpe_bdq_legacy,climatology_regional_intensity12,0.0929388943201485,2023-02,2023-02,0.0929388943201485,False,0.0,1.9967697675905605,1.9967697675905605,True,0.04,0.96,12.326289866387702,1.903830873270412
2311207,Potengi,CE,2023,2,0.0,inpe_bdq_legacy,climatology_regional_intensity12,0.2788166829604457,2023-02,2023-02,0.2788166829604457,False,0.0,2.1826475562308576,2.1826475562308576,True,0.04,0.96,12.326289866387702,1.903830873270412
2311306,Quixadá,CE,2023,2,0.0,inpe_bdq_aqua_ref,climatology_regional_intensity12,0.1858777886402971,2023-02,2023-02,0.1858777886402971,False,0.0,2.089708661910709,2.089708661910709,True,0.04,0.96,12.326289866387702,1.903830873270412
2311405,Quixeramobim,CE,2023,2,0.0,inpe_bdq_aqua_ref,climatology_regional_intensity12,0.9758583903615604,2023-02,2023-02,0.9758583903615604,False,0.0,2.879689263631972,2.879689263631972,True,0.04,0.96,12.326289866387702,1.903830873270412
2311959,Salitre,CE,2023,2,0.0,inpe_bdq_legacy,climatology_regional_intensity12,0.0464694471600742,2023-02,2023-02,0.0464694471600742,False,0.0,1.950300320430486,1.950300320430486,True,0.04,0.96,12.326289866387702,1.903830873270412
2312106,Santana do Cariri,CE,2023,2,0.0,inpe_bdq_legacy,climatology_regional_intensity12,0.2323472358003714,2023-02,2023-02,0.2323472358003714,False,0.0,2.136178109070783,2.136178109070783,True,0.04,0.96,12.326289866387702,1.903830873270412
2312908,Sobral,CE,2023,2,0.0,inpe_bdq_aqua_ref,climatology_regional_intensity12,0.1394083414802228,2023-02,2023-02,0.1394083414802228,False,0.0,2.043239214750635,2.043239214750635,True,0.04,0.96,12.326289866387702,1.903830873270412
2313302,Tauá,CE,2023,2,1.0,inpe_bdq_aqua_ref,climatology_regional_intensity12,0.2323472358003714,2023-02,2023-02,0.7676527641996286,False,0.0,2.136178109070783,2.136178109070783,True,0.04,0.96,12.326289866387702,1.903830873270412
2313401,Tianguá,CE,2023,2,0.0,inpe_bdq_aqua_ref,climatology_regional_intensity12,0.1858777886402971,2023-02,2023-02,0.1858777886402971,False,0.0,2.089708661910709,2.089708661910709,True,0.04,0.96,12.326289866387702,1.903830873270412
2300101,Abaiara,CE,2023,3,1.0,inpe_bdq_legacy,climatology_regional_intensity12,0.0,2023-03,2023-03,1.0,False,0.0,1.903830873270412,1.903830873270412,True,0.04,0.96,12.326289866387702,1.903830873270412
2300200,Acaraú,CE,2023,3,0.0,inpe_bdq_aqua_ref,climatology_regional_intensity12,0.515399710542171,2023-03,2023-03,0.515399710542171,False,0.0,2.419230583812583,2.419230583812583,True,0.04,0.96,12.326289866387702,1.903830873270412
2301307,Araripe,CE,2023,3,0.0,inpe_bdq_legacy,climatology_regional_intensity12,0.0,2023-03,2023-03,0.0,False,0.0,1.903830873270412,1.903830873270412,True,0.04,0.96,12.326289866387702,1.903830873270412
2301604,Assaré,CE,2023,3,0.0,inpe_bdq_legacy,climatology_regional_intensity12,0.0,2023-03,2023-03,0.0,False,0.0,1.903830873270412,1.903830873270412,True,0.04,0.96,12.326289866387702,1.903830873270412
2301901,Barbalha,CE,2023,3,0.0,inpe_bdq_aqua_ref,climatology_regional_intensity12,0.0,2023-03,2023-03,0.0,False,0.0,1.903830873270412,1.903830873270412,True,0.04,0.96,12.326289866387702,1.903830873270412
2302503,Brejo Santo,CE,2023,3,0.0,inpe_bdq_legacy,climatology_regional_intensity12,0.0,2023-03,2023-03,0.0,False,0.0,1.903830873270412,1.903830873270412,True,0.04,0.96,12.326289866387702,1.903830873270412
2302701,Campos Sales,CE,2023,3,0.0,inpe_bdq_aqua_ref,climatology_regional_intensity12,0.0,2023-03,2023-03,0.0,False,0.0,1.903830873270412,1.903830873270412,True,0.04,0.96,12.326289866387702,1.903830873270412
2304103,Crateús,CE,2023,3,0.0,inpe_bdq_aqua_ref,climatology_regional_intensity12,0.0937090382803947,2023-03,2023-03,0.0937090382803947,False,0.0,1.9975399115508066,1.9975399115508066,True,0.04,0.96,12.326289866387702,1.903830873270412
2304202,Crato,CE,2023,3,1.0,inpe_bdq_legacy,climatology_regional_intensity12,0.0937090382803947,2023-03,2023-03,0.9062909617196053,False,0.0,1.9975399115508066,1.9975399115508066,True,0.04,0.96,12.326289866387702,1.903830873270412
2304400,Fortaleza,CE,2023,3,0.0,inpe_bdq_aqua_ref,climatology_regional_intensity12,0.0,2023-03,2023-03,0.0,False,0.0,1.903830873270412,1.903830873270412,True,0.04,0.96,12.326289866387702,1.903830873270412
2305100,Guaramiranga,CE,2023,3,0.0,inpe_bdq_aqua_ref,climatology_regional_intensity12,0.0,2023-03,2023-03,0.0,False,0.0,1.903830873270412,1.903830873270412,True,0.04,0.96,12.326289866387702,1.903830873270412
2305506,Iguatu,CE,2023,3,1.0,inpe_bdq_aqua_ref,climatology_regional_intensity12,0.1874180765607894,2023-03,2023-03,0.8125819234392107,False,0.0,2.0912489498312015,2.0912489498312015,True,0.04,0.96,12.326289866387702,1.903830873270412
2306405,Itapipoca,CE,2023,3,0.0,inpe_bdq_aqua_ref,climatology_regional_intensity12,0.0468545191401973,2023-03,2023-03,0.0468545191401973,False,0.0,1.9506853924106091,1.9506853924106091,True,0.04,0.96,12.326289866387702,1.903830873270412
2306900,Jaguaribe,CE,2023,3,0.0,inpe_bdq_aqua_ref,climatology_regional_intensity12,0.0468545191401973,2023-03,2023-03,0.0468545191401973,False,0.0,1.9506853924106091,1.9506853924106091,True,0.04,0.96,12.326289866387702,1.903830873270412
2307007,Jaguaruana,CE,2023,3,0.0,inpe_bdq_aqua_ref,climatology_regional_intensity12,0.0468545191401973,2023-03,2023-03,0.0468545191401973,False,0.0,1.9506853924106091,1.9506853924106091,True,0.04,0.96,12.326289866387702,1.903830873270412
2307106,Jardim,CE,2023,3,0.0,inpe_bdq_legacy,climatology_regional_intensity12,0.0468545191401973,2023-03,2023-03,0.0468545191401973,False,0.0,1.9506853924106091,1.9506853924106091,True,0.04,0.96,12.326289866387702,1.903830873270412
2307205,Jati,CE,2023,3,0.0,inpe_bdq_legacy,climatology_regional_intensity12,0.0,2023-03,2023-03,0.0,False,0.0,1.903830873270412,1.903830873270412,True,0.04,0.96,12.326289866387702,1.903830873270412
2307304,Juazeiro do Norte,CE,2023,3,0.0,inpe_bdq_legacy,climatology_regional_intensity12,0.0937090382803947,2023-03,2023-03,0.0937090382803947,False,0.0,1.9975399115508066,1.9975399115508066,True,0.04,0.96,12.326289866387702,1.903830873270412
2308401,Missão Velha,CE,2023,3,0.0,inpe_bdq_legacy,climatology_regional_intensity12,0.2811271148411841,2023-03,2023-03,0.2811271148411841,False,0.0,2.184957988111596,2.184957988111596,True,0.04,0.96,12.326289866387702,1.903830873270412
2308708,Morada Nova,CE,2023,3,1.0,inpe_bdq_aqua_ref,climatology_regional_intensity12,0.0937090382803947,2023-03,2023-03,0.9062909617196053,False,0.0,1.9975399115508066,1.9975399115508066,True,0.04,0.96,12.326289866387702,1.903830873270412
2309201,Nova Olinda,CE,2023,3,0.0,inpe_bdq_legacy,climatology_regional_intensity12,0.0,2023-03,2023-03,0.0,False,0.0,1.903830873270412,1.903830873270412,True,0.04,0.96,12.326289866387702,1.903830873270412
2310605,Penaforte,CE,2023,3,0.0,inpe_bdq_legacy,climatology_regional_intensity12,0.0,2023-03,2023-03,0.0,False,0.0,1.903830873270412,1.903830873270412,True,0.04,0.96,12.326289866387702,1.903830873270412
2311108,Porteiras,CE,2023,3,0.0,inpe_bdq_legacy,climatology_regional_intensity12,0.0,2023-03,2023-03,0.0,False,0.0,1.903830873270412,1.903830873270412,True,0.04,0.96,12.326289866387702,1.903830873270412
2311207,Potengi,CE,2023,3,0.0,inpe_bdq_legacy,climatology_regional_intensity12,0.0,2023-03,2023-03,0.0,False,0.0,1.903830873270412,1.903830873270412,True,0.04,0.96,12.326289866387702,1.903830873270412
2311306,Quixadá,CE,2023,3,0.0,inpe_bdq_aqua_ref,climatology_regional_intensity12,0.0937090382803947,2023-03,2023-03,0.0937090382803947,False,0.0,1.9975399115508066,1.9975399115508066,True,0.04,0.96,12.326289866387702,1.903830873270412
2311405,Quixeramobim,CE,2023,3,0.0,inpe_bdq_aqua_ref,climatology_regional_intensity12,0.3279816339813815,2023-03,2023-03,0.3279816339813815,False,0.0,2.2318125072517936,2.2318125072517936,True,0.04,0.96,12.326289866387702,1.903830873270412
2311959,Salitre,CE,2023,3,0.0,inpe_bdq_legacy,climatology_regional_intensity12,0.0468545191401973,2023-03,2023-03,0.0468545191401973,False,0.0,1.9506853924106091,1.9506853924106091,True,0.04,0.96,12.326289866387702,1.903830873270412
2312106,Santana do Cariri,CE,2023,3,0.0,inpe_bdq_legacy,climatology_regional_intensity12,0.0,2023-03,2023-03,0.0,False,0.0,1.903830873270412,1.903830873270412,True,0.04,0.96,12.326289866387702,1.903830873270412
2312908,Sobral,CE,2023,3,0.0,inpe_bdq_aqua_ref,climatology_regional_intensity12,0.0468545191401973,2023-03,2023-03,0.0468545191401973,False,0.0,1.9506853924106091,1.9506853924106091,True,0.04,0.96,12.326289866387702,1.903830873270412
2313302,Tauá,CE,2023,3,1.0,inpe_bdq_aqua_ref,climatology_regional_intensity12,0.0,2023-03,2023-03,1.0,False,0.0,1.903830873270412,1.903830873270412,True,0.04,0.96,12.326289866387702,1.903830873270412
2313401,Tianguá,CE,2023,3,0.0,inpe_bdq_aqua_ref,climatology_regional_intensity12,0.0,2023-03,2023-03,0.0,False,0.0,1.903830873270412,1.903830873270412,True,0.04,0.96,12.326289866387702,1.903830873270412
2300101,Abaiara,CE,2023,4,0.0,inpe_bdq_legacy,climatology_regional_intensity12,0.0,2023-04,2023-04,0.0,False,0.0,1.8854278873079102,1.8854278873079102,True,0.04,0.96,12.326289866387702,1.8854278873079102
2300200,Acaraú,CE,2023,4,0.0,inpe_bdq_aqua_ref,climatology_regional_intensity12,0.0,2023-04,2023-04,0.0,False,0.0,1.8854278873079102,1.8854278873079102,True,0.04,0.96,12.326289866387702,1.8854278873079102
2301307,Araripe,CE,2023,4,0.0,inpe_bdq_legacy,climatology_regional_intensity12,0.0,2023-04,2023-04,0.0,False,0.0,1.8854278873079102,1.8854278873079102,True,0.04,0.96,12.326289866387702,1.8854278873079102
2301604,Assaré,CE,2023,4,0.0,inpe_bdq_legacy,climatology_regional_intensity12,0.0,2023-04,2023-04,0.0,False,0.0,1.8854278873079102,1.8854278873079102,True,0.04,0.96,12.326289866387702,1.8854278873079102
2301901,Barbalha,CE,2023,4,0.0,inpe_bdq_aqua_ref,climatology_regional_intensity12,0.0,2023-04,2023-04,0.0,False,0.0,1.8854278873079102,1.8854278873079102,True,0.04,0.96,12.326289866387702,1.8854278873079102
2302503,Brejo Santo,CE,2023,4,0.0,inpe_bdq_legacy,climatology_regional_intensity12,0.0,2023-04,2023-04,0.0,False,0.0,1.8854278873079102,1.8854278873079102,True,0.04,0.96,12.326289866387702,1.8854278873079102
2302701,Campos Sales,CE,2023,4,0.0,inpe_bdq_aqua_ref,climatology_regional_intensity12,0.0,2023-04,2023-04,0.0,False,0.0,1.8854278873079102,1.8854278873079102,True,0.04,0.96,12.326289866387702,1.8854278873079102
2304103,Crateús,CE,2023,4,0.0,inpe_bdq_aqua_ref,climatology_regional_intensity12,0.0939904743854149,2023-04,2023-04,0.0939904743854149,False,0.0,1.9794183616933252,1.9794183616933252,True,0.04,0.96,12.326289866387702,1.8854278873079102
2304202,Crato,CE,2023,4,0.0,inpe_bdq_legacy,climatology_regional_intensity12,0.0,2023-04,2023-04,0.0,False,0.0,1.8854278873079102,1.8854278873079102,True,0.04,0.96,12.326289866387702,1.8854278873079102
2304400,Fortaleza,CE,2023,4,0.0,inpe_bdq_aqua_ref,climatology_regional_intensity12,0.0,2023-04,2023-04,0.0,False,0.0,1.8854278873079102,1.8854278873079102,True,0.04,0.96,12.326289866387702,1.8854278873079102
2305100,Guaramiranga,CE,2023,4,0.0,inpe_bdq_aqua_ref,climatology_regional_intensity12,0.0,2023-04,2023-04,0.0,False,0.0,1.8854278873079102,1.8854278873079102,True,0.04,0.96,12.326289866387702,1.8854278873079102
2305506,Iguatu,CE,2023,4,2.0,inpe_bdq_aqua_ref,climatology_regional_intensity12,0.0469952371927074,2023-04,2023-04,1.9530047628072926,False,0.0,1.9324231245006176,1.9324231245006176,False,0.04,0.96,12.326289866387702,1.8854278873079102
2306405,Itapipoca,CE,2023,4,0.0,inpe_bdq_aqua_ref,climatology_regional_intensity12,0.0,2023-04,2023-04,0.0,False,0.0,1.8854278873079102,1.8854278873079102,True,0.04,0.96,12.326289866387702,1.8854278873079102
2306900,Jaguaribe,CE,2023,4,0.0,inpe_bdq_aqua_ref,climatology_regional_intensity12,0.0939904743854149,2023-04,2023-04,0.0939904743854149,False,0.0,1.9794183616933252,1.9794183616933252,True,0.04,0.96,12.326289866387702,1.8854278873079102
2307007,Jaguaruana,CE,2023,4,0.0,inpe_bdq_aqua_ref,climatology_regional_intensity12,0.0,2023-04,2023-04,0.0,False,0.0,1.8854278873079102,1.8854278873079102,True,0.04,0.96,12.326289866387702,1.8854278873079102
2307106,Jardim,CE,2023,4,0.0,inpe_bdq_legacy,climatology_regional_intensity12,0.0,2023-04,2023-04,0.0,False,0.0,1.8854278873079102,1.8854278873079102,True,0.04,0.96,12.326289866387702,1.8854278873079102
2307205,Jati,CE,2023,4,0.0,inpe_bdq_legacy,climatology_regional_intensity12,0.0,2023-04,2023-04,0.0,False,0.0,1.8854278873079102,1.8854278873079102,True,0.04,0.96,12.326289866387702,1.8854278873079102
2307304,Juazeiro do Norte,CE,2023,4,0.0,inpe_bdq_legacy,climatology_regional_intensity12,0.0,2023-04,2023-04,0.0,False,0.0,1.8854278873079102,1.8854278873079102,True,0.04,0.96,12.326289866387702,1.8854278873079102
2308401,Missão Velha,CE,2023,4,0.0,inpe_bdq_legacy,climatology_regional_intensity12,0.1879809487708299,2023-04,2023-04,0.1879809487708299,False,0.0,2.07340883607874,2.07340883607874,True,0.04,0.96,12.326289866387702,1.8854278873079102
2308708,Morada Nova,CE,2023,4,0.0,inpe_bdq_aqua_ref,climatology_regional_intensity12,0.0469952371927074,2023-04,2023-04,0.0469952371927074,False,0.0,1.9324231245006176,1.9324231245006176,True,0.04,0.96,12.326289866387702,1.8854278873079102
2309201,Nova Olinda,CE,2023,4,0.0,inpe_bdq_legacy,climatology_regional_intensity12,0.0,2023-04,2023-04,0.0,False,0.0,1.8854278873079102,1.8854278873079102,True,0.04,0.96,12.326289866387702,1.8854278873079102
2310605,Penaforte,CE,2023,4,0.0,inpe_bdq_legacy,climatology_regional_intensity12,0.0,2023-04,2023-04,0.0,False,0.0,1.8854278873079102,1.8854278873079102,True,0.04,0.96,12.326289866387702,1.8854278873079102
2311108,Porteiras,CE,2023,4,0.0,inpe_bdq_legacy,climatology_regional_intensity12,0.0,2023-04,2023-04,0.0,False,0.0,1.8854278873079102,1.8854278873079102,True,0.04,0.96,12.326289866387702,1.8854278873079102
2311207,Potengi,CE,2023,4,0.0,inpe_bdq_legacy,climatology_regional_intensity12,0.0,2023-04,2023-04,0.0,False,0.0,1.8854278873079102,1.8854278873079102,True,0.04,0.96,12.326289866387702,1.8854278873079102
2311306,Quixadá,CE,2023,4,0.0,inpe_bdq_aqua_ref,climatology_regional_intensity12,0.0939904743854149,2023-04,2023-04,0.0939904743854149,False,0.0,1.9794183616933252,1.9794183616933252,True,0.04,0.96,12.326289866387702,1.8854278873079102
2311405,Quixeramobim,CE,2023,4,0.0,inpe_bdq_aqua_ref,climatology_regional_intensity12,0.0469952371927074,2023-04,2023-04,0.0469952371927074,False,0.0,1.9324231245006176,1.9324231245006176,True,0.04,0.96,12.326289866387702,1.8854278873079102
2311959,Salitre,CE,2023,4,0.0,inpe_bdq_legacy,climatology_regional_intensity12,0.0469952371927074,2023-04,2023-04,0.0469952371927074,False,0.0,1.9324231245006176,1.9324231245006176,True,0.04,0.96,12.326289866387702,1.8854278873079102
2312106,Santana do Cariri,CE,2023,4,0.0,inpe_bdq_legacy,climatology_regional_intensity12,0.0,2023-04,2023-04,0.0,False,0.0,1.8854278873079102,1.8854278873079102,True,0.04,0.96,12.326289866387702,1.8854278873079102
2312908,Sobral,CE,2023,4,0.0,inpe_bdq_aqua_ref,climatology_regional_intensity12,0.0,2023-04,2023-04,0.0,False,0.0,1.8854278873079102,1.8854278873079102,True,0.04,0.96,12.326289866387702,1.8854278873079102
2313302,Tauá,CE,2023,4,0.0,inpe_bdq_aqua_ref,climatology_regional_intensity12,0.0469952371927074,2023-04,2023-04,0.0469952371927074,False,0.0,1.9324231245006176,1.9324231245006176,True,0.04,0.96,12.326289866387702,1.8854278873079102
2313401,Tianguá,CE,2023,4,0.0,inpe_bdq_aqua_ref,climatology_regional_intensity12,0.0,2023-04,2023-04,0.0,False,0.0,1.8854278873079102,1.8854278873079102,True,0.04,0.96,12.326289866387702,1.8854278873079102
2300101,Abaiara,CE,2023,5,0.0,inpe_bdq_legacy,climatology_regional_intensity12,0.0470902948869601,2023-05,2023-05,0.0470902948869601,False,0.0,1.9325181821948703,1.9325181821948703,True,0.04,0.96,12.326289866387702,1.8854278873079102
2300200,Acaraú,CE,2023,5,0.0,inpe_bdq_aqua_ref,climatology_regional_intensity12,0.0941805897739203,2023-05,2023-05,0.0941805897739203,False,0.0,1.9796084770818305,1.9796084770818305,True,0.04,0.96,12.326289866387702,1.8854278873079102
2301307,Araripe,CE,2023,5,0.0,inpe_bdq_legacy,climatology_regional_intensity12,0.2354514744348008,2023-05,2023-05,0.2354514744348008,False,0.0,2.120879361742711,2.120879361742711,True,0.04,0.96,12.326289866387702,1.8854278873079102
2301604,Assaré,CE,2023,5,0.0,inpe_bdq_legacy,climatology_regional_intensity12,0.0,2023-05,2023-05,0.0,False,0.0,1.8854278873079102,1.8854278873079102,True,0.04,0.96,12.326289866387702,1.8854278873079102
2301901,Barbalha,CE,2023,5,0.0,inpe_bdq_aqua_ref,climatology_regional_intensity12,0.0,2023-05,2023-05,0.0,False,0.0,1.8854278873079102,1.8854278873079102,True,0.04,0.96,12.326289866387702,1.8854278873079102
2302503,Brejo Santo,CE,2023,5,0.0,inpe_bdq_legacy,climatology_regional_intensity12,0.0941805897739203,2023-05,2023-05,0.0941805897739203,False,0.0,1.9796084770818305,1.9796084770818305,True,0.04,0.96,12.326289866387702,1.8854278873079102
2302701,Campos Sales,CE,2023,5,0.0,inpe_bdq_aqua_ref,climatology_regional_intensity12,0.0,2023-05,2023-05,0.0,False,0.0,1.8854278873079102,1.8854278873079102,True,0.04,0.96,12.326289866387702,1.8854278873079102
2304103,Crateús,CE,2023,5,0.0,inpe_bdq_aqua_ref,climatology_regional_intensity12,0.0,2023-05,2023-05,0.0,False,0.0,1.8854278873079102,1.8854278873079102,True,0.04,0.96,12.326289866387702,1.8854278873079102
2304202,Crato,CE,2023,5,0.0,inpe_bdq_legacy,climatology_regional_intensity12,0.0470902948869601,2023-05,2023-05,0.0470902948869601,False,0.0,1.9325181821948703,1.9325181821948703,True,0.04,0.96,12.326289866387702,1.8854278873079102
2304400,Fortaleza,CE,2023,5,0.0,inpe_bdq_aqua_ref,climatology_regional_intensity12,0.0,2023-05,2023-05,0.0,False,0.0,1.8854278873079102,1.8854278873079102,True,0.04,0.96,12.326289866387702,1.8854278873079102
2305100,Guaramiranga,CE,2023,5,0.0,inpe_bdq_aqua_ref,climatology_regional_intensity12,0.0,2023-05,2023-05,0.0,False,0.0,1.8854278873079102,1.8854278873079102,True,0.04,0.96,12.326289866387702,1.8854278873079102
2305506,Iguatu,CE,2023,5,0.0,inpe_bdq_aqua_ref,climatology_regional_intensity12,0.0,2023-05,2023-05,0.0,False,0.0,1.8854278873079102,1.8854278873079102,True,0.04,0.96,12.326289866387702,1.8854278873079102
2306405,Itapipoca,CE,2023,5,0.0,inpe_bdq_aqua_ref,climatology_regional_intensity12,0.0941805897739203,2023-05,2023-05,0.0941805897739203,False,0.0,1.9796084770818305,1.9796084770818305,True,0.04,0.96,12.326289866387702,1.8854278873079102
2306900,Jaguaribe,CE,2023,5,0.0,inpe_bdq_aqua_ref,climatology_regional_intensity12,0.0,2023-05,2023-05,0.0,False,0.0,1.8854278873079102,1.8854278873079102,True,0.04,0.96,12.326289866387702,1.8854278873079102
2307007,Jaguaruana,CE,2023,5,0.0,inpe_bdq_aqua_ref,climatology_regional_intensity12,0.0470902948869601,2023-05,2023-05,0.0470902948869601,False,0.0,1.9325181821948703,1.9325181821948703,True,0.04,0.96,12.326289866387702,1.8854278873079102
2307106,Jardim,CE,2023,5,0.0,inpe_bdq_legacy,climatology_regional_intensity12,0.1412708846608804,2023-05,2023-05,0.1412708846608804,False,0.0,2.026698771968791,2.026698771968791,True,0.04,0.96,12.326289866387702,1.8854278873079102
2307205,Jati,CE,2023,5,0.0,inpe_bdq_legacy,climatology_regional_intensity12,0.0,2023-05,2023-05,0.0,False,0.0,1.8854278873079102,1.8854278873079102,True,0.04,0.96,12.326289866387702,1.8854278873079102
2307304,Juazeiro do Norte,CE,2023,5,0.0,inpe_bdq_legacy,climatology_regional_intensity12,0.0470902948869601,2023-05,2023-05,0.0470902948869601,False,0.0,1.9325181821948703,1.9325181821948703,True,0.04,0.96,12.326289866387702,1.8854278873079102
2308401,Missão Velha,CE,2023,5,1.0,inpe_bdq_legacy,climatology_regional_intensity12,0.0,2023-05,2023-05,1.0,False,0.0,1.8854278873079102,1.8854278873079102,True,0.04,0.96,12.326289866387702,1.8854278873079102
2308708,Morada Nova,CE,2023,5,0.0,inpe_bdq_aqua_ref,climatology_regional_intensity12,0.1883611795478406,2023-05,2023-05,0.1883611795478406,False,0.0,2.073789066855751,2.073789066855751,True,0.04,0.96,12.326289866387702,1.8854278873079102
2309201,Nova Olinda,CE,2023,5,0.0,inpe_bdq_legacy,climatology_regional_intensity12,0.1412708846608804,2023-05,2023-05,0.1412708846608804,False,0.0,2.026698771968791,2.026698771968791,True,0.04,0.96,12.326289866387702,1.8854278873079102
2310605,Penaforte,CE,2023,5,0.0,inpe_bdq_legacy,climatology_regional_intensity12,0.0,2023-05,2023-05,0.0,False,0.0,1.8854278873079102,1.8854278873079102,True,0.04,0.96,12.326289866387702,1.8854278873079102
2311108,Porteiras,CE,2023,5,0.0,inpe_bdq_legacy,climatology_regional_intensity12,0.0470902948869601,2023-05,2023-05,0.0470902948869601,False,0.0,1.9325181821948703,1.9325181821948703,True,0.04,0.96,12.326289866387702,1.8854278873079102
2311207,Potengi,CE,2023,5,0.0,inpe_bdq_legacy,climatology_regional_intensity12,0.0470902948869601,2023-05,2023-05,0.0470902948869601,False,0.0,1.9325181821948703,1.9325181821948703,True,0.04,0.96,12.326289866387702,1.8854278873079102
2311306,Quixadá,CE,2023,5,0.0,inpe_bdq_aqua_ref,climatology_regional_intensity12,0.1412708846608804,2023-05,2023-05,0.1412708846608804,False,0.0,2.026698771968791,2.026698771968791,True,0.04,0.96,12.326289866387702,1.8854278873079102
2311405,Quixeramobim,CE,2023,5,0.0,inpe_bdq_aqua_ref,climatology_regional_intensity12,0.0,2023-05,2023-05,0.0,False,0.0,1.8854278873079102,1.8854278873079102,True,0.04,0.96,12.326289866387702,1.8854278873079102
2311959,Salitre,CE,2023,5,0.0,inpe_bdq_legacy,climatology_regional_intensity12,0.0470902948869601,2023-05,2023-05,0.0470902948869601,False,0.0,1.9325181821948703,1.9325181821948703,True,0.04,0.96,12.326289866387702,1.8854278873079102
2312106,Santana do Cariri,CE,2023,5,2.0,inpe_bdq_legacy,climatology_regional_intensity12,0.0,2023-05,2023-05,2.0,False,0.0,1.8854278873079102,1.8854278873079102,False,0.04,0.96,12.326289866387702,1.8854278873079102
2312908,Sobral,CE,2023,5,0.0,inpe_bdq_aqua_ref,climatology_regional_intensity12,0.0,2023-05,2023-05,0.0,False,0.0,1.8854278873079102,1.8854278873079102,True,0.04,0.96,12.326289866387702,1.8854278873079102
2313302,Tauá,CE,2023,5,0.0,inpe_bdq_aqua_ref,climatology_regional_intensity12,0.0941805897739203,2023-05,2023-05,0.0941805897739203,False,0.0,1.9796084770818305,1.9796084770818305,True,0.04,0.96,12.326289866387702,1.8854278873079102
2313401,Tianguá,CE,2023,5,0.0,inpe_bdq_aqua_ref,climatology_regional_intensity12,0.0470902948869601,2023-05,2023-05,0.0470902948869601,False,0.0,1.9325181821948703,1.9325181821948703,True,0.04,0.96,12.326289866387702,1.8854278873079102
2300101,Abaiara,CE,2023,6,0.0,inpe_bdq_legacy,climatology_regional_intensity12,0.1414094873766807,2023-06,2023-06,0.1414094873766807,False,0.0,2.026837374684591,2.026837374684591,True,0.04,0.96,12.326289866387702,1.8854278873079102
2300200,Acaraú,CE,2023,6,0.0,inpe_bdq_aqua_ref,climatology_regional_intensity12,0.4242284621300421,2023-06,2023-06,0.4242284621300421,False,0.0,2.3096563494379523,2.3096563494379523,True,0.04,0.96,12.326289866387702,1.8854278873079102
2301307,Araripe,CE,2023,6,0.0,inpe_bdq_legacy,climatology_regional_intensity12,0.1414094873766807,2023-06,2023-06,0.1414094873766807,False,0.0,2.026837374684591,2.026837374684591,True,0.04,0.96,12.326289866387702,1.8854278873079102
2301604,Assaré,CE,2023,6,0.0,inpe_bdq_legacy,climatology_regional_intensity12,0.0,2023-06,2023-06,0.0,False,0.0,1.8854278873079102,1.8854278873079102,True,0.04,0.96,12.326289866387702,1.8854278873079102
2301901,Barbalha,CE,2023,6,0.0,inpe_bdq_aqua_ref,climatology_regional_intensity12,0.1414094873766807,2023-06,2023-06,0.1414094873766807,False,0.0,2.026837374684591,2.026837374684591,True,0.04,0.96,12.326289866387702,1.8854278873079102
2302503,Brejo Santo,CE,2023,6,1.0,inpe_bdq_legacy,climatology_regional_intensity12,0.2356824789611345,2023-06,2023-06,0.7643175210388655,False,0.0,2.1211103662690447,2.1211103662690447,True,0.04,0.96,12.326289866387702,1.8854278873079102
2302701,Campos Sales,CE,2023,6,0.0,inpe_bdq_aqua_ref,climatology_regional_intensity12,0.0,2023-06,2023-06,0.0,False,0.0,1.8854278873079102,1.8854278873079102,True,0.04,0.96,12.326289866387702,1.8854278873079102
2304103,Crateús,CE,2023,6,0.0,inpe_bdq_aqua_ref,climatology_regional_intensity12,0.471364957922269,2023-06,2023-06,0.471364957922269,False,0.0,2.356792845230179,2.356792845230179,True,0.04,0.96,12.326289866387702,1.8854278873079102
2304202,Crato,CE,2023,6,0.0,inpe_bdq_legacy,climatology_regional_intensity12,0.0471364957922269,2023-06,2023-06,0.0471364957922269,False,0.0,1.9325643831001371,1.9325643831001371,True,0.04,0.96,12.326289866387702,1.8854278873079102
2304400,Fortaleza,CE,2023,6,0.0,inpe_bdq_aqua_ref,climatology_regional_intensity12,0.0,2023-06,2023-06,0.0,False,0.0,1.8854278873079102,1.8854278873079102,True,0.04,0.96,12.326289866387702,1.8854278873079102
2305100,Guaramiranga,CE,2023,6,0.0,inpe_bdq_aqua_ref,climatology_regional_intensity12,0.0,2023-06,2023-06,0.0,False,0.0,1.8854278873079102,1.8854278873079102,True,0.04,0.96,12.326289866387702,1.8854278873079102
2305506,Iguatu,CE,2023,6,0.0,inpe_bdq_aqua_ref,climatology_regional_intensity12,0.2356824789611345,2023-06,2023-06,0.2356824789611345,False,0.0,2.1211103662690447,2.1211103662690447,True,0.04,0.96,12.326289866387702,1.8854278873079102
2306405,Itapipoca,CE,2023,6,0.0,inpe_bdq_aqua_ref,climatology_regional_intensity12,0.5656379495067229,2023-06,2023-06,0.5656379495067229,False,0.0,2.451065836814633,2.451065836814633,True,0.04,0.96,12.326289866387702,1.8854278873079102
2306900,Jaguaribe,CE,2023,6,1.0,inpe_bdq_aqua_ref,climatology_regional_intensity12,0.0942729915844538,2023-06,2023-06,0.9057270084155462,False,0.0,1.979700878892364,1.979700878892364,True,0.04,0.96,12.326289866387702,1.8854278873079102
2307007,Jaguaruana,CE,2023,6,0.0,inpe_bdq_aqua_ref,climatology_regional_intensity12,0.0,2023-06,2023-06,0.0,False,0.0,1.8854278873079102,1.8854278873079102,True,0.04,0.96,12.326289866387702,1.8854278873079102
2307106,Jardim,CE,2023,6,0.0,inpe_bdq_legacy,climatology_regional_intensity12,0.0471364957922269,2023-06,2023-06,0.0471364957922269,False,0.0,1.9325643831001371,1.9325643831001371,True,0.04,0.96,12.326289866387702,1.8854278873079102
2307205,Jati,CE,2023,6,0.0,inpe_bdq_legacy,climatology_regional_intensity12,0.0,2023-06,2023-06,0.0,False,0.0,1.8854278873079102,1.8854278873079102,True,0.04,0.96,12.326289866387702,1.8854278873079102
2307304,Juazeiro do Norte,CE,2023,6,0.0,inpe_bdq_legacy,climatology_regional_intensity12,0.0,2023-06,2023-06,0.0,False,0.0,1.8854278873079102,1.8854278873079102,True,0.04,0.96,12.326289866387702,1.8854278873079102
2308401,Missão Velha,CE,2023,6,0.0,inpe_bdq_legacy,climatology_regional_intensity12,0.0942729915844538,2023-06,2023-06,0.0942729915844538,False,0.0,1.979700878892364,1.979700878892364,True,0.04,0.96,12.326289866387702,1.8854278873079102
2308708,Morada Nova,CE,2023,6,0.0,inpe_bdq_aqua_ref,climatology_regional_intensity12,0.1414094873766807,2023-06,2023-06,0.1414094873766807,False,0.0,2.026837374684591,2.026837374684591,True,0.04,0.96,12.326289866387702,1.8854278873079102
2309201,Nova Olinda,CE,2023,6,0.0,inpe_bdq_legacy,climatology_regional_intensity12,0.0,2023-06,2023-06,0.0,False,0.0,1.8854278873079102,1.8854278873079102,True,0.04,0.96,12.326289866387702,1.8854278873079102
2310605,Penaforte,CE,2023,6,0.0,inpe_bdq_legacy,climatology_regional_intensity12,0.0,2023-06,2023-06,0.0,False,0.0,1.8854278873079102,1.8854278873079102,True,0.04,0.96,12.326289866387702,1.8854278873079102
2311108,Porteiras,CE,2023,6,0.0,inpe_bdq_legacy,climatology_regional_intensity12,0.0471364957922269,2023-06,2023-06,0.0471364957922269,False,0.0,1.9325643831001371,1.9325643831001371,True,0.04,0.96,12.326289866387702,1.8854278873079102
2311207,Potengi,CE,2023,6,0.0,inpe_bdq_legacy,climatology_regional_intensity12,0.0,2023-06,2023-06,0.0,False,0.0,1.8854278873079102,1.8854278873079102,True,0.04,0.96,12.326289866387702,1.8854278873079102
2311306,Quixadá,CE,2023,6,0.0,inpe_bdq_aqua_ref,climatology_regional_intensity12,0.0942729915844538,2023-06,2023-06,0.0942729915844538,False,0.0,1.979700878892364,1.979700878892364,True,0.04,0.96,12.326289866387702,1.8854278873079102
2311405,Quixeramobim,CE,2023,6,0.0,inpe_bdq_aqua_ref,climatology_regional_intensity12,0.1885459831689076,2023-06,2023-06,0.1885459831689076,False,0.0,2.073973870476818,2.073973870476818,True,0.04,0.96,12.326289866387702,1.8854278873079102
2311959,Salitre,CE,2023,6,0.0,inpe_bdq_legacy,climatology_regional_intensity12,0.0942729915844538,2023-06,2023-06,0.0942729915844538,False,0.0,1.979700878892364,1.979700878892364,True,0.04,0.96,12.326289866387702,1.8854278873079102
2312106,Santana do Cariri,CE,2023,6,2.0,inpe_bdq_legacy,climatology_regional_intensity12,0.0,2023-06,2023-06,2.0,False,0.0,1.8854278873079102,1.8854278873079102,False,0.04,0.96,12.326289866387702,1.8854278873079102
2312908,Sobral,CE,2023,6,0.0,inpe_bdq_aqua_ref,climatology_regional_intensity12,0.1885459831689076,2023-06,2023-06,0.1885459831689076,False,0.0,2.073973870476818,2.073973870476818,True,0.04,0.96,12.326289866387702,1.8854278873079102
2313302,Tauá,CE,2023,6,0.0,inpe_bdq_aqua_ref,climatology_regional_intensity12,0.0942729915844538,2023-06,2023-06,0.0942729915844538,False,0.0,1.979700878892364,1.979700878892364,True,0.04,0.96,12.326289866387702,1.8854278873079102
2313401,Tianguá,CE,2023,6,0.0,inpe_bdq_aqua_ref,climatology_regional_intensity12,0.1885459831689076,2023-06,2023-06,0.1885459831689076,False,0.0,2.073973870476818,2.073973870476818,True,0.04,0.96,12.326289866387702,1.8854278873079102
2300101,Abaiara,CE,2023,7,0.0,inpe_bdq_legacy,climatology_regional_intensity12,0.1405309438423431,2023-07,2023-07,0.1405309438423431,False,0.0,2.025958831150253,2.025958831150253,True,0.04,0.96,12.326289866387702,1.8854278873079102
2300200,Acaraú,CE,2023,7,1.0,inpe_bdq_aqua_ref,climatology_regional_intensity12,1.2179348466336406,2023-07,2023-07,0.2179348466336406,False,0.0,3.103362733941551,3.103362733941551,True,0.04,0.96,12.326289866387702,1.8854278873079102
2301307,Araripe,CE,2023,7,1.0,inpe_bdq_legacy,climatology_regional_intensity12,0.2810618876846862,2023-07,2023-07,0.7189381123153138,False,0.0,2.1664897749925967,2.1664897749925967,True,0.04,0.96,12.326289866387702,1.8854278873079102
2301604,Assaré,CE,2023,7,0.0,inpe_bdq_legacy,climatology_regional_intensity12,0.0468436479474477,2023-07,2023-07,0.0468436479474477,False,0.0,1.9322715352553579,1.9322715352553579,True,0.04,0.96,12.326289866387702,1.8854278873079102
2301901,Barbalha,CE,2023,7,1.0,inpe_bdq_aqua_ref,climatology_regional_intensity12,0.2670087933004519,2023-07,2023-07,0.7329912066995481,False,0.0,2.1524366806083624,2.1524366806083624,True,0.04,0.96,12.326289866387702,1.8854278873079102
2302503,Brejo Santo,CE,2023,7,0.0,inpe_bdq_legacy,climatology_regional_intensity12,0.1873745917897908,2023-07,2023-07,0.1873745917897908,False,0.0,2.072802479097701,2.072802479097701,True,0.04,0.96,12.326289866387702,1.8854278873079102
2302701,Campos Sales,CE,2023,7,4.0,inpe_bdq_aqua_ref,climatology_regional_intensity12,0.0468436479474477,2023-07,2023-07,3.9531563520525523,False,0.0,1.9322715352553579,1.9322715352553579,False,0.04,0.96,12.326289866387702,1.8854278873079102
2304103,Crateús,CE,2023,7,1.0,inpe_bdq_aqua_ref,climatology_regional_intensity12,0.5152801274219249,2023-07,2023-07,0.48471987257807514,False,0.0,2.400708014729835,2.400708014729835,True,0.04,0.96,12.326289866387702,1.8854278873079102
2304202,Crato,CE,2023,7,0.0,inpe_bdq_legacy,climatology_regional_intensity12,0.0,2023-07,2023-07,0.0,False,0.0,1.8854278873079102,1.8854278873079102,True,0.04,0.96,12.326289866387702,1.8854278873079102
2304400,Fortaleza,CE,2023,7,0.0,inpe_bdq_aqua_ref,climatology_regional_intensity12,0.0468436479474477,2023-07,2023-07,0.0468436479474477,False,0.0,1.9322715352553579,1.9322715352553579,True,0.04,0.96,12.326289866387702,1.8854278873079102
2305100,Guaramiranga,CE,2023,7,0.0,inpe_bdq_aqua_ref,climatology_regional_intensity12,0.0,2023-07,2023-07,0.0,False,0.0,1.8854278873079102,1.8854278873079102,True,0.04,0.96,12.326289866387702,1.8854278873079102
2305506,Iguatu,CE,2023,7,0.0,inpe_bdq_aqua_ref,climatology_regional_intensity12,0.7963420151066112,2023-07,2023-07,0.7963420151066112,False,0.0,2.6817699024145214,2.6817699024145214,True,0.04,0.96,12.326289866387702,1.8854278873079102
2306405,Itapipoca,CE,2023,7,16.0,inpe_bdq_aqua_ref,climatology_regional_intensity12,0.7494983671591634,2023-07,2023-07,15.250501632840837,False,0.0,2.6349262544670737,2.6349262544670737,False,0.04,0.96,12.326289866387702,1.8854278873079102
2306900,Jaguaribe,CE,2023,7,0.0,inpe_bdq_aqua_ref,climatology_regional_intensity12,0.1405309438423431,2023-07,2023-07,0.1405309438423431,False,0.0,2.025958831150253,2.025958831150253,True,0.04,0.96,12.326289866387702,1.8854278873079102
2307007,Jaguaruana,CE,2023,7,0.0,inpe_bdq_aqua_ref,climatology_regional_intensity12,0.1873745917897908,2023-07,2023-07,0.1873745917897908,False,0.0,2.072802479097701,2.072802479097701,True,0.04,0.96,12.326289866387702,1.8854278873079102
2307106,Jardim,CE,2023,7,0.0,inpe_bdq_legacy,climatology_regional_intensity12,0.0468436479474477,2023-07,2023-07,0.0468436479474477,False,0.0,1.9322715352553579,1.9322715352553579,True,0.04,0.96,12.326289866387702,1.8854278873079102
2307205,Jati,CE,2023,7,0.0,inpe_bdq_legacy,climatology_regional_intensity12,0.0,2023-07,2023-07,0.0,False,0.0,1.8854278873079102,1.8854278873079102,True,0.04,0.96,12.326289866387702,1.8854278873079102
2307304,Juazeiro do Norte,CE,2023,7,0.0,inpe_bdq_legacy,climatology_regional_intensity12,0.2342182397372385,2023-07,2023-07,0.2342182397372385,False,0.0,2.1196461270451485,2.1196461270451485,True,0.04,0.96,12.326289866387702,1.8854278873079102
2308401,Missão Velha,CE,2023,7,1.0,inpe_bdq_legacy,climatology_regional_intensity12,0.0936872958948954,2023-07,2023-07,0.9063127041051046,False,0.0,1.9791151832028056,1.9791151832028056,True,0.04,0.96,12.326289866387702,1.8854278873079102
2308708,Morada Nova,CE,2023,7,2.0,inpe_bdq_aqua_ref,climatology_regional_intensity12,0.0,2023-07,2023-07,2.0,False,0.0,1.8854278873079102,1.8854278873079102,False,0.04,0.96,12.326289866387702,1.8854278873079102
2309201,Nova Olinda,CE,2023,7,0.0,inpe_bdq_legacy,climatology_regional_intensity12,0.3747491835795817,2023-07,2023-07,0.3747491835795817,False,0.0,2.260177070887492,2.260177070887492,True,0.04,0.96,12.326289866387702,1.8854278873079102
2310605,Penaforte,CE,2023,7,1.0,inpe_bdq_legacy,climatology_regional_intensity12,0.0,2023-07,2023-07,1.0,False,0.0,1.8854278873079102,1.8854278873079102,True,0.04,0.96,12.326289866387702,1.8854278873079102
2311108,Porteiras,CE,2023,7,0.0,inpe_bdq_legacy,climatology_regional_intensity12,0.1405309438423431,2023-07,2023-07,0.1405309438423431,False,0.0,2.025958831150253,2.025958831150253,True,0.04,0.96,12.326289866387702,1.8854278873079102
2311207,Potengi,CE,2023,7,1.0,inpe_bdq_legacy,climatology_regional_intensity12,0.0936872958948954,2023-07,2023-07,0.9063127041051046,False,0.0,1.9791151832028056,1.9791151832028056,True,0.04,0.96,12.326289866387702,1.8854278873079102
2311306,Quixadá,CE,2023,7,0.0,inpe_bdq_aqua_ref,climatology_regional_intensity12,0.3747491835795817,2023-07,2023-07,0.3747491835795817,False,0.0,2.260177070887492,2.260177070887492,True,0.04,0.96,12.326289866387702,1.8854278873079102
2311405,Quixeramobim,CE,2023,7,0.0,inpe_bdq_aqua_ref,climatology_regional_intensity12,0.2810618876846862,2023-07,2023-07,0.2810618876846862,False,0.0,2.1664897749925967,2.1664897749925967,True,0.04,0.96,12.326289866387702,1.8854278873079102
2311959,Salitre,CE,2023,7,4.0,inpe_bdq_legacy,climatology_regional_intensity12,0.1873745917897908,2023-07,2023-07,3.8126254082102093,False,0.0,2.072802479097701,2.072802479097701,False,0.04,0.96,12.326289866387702,1.8854278873079102
2312106,Santana do Cariri,CE,2023,7,0.0,inpe_bdq_legacy,climatology_regional_intensity12,0.4215928315270294,2023-07,2023-07,0.4215928315270294,False,0.0,2.3070207188349396,2.3070207188349396,True,0.04,0.96,12.326289866387702,1.8854278873079102
2312908,Sobral,CE,2023,7,0.0,inpe_bdq_aqua_ref,climatology_regional_intensity12,0.6089674233168203,2023-07,2023-07,0.6089674233168203,False,0.0,2.4943953106247303,2.4943953106247303,True,0.04,0.96,12.326289866387702,1.8854278873079102
2313302,Tauá,CE,2023,7,2.0,inpe_bdq_aqua_ref,climatology_regional_intensity12,0.1873745917897908,2023-07,2023-07,1.8126254082102091,False,0.0,2.072802479097701,2.072802479097701,True,0.04,0.96,12.326289866387702,1.8854278873079102
2313401,Tianguá,CE,2023,7,0.0,inpe_bdq_aqua_ref,climatology_regional_intensity12,0.655811071264268,2023-07,2023-07,0.655811071264268,False,0.0,2.541238958572178,2.541238958572178,True,0.04,0.96,12.326289866387702,1.8854278873079102
2300101,Abaiara,CE,2023,8,0.0,inpe_bdq_legacy,climatology_regional_intensity12,0.3346881403472073,2023-08,2023-08,0.3346881403472073,True,0.0,12.66097800673491,12.66097800673491,True,0.04,0.96,12.326289866387702,1.903830873270412
2300200,Acaraú,CE,2023,8,5.0,inpe_bdq_aqua_ref,climatology_regional_intensity12,1.4343777443451744,2023-08,2023-08,3.5656222556548256,True,0.0,13.760667610732877,13.760667610732877,True,0.04,0.96,12.326289866387702,1.903830873270412
2301307,Araripe,CE,2023,8,0.0,inpe_bdq_legacy,climatology_regional_intensity12,0.8630172761810132,2023-08,2023-08,0.8630172761810132,True,0.0,13.189307142568715,13.189307142568715,True,0.04,0.96,12.326289866387702,1.903830873270412
2301604,Assaré,CE,2023,8,0.0,inpe_bdq_legacy,climatology_regional_intensity12,0.8606266466071045,2023-08,2023-08,0.8606266466071045,True,0.0,13.186916512994806,13.186916512994806,True,0.04,0.96,12.326289866387702,1.903830873270412
2301901,Barbalha,CE,2023,8,6.0,inpe_bdq_aqua_ref,climatology_regional_intensity12,0.9992831618938048,2023-08,2023-08,5.000716838106195,True,0.0,13.325573028281507,13.325573028281507,True,0.04,0.96,12.326289866387702,1.903830873270412
2302503,Brejo Santo,CE,2023,8,1.0,inpe_bdq_legacy,climatology_regional_intensity12,0.1434377744345174,2023-08,2023-08,0.8565622255654826,True,0.0,12.469727640822219,12.469727640822219,True,0.04,0.96,12.326289866387702,1.903830873270412
2302701,Campos Sales,CE,2023,8,0.0,inpe_bdq_aqua_ref,climatology_regional_intensity12,0.2868755488690348,2023-08,2023-08,0.2868755488690348,True,0.0,12.613165415256736,12.613165415256736,True,0.04,0.96,12.326289866387702,1.903830873270412
2304103,Crateús,CE,2023,8,3.0,inpe_bdq_aqua_ref,climatology_regional_intensity12,2.2471917994741064,2023-08,2023-08,0.7528082005258936,True,0.0,14.57348166586181,14.57348166586181,True,0.04,0.96,12.326289866387702,1.903830873270412
2304202,Crato,CE,2023,8,0.0,inpe_bdq_legacy,climatology_regional_intensity12,1.498924742840707,2023-08,2023-08,1.498924742840707,True,0.0,13.825214609228409,13.825214609228409,True,0.04,0.96,12.326289866387702,1.903830873270412
2304400,Fortaleza,CE,2023,8,2.0,inpe_bdq_aqua_ref,climatology_regional_intensity12,0.3206256134418625,2023-08,2023-08,1.6793743865581374,True,0.0,12.646915479829564,12.646915479829564,True,0.04,0.96,12.326289866387702,1.903830873270412
2305100,Guaramiranga,CE,2023,8,0.0,inpe_bdq_aqua_ref,climatology_regional_intensity12,0.0,2023-08,2023-08,0.0,True,0.0,12.326289866387702,12.326289866387702,True,0.04,0.96,12.326289866387702,1.903830873270412
2305506,Iguatu,CE,2023,8,4.0,inpe_bdq_aqua_ref,climatology_regional_intensity12,1.6734407017360369,2023-08,2023-08,2.3265592982639633,True,0.0,13.99973056812374,13.99973056812374,True,0.04,0.96,12.326289866387702,1.903830873270412
2306405,Itapipoca,CE,2023,8,7.0,inpe_bdq_aqua_ref,climatology_regional_intensity12,2.629692531299486,2023-08,2023-08,4.3703074687005135,True,0.0,14.955982397687189,14.955982397687189,True,0.04,0.96,12.326289866387702,1.903830873270412
2306900,Jaguaribe,CE,2023,8,0.0,inpe_bdq_aqua_ref,climatology_regional_intensity12,0.7171888721725872,2023-08,2023-08,0.7171888721725872,True,0.0,13.043478738560289,13.043478738560289,True,0.04,0.96,12.326289866387702,1.903830873270412
2307106,Jardim,CE,2023,8,0.0,inpe_bdq_legacy,climatology_regional_intensity12,0.1434377744345174,2023-08,2023-08,0.1434377744345174,True,0.0,12.469727640822219,12.469727640822219,True,0.04,0.96,12.326289866387702,1.903830873270412
2307205,Jati,CE,2023,8,0.0,inpe_bdq_legacy,climatology_regional_intensity12,0.0,2023-08,2023-08,0.0,True,0.0,12.326289866387702,12.326289866387702,True,0.04,0.96,12.326289866387702,1.903830873270412
2307304,Juazeiro do Norte,CE,2023,8,1.0,inpe_bdq_legacy,climatology_regional_intensity12,0.6560950052838112,2023-08,2023-08,0.34390499471618885,True,0.0,12.982384871671513,12.982384871671513,True,0.04,0.96,12.326289866387702,1.903830873270412
2308401,Missão Velha,CE,2023,8,3.0,inpe_bdq_legacy,climatology_regional_intensity12,0.6693762806944147,2023-08,2023-08,2.3306237193055854,True,0.0,12.995666147082117,12.995666147082117,True,0.04,0.96,12.326289866387702,1.903830873270412
2308708,Morada Nova,CE,2023,8,1.0,inpe_bdq_aqua_ref,climatology_regional_intensity12,1.2909399699106567,2023-08,2023-08,0.29093996991065674,True,0.0,13.617229836298359,13.617229836298359,True,0.04,0.96,12.326289866387702,1.903830873270412
2309201,Nova Olinda,CE,2023,8,0.0,inpe_bdq_legacy,climatology_regional_intensity12,0.1912503659126899,2023-08,2023-08,0.1912503659126899,True,0.0,12.517540232300393,12.517540232300393,True,0.04,0.96,12.326289866387702,1.903830873270412
2310605,Penaforte,CE,2023,8,0.0,inpe_bdq_legacy,climatology_regional_intensity12,0.0,2023-08,2023-08,0.0,True,0.0,12.326289866387702,12.326289866387702,True,0.04,0.96,12.326289866387702,1.903830873270412
2311108,Porteiras,CE,2023,8,0.0,inpe_bdq_legacy,climatology_regional_intensity12,0.1603128067209312,2023-08,2023-08,0.1603128067209312,True,0.0,12.486602673108633,12.486602673108633,True,0.04,0.96,12.326289866387702,1.903830873270412
2311207,Potengi,CE,2023,8,0.0,inpe_bdq_legacy,climatology_regional_intensity12,0.0,2023-08,2023-08,0.0,True,0.0,12.326289866387702,12.326289866387702,True,0.04,0.96,12.326289866387702,1.903830873270412
2311306,Quixadá,CE,2023,8,2.0,inpe_bdq_aqua_ref,climatology_regional_intensity12,0.9562518295634496,2023-08,2023-08,1.0437481704365505,True,0.0,13.282541695951151,13.282541695951151,True,0.04,0.96,12.326289866387702,1.903830873270412
2311405,Quixeramobim,CE,2023,8,0.0,inpe_bdq_aqua_ref,climatology_regional_intensity12,1.004064421041622,2023-08,2023-08,1.004064421041622,True,0.0,13.330354287429325,13.330354287429325,True,0.04,0.96,12.326289866387702,1.903830873270412
2311959,Salitre,CE,2023,8,6.0,inpe_bdq_legacy,climatology_regional_intensity12,0.3179537333298469,2023-08,2023-08,5.682046266670153,True,0.0,12.64424359971755,12.64424359971755,True,0.04,0.96,12.326289866387702,1.903830873270412
2312106,Santana do Cariri,CE,2023,8,1.0,inpe_bdq_legacy,climatology_regional_intensity12,0.7267513904682217,2023-08,2023-08,0.2732486095317783,True,0.0,13.053041256855924,13.053041256855924,True,0.04,0.96,12.326289866387702,1.903830873270412
2312908,Sobral,CE,2023,8,6.0,inpe_bdq_aqua_ref,climatology_regional_intensity12,5.833136160337043,2023-08,2023-08,0.16686383966295715,True,0.0,18.159426026724745,18.159426026724745,True,0.04,0.96,12.326289866387702,1.903830873270412
2313302,Tauá,CE,2023,8,0.0,inpe_bdq_aqua_ref,climatology_regional_intensity12,0.5737510977380696,2023-08,2023-08,0.5737510977380696,True,0.0,12.900040964125772,12.900040964125772,True,0.04,0.96,12.326289866387702,1.903830873270412
2313401,Tianguá,CE,2023,8,2.0,inpe_bdq_aqua_ref,climatology_regional_intensity12,0.8128140551289321,2023-08,2023-08,1.187185944871068,True,0.0,13.139103921516634,13.139103921516634,True,0.04,0.96,12.326289866387702,1.903830873270412
2300101,Abaiara,CE,2023,9,3.0,inpe_bdq_legacy,climatology_regional_intensity12,0.3374825229195666,2023-09,2023-09,2.662517477080433,True,0.0,12.555414513072472,12.555414513072472,True,0.04,0.96,12.217931990152906,1.903830873270412
2300200,Acaraú,CE,2023,9,1.0,inpe_bdq_aqua_ref,climatology_regional_intensity12,1.6392008256093236,2023-09,2023-09,0.6392008256093236,True,0.0,13.85713281576223,13.85713281576223,True,0.04,0.96,12.217931990152906,1.903830873270412
2301307,Araripe,CE,2023,9,10.0,inpe_bdq_legacy,climatology_regional_intensity12,6.824378731323522,2023-09,2023-09,3.175621268676478,True,0.0,19.042310721476426,19.042310721476426,True,0.04,0.96,12.217931990152906,1.903830873270412
2301604,Assaré,CE,2023,9,17.0,inpe_bdq_legacy,climatology_regional_intensity12,1.1450299884771011,2023-09,2023-09,15.854970011522898,True,0.0,13.362961978630008,13.362961978630008,False,0.04,0.96,12.217931990152906,1.903830873270412
2301901,Barbalha,CE,2023,9,5.0,inpe_bdq_aqua_ref,climatology_regional_intensity12,2.6564695732668744,2023-09,2023-09,2.3435304267331256,True,0.0,14.87440156341978,14.87440156341978,True,0.04,0.96,12.217931990152906,1.903830873270412
2302503,Brejo Santo,CE,2023,9,12.0,inpe_bdq_legacy,climatology_regional_intensity12,1.4198371857116054,2023-09,2023-09,10.580162814288395,True,0.0,13.637769175864511,13.637769175864511,True,0.04,0.96,12.217931990152906,1.903830873270412
2302701,Campos Sales,CE,2023,9,6.0,inpe_bdq_aqua_ref,climatology_regional_intensity12,1.282433587094353,2023-09,2023-09,4.717566412905647,True,0.0,13.500365577247258,13.500365577247258,True,0.04,0.96,12.217931990152906,1.903830873270412
2304103,Crateús,CE,2023,9,3.0,inpe_bdq_aqua_ref,climatology_regional_intensity12,3.374825229195666,2023-09,2023-09,0.37482522919566597,True,0.0,15.592757219348572,15.592757219348572,True,0.04,0.96,12.217931990152906,1.903830873270412
2304202,Crato,CE,2023,9,7.0,inpe_bdq_legacy,climatology_regional_intensity12,3.61829476358764,2023-09,2023-09,3.38170523641236,True,0.0,15.836226753740545,15.836226753740545,True,0.04,0.96,12.217931990152906,1.903830873270412
2304400,Fortaleza,CE,2023,9,1.0,inpe_bdq_aqua_ref,climatology_regional_intensity12,0.7004889341271676,2023-09,2023-09,0.2995110658728324,True,0.0,12.918420924280074,12.918420924280074,True,0.04,0.96,12.217931990152906,1.903830873270412
2305100,Guaramiranga,CE,2023,9,0.0,inpe_bdq_aqua_ref,climatology_regional_intensity12,0.0,2023-09,2023-09,0.0,True,0.0,12.217931990152906,12.217931990152906,True,0.04,0.96,12.217931990152906,1.903830873270412
2305506,Iguatu,CE,2023,9,4.0,inpe_bdq_aqua_ref,climatology_regional_intensity12,4.194425642000327,2023-09,2023-09,0.19442564200032741,True,0.0,16.41235763215323,16.41235763215323,True,0.04,0.96,12.217931990152906,1.903830873270412
2306405,Itapipoca,CE,2023,9,8.0,inpe_bdq_aqua_ref,climatology_regional_intensity12,3.085554495264609,2023-09,2023-09,4.914445504735391,True,0.0,15.303486485417515,15.303486485417515,True,0.04,0.96,12.217931990152906,1.903830873270412
2306900,Jaguaribe,CE,2023,9,1.0,inpe_bdq_aqua_ref,climatology_regional_intensity12,0.9642357797701904,2023-09,2023-09,0.03576422022980963,True,0.0,13.182167769923096,13.182167769923096,True,0.04,0.96,12.217931990152906,1.903830873270412
2307106,Jardim,CE,2023,9,3.0,inpe_bdq_legacy,climatology_regional_intensity12,1.494565458643795,2023-09,2023-09,1.505434541356205,True,0.0,13.7124974487967,13.7124974487967,True,0.04,0.96,12.217931990152906,1.903830873270412
2307205,Jati,CE,2023,9,1.0,inpe_bdq_legacy,climatology_regional_intensity12,0.4580119953908404,2023-09,2023-09,0.5419880046091596,True,0.0,12.675943985543746,12.675943985543746,True,0.04,0.96,12.217931990152906,1.903830873270412
2307304,Juazeiro do Norte,CE,2023,9,2.0,inpe_bdq_legacy,climatology_regional_intensity12,1.0178044342018675,2023-09,2023-09,0.9821955657981325,True,0.0,13.235736424354773,13.235736424354773,True,0.04,0.96,12.217931990152906,1.903830873270412
2308401,Missão Velha,CE,2023,9,3.0,inpe_bdq_legacy,climatology_regional_intensity12,2.9312767705013787,2023-09,2023-09,0.06872322949862131,True,0.0,15.149208760654284,15.149208760654284,True,0.04,0.96,12.217931990152906,1.903830873270412
2308708,Morada Nova,CE,2023,9,0.0,inpe_bdq_aqua_ref,climatology_regional_intensity12,1.494565458643795,2023-09,2023-09,1.494565458643795,True,0.0,13.7124974487967,13.7124974487967,True,0.04,0.96,12.217931990152906,1.903830873270412
2309201,Nova Olinda,CE,2023,9,0.0,inpe_bdq_legacy,climatology_regional_intensity12,0.7231768348276428,2023-09,2023-09,0.7231768348276428,True,0.0,12.941108824980548,12.941108824980548,True,0.04,0.96,12.217931990152906,1.903830873270412
2310605,Penaforte,CE,2023,9,0.0,inpe_bdq_legacy,climatology_regional_intensity12,0.0,2023-09,2023-09,0.0,True,0.0,12.217931990152906,12.217931990152906,True,0.04,0.96,12.217931990152906,1.903830873270412
2311108,Porteiras,CE,2023,9,0.0,inpe_bdq_legacy,climatology_regional_intensity12,0.8621402266180526,2023-09,2023-09,0.8621402266180526,True,0.0,13.080072216770958,13.080072216770958,True,0.04,0.96,12.217931990152906,1.903830873270412
2311207,Potengi,CE,2023,9,7.0,inpe_bdq_legacy,climatology_regional_intensity12,1.2366323875552692,2023-09,2023-09,5.763367612444731,True,0.0,13.454564377708175,13.454564377708175,True,0.04,0.96,12.217931990152906,1.903830873270412
2311306,Quixadá,CE,2023,9,2.0,inpe_bdq_aqua_ref,climatology_regional_intensity12,3.2301898622301377,2023-09,2023-09,1.2301898622301377,True,0.0,15.448121852383043,15.448121852383043,True,0.04,0.96,12.217931990152906,1.903830873270412
2311405,Quixeramobim,CE,2023,9,5.0,inpe_bdq_aqua_ref,climatology_regional_intensity12,2.796283761333552,2023-09,2023-09,2.203716238666448,True,0.0,15.014215751486457,15.014215751486457,True,0.04,0.96,12.217931990152906,1.903830873270412
2311959,Salitre,CE,2023,9,12.0,inpe_bdq_legacy,climatology_regional_intensity12,1.5114395847897732,2023-09,2023-09,10.488560415210227,True,0.0,13.729371574942679,13.729371574942679,True,0.04,0.96,12.217931990152906,1.903830873270412
2312106,Santana do Cariri,CE,2023,9,13.0,inpe_bdq_legacy,climatology_regional_intensity12,3.206083967735883,2023-09,2023-09,9.793916032264118,True,0.0,15.424015957888788,15.424015957888788,True,0.04,0.96,12.217931990152906,1.903830873270412
2312908,Sobral,CE,2023,9,24.0,inpe_bdq_aqua_ref,climatology_regional_intensity12,9.642357797701903,2023-09,2023-09,14.357642202298097,True,0.0,21.86028978785481,21.86028978785481,False,0.04,0.96,12.217931990152906,1.903830873270412
2313302,Tauá,CE,2023,9,6.0,inpe_bdq_aqua_ref,climatology_regional_intensity12,1.8802597705518715,2023-09,2023-09,4.119740229448128,True,0.0,14.098191760704777,14.098191760704777,True,0.04,0.96,12.217931990152906,1.903830873270412
2313401,Tianguá,CE,2023,9,1.0,inpe_bdq_aqua_ref,climatology_regional_intensity12,1.2535065137012475,2023-09,2023-09,0.25350651370124755,True,0.0,13.471438503854152,13.471438503854152,True,0.04,0.96,12.217931990152906,1.903830873270412
2300101,Abaiara,CE,2023,10,10.0,inpe_bdq_legacy,climatology_regional_intensity12,1.3770957474102914,2023-10,2023-10,8.62290425258971,True,0.0,13.703385613797993,13.703385613797993,True,0.04,0.96,12.326289866387702,1.903830873270412
2300200,Acaraú,CE,2023,10,2.0,inpe_bdq_aqua_ref,climatology_regional_intensity12,1.6048860214180087,2023-10,2023-10,0.39511397858199127,True,0.0,13.931175887805711,13.931175887805711,True,0.04,0.96,12.326289866387702,1.903830873270412
2301307,Araripe,CE,2023,10,33.0,inpe_bdq_legacy,climatology_regional_intensity12,11.754495843966415,2023-10,2023-10,21.245504156033583,True,0.0,24.080785710354117,24.080785710354117,False,0.04,0.96,12.326289866387702,1.903830873270412
2301604,Assaré,CE,2023,10,15.0,inpe_bdq_legacy,climatology_regional_intensity12,3.4919213595046674,2023-10,2023-10,11.508078640495333,True,0.0,15.81821122589237,15.81821122589237,True,0.04,0.96,12.326289866387702,1.903830873270412
2301901,Barbalha,CE,2023,10,19.0,inpe_bdq_aqua_ref,climatology_regional_intensity12,3.3443753865678505,2023-10,2023-10,15.655624613432149,True,0.0,15.670665252955553,15.670665252955553,False,0.04,0.96,12.326289866387702,1.903830873270412
2302503,Brejo Santo,CE,2023,10,1.0,inpe_bdq_legacy,climatology_regional_intensity12,2.8033734857995216,2023-10,2023-10,1.8033734857995216,True,0.0,15.129663352187224,15.129663352187224,True,0.04,0.96,12.326289866387702,1.903830873270412
2302701,Campos Sales,CE,2023,10,4.0,inpe_bdq_aqua_ref,climatology_regional_intensity12,2.8525554767784604,2023-10,2023-10,1.1474445232215396,True,0.0,15.178845343166163,15.178845343166163,True,0.04,0.96,12.326289866387702,1.903830873270412
2304103,Crateús,CE,2023,10,100.0,inpe_bdq_aqua_ref,climatology_regional_intensity12,41.8305775905081,2023-10,2023-10,58.1694224094919,True,29.504287724120395,54.1568674568958,24.652579732775408,False,0.04,0.96,12.326289866387702,1.903830873270412
2304202,Crato,CE,2023,10,13.0,inpe_bdq_legacy,climatology_regional_intensity12,8.951122358166893,2023-10,2023-10,4.048877641833107,True,0.0,21.277412224554595,21.277412224554595,True,0.04,0.96,12.326289866387702,1.903830873270412
2304400,Fortaleza,CE,2023,10,1.0,inpe_bdq_aqua_ref,climatology_regional_intensity12,0.9836398195787796,2023-10,2023-10,0.01636018042122045,True,0.0,13.309929685966482,13.309929685966482,True,0.04,0.96,12.326289866387702,1.903830873270412
2305100,Guaramiranga,CE,2023,10,0.0,inpe_bdq_aqua_ref,climatology_regional_intensity12,0.0578611658575752,2023-10,2023-10,0.0578611658575752,True,0.0,12.384151032245278,12.384151032245278,True,0.04,0.96,12.326289866387702,1.903830873270412
2305506,Iguatu,CE,2023,10,18.0,inpe_bdq_aqua_ref,climatology_regional_intensity12,4.76288754743409,2023-10,2023-10,13.23711245256591,True,0.0,17.089177413821794,17.089177413821794,False,0.04,0.96,12.326289866387702,1.903830873270412
2306405,Itapipoca,CE,2023,10,15.0,inpe_bdq_aqua_ref,climatology_regional_intensity12,3.05446049237621,2023-10,2023-10,11.94553950762379,True,0.0,15.380750358763912,15.380750358763912,True,0.04,0.96,12.326289866387702,1.903830873270412
2306900,Jaguaribe,CE,2023,10,0.0,inpe_bdq_aqua_ref,climatology_regional_intensity12,3.261542559655953,2023-10,2023-10,3.261542559655953,True,0.0,15.587832426043654,15.587832426043654,True,0.04,0.96,12.326289866387702,1.903830873270412
2307106,Jardim,CE,2023,10,1.0,inpe_bdq_legacy,climatology_regional_intensity12,2.8033734857995216,2023-10,2023-10,1.8033734857995216,True,0.0,15.129663352187224,15.129663352187224,True,0.04,0.96,12.326289866387702,1.903830873270412
2307205,Jati,CE,2023,10,2.0,inpe_bdq_legacy,climatology_regional_intensity12,2.9509194587363385,2023-10,2023-10,0.9509194587363385,True,0.0,15.27720932512404,15.27720932512404,True,0.04,0.96,12.326289866387702,1.903830873270412
2307304,Juazeiro do Norte,CE,2023,10,5.0,inpe_bdq_legacy,climatology_regional_intensity12,2.56839286223348,2023-10,2023-10,2.43160713776652,True,0.0,14.894682728621182,14.894682728621182,True,0.04,0.96,12.326289866387702,1.903830873270412
2308401,Missão Velha,CE,2023,10,30.0,inpe_bdq_legacy,climatology_regional_intensity12,5.213291043767532,2023-10,2023-10,24.786708956232467,True,0.0,17.539580910155234,17.539580910155234,False,0.04,0.96,12.326289866387702,1.903830873270412
2308708,Morada Nova,CE,2023,10,2.0,inpe_bdq_aqua_ref,climatology_regional_intensity12,4.193411862414798,2023-10,2023-10,2.1934118624147976,True,0.0,16.5197017288025,16.5197017288025,True,0.04,0.96,12.326289866387702,1.903830873270412
2309201,Nova Olinda,CE,2023,10,0.0,inpe_bdq_legacy,climatology_regional_intensity12,0.9836398195787796,2023-10,2023-10,0.9836398195787796,True,0.0,13.309929685966482,13.309929685966482,True,0.04,0.96,12.326289866387702,1.903830873270412
2310605,Penaforte,CE,2023,10,0.0,inpe_bdq_legacy,climatology_regional_intensity12,0.1735834975727258,2023-10,2023-10,0.1735834975727258,True,0.0,12.499873363960427,12.499873363960427,True,0.04,0.96,12.326289866387702,1.903830873270412
2311108,Porteiras,CE,2023,10,0.0,inpe_bdq_legacy,climatology_regional_intensity12,0.8743465062922484,2023-10,2023-10,0.8743465062922484,True,0.0,13.20063637267995,13.20063637267995,True,0.04,0.96,12.326289866387702,1.903830873270412
2311207,Potengi,CE,2023,10,0.0,inpe_bdq_legacy,climatology_regional_intensity12,1.91809764817862,2023-10,2023-10,1.91809764817862,True,0.0,14.244387514566322,14.244387514566322,True,0.04,0.96,12.326289866387702,1.903830873270412
2311306,Quixadá,CE,2023,10,12.0,inpe_bdq_aqua_ref,climatology_regional_intensity12,17.394893651498418,2023-10,2023-10,5.394893651498418,True,5.0686037851107155,29.721183517886118,24.6525797327754,True,0.04,0.96,12.326289866387702,1.903830873270412
2311405,Quixeramobim,CE,2023,10,47.0,inpe_bdq_aqua_ref,climatology_regional_intensity12,33.4437538656785,2023-10,2023-10,13.556246134321498,True,21.1174639992908,45.770043732066206,24.652579732775408,False,0.04,0.96,12.326289866387702,1.903830873270412
2311959,Salitre,CE,2023,10,15.0,inpe_bdq_legacy,climatology_regional_intensity12,4.5247431700623855,2023-10,2023-10,10.475256829937614,True,0.0,16.851033036450087,16.851033036450087,True,0.04,0.96,12.326289866387702,1.903830873270412
2312106,Santana do Cariri,CE,2023,10,14.0,inpe_bdq_legacy,climatology_regional_intensity12,6.688750773135701,2023-10,2023-10,7.311249226864299,True,0.0,19.015040639523402,19.015040639523402,True,0.04,0.96,12.326289866387702,1.903830873270412
2312908,Sobral,CE,2023,10,4.0,inpe_bdq_aqua_ref,climatology_regional_intensity12,15.945319180540215,2023-10,2023-10,11.945319180540215,True,3.619029314152513,28.271609046927917,24.652579732775404,True,0.04,0.96,12.326289866387702,1.903830873270412
2313302,Tauá,CE,2023,10,41.0,inpe_bdq_aqua_ref,climatology_regional_intensity12,7.972659590270108,2023-10,2023-10,33.027340409729895,True,0.0,20.29894945665781,20.29894945665781,False,0.04,0.96,12.326289866387702,1.903830873270412
2313401,Tianguá,CE,2023,10,3.0,inpe_bdq_aqua_ref,climatology_regional_intensity12,4.0898708287749255,2023-10,2023-10,1.0898708287749255,True,0.0,16.416160695162628,16.416160695162628,True,0.04,0.96,12.326289866387702,1.903830873270412
2300101,Abaiara,CE,2023,11,9.0,inpe_bdq_legacy,climatology_regional_intensity12,3.212009659869347,2023-11,2023-11,5.787990340130653,True,0.0,16.449122112435255,16.449122112435255,True,0.04,0.96,13.23711245256591,1.903830873270412
2300200,Acaraú,CE,2023,11,9.0,inpe_bdq_aqua_ref,climatology_regional_intensity12,9.253435031202551,2023-11,2023-11,0.2534350312025513,True,0.0,22.49054748376846,22.49054748376846,True,0.04,0.96,13.23711245256591,1.903830873270412
2301307,Araripe,CE,2023,11,24.0,inpe_bdq_legacy,climatology_regional_intensity12,14.876676319394868,2023-11,2023-11,9.123323680605132,True,1.6395638668289578,28.113788771960778,26.47422490513182,True,0.04,0.96,13.23711245256591,1.903830873270412
2301604,Assaré,CE,2023,11,5.0,inpe_bdq_legacy,climatology_regional_intensity12,5.578753619773076,2023-11,2023-11,0.5787536197730763,True,0.0,18.815866072338984,18.815866072338984,True,0.04,0.96,13.23711245256591,1.903830873270412
2301901,Barbalha,CE,2023,11,2.0,inpe_bdq_aqua_ref,climatology_regional_intensity12,5.296998386451204,2023-11,2023-11,3.296998386451204,True,0.0,18.534110839017114,18.534110839017114,True,0.04,0.96,13.23711245256591,1.903830873270412
2302503,Brejo Santo,CE,2023,11,6.0,inpe_bdq_legacy,climatology_regional_intensity12,5.409700479779953,2023-11,2023-11,0.5902995202200474,True,0.0,18.646812932345863,18.646812932345863,True,0.04,0.96,13.23711245256591,1.903830873270412
2302701,Campos Sales,CE,2023,11,1.0,inpe_bdq_aqua_ref,climatology_regional_intensity12,3.042956519876224,2023-11,2023-11,2.042956519876224,True,0.0,16.280068972442134,16.280068972442134,True,0.04,0.96,13.23711245256591,1.903830873270412
2304103,Crateús,CE,2023,11,76.0,inpe_bdq_aqua_ref,climatology_regional_intensity12,67.50262221479808,2023-11,2023-11,8.49737778520192,True,54.26550976223217,80.73973466736399,26.47422490513182,True,0.04,0.96,13.23711245256591,1.903830873270412
2304202,Crato,CE,2023,11,9.0,inpe_bdq_legacy,climatology_regional_intensity12,11.213858286210526,2023-11,2023-11,2.2138582862105256,True,0.0,24.450970738776434,24.450970738776434,True,0.04,0.96,13.23711245256591,1.903830873270412
2304400,Fortaleza,CE,2023,11,0.0,inpe_bdq_aqua_ref,climatology_regional_intensity12,1.2596116313213124,2023-11,2023-11,1.2596116313213124,True,0.0,14.496724083887223,14.496724083887223,True,0.04,0.96,13.23711245256591,1.903830873270412
2305100,Guaramiranga,CE,2023,11,0.0,inpe_bdq_aqua_ref,climatology_regional_intensity12,0.4640674431183783,2023-11,2023-11,0.4640674431183783,True,0.0,13.701179895684287,13.701179895684287,True,0.04,0.96,13.23711245256591,1.903830873270412
2305506,Iguatu,CE,2023,11,12.0,inpe_bdq_aqua_ref,climatology_regional_intensity12,8.719583010171634,2023-11,2023-11,3.2804169898283657,True,0.0,21.956695462737542,21.956695462737542,True,0.04,0.96,13.23711245256591,1.903830873270412
2306405,Itapipoca,CE,2023,11,21.0,inpe_bdq_aqua_ref,climatology_regional_intensity12,24.972411206001755,2023-11,2023-11,3.9724112060017553,True,11.735298753435845,38.20952365856766,26.474224905131816,True,0.04,0.96,13.23711245256591,1.903830873270412
2306900,Jaguaribe,CE,2023,11,3.0,inpe_bdq_aqua_ref,climatology_regional_intensity12,4.389449950698646,2023-11,2023-11,1.389449950698646,True,0.0,17.626562403264558,17.626562403264558,True,0.04,0.96,13.23711245256591,1.903830873270412
2307106,Jardim,CE,2023,11,6.0,inpe_bdq_legacy,climatology_regional_intensity12,3.831871173177466,2023-11,2023-11,2.168128826822534,True,0.0,17.068983625743375,17.068983625743375,True,0.04,0.96,13.23711245256591,1.903830873270412
2307205,Jati,CE,2023,11,2.0,inpe_bdq_legacy,climatology_regional_intensity12,2.648499193225602,2023-11,2023-11,0.6484991932256019,True,0.0,15.885611645791512,15.885611645791512,True,0.04,0.96,13.23711245256591,1.903830873270412
2307304,Juazeiro do Norte,CE,2023,11,4.0,inpe_bdq_legacy,climatology_regional_intensity12,3.63151189614858,2023-11,2023-11,0.36848810385142006,True,0.0,16.86862434871449,16.86862434871449,True,0.04,0.96,13.23711245256591,1.903830873270412
2308401,Missão Velha,CE,2023,11,8.0,inpe_bdq_legacy,climatology_regional_intensity12,11.833719799518644,2023-11,2023-11,3.8337197995186436,True,0.0,25.070832252084553,25.070832252084553,True,0.04,0.96,13.23711245256591,1.903830873270412
2308708,Morada Nova,CE,2023,11,8.0,inpe_bdq_aqua_ref,climatology_regional_intensity12,5.338520210309163,2023-11,2023-11,2.661479789690837,True,0.0,18.575632662875073,18.575632662875073,True,0.04,0.96,13.23711245256591,1.903830873270412
2309201,Nova Olinda,CE,2023,11,4.0,inpe_bdq_legacy,climatology_regional_intensity12,4.733487919807459,2023-11,2023-11,0.7334879198074589,True,0.0,17.97060037237337,17.97060037237337,True,0.04,0.96,13.23711245256591,1.903830873270412
2310605,Penaforte,CE,2023,11,0.0,inpe_bdq_legacy,climatology_regional_intensity12,0.3130613703576361,2023-11,2023-11,0.3130613703576361,True,0.0,13.550173822923545,13.550173822923545,True,0.04,0.96,13.23711245256591,1.903830873270412
2311108,Porteiras,CE,2023,11,2.0,inpe_bdq_legacy,climatology_regional_intensity12,2.441878688789562,2023-11,2023-11,0.4418786887895618,True,0.0,15.678991141355471,15.678991141355471,True,0.04,0.96,13.23711245256591,1.903830873270412
2311207,Potengi,CE,2023,11,0.0,inpe_bdq_legacy,climatology_regional_intensity12,3.155658613204972,2023-11,2023-11,3.155658613204972,True,0.0,16.39277106577088,16.39277106577088,True,0.04,0.96,13.23711245256591,1.903830873270412
2311306,Quixadá,CE,2023,11,10.0,inpe_bdq_aqua_ref,climatology_regional_intensity12,26.39601659541753,2023-11,2023-11,16.39601659541753,True,13.158904142851622,39.633129047983445,26.474224905131823,False,0.04,0.96,13.23711245256591,1.903830873270412
2311405,Quixeramobim,CE,2023,11,33.0,inpe_bdq_aqua_ref,climatology_regional_intensity12,55.69856086089227,2023-11,2023-11,22.69856086089227,True,42.46144840832636,68.93567331345818,26.47422490513182,False,0.04,0.96,13.23711245256591,1.903830873270412
2311959,Salitre,CE,2023,11,9.0,inpe_bdq_legacy,climatology_regional_intensity12,9.861433166265538,2023-11,2023-11,0.8614331662655381,True,0.0,23.098545618831448,23.098545618831448,True,0.04,0.96,13.23711245256591,1.903830873270412
2312106,Santana do Cariri,CE,2023,11,14.0,inpe_bdq_legacy,climatology_regional_intensity12,13.806006432771754,2023-11,2023-11,0.19399356722824557,True,0.5688939802058446,27.043118885337663,26.47422490513182,True,0.04,0.96,13.23711245256591,1.903830873270412
2312908,Sobral,CE,2023,11,26.0,inpe_bdq_aqua_ref,climatology_regional_intensity12,34.70038136700956,2023-11,2023-11,8.700381367009562,True,21.463268914443653,47.93749381957547,26.47422490513182,True,0.04,0.96,13.23711245256591,1.903830873270412
2313302,Tauá,CE,2023,11,28.0,inpe_bdq_aqua_ref,climatology_regional_intensity12,15.12580726254263,2023-11,2023-11,12.87419273745737,True,1.8886948099767196,28.36291971510854,26.47422490513182,True,0.04,0.96,13.23711245256591,1.903830873270412
2313401,Tianguá,CE,2023,11,6.0,inpe_bdq_aqua_ref,climatology_regional_intensity12,10.8549910942953,2023-11,2023-11,4.8549910942953005,True,0.0,24.09210354686121,24.09210354686121,True,0.04,0.96,13.23711245256591,1.903830873270412
2300101,Abaiara,CE,2023,12,4.0,inpe_bdq_legacy,climatology_regional_intensity12,2.204193455560012,2023-12,2023-12,1.795806544439988,True,0.0,15.441305908125923,15.441305908125923,True,0.04,0.96,13.23711245256591,1.903830873270412
2300200,Acaraú,CE,2023,12,27.0,inpe_bdq_aqua_ref,climatology_regional_intensity12,39.50791193737682,2023-12,2023-12,12.507911937376818,True,26.270799484810908,52.74502438994273,26.47422490513182,True,0.04,0.96,13.23711245256591,1.903830873270412
2301307,Araripe,CE,2023,12,15.0,inpe_bdq_legacy,climatology_regional_intensity12,7.653449498472263,2023-12,2023-12,7.346550501527737,True,0.0,20.890561951038173,20.890561951038173,True,0.04,0.96,13.23711245256591,1.903830873270412
2301604,Assaré,CE,2023,12,4.0,inpe_bdq_legacy,climatology_regional_intensity12,6.306442386741145,2023-12,2023-12,2.3064423867411454,True,0.0,19.543554839307056,19.543554839307056,True,0.04,0.96,13.23711245256591,1.903830873270412
2301901,Barbalha,CE,2023,12,1.0,inpe_bdq_aqua_ref,climatology_regional_intensity12,2.6327866274744585,2023-12,2023-12,1.6327866274744585,True,0.0,15.86989908004037,15.86989908004037,True,0.04,0.96,13.23711245256591,1.903830873270412
2302503,Brejo Santo,CE,2023,12,6.0,inpe_bdq_legacy,climatology_regional_intensity12,2.755241819450015,2023-12,2023-12,3.244758180549985,True,0.0,15.992354272015925,15.992354272015925,True,0.04,0.96,13.23711245256591,1.903830873270412
2302701,Campos Sales,CE,2023,12,2.0,inpe_bdq_aqua_ref,climatology_regional_intensity12,1.775600283645565,2023-12,2023-12,0.2243997163544349,True,0.0,15.012712736211475,15.012712736211475,True,0.04,0.96,13.23711245256591,1.903830873270412
2304103,Crateús,CE,2023,12,35.0,inpe_bdq_aqua_ref,climatology_regional_intensity12,32.86955153028087,2023-12,2023-12,2.130448469719127,True,19.632439077714963,46.10666398284678,26.47422490513182,True,0.04,0.96,13.23711245256591,1.903830873270412
2304202,Crato,CE,2023,12,1.0,inpe_bdq_legacy,climatology_regional_intensity12,7.224856326557817,2023-12,2023-12,6.224856326557817,True,0.0,20.461968779123726,20.461968779123726,True,0.04,0.96,13.23711245256591,1.903830873270412
2304400,Fortaleza,CE,2023,12,0.0,inpe_bdq_aqua_ref,climatology_regional_intensity12,0.2160973976039227,2023-12,2023-12,0.2160973976039227,True,0.0,13.453209850169833,13.453209850169833,True,0.04,0.96,13.23711245256591,1.903830873270412
2305100,Guaramiranga,CE,2023,12,2.0,inpe_bdq_aqua_ref,climatology_regional_intensity12,0.0720324658679742,2023-12,2023-12,1.9279675341320257,True,0.0,13.309144918433883,13.309144918433883,True,0.04,0.96,13.23711245256591,1.903830873270412
2305506,Iguatu,CE,2023,12,6.0,inpe_bdq_aqua_ref,climatology_regional_intensity12,4.898207679022248,2023-12,2023-12,1.1017923209777516,True,0.0,18.13532013158816,18.13532013158816,True,0.04,0.96,13.23711245256591,1.903830873270412
2306405,Itapipoca,CE,2023,12,66.0,inpe_bdq_aqua_ref,climatology_regional_intensity12,76.30891963108346,2023-12,2023-12,10.308919631083455,True,63.071807178517545,89.54603208364937,26.47422490513182,True,0.04,0.96,13.23711245256591,1.903830873270412
2306900,Jaguaribe,CE,2023,12,5.0,inpe_bdq_aqua_ref,climatology_regional_intensity12,2.6424541426304238,2023-12,2023-12,2.3575458573695762,True,0.0,15.879566595196334,15.879566595196334,True,0.04,0.96,13.23711245256591,1.903830873270412
2307106,Jardim,CE,2023,12,5.0,inpe_bdq_legacy,climatology_regional_intensity12,4.224704123156689,2023-12,2023-12,0.7752958768433107,True,0.0,17.4618165757226,17.4618165757226,True,0.04,0.96,13.23711245256591,1.903830873270412
2307205,Jati,CE,2023,12,2.0,inpe_bdq_legacy,climatology_regional_intensity12,1.163324323767784,2023-12,2023-12,0.8366756762322161,True,0.0,14.400436776333693,14.400436776333693,True,0.04,0.96,13.23711245256591,1.903830873270412
2307304,Juazeiro do Norte,CE,2023,12,1.0,inpe_bdq_legacy,climatology_regional_intensity12,1.360613244172847,2023-12,2023-12,0.3606132441728469,True,0.0,14.597725696738756,14.597725696738756,True,0.04,0.96,13.23711245256591,1.903830873270412
2308401,Missão Velha,CE,2023,12,10.0,inpe_bdq_legacy,climatology_regional_intensity12,8.510635842301157,2023-12,2023-12,1.4893641576988426,True,0.0,21.747748294867066,21.747748294867066,True,0.04,0.96,13.23711245256591,1.903830873270412
2308708,Morada Nova,CE,2023,12,4.0,inpe_bdq_aqua_ref,climatology_regional_intensity12,5.800509093578978,2023-12,2023-12,1.8005090935789783,True,0.0,19.037621546144887,19.037621546144887,True,0.04,0.96,13.23711245256591,1.903830873270412
2309201,Nova Olinda,CE,2023,12,3.0,inpe_bdq_legacy,climatology_regional_intensity12,3.428745375315574,2023-12,2023-12,0.4287453753155739,True,0.0,16.665857827881485,16.665857827881485,True,0.04,0.96,13.23711245256591,1.903830873270412
2310605,Penaforte,CE,2023,12,1.0,inpe_bdq_legacy,climatology_regional_intensity12,0.4762146354604963,2023-12,2023-12,0.5237853645395036,True,0.0,13.713327088026405,13.713327088026405,True,0.04,0.96,13.23711245256591,1.903830873270412
2311108,Porteiras,CE,2023,12,1.0,inpe_bdq_legacy,climatology_regional_intensity12,2.3130425150938394,2023-12,2023-12,1.3130425150938394,True,0.0,15.550154967659749,15.550154967659749,True,0.04,0.96,13.23711245256591,1.903830873270412
2311207,Potengi,CE,2023,12,0.0,inpe_bdq_legacy,climatology_regional_intensity12,1.5919174956822308,2023-12,2023-12,1.5919174956822308,True,0.0,14.829029948248142,14.829029948248142,True,0.04,0.96,13.23711245256591,1.903830873270412
2311306,Quixadá,CE,2023,12,8.0,inpe_bdq_aqua_ref,climatology_regional_intensity12,15.919174956822308,2023-12,2023-12,7.919174956822308,True,2.6820625042563986,29.15628740938822,26.47422490513182,True,0.04,0.96,13.23711245256591,1.903830873270412
2311405,Quixeramobim,CE,2023,12,23.0,inpe_bdq_aqua_ref,climatology_regional_intensity12,37.89665941138266,2023-12,2023-12,14.896659411382657,True,24.659546958816748,51.13377186394857,26.47422490513182,False,0.04,0.96,13.23711245256591,1.903830873270412
2311959,Salitre,CE,2023,12,4.0,inpe_bdq_legacy,climatology_regional_intensity12,4.285931719144467,2023-12,2023-12,0.28593171914446724,True,0.0,17.523044171710378,17.523044171710378,True,0.04,0.96,13.23711245256591,1.903830873270412
2312106,Santana do Cariri,CE,2023,12,2.0,inpe_bdq_legacy,climatology_regional_intensity12,12.857795157433404,2023-12,2023-12,10.857795157433404,True,0.0,26.094907609999314,26.094907609999314,True,0.04,0.96,13.23711245256591,1.903830873270412
2312908,Sobral,CE,2023,12,30.0,inpe_bdq_aqua_ref,climatology_regional_intensity12,23.58873698055451,2023-12,2023-12,6.411263019445489,True,10.351624527988601,36.825849433120425,26.474224905131823,True,0.04,0.96,13.23711245256591,1.903830873270412
2313302,Tauá,CE,2023,12,20.0,inpe_bdq_aqua_ref,climatology_regional_intensity12,11.14986747987959,2023-12,2023-12,8.85013252012041,True,0.0,24.3869799324455,24.3869799324455,True,0.04,0.96,13.23711245256591,1.903830873270412
2313401,Tianguá,CE,2023,12,23.0,inpe_bdq_aqua_ref,climatology_regional_intensity12,14.823523239146278,2023-12,2023-12,8.176476760853722,True,1.5864107865803678,28.060635691712186,26.47422490513182,True,0.04,0.96,13.23711245256591,1.903830873270412
2300101,Abaiara,CE,2024,1,0.0,inpe_bdq_legacy,climatology_regional_intensity12,0.0655456362433145,2024-01,2024-01,0.0655456362433145,False,0.0,1.9693765095137263,1.9693765095137263,True,0.04,0.96,13.23711245256591,1.903830873270412
2300200,Acaraú,CE,2024,1,5.0,inpe_bdq_aqua_ref,climatology_regional_intensity12,6.620109260574771,2024-01,2024-01,1.620109260574771,False,4.716278387304359,8.523940133845183,3.8076617465408242,True,0.04,0.96,13.23711245256591,1.903830873270412
2301307,Araripe,CE,2024,1,6.0,inpe_bdq_legacy,climatology_regional_intensity12,1.7697321785694933,2024-01,2024-01,4.230267821430507,False,0.0,3.6735630518399054,3.6735630518399054,False,0.04,0.96,13.23711245256591,1.903830873270412
2301604,Assaré,CE,2024,1,1.0,inpe_bdq_legacy,climatology_regional_intensity12,2.425188541002639,2024-01,2024-01,1.425188541002639,False,0.5213576677322271,4.329019414273051,3.8076617465408242,True,0.04,0.96,13.23711245256591,1.903830873270412
2301901,Barbalha,CE,2024,1,0.0,inpe_bdq_aqua_ref,climatology_regional_intensity12,0.5899107261898311,2024-01,2024-01,0.5899107261898311,False,0.0,2.493741599460243,2.493741599460243,True,0.04,0.96,13.23711245256591,1.903830873270412
2302503,Brejo Santo,CE,2024,1,0.0,inpe_bdq_legacy,climatology_regional_intensity12,0.4588194537032019,2024-01,2024-01,0.4588194537032019,False,0.0,2.362650326973614,2.362650326973614,True,0.04,0.96,13.23711245256591,1.903830873270412
2302701,Campos Sales,CE,2024,1,1.0,inpe_bdq_aqua_ref,climatology_regional_intensity12,0.5243650899465165,2024-01,2024-01,0.47563491005348346,False,0.0,2.4281959632169285,2.4281959632169285,True,0.04,0.96,13.23711245256591,1.903830873270412
2304103,Crateús,CE,2024,1,9.0,inpe_bdq_aqua_ref,climatology_regional_intensity12,4.719285809518649,2024-01,2024-01,4.280714190481351,False,2.815454936248237,6.62311668278906,3.8076617465408233,False,0.04,0.96,13.23711245256591,1.903830873270412
2304202,Crato,CE,2024,1,0.0,inpe_bdq_legacy,climatology_regional_intensity12,0.9831845436497184,2024-01,2024-01,0.9831845436497184,False,0.0,2.8870154169201303,2.8870154169201303,True,0.04,0.96,13.23711245256591,1.903830873270412
2304400,Fortaleza,CE,2024,1,1.0,inpe_bdq_aqua_ref,climatology_regional_intensity12,0.1310912724866291,2024-01,2024-01,0.8689087275133709,False,0.0,2.034922145757041,2.034922145757041,True,0.04,0.96,13.23711245256591,1.903830873270412
2305506,Iguatu,CE,2024,1,4.0,inpe_bdq_aqua_ref,climatology_regional_intensity12,1.4420039973529206,2024-01,2024-01,2.557996002647079,False,0.0,3.3458348706233325,3.3458348706233325,False,0.04,0.96,13.23711245256591,1.903830873270412
2306405,Itapipoca,CE,2024,1,8.0,inpe_bdq_aqua_ref,climatology_regional_intensity12,9.04529780157741,2024-01,2024-01,1.0452978015774104,False,7.141466928306999,10.949128674847822,3.8076617465408233,True,0.04,0.96,13.23711245256591,1.903830873270412
2306900,Jaguaribe,CE,2024,1,2.0,inpe_bdq_aqua_ref,climatology_regional_intensity12,0.9831845436497184,2024-01,2024-01,1.0168154563502816,False,0.0,2.8870154169201303,2.8870154169201303,True,0.04,0.96,13.23711245256591,1.903830873270412
2307007,Jaguaruana,CE,2024,1,0.0,inpe_bdq_aqua_ref,climatology_regional_intensity12,0.7210019986764603,2024-01,2024-01,0.7210019986764603,False,0.0,2.624832871946872,2.624832871946872,True,0.04,0.96,13.23711245256591,1.903830873270412
2307106,Jardim,CE,2024,1,1.0,inpe_bdq_legacy,climatology_regional_intensity12,0.5899107261898311,2024-01,2024-01,0.4100892738101689,False,0.0,2.493741599460243,2.493741599460243,True,0.04,0.96,13.23711245256591,1.903830873270412
2307205,Jati,CE,2024,1,0.0,inpe_bdq_legacy,climatology_regional_intensity12,0.4588194537032019,2024-01,2024-01,0.4588194537032019,False,0.0,2.362650326973614,2.362650326973614,True,0.04,0.96,13.23711245256591,1.903830873270412
2307304,Juazeiro do Norte,CE,2024,1,0.0,inpe_bdq_legacy,climatology_regional_intensity12,0.1966369087299437,2024-01,2024-01,0.1966369087299437,False,0.0,2.1004677820003557,2.1004677820003557,True,0.04,0.96,13.23711245256591,1.903830873270412
2308401,Missão Velha,CE,2024,1,5.0,inpe_bdq_legacy,climatology_regional_intensity12,1.4420039973529206,2024-01,2024-01,3.557996002647079,False,0.0,3.3458348706233325,3.3458348706233325,False,0.04,0.96,13.23711245256591,1.903830873270412
2308708,Morada Nova,CE,2024,1,4.0,inpe_bdq_aqua_ref,climatology_regional_intensity12,2.097460359786066,2024-01,2024-01,1.9025396402139338,False,0.19362948651565426,4.001291233056478,3.8076617465408242,True,0.04,0.96,13.23711245256591,1.903830873270412
2309201,Nova Olinda,CE,2024,1,0.0,inpe_bdq_legacy,climatology_regional_intensity12,0.3277281812165728,2024-01,2024-01,0.3277281812165728,False,0.0,2.2315590544869846,2.2315590544869846,True,0.04,0.96,13.23711245256591,1.903830873270412
2310605,Penaforte,CE,2024,1,1.0,inpe_bdq_legacy,climatology_regional_intensity12,0.0655456362433145,2024-01,2024-01,0.9344543637566856,False,0.0,1.9693765095137263,1.9693765095137263,True,0.04,0.96,13.23711245256591,1.903830873270412
2311108,Porteiras,CE,2024,1,0.0,inpe_bdq_legacy,climatology_regional_intensity12,0.2621825449732582,2024-01,2024-01,0.2621825449732582,False,0.0,2.1660134182436703,2.1660134182436703,True,0.04,0.96,13.23711245256591,1.903830873270412
2311207,Potengi,CE,2024,1,0.0,inpe_bdq_legacy,climatology_regional_intensity12,0.917638907406404,2024-01,2024-01,0.917638907406404,False,0.0,2.821469780676816,2.821469780676816,True,0.04,0.96,13.23711245256591,1.903830873270412
2311306,Quixadá,CE,2024,1,0.0,inpe_bdq_aqua_ref,climatology_regional_intensity12,2.6218254497325826,2024-01,2024-01,2.6218254497325826,False,0.7179945764621707,4.525656323002995,3.8076617465408242,False,0.04,0.96,13.23711245256591,1.903830873270412
2311405,Quixeramobim,CE,2024,1,10.0,inpe_bdq_aqua_ref,climatology_regional_intensity12,7.210019986764602,2024-01,2024-01,2.7899800132353976,False,5.306189113494191,9.113850860035015,3.8076617465408242,False,0.04,0.96,13.23711245256591,1.903830873270412
2311959,Salitre,CE,2024,1,0.0,inpe_bdq_legacy,climatology_regional_intensity12,0.6554563624331456,2024-01,2024-01,0.6554563624331456,False,0.0,2.5592872357035574,2.5592872357035574,True,0.04,0.96,13.23711245256591,1.903830873270412
2312106,Santana do Cariri,CE,2024,1,4.0,inpe_bdq_legacy,climatology_regional_intensity12,4.45710326454539,2024-01,2024-01,0.4571032645453901,False,2.5532723912749784,6.360934137815802,3.8076617465408233,True,0.04,0.96,13.23711245256591,1.903830873270412
2312908,Sobral,CE,2024,1,0.0,inpe_bdq_aqua_ref,climatology_regional_intensity12,2.884007994705841,2024-01,2024-01,2.884007994705841,False,0.9801771214354289,4.7878388679762525,3.8076617465408233,False,0.04,0.96,13.23711245256591,1.903830873270412
2313302,Tauá,CE,2024,1,7.0,inpe_bdq_aqua_ref,climatology_regional_intensity12,1.4420039973529206,2024-01,2024-01,5.557996002647079,False,0.0,3.3458348706233325,3.3458348706233325,False,0.04,0.96,13.23711245256591,1.903830873270412
2313401,Tianguá,CE,2024,1,4.0,inpe_bdq_aqua_ref,climatology_regional_intensity12,0.917638907406404,2024-01,2024-01,3.082361092593596,False,0.0,2.821469780676816,2.821469780676816,False,0.04,0.96,13.23711245256591,1.903830873270412
2300101,Abaiara,CE,2024,2,0.0,inpe_bdq_legacy,climatology_regional_intensity12,0.0,2024-02,2024-02,0.0,False,0.0,2.0,2.0,True,0.04,0.96,13.23711245256591,2.0
2300200,Acaraú,CE,2024,2,0.0,inpe_bdq_aqua_ref,climatology_regional_intensity12,0.8160510281631324,2024-02,2024-02,0.8160510281631324,False,0.0,2.816051028163132,2.816051028163132,True,0.04,0.96,13.23711245256591,2.0
2301307,Araripe,CE,2024,2,0.0,inpe_bdq_legacy,climatology_regional_intensity12,0.2040127570407831,2024-02,2024-02,0.2040127570407831,False,0.0,2.204012757040783,2.204012757040783,True,0.04,0.96,13.23711245256591,2.0
2301604,Assaré,CE,2024,2,2.0,inpe_bdq_legacy,climatology_regional_intensity12,0.3400212617346385,2024-02,2024-02,1.6599787382653615,False,0.0,2.3400212617346385,2.3400212617346385,True,0.04,0.96,13.23711245256591,2.0
2301901,Barbalha,CE,2024,2,0.0,inpe_bdq_aqua_ref,climatology_regional_intensity12,0.2040127570407831,2024-02,2024-02,0.2040127570407831,False,0.0,2.204012757040783,2.204012757040783,True,0.04,0.96,13.23711245256591,2.0
2302503,Brejo Santo,CE,2024,2,0.0,inpe_bdq_legacy,climatology_regional_intensity12,0.1360085046938554,2024-02,2024-02,0.1360085046938554,False,0.0,2.1360085046938555,2.1360085046938555,True,0.04,0.96,13.23711245256591,2.0
2302701,Campos Sales,CE,2024,2,0.0,inpe_bdq_aqua_ref,climatology_regional_intensity12,0.0680042523469277,2024-02,2024-02,0.0680042523469277,False,0.0,2.0680042523469275,2.0680042523469275,True,0.04,0.96,13.23711245256591,2.0
2304103,Crateús,CE,2024,2,2.0,inpe_bdq_aqua_ref,climatology_regional_intensity12,0.2040127570407831,2024-02,2024-02,1.795987242959217,False,0.0,2.204012757040783,2.204012757040783,True,0.04,0.96,13.23711245256591,2.0
2304202,Crato,CE,2024,2,0.0,inpe_bdq_legacy,climatology_regional_intensity12,0.4080255140815662,2024-02,2024-02,0.4080255140815662,False,0.0,2.408025514081566,2.408025514081566,True,0.04,0.96,13.23711245256591,2.0
2304400,Fortaleza,CE,2024,2,0.0,inpe_bdq_aqua_ref,climatology_regional_intensity12,0.1360085046938554,2024-02,2024-02,0.1360085046938554,False,0.0,2.1360085046938555,2.1360085046938555,True,0.04,0.96,13.23711245256591,2.0
2305506,Iguatu,CE,2024,2,1.0,inpe_bdq_aqua_ref,climatology_regional_intensity12,0.1360085046938554,2024-02,2024-02,0.8639914953061446,False,0.0,2.1360085046938555,2.1360085046938555,True,0.04,0.96,13.23711245256591,2.0
2306405,Itapipoca,CE,2024,2,1.0,inpe_bdq_aqua_ref,climatology_regional_intensity12,0.2720170093877108,2024-02,2024-02,0.7279829906122892,False,0.0,2.272017009387711,2.272017009387711,True,0.04,0.96,13.23711245256591,2.0
2306900,Jaguaribe,CE,2024,2,0.0,inpe_bdq_aqua_ref,climatology_regional_intensity12,0.2720170093877108,2024-02,2024-02,0.2720170093877108,False,0.0,2.272017009387711,2.272017009387711,True,0.04,0.96,13.23711245256591,2.0
2307007,Jaguaruana,CE,2024,2,0.0,inpe_bdq_aqua_ref,climatology_regional_intensity12,0.3400212617346385,2024-02,2024-02,0.3400212617346385,False,0.0,2.3400212617346385,2.3400212617346385,True,0.04,0.96,13.23711245256591,2.0
2307106,Jardim,CE,2024,2,0.0,inpe_bdq_legacy,climatology_regional_intensity12,0.1360085046938554,2024-02,2024-02,0.1360085046938554,False,0.0,2.1360085046938555,2.1360085046938555,True,0.04,0.96,13.23711245256591,2.0
2307205,Jati,CE,2024,2,0.0,inpe_bdq_legacy,climatology_regional_intensity12,0.2040127570407831,2024-02,2024-02,0.2040127570407831,False,0.0,2.204012757040783,2.204012757040783,True,0.04,0.96,13.23711245256591,2.0
2307304,Juazeiro do Norte,CE,2024,2,0.0,inpe_bdq_legacy,climatology_regional_intensity12,0.0680042523469277,2024-02,2024-02,0.0680042523469277,False,0.0,2.0680042523469275,2.0680042523469275,True,0.04,0.96,13.23711245256591,2.0
2308401,Missão Velha,CE,2024,2,1.0,inpe_bdq_legacy,climatology_regional_intensity12,0.2720170093877108,2024-02,2024-02,0.7279829906122892,False,0.0,2.272017009387711,2.272017009387711,True,0.04,0.96,13.23711245256591,2.0
2308708,Morada Nova,CE,2024,2,2.0,inpe_bdq_aqua_ref,climatology_regional_intensity12,0.8840552805100601,2024-02,2024-02,1.11594471948994,False,0.0,2.88405528051006,2.88405528051006,True,0.04,0.96,13.23711245256591,2.0
2309201,Nova Olinda,CE,2024,2,0.0,inpe_bdq_legacy,climatology_regional_intensity12,0.0,2024-02,2024-02,0.0,False,0.0,2.0,2.0,True,0.04,0.96,13.23711245256591,2.0
2310605,Penaforte,CE,2024,2,0.0,inpe_bdq_legacy,climatology_regional_intensity12,0.1360085046938554,2024-02,2024-02,0.1360085046938554,False,0.0,2.1360085046938555,2.1360085046938555,True,0.04,0.96,13.23711245256591,2.0
2311108,Porteiras,CE,2024,2,0.0,inpe_bdq_legacy,climatology_regional_intensity12,0.1360085046938554,2024-02,2024-02,0.1360085046938554,False,0.0,2.1360085046938555,2.1360085046938555,True,0.04,0.96,13.23711245256591,2.0
2311207,Potengi,CE,2024,2,0.0,inpe_bdq_legacy,climatology_regional_intensity12,0.4080255140815662,2024-02,2024-02,0.4080255140815662,False,0.0,2.408025514081566,2.408025514081566,True,0.04,0.96,13.23711245256591,2.0
2311306,Quixadá,CE,2024,2,1.0,inpe_bdq_aqua_ref,climatology_regional_intensity12,0.2720170093877108,2024-02,2024-02,0.7279829906122892,False,0.0,2.272017009387711,2.272017009387711,True,0.04,0.96,13.23711245256591,2.0
2311405,Quixeramobim,CE,2024,2,0.0,inpe_bdq_aqua_ref,climatology_regional_intensity12,1.4280892992854817,2024-02,2024-02,1.4280892992854817,False,0.0,3.4280892992854817,3.4280892992854817,True,0.04,0.96,13.23711245256591,2.0
2311959,Salitre,CE,2024,2,0.0,inpe_bdq_legacy,climatology_regional_intensity12,0.0680042523469277,2024-02,2024-02,0.0680042523469277,False,0.0,2.0680042523469275,2.0680042523469275,True,0.04,0.96,13.23711245256591,2.0
2312106,Santana do Cariri,CE,2024,2,0.0,inpe_bdq_legacy,climatology_regional_intensity12,0.3400212617346385,2024-02,2024-02,0.3400212617346385,False,0.0,2.3400212617346385,2.3400212617346385,True,0.04,0.96,13.23711245256591,2.0
2312908,Sobral,CE,2024,2,0.0,inpe_bdq_aqua_ref,climatology_regional_intensity12,0.2040127570407831,2024-02,2024-02,0.2040127570407831,False,0.0,2.204012757040783,2.204012757040783,True,0.04,0.96,13.23711245256591,2.0
2313302,Tauá,CE,2024,2,0.0,inpe_bdq_aqua_ref,climatology_regional_intensity12,0.4080255140815662,2024-02,2024-02,0.4080255140815662,False,0.0,2.408025514081566,2.408025514081566,True,0.04,0.96,13.23711245256591,2.0
2313401,Tianguá,CE,2024,2,0.0,inpe_bdq_aqua_ref,climatology_regional_intensity12,0.2720170093877108,2024-02,2024-02,0.2720170093877108,False,0.0,2.272017009387711,2.272017009387711,True,0.04,0.96,13.23711245256591,2.0
2300101,Abaiara,CE,2024,3,0.0,inpe_bdq_legacy,climatology_regional_intensity12,0.0680392061097231,2024-03,2024-03,0.0680392061097231,False,0.0,2.022584660655178,2.022584660655178,True,0.04,0.96,13.23711245256591,1.9545454545454546
2300200,Acaraú,CE,2024,3,0.0,inpe_bdq_aqua_ref,climatology_regional_intensity12,0.7484312672069551,2024-03,2024-03,0.7484312672069551,False,0.0,2.7029767217524094,2.7029767217524094,True,0.04,0.96,13.23711245256591,1.9545454545454546
2301307,Araripe,CE,2024,3,1.0,inpe_bdq_legacy,climatology_regional_intensity12,0.0,2024-03,2024-03,1.0,False,0.0,1.9545454545454546,1.9545454545454546,True,0.04,0.96,13.23711245256591,1.9545454545454546
2301604,Assaré,CE,2024,3,0.0,inpe_bdq_legacy,climatology_regional_intensity12,0.0,2024-03,2024-03,0.0,False,0.0,1.9545454545454546,1.9545454545454546,True,0.04,0.96,13.23711245256591,1.9545454545454546
2301901,Barbalha,CE,2024,3,0.0,inpe_bdq_aqua_ref,climatology_regional_intensity12,0.0,2024-03,2024-03,0.0,False,0.0,1.9545454545454546,1.9545454545454546,True,0.04,0.96,13.23711245256591,1.9545454545454546
2302503,Brejo Santo,CE,2024,3,0.0,inpe_bdq_legacy,climatology_regional_intensity12,0.0,2024-03,2024-03,0.0,False,0.0,1.9545454545454546,1.9545454545454546,True,0.04,0.96,13.23711245256591,1.9545454545454546
2302701,Campos Sales,CE,2024,3,0.0,inpe_bdq_aqua_ref,climatology_regional_intensity12,0.0,2024-03,2024-03,0.0,False,0.0,1.9545454545454546,1.9545454545454546,True,0.04,0.96,13.23711245256591,1.9545454545454546
2304103,Crateús,CE,2024,3,0.0,inpe_bdq_aqua_ref,climatology_regional_intensity12,0.1360784122194463,2024-03,2024-03,0.1360784122194463,False,0.0,2.090623866764901,2.090623866764901,True,0.04,0.96,13.23711245256591,1.9545454545454546
2304202,Crato,CE,2024,3,0.0,inpe_bdq_legacy,climatology_regional_intensity12,0.2041176183291695,2024-03,2024-03,0.2041176183291695,False,0.0,2.158663072874624,2.158663072874624,True,0.04,0.96,13.23711245256591,1.9545454545454546
2304400,Fortaleza,CE,2024,3,0.0,inpe_bdq_aqua_ref,climatology_regional_intensity12,0.0,2024-03,2024-03,0.0,False,0.0,1.9545454545454546,1.9545454545454546,True,0.04,0.96,13.23711245256591,1.9545454545454546
2305506,Iguatu,CE,2024,3,3.0,inpe_bdq_aqua_ref,climatology_regional_intensity12,0.3401960305486159,2024-03,2024-03,2.659803969451384,False,0.0,2.2947414850940704,2.2947414850940704,False,0.04,0.96,13.23711245256591,1.9545454545454546
2306405,Itapipoca,CE,2024,3,0.0,inpe_bdq_aqua_ref,climatology_regional_intensity12,0.0680392061097231,2024-03,2024-03,0.0680392061097231,False,0.0,2.022584660655178,2.022584660655178,True,0.04,0.96,13.23711245256591,1.9545454545454546
2306900,Jaguaribe,CE,2024,3,0.0,inpe_bdq_aqua_ref,climatology_regional_intensity12,0.0680392061097231,2024-03,2024-03,0.0680392061097231,False,0.0,2.022584660655178,2.022584660655178,True,0.04,0.96,13.23711245256591,1.9545454545454546
2307007,Jaguaruana,CE,2024,3,0.0,inpe_bdq_aqua_ref,climatology_regional_intensity12,0.0680392061097231,2024-03,2024-03,0.0680392061097231,False,0.0,2.022584660655178,2.022584660655178,True,0.04,0.96,13.23711245256591,1.9545454545454546
2307106,Jardim,CE,2024,3,0.0,inpe_bdq_legacy,climatology_regional_intensity12,0.0680392061097231,2024-03,2024-03,0.0680392061097231,False,0.0,2.022584660655178,2.022584660655178,True,0.04,0.96,13.23711245256591,1.9545454545454546
2307205,Jati,CE,2024,3,0.0,inpe_bdq_legacy,climatology_regional_intensity12,0.0,2024-03,2024-03,0.0,False,0.0,1.9545454545454546,1.9545454545454546,True,0.04,0.96,13.23711245256591,1.9545454545454546
2307304,Juazeiro do Norte,CE,2024,3,0.0,inpe_bdq_legacy,climatology_regional_intensity12,0.1360784122194463,2024-03,2024-03,0.1360784122194463,False,0.0,2.090623866764901,2.090623866764901,True,0.04,0.96,13.23711245256591,1.9545454545454546
2308401,Missão Velha,CE,2024,3,0.0,inpe_bdq_legacy,climatology_regional_intensity12,0.4082352366583391,2024-03,2024-03,0.4082352366583391,False,0.0,2.3627806912037936,2.3627806912037936,True,0.04,0.96,13.23711245256591,1.9545454545454546
2308708,Morada Nova,CE,2024,3,0.0,inpe_bdq_aqua_ref,climatology_regional_intensity12,0.2041176183291695,2024-03,2024-03,0.2041176183291695,False,0.0,2.158663072874624,2.158663072874624,True,0.04,0.96,13.23711245256591,1.9545454545454546
2309201,Nova Olinda,CE,2024,3,0.0,inpe_bdq_legacy,climatology_regional_intensity12,0.0,2024-03,2024-03,0.0,False,0.0,1.9545454545454546,1.9545454545454546,True,0.04,0.96,13.23711245256591,1.9545454545454546
2310605,Penaforte,CE,2024,3,0.0,inpe_bdq_legacy,climatology_regional_intensity12,0.0,2024-03,2024-03,0.0,False,0.0,1.9545454545454546,1.9545454545454546,True,0.04,0.96,13.23711245256591,1.9545454545454546
2311108,Porteiras,CE,2024,3,0.0,inpe_bdq_legacy,climatology_regional_intensity12,0.0,2024-03,2024-03,0.0,False,0.0,1.9545454545454546,1.9545454545454546,True,0.04,0.96,13.23711245256591,1.9545454545454546
2311207,Potengi,CE,2024,3,0.0,inpe_bdq_legacy,climatology_regional_intensity12,0.0,2024-03,2024-03,0.0,False,0.0,1.9545454545454546,1.9545454545454546,True,0.04,0.96,13.23711245256591,1.9545454545454546
2311306,Quixadá,CE,2024,3,0.0,inpe_bdq_aqua_ref,climatology_regional_intensity12,0.1360784122194463,2024-03,2024-03,0.1360784122194463,False,0.0,2.090623866764901,2.090623866764901,True,0.04,0.96,13.23711245256591,1.9545454545454546
2311405,Quixeramobim,CE,2024,3,0.0,inpe_bdq_aqua_ref,climatology_regional_intensity12,0.4762744427680622,2024-03,2024-03,0.4762744427680622,False,0.0,2.430819897313517,2.430819897313517,True,0.04,0.96,13.23711245256591,1.9545454545454546
2311959,Salitre,CE,2024,3,0.0,inpe_bdq_legacy,climatology_regional_intensity12,0.0680392061097231,2024-03,2024-03,0.0680392061097231,False,0.0,2.022584660655178,2.022584660655178,True,0.04,0.96,13.23711245256591,1.9545454545454546
2312106,Santana do Cariri,CE,2024,3,0.0,inpe_bdq_legacy,climatology_regional_intensity12,0.0,2024-03,2024-03,0.0,False,0.0,1.9545454545454546,1.9545454545454546,True,0.04,0.96,13.23711245256591,1.9545454545454546
2312908,Sobral,CE,2024,3,0.0,inpe_bdq_aqua_ref,climatology_regional_intensity12,0.0680392061097231,2024-03,2024-03,0.0680392061097231,False,0.0,2.022584660655178,2.022584660655178,True,0.04,0.96,13.23711245256591,1.9545454545454546
2313302,Tauá,CE,2024,3,0.0,inpe_bdq_aqua_ref,climatology_regional_intensity12,0.0680392061097231,2024-03,2024-03,0.0680392061097231,False,0.0,2.022584660655178,2.022584660655178,True,0.04,0.96,13.23711245256591,1.9545454545454546
2313401,Tianguá,CE,2024,3,0.0,inpe_bdq_aqua_ref,climatology_regional_intensity12,0.0,2024-03,2024-03,0.0,False,0.0,1.9545454545454546,1.9545454545454546,True,0.04,0.96,13.23711245256591,1.9545454545454546
2300101,Abaiara,CE,2024,4,0.0,inpe_bdq_legacy,climatology_regional_intensity12,0.0,2024-04,2024-04,0.0,False,0.0,1.9545454545454546,1.9545454545454546,True,0.04,0.96,13.23711245256591,1.9545454545454546
2300200,Acaraú,CE,2024,4,0.0,inpe_bdq_aqua_ref,climatology_regional_intensity12,0.0,2024-04,2024-04,0.0,False,0.0,1.9545454545454546,1.9545454545454546,True,0.04,0.96,13.23711245256591,1.9545454545454546
2301307,Araripe,CE,2024,4,0.0,inpe_bdq_legacy,climatology_regional_intensity12,0.0,2024-04,2024-04,0.0,False,0.0,1.9545454545454546,1.9545454545454546,True,0.04,0.96,13.23711245256591,1.9545454545454546
2301604,Assaré,CE,2024,4,0.0,inpe_bdq_legacy,climatology_regional_intensity12,0.0,2024-04,2024-04,0.0,False,0.0,1.9545454545454546,1.9545454545454546,True,0.04,0.96,13.23711245256591,1.9545454545454546
2301901,Barbalha,CE,2024,4,0.0,inpe_bdq_aqua_ref,climatology_regional_intensity12,0.0,2024-04,2024-04,0.0,False,0.0,1.9545454545454546,1.9545454545454546,True,0.04,0.96,13.23711245256591,1.9545454545454546
2302503,Brejo Santo,CE,2024,4,0.0,inpe_bdq_legacy,climatology_regional_intensity12,0.0,2024-04,2024-04,0.0,False,0.0,1.9545454545454546,1.9545454545454546,True,0.04,0.96,13.23711245256591,1.9545454545454546
2302701,Campos Sales,CE,2024,4,0.0,inpe_bdq_aqua_ref,climatology_regional_intensity12,0.0,2024-04,2024-04,0.0,False,0.0,1.9545454545454546,1.9545454545454546,True,0.04,0.96,13.23711245256591,1.9545454545454546
2304103,Crateús,CE,2024,4,0.0,inpe_bdq_aqua_ref,climatology_regional_intensity12,0.1359785216686937,2024-04,2024-04,0.1359785216686937,False,0.0,2.0905239762141483,2.0905239762141483,True,0.04,0.96,13.23711245256591,1.9545454545454546
2304202,Crato,CE,2024,4,0.0,inpe_bdq_legacy,climatology_regional_intensity12,0.0,2024-04,2024-04,0.0,False,0.0,1.9545454545454546,1.9545454545454546,True,0.04,0.96,13.23711245256591,1.9545454545454546
2304400,Fortaleza,CE,2024,4,0.0,inpe_bdq_aqua_ref,climatology_regional_intensity12,0.0,2024-04,2024-04,0.0,False,0.0,1.9545454545454546,1.9545454545454546,True,0.04,0.96,13.23711245256591,1.9545454545454546
2305506,Iguatu,CE,2024,4,4.0,inpe_bdq_aqua_ref,climatology_regional_intensity12,0.2039677825030406,2024-04,2024-04,3.7960322174969594,False,0.0,2.158513237048495,2.158513237048495,False,0.04,0.96,13.23711245256591,1.9545454545454546
2306405,Itapipoca,CE,2024,4,0.0,inpe_bdq_aqua_ref,climatology_regional_intensity12,0.0,2024-04,2024-04,0.0,False,0.0,1.9545454545454546,1.9545454545454546,True,0.04,0.96,13.23711245256591,1.9545454545454546
2306900,Jaguaribe,CE,2024,4,0.0,inpe_bdq_aqua_ref,climatology_regional_intensity12,0.1359785216686937,2024-04,2024-04,0.1359785216686937,False,0.0,2.0905239762141483,2.0905239762141483,True,0.04,0.96,13.23711245256591,1.9545454545454546
2307007,Jaguaruana,CE,2024,4,0.0,inpe_bdq_aqua_ref,climatology_regional_intensity12,0.0,2024-04,2024-04,0.0,False,0.0,1.9545454545454546,1.9545454545454546,True,0.04,0.96,13.23711245256591,1.9545454545454546
2307106,Jardim,CE,2024,4,0.0,inpe_bdq_legacy,climatology_regional_intensity12,0.0,2024-04,2024-04,0.0,False,0.0,1.9545454545454546,1.9545454545454546,True,0.04,0.96,13.23711245256591,1.9545454545454546
2307205,Jati,CE,2024,4,0.0,inpe_bdq_legacy,climatology_regional_intensity12,0.0,2024-04,2024-04,0.0,False,0.0,1.9545454545454546,1.9545454545454546,True,0.04,0.96,13.23711245256591,1.9545454545454546
2307304,Juazeiro do Norte,CE,2024,4,0.0,inpe_bdq_legacy,climatology_regional_intensity12,0.0,2024-04,2024-04,0.0,False,0.0,1.9545454545454546,1.9545454545454546,True,0.04,0.96,13.23711245256591,1.9545454545454546
2308401,Missão Velha,CE,2024,4,0.0,inpe_bdq_legacy,climatology_regional_intensity12,0.2719570433373875,2024-04,2024-04,0.2719570433373875,False,0.0,2.226502497882842,2.226502497882842,True,0.04,0.96,13.23711245256591,1.9545454545454546
2308708,Morada Nova,CE,2024,4,0.0,inpe_bdq_aqua_ref,climatology_regional_intensity12,0.0679892608343468,2024-04,2024-04,0.0679892608343468,False,0.0,2.0225347153798015,2.0225347153798015,True,0.04,0.96,13.23711245256591,1.9545454545454546
2309201,Nova Olinda,CE,2024,4,0.0,inpe_bdq_legacy,climatology_regional_intensity12,0.0,2024-04,2024-04,0.0,False,0.0,1.9545454545454546,1.9545454545454546,True,0.04,0.96,13.23711245256591,1.9545454545454546
2310605,Penaforte,CE,2024,4,0.0,inpe_bdq_legacy,climatology_regional_intensity12,0.0,2024-04,2024-04,0.0,False,0.0,1.9545454545454546,1.9545454545454546,True,0.04,0.96,13.23711245256591,1.9545454545454546
2311108,Porteiras,CE,2024,4,0.0,inpe_bdq_legacy,climatology_regional_intensity12,0.0,2024-04,2024-04,0.0,False,0.0,1.9545454545454546,1.9545454545454546,True,0.04,0.96,13.23711245256591,1.9545454545454546
2311207,Potengi,CE,2024,4,0.0,inpe_bdq_legacy,climatology_regional_intensity12,0.0,2024-04,2024-04,0.0,False,0.0,1.9545454545454546,1.9545454545454546,True,0.04,0.96,13.23711245256591,1.9545454545454546
2311306,Quixadá,CE,2024,4,1.0,inpe_bdq_aqua_ref,climatology_regional_intensity12,0.1359785216686937,2024-04,2024-04,0.8640214783313063,False,0.0,2.0905239762141483,2.0905239762141483,True,0.04,0.96,13.23711245256591,1.9545454545454546
2311405,Quixeramobim,CE,2024,4,0.0,inpe_bdq_aqua_ref,climatology_regional_intensity12,0.0679892608343468,2024-04,2024-04,0.0679892608343468,False,0.0,2.0225347153798015,2.0225347153798015,True,0.04,0.96,13.23711245256591,1.9545454545454546
2311959,Salitre,CE,2024,4,0.0,inpe_bdq_legacy,climatology_regional_intensity12,0.0679892608343468,2024-04,2024-04,0.0679892608343468,False,0.0,2.0225347153798015,2.0225347153798015,True,0.04,0.96,13.23711245256591,1.9545454545454546
2312106,Santana do Cariri,CE,2024,4,0.0,inpe_bdq_legacy,climatology_regional_intensity12,0.0,2024-04,2024-04,0.0,False,0.0,1.9545454545454546,1.9545454545454546,True,0.04,0.96,13.23711245256591,1.9545454545454546
2312908,Sobral,CE,2024,4,0.0,inpe_bdq_aqua_ref,climatology_regional_intensity12,0.0,2024-04,2024-04,0.0,False,0.0,1.9545454545454546,1.9545454545454546,True,0.04,0.96,13.23711245256591,1.9545454545454546
2313302,Tauá,CE,2024,4,0.0,inpe_bdq_aqua_ref,climatology_regional_intensity12,0.0679892608343468,2024-04,2024-04,0.0679892608343468,False,0.0,2.0225347153798015,2.0225347153798015,True,0.04,0.96,13.23711245256591,1.9545454545454546
2313401,Tianguá,CE,2024,4,0.0,inpe_bdq_aqua_ref,climatology_regional_intensity12,0.0,2024-04,2024-04,0.0,False,0.0,1.9545454545454546,1.9545454545454546,True,0.04,0.96,13.23711245256591,1.9545454545454546
2300101,Abaiara,CE,2024,5,0.0,inpe_bdq_legacy,climatology_regional_intensity12,0.0681132023827946,2024-05,2024-05,0.0681132023827946,False,0.0,2.022658656928249,2.022658656928249,True,0.04,0.96,13.23711245256591,1.9545454545454546
2300200,Acaraú,CE,2024,5,0.0,inpe_bdq_aqua_ref,climatology_regional_intensity12,0.1362264047655892,2024-05,2024-05,0.1362264047655892,False,0.0,2.090771859311044,2.090771859311044,True,0.04,0.96,13.23711245256591,1.9545454545454546
2301307,Araripe,CE,2024,5,5.0,inpe_bdq_legacy,climatology_regional_intensity12,0.3405660119139732,2024-05,2024-05,4.659433988086027,False,0.0,2.295111466459428,2.295111466459428,False,0.04,0.96,13.23711245256591,1.9545454545454546
2301604,Assaré,CE,2024,5,0.0,inpe_bdq_legacy,climatology_regional_intensity12,0.0,2024-05,2024-05,0.0,False,0.0,1.9545454545454546,1.9545454545454546,True,0.04,0.96,13.23711245256591,1.9545454545454546
2301901,Barbalha,CE,2024,5,0.0,inpe_bdq_aqua_ref,climatology_regional_intensity12,0.0,2024-05,2024-05,0.0,False,0.0,1.9545454545454546,1.9545454545454546,True,0.04,0.96,13.23711245256591,1.9545454545454546
2302503,Brejo Santo,CE,2024,5,0.0,inpe_bdq_legacy,climatology_regional_intensity12,0.1362264047655892,2024-05,2024-05,0.1362264047655892,False,0.0,2.090771859311044,2.090771859311044,True,0.04,0.96,13.23711245256591,1.9545454545454546
2302701,Campos Sales,CE,2024,5,0.0,inpe_bdq_aqua_ref,climatology_regional_intensity12,0.0,2024-05,2024-05,0.0,False,0.0,1.9545454545454546,1.9545454545454546,True,0.04,0.96,13.23711245256591,1.9545454545454546
2304103,Crateús,CE,2024,5,1.0,inpe_bdq_aqua_ref,climatology_regional_intensity12,0.0,2024-05,2024-05,1.0,False,0.0,1.9545454545454546,1.9545454545454546,True,0.04,0.96,13.23711245256591,1.9545454545454546
2304202,Crato,CE,2024,5,0.0,inpe_bdq_legacy,climatology_regional_intensity12,0.0681132023827946,2024-05,2024-05,0.0681132023827946,False,0.0,2.022658656928249,2.022658656928249,True,0.04,0.96,13.23711245256591,1.9545454545454546
2304400,Fortaleza,CE,2024,5,0.0,inpe_bdq_aqua_ref,climatology_regional_intensity12,0.0,2024-05,2024-05,0.0,False,0.0,1.9545454545454546,1.9545454545454546,True,0.04,0.96,13.23711245256591,1.9545454545454546
2305506,Iguatu,CE,2024,5,0.0,inpe_bdq_aqua_ref,climatology_regional_intensity12,0.0,2024-05,2024-05,0.0,False,0.0,1.9545454545454546,1.9545454545454546,True,0.04,0.96,13.23711245256591,1.9545454545454546
2306405,Itapipoca,CE,2024,5,0.0,inpe_bdq_aqua_ref,climatology_regional_intensity12,0.1362264047655892,2024-05,2024-05,0.1362264047655892,False,0.0,2.090771859311044,2.090771859311044,True,0.04,0.96,13.23711245256591,1.9545454545454546
2306900,Jaguaribe,CE,2024,5,0.0,inpe_bdq_aqua_ref,climatology_regional_intensity12,0.0,2024-05,2024-05,0.0,False,0.0,1.9545454545454546,1.9545454545454546,True,0.04,0.96,13.23711245256591,1.9545454545454546
2307007,Jaguaruana,CE,2024,5,0.0,inpe_bdq_aqua_ref,climatology_regional_intensity12,0.0681132023827946,2024-05,2024-05,0.0681132023827946,False,0.0,2.022658656928249,2.022658656928249,True,0.04,0.96,13.23711245256591,1.9545454545454546
2307106,Jardim,CE,2024,5,0.0,inpe_bdq_legacy,climatology_regional_intensity12,0.2043396071483839,2024-05,2024-05,0.2043396071483839,False,0.0,2.1588850616938386,2.1588850616938386,True,0.04,0.96,13.23711245256591,1.9545454545454546
2307205,Jati,CE,2024,5,0.0,inpe_bdq_legacy,climatology_regional_intensity12,0.0,2024-05,2024-05,0.0,False,0.0,1.9545454545454546,1.9545454545454546,True,0.04,0.96,13.23711245256591,1.9545454545454546
2307304,Juazeiro do Norte,CE,2024,5,0.0,inpe_bdq_legacy,climatology_regional_intensity12,0.0681132023827946,2024-05,2024-05,0.0681132023827946,False,0.0,2.022658656928249,2.022658656928249,True,0.04,0.96,13.23711245256591,1.9545454545454546
2308401,Missão Velha,CE,2024,5,3.0,inpe_bdq_legacy,climatology_regional_intensity12,0.0681132023827946,2024-05,2024-05,2.9318867976172056,False,0.0,2.022658656928249,2.022658656928249,False,0.04,0.96,13.23711245256591,1.9545454545454546
2308708,Morada Nova,CE,2024,5,0.0,inpe_bdq_aqua_ref,climatology_regional_intensity12,0.2724528095311785,2024-05,2024-05,0.2724528095311785,False,0.0,2.226998264076633,2.226998264076633,True,0.04,0.96,13.23711245256591,1.9545454545454546
2309201,Nova Olinda,CE,2024,5,0.0,inpe_bdq_legacy,climatology_regional_intensity12,0.2043396071483839,2024-05,2024-05,0.2043396071483839,False,0.0,2.1588850616938386,2.1588850616938386,True,0.04,0.96,13.23711245256591,1.9545454545454546
2310605,Penaforte,CE,2024,5,0.0,inpe_bdq_legacy,climatology_regional_intensity12,0.0,2024-05,2024-05,0.0,False,0.0,1.9545454545454546,1.9545454545454546,True,0.04,0.96,13.23711245256591,1.9545454545454546
2311108,Porteiras,CE,2024,5,0.0,inpe_bdq_legacy,climatology_regional_intensity12,0.0681132023827946,2024-05,2024-05,0.0681132023827946,False,0.0,2.022658656928249,2.022658656928249,True,0.04,0.96,13.23711245256591,1.9545454545454546
2311207,Potengi,CE,2024,5,0.0,inpe_bdq_legacy,climatology_regional_intensity12,0.0681132023827946,2024-05,2024-05,0.0681132023827946,False,0.0,2.022658656928249,2.022658656928249,True,0.04,0.96,13.23711245256591,1.9545454545454546
2311306,Quixadá,CE,2024,5,0.0,inpe_bdq_aqua_ref,climatology_regional_intensity12,0.2043396071483839,2024-05,2024-05,0.2043396071483839,False,0.0,2.1588850616938386,2.1588850616938386,True,0.04,0.96,13.23711245256591,1.9545454545454546
2311405,Quixeramobim,CE,2024,5,2.0,inpe_bdq_aqua_ref,climatology_regional_intensity12,0.0,2024-05,2024-05,2.0,False,0.0,1.9545454545454546,1.9545454545454546,False,0.04,0.96,13.23711245256591,1.9545454545454546
2311959,Salitre,CE,2024,5,0.0,inpe_bdq_legacy,climatology_regional_intensity12,0.0681132023827946,2024-05,2024-05,0.0681132023827946,False,0.0,2.022658656928249,2.022658656928249,True,0.04,0.96,13.23711245256591,1.9545454545454546
2312106,Santana do Cariri,CE,2024,5,0.0,inpe_bdq_legacy,climatology_regional_intensity12,0.1362264047655892,2024-05,2024-05,0.1362264047655892,False,0.0,2.090771859311044,2.090771859311044,True,0.04,0.96,13.23711245256591,1.9545454545454546
2312908,Sobral,CE,2024,5,0.0,inpe_bdq_aqua_ref,climatology_regional_intensity12,0.0,2024-05,2024-05,0.0,False,0.0,1.9545454545454546,1.9545454545454546,True,0.04,0.96,13.23711245256591,1.9545454545454546
2313302,Tauá,CE,2024,5,0.0,inpe_bdq_aqua_ref,climatology_regional_intensity12,0.1362264047655892,2024-05,2024-05,0.1362264047655892,False,0.0,2.090771859311044,2.090771859311044,True,0.04,0.96,13.23711245256591,1.9545454545454546
2313401,Tianguá,CE,2024,5,0.0,inpe_bdq_aqua_ref,climatology_regional_intensity12,0.0681132023827946,2024-05,2024-05,0.0681132023827946,False,0.0,2.022658656928249,2.022658656928249,True,0.04,0.96,13.23711245256591,1.9545454545454546
2300101,Abaiara,CE,2024,6,0.0,inpe_bdq_legacy,climatology_regional_intensity12,0.2053474893810883,2024-06,2024-06,0.2053474893810883,False,0.0,2.2053474893810883,2.2053474893810883,True,0.04,0.96,13.23711245256591,2.0
2300200,Acaraú,CE,2024,6,0.0,inpe_bdq_aqua_ref,climatology_regional_intensity12,0.6160424681432651,2024-06,2024-06,0.6160424681432651,False,0.0,2.6160424681432652,2.6160424681432652,True,0.04,0.96,13.23711245256591,2.0
2301307,Araripe,CE,2024,6,4.0,inpe_bdq_legacy,climatology_regional_intensity12,0.2053474893810883,2024-06,2024-06,3.7946525106189117,False,0.0,2.2053474893810883,2.2053474893810883,False,0.04,0.96,13.23711245256591,2.0
2301604,Assaré,CE,2024,6,0.0,inpe_bdq_legacy,climatology_regional_intensity12,0.0,2024-06,2024-06,0.0,False,0.0,2.0,2.0,True,0.04,0.96,13.23711245256591,2.0
2301901,Barbalha,CE,2024,6,0.0,inpe_bdq_aqua_ref,climatology_regional_intensity12,0.2053474893810883,2024-06,2024-06,0.2053474893810883,False,0.0,2.2053474893810883,2.2053474893810883,True,0.04,0.96,13.23711245256591,2.0
2302503,Brejo Santo,CE,2024,6,0.0,inpe_bdq_legacy,climatology_regional_intensity12,0.4106949787621767,2024-06,2024-06,0.4106949787621767,False,0.0,2.4106949787621765,2.4106949787621765,True,0.04,0.96,13.23711245256591,2.0
2302701,Campos Sales,CE,2024,6,0.0,inpe_bdq_aqua_ref,climatology_regional_intensity12,0.0,2024-06,2024-06,0.0,False,0.0,2.0,2.0,True,0.04,0.96,13.23711245256591,2.0
2304103,Crateús,CE,2024,6,5.0,inpe_bdq_aqua_ref,climatology_regional_intensity12,0.6844916312702946,2024-06,2024-06,4.315508368729706,False,0.0,2.6844916312702947,2.6844916312702947,False,0.04,0.96,13.23711245256591,2.0
2304202,Crato,CE,2024,6,0.0,inpe_bdq_legacy,climatology_regional_intensity12,0.0684491631270294,2024-06,2024-06,0.0684491631270294,False,0.0,2.0684491631270294,2.0684491631270294,True,0.04,0.96,13.23711245256591,2.0
2304400,Fortaleza,CE,2024,6,0.0,inpe_bdq_aqua_ref,climatology_regional_intensity12,0.0,2024-06,2024-06,0.0,False,0.0,2.0,2.0,True,0.04,0.96,13.23711245256591,2.0
2305506,Iguatu,CE,2024,6,1.0,inpe_bdq_aqua_ref,climatology_regional_intensity12,0.3422458156351473,2024-06,2024-06,0.6577541843648527,False,0.0,2.342245815635147,2.342245815635147,True,0.04,0.96,13.23711245256591,2.0
2306405,Itapipoca,CE,2024,6,0.0,inpe_bdq_aqua_ref,climatology_regional_intensity12,0.8213899575243534,2024-06,2024-06,0.8213899575243534,False,0.0,2.8213899575243535,2.8213899575243535,True,0.04,0.96,13.23711245256591,2.0
2306900,Jaguaribe,CE,2024,6,0.0,inpe_bdq_aqua_ref,climatology_regional_intensity12,0.2053474893810883,2024-06,2024-06,0.2053474893810883,False,0.0,2.2053474893810883,2.2053474893810883,True,0.04,0.96,13.23711245256591,2.0
2307007,Jaguaruana,CE,2024,6,0.0,inpe_bdq_aqua_ref,climatology_regional_intensity12,0.0,2024-06,2024-06,0.0,False,0.0,2.0,2.0,True,0.04,0.96,13.23711245256591,2.0
2307106,Jardim,CE,2024,6,0.0,inpe_bdq_legacy,climatology_regional_intensity12,0.0684491631270294,2024-06,2024-06,0.0684491631270294,False,0.0,2.0684491631270294,2.0684491631270294,True,0.04,0.96,13.23711245256591,2.0
2307205,Jati,CE,2024,6,0.0,inpe_bdq_legacy,climatology_regional_intensity12,0.0,2024-06,2024-06,0.0,False,0.0,2.0,2.0,True,0.04,0.96,13.23711245256591,2.0
2307304,Juazeiro do Norte,CE,2024,6,0.0,inpe_bdq_legacy,climatology_regional_intensity12,0.0,2024-06,2024-06,0.0,False,0.0,2.0,2.0,True,0.04,0.96,13.23711245256591,2.0
2308401,Missão Velha,CE,2024,6,1.0,inpe_bdq_legacy,climatology_regional_intensity12,0.1368983262540589,2024-06,2024-06,0.8631016737459412,False,0.0,2.136898326254059,2.136898326254059,True,0.04,0.96,13.23711245256591,2.0
2308708,Morada Nova,CE,2024,6,1.0,inpe_bdq_aqua_ref,climatology_regional_intensity12,0.2053474893810883,2024-06,2024-06,0.7946525106189117,False,0.0,2.2053474893810883,2.2053474893810883,True,0.04,0.96,13.23711245256591,2.0
2309201,Nova Olinda,CE,2024,6,0.0,inpe_bdq_legacy,climatology_regional_intensity12,0.0,2024-06,2024-06,0.0,False,0.0,2.0,2.0,True,0.04,0.96,13.23711245256591,2.0
2310605,Penaforte,CE,2024,6,0.0,inpe_bdq_legacy,climatology_regional_intensity12,0.0,2024-06,2024-06,0.0,False,0.0,2.0,2.0,True,0.04,0.96,13.23711245256591,2.0
2311108,Porteiras,CE,2024,6,0.0,inpe_bdq_legacy,climatology_regional_intensity12,0.0684491631270294,2024-06,2024-06,0.0684491631270294,False,0.0,2.0684491631270294,2.0684491631270294,True,0.04,0.96,13.23711245256591,2.0
2311207,Potengi,CE,2024,6,0.0,inpe_bdq_legacy,climatology_regional_intensity12,0.0,2024-06,2024-06,0.0,False,0.0,2.0,2.0,True,0.04,0.96,13.23711245256591,2.0
2311306,Quixadá,CE,2024,6,0.0,inpe_bdq_aqua_ref,climatology_regional_intensity12,0.1368983262540589,2024-06,2024-06,0.1368983262540589,False,0.0,2.136898326254059,2.136898326254059,True,0.04,0.96,13.23711245256591,2.0
2311405,Quixeramobim,CE,2024,6,0.0,inpe_bdq_aqua_ref,climatology_regional_intensity12,0.2737966525081178,2024-06,2024-06,0.2737966525081178,False,0.0,2.2737966525081177,2.2737966525081177,True,0.04,0.96,13.23711245256591,2.0
2311959,Salitre,CE,2024,6,0.0,inpe_bdq_legacy,climatology_regional_intensity12,0.1368983262540589,2024-06,2024-06,0.1368983262540589,False,0.0,2.136898326254059,2.136898326254059,True,0.04,0.96,13.23711245256591,2.0
2312106,Santana do Cariri,CE,2024,6,3.0,inpe_bdq_legacy,climatology_regional_intensity12,0.1368983262540589,2024-06,2024-06,2.863101673745941,False,0.0,2.136898326254059,2.136898326254059,False,0.04,0.96,13.23711245256591,2.0
2312908,Sobral,CE,2024,6,0.0,inpe_bdq_aqua_ref,climatology_regional_intensity12,0.2737966525081178,2024-06,2024-06,0.2737966525081178,False,0.0,2.2737966525081177,2.2737966525081177,True,0.04,0.96,13.23711245256591,2.0
2313302,Tauá,CE,2024,6,1.0,inpe_bdq_aqua_ref,climatology_regional_intensity12,0.1368983262540589,2024-06,2024-06,0.8631016737459412,False,0.0,2.136898326254059,2.136898326254059,True,0.04,0.96,13.23711245256591,2.0
2313401,Tianguá,CE,2024,6,0.0,inpe_bdq_aqua_ref,climatology_regional_intensity12,0.2737966525081178,2024-06,2024-06,0.2737966525081178,False,0.0,2.2737966525081177,2.2737966525081177,True,0.04,0.96,13.23711245256591,2.0
2300101,Abaiara,CE,2024,7,0.0,inpe_bdq_legacy,climatology_regional_intensity12,0.2068741201220403,2024-07,2024-07,0.2068741201220403,False,0.0,2.2068741201220403,2.2068741201220403,True,0.04,0.96,13.23711245256591,2.0
2300200,Acaraú,CE,2024,7,1.0,inpe_bdq_aqua_ref,climatology_regional_intensity12,1.8618670810983629,2024-07,2024-07,0.8618670810983629,False,0.0,3.861867081098363,3.861867081098363,True,0.04,0.96,13.23711245256591,2.0
2301307,Araripe,CE,2024,7,1.0,inpe_bdq_legacy,climatology_regional_intensity12,0.4827062802847607,2024-07,2024-07,0.5172937197152393,False,0.0,2.4827062802847606,2.4827062802847606,True,0.04,0.96,13.23711245256591,2.0
2301604,Assaré,CE,2024,7,0.0,inpe_bdq_legacy,climatology_regional_intensity12,0.0689580400406801,2024-07,2024-07,0.0689580400406801,False,0.0,2.06895804004068,2.06895804004068,True,0.04,0.96,13.23711245256591,2.0
2301901,Barbalha,CE,2024,7,0.0,inpe_bdq_aqua_ref,climatology_regional_intensity12,0.4597202669378673,2024-07,2024-07,0.4597202669378673,False,0.0,2.4597202669378673,2.4597202669378673,True,0.04,0.96,13.23711245256591,2.0
2302503,Brejo Santo,CE,2024,7,0.0,inpe_bdq_legacy,climatology_regional_intensity12,0.2758321601627204,2024-07,2024-07,0.2758321601627204,False,0.0,2.2758321601627203,2.2758321601627203,True,0.04,0.96,13.23711245256591,2.0
2302701,Campos Sales,CE,2024,7,1.0,inpe_bdq_aqua_ref,climatology_regional_intensity12,0.3447902002034005,2024-07,2024-07,0.6552097997965995,False,0.0,2.3447902002034007,2.3447902002034007,True,0.04,0.96,13.23711245256591,2.0
2304103,Crateús,CE,2024,7,1.0,inpe_bdq_aqua_ref,climatology_regional_intensity12,0.8274964804881612,2024-07,2024-07,0.17250351951183884,False,0.0,2.8274964804881613,2.8274964804881613,True,0.04,0.96,13.23711245256591,2.0
2304202,Crato,CE,2024,7,0.0,inpe_bdq_legacy,climatology_regional_intensity12,0.0,2024-07,2024-07,0.0,False,0.0,2.0,2.0,True,0.04,0.96,13.23711245256591,2.0
2304400,Fortaleza,CE,2024,7,0.0,inpe_bdq_aqua_ref,climatology_regional_intensity12,0.0689580400406801,2024-07,2024-07,0.0689580400406801,False,0.0,2.06895804004068,2.06895804004068,True,0.04,0.96,13.23711245256591,2.0
2305506,Iguatu,CE,2024,7,0.0,inpe_bdq_aqua_ref,climatology_regional_intensity12,1.1722866806915615,2024-07,2024-07,1.1722866806915615,False,0.0,3.1722866806915615,3.1722866806915615,True,0.04,0.96,13.23711245256591,2.0
2306405,Itapipoca,CE,2024,7,0.0,inpe_bdq_aqua_ref,climatology_regional_intensity12,2.2066572813017635,2024-07,2024-07,2.2066572813017635,False,0.20665728130176353,4.206657281301764,4.0,False,0.04,0.96,13.23711245256591,2.0
2306900,Jaguaribe,CE,2024,7,0.0,inpe_bdq_aqua_ref,climatology_regional_intensity12,0.2068741201220403,2024-07,2024-07,0.2068741201220403,False,0.0,2.2068741201220403,2.2068741201220403,True,0.04,0.96,13.23711245256591,2.0
2307007,Jaguaruana,CE,2024,7,1.0,inpe_bdq_aqua_ref,climatology_regional_intensity12,0.2758321601627204,2024-07,2024-07,0.7241678398372796,False,0.0,2.2758321601627203,2.2758321601627203,True,0.04,0.96,13.23711245256591,2.0
2307106,Jardim,CE,2024,7,0.0,inpe_bdq_legacy,climatology_regional_intensity12,0.0689580400406801,2024-07,2024-07,0.0689580400406801,False,0.0,2.06895804004068,2.06895804004068,True,0.04,0.96,13.23711245256591,2.0
2307205,Jati,CE,2024,7,0.0,inpe_bdq_legacy,climatology_regional_intensity12,0.0,2024-07,2024-07,0.0,False,0.0,2.0,2.0,True,0.04,0.96,13.23711245256591,2.0
2307304,Juazeiro do Norte,CE,2024,7,0.0,inpe_bdq_legacy,climatology_regional_intensity12,0.3447902002034005,2024-07,2024-07,0.3447902002034005,False,0.0,2.3447902002034007,2.3447902002034007,True,0.04,0.96,13.23711245256591,2.0
2308401,Missão Velha,CE,2024,7,0.0,inpe_bdq_legacy,climatology_regional_intensity12,0.2068741201220403,2024-07,2024-07,0.2068741201220403,False,0.0,2.2068741201220403,2.2068741201220403,True,0.04,0.96,13.23711245256591,2.0
2308708,Morada Nova,CE,2024,7,1.0,inpe_bdq_aqua_ref,climatology_regional_intensity12,0.1379160800813602,2024-07,2024-07,0.8620839199186399,False,0.0,2.1379160800813604,2.1379160800813604,True,0.04,0.96,13.23711245256591,2.0
2309201,Nova Olinda,CE,2024,7,0.0,inpe_bdq_legacy,climatology_regional_intensity12,0.5516643203254409,2024-07,2024-07,0.5516643203254409,False,0.0,2.551664320325441,2.551664320325441,True,0.04,0.96,13.23711245256591,2.0
2310605,Penaforte,CE,2024,7,0.0,inpe_bdq_legacy,climatology_regional_intensity12,0.0689580400406801,2024-07,2024-07,0.0689580400406801,False,0.0,2.06895804004068,2.06895804004068,True,0.04,0.96,13.23711245256591,2.0
2311108,Porteiras,CE,2024,7,0.0,inpe_bdq_legacy,climatology_regional_intensity12,0.2068741201220403,2024-07,2024-07,0.2068741201220403,False,0.0,2.2068741201220403,2.2068741201220403,True,0.04,0.96,13.23711245256591,2.0
2311207,Potengi,CE,2024,7,0.0,inpe_bdq_legacy,climatology_regional_intensity12,0.2068741201220403,2024-07,2024-07,0.2068741201220403,False,0.0,2.2068741201220403,2.2068741201220403,True,0.04,0.96,13.23711245256591,2.0
2311306,Quixadá,CE,2024,7,0.0,inpe_bdq_aqua_ref,climatology_regional_intensity12,0.5516643203254409,2024-07,2024-07,0.5516643203254409,False,0.0,2.551664320325441,2.551664320325441,True,0.04,0.96,13.23711245256591,2.0
2311405,Quixeramobim,CE,2024,7,0.0,inpe_bdq_aqua_ref,climatology_regional_intensity12,0.4137482402440806,2024-07,2024-07,0.4137482402440806,False,0.0,2.4137482402440806,2.4137482402440806,True,0.04,0.96,13.23711245256591,2.0
2311959,Salitre,CE,2024,7,0.0,inpe_bdq_legacy,climatology_regional_intensity12,0.5516643203254409,2024-07,2024-07,0.5516643203254409,False,0.0,2.551664320325441,2.551664320325441,True,0.04,0.96,13.23711245256591,2.0
2312106,Santana do Cariri,CE,2024,7,6.0,inpe_bdq_legacy,climatology_regional_intensity12,0.620622360366121,2024-07,2024-07,5.379377639633879,False,0.0,2.620622360366121,2.620622360366121,False,0.04,0.96,13.23711245256591,2.0
2312908,Sobral,CE,2024,7,0.0,inpe_bdq_aqua_ref,climatology_regional_intensity12,0.8964545205288413,2024-07,2024-07,0.8964545205288413,False,0.0,2.8964545205288412,2.8964545205288412,True,0.04,0.96,13.23711245256591,2.0
2313302,Tauá,CE,2024,7,0.0,inpe_bdq_aqua_ref,climatology_regional_intensity12,0.4137482402440806,2024-07,2024-07,0.4137482402440806,False,0.0,2.4137482402440806,2.4137482402440806,True,0.04,0.96,13.23711245256591,2.0
2313401,Tianguá,CE,2024,7,0.0,inpe_bdq_aqua_ref,climatology_regional_intensity12,0.9654125605695214,2024-07,2024-07,0.9654125605695214,False,0.0,2.965412560569521,2.965412560569521,True,0.04,0.96,13.23711245256591,2.0
2300101,Abaiara,CE,2024,8,0.0,inpe_bdq_legacy,climatology_regional_intensity12,0.4753786109596448,2024-08,2024-08,0.4753786109596448,True,0.0,13.712491063525555,13.712491063525555,True,0.04,0.96,13.23711245256591,2.0
2300200,Acaraú,CE,2024,8,1.0,inpe_bdq_aqua_ref,climatology_regional_intensity12,2.376893054798224,2024-08,2024-08,1.376893054798224,True,0.0,15.614005507364134,15.614005507364134,True,0.04,0.96,13.23711245256591,2.0
2301307,Araripe,CE,2024,8,5.0,inpe_bdq_legacy,climatology_regional_intensity12,1.228869878671191,2024-08,2024-08,3.771130121328809,True,0.0,14.4659823312371,14.4659823312371,True,0.04,0.96,13.23711245256591,2.0
2301604,Assaré,CE,2024,8,1.0,inpe_bdq_legacy,climatology_regional_intensity12,1.222402142467658,2024-08,2024-08,0.2224021424676581,True,0.0,14.459514595033568,14.459514595033568,True,0.04,0.96,13.23711245256591,2.0
2301901,Barbalha,CE,2024,8,1.0,inpe_bdq_aqua_ref,climatology_regional_intensity12,1.810966136989123,2024-08,2024-08,0.810966136989123,True,0.0,15.048078589555033,15.048078589555033,True,0.04,0.96,13.23711245256591,2.0
2302701,Campos Sales,CE,2024,8,4.0,inpe_bdq_aqua_ref,climatology_regional_intensity12,0.4074673808225527,2024-08,2024-08,3.5925326191774474,True,0.0,13.644579833388462,13.644579833388462,True,0.04,0.96,13.23711245256591,2.0
2304103,Crateús,CE,2024,8,7.0,inpe_bdq_aqua_ref,climatology_regional_intensity12,3.3955615068546057,2024-08,2024-08,3.6044384931453943,True,0.0,16.632673959420515,16.632673959420515,True,0.04,0.96,13.23711245256591,2.0
2304400,Fortaleza,CE,2024,8,0.0,inpe_bdq_aqua_ref,climatology_regional_intensity12,0.6036553789963743,2024-08,2024-08,0.6036553789963743,True,0.0,13.840767831562284,13.840767831562284,True,0.04,0.96,13.23711245256591,2.0
2305506,Iguatu,CE,2024,8,2.0,inpe_bdq_aqua_ref,climatology_regional_intensity12,2.6485379753465925,2024-08,2024-08,0.6485379753465925,True,0.0,15.885650427912502,15.885650427912502,True,0.04,0.96,13.23711245256591,2.0
2306405,Itapipoca,CE,2024,8,0.0,inpe_bdq_aqua_ref,climatology_regional_intensity12,4.210496268499711,2024-08,2024-08,4.210496268499711,True,0.0,17.44760872106562,17.44760872106562,True,0.04,0.96,13.23711245256591,2.0
2306900,Jaguaribe,CE,2024,8,0.0,inpe_bdq_aqua_ref,climatology_regional_intensity12,1.0186684520563818,2024-08,2024-08,1.0186684520563818,True,0.0,14.255780904622291,14.255780904622291,True,0.04,0.96,13.23711245256591,2.0
2307007,Jaguaruana,CE,2024,8,1.0,inpe_bdq_aqua_ref,climatology_regional_intensity12,1.3582246027418423,2024-08,2024-08,0.3582246027418423,True,0.0,14.595337055307752,14.595337055307752,True,0.04,0.96,13.23711245256591,2.0
2307106,Jardim,CE,2024,8,0.0,inpe_bdq_legacy,climatology_regional_intensity12,0.2037336904112763,2024-08,2024-08,0.2037336904112763,True,0.0,13.440846142977186,13.440846142977186,True,0.04,0.96,13.23711245256591,2.0
2308401,Missão Velha,CE,2024,8,6.0,inpe_bdq_legacy,climatology_regional_intensity12,1.154490912330566,2024-08,2024-08,4.845509087669434,True,0.0,14.391603364896476,14.391603364896476,True,0.04,0.96,13.23711245256591,2.0
2308708,Morada Nova,CE,2024,8,3.0,inpe_bdq_aqua_ref,climatology_regional_intensity12,1.9015144438385791,2024-08,2024-08,1.0984855561614209,True,0.0,15.138626896404489,15.138626896404489,True,0.04,0.96,13.23711245256591,2.0
2310605,Penaforte,CE,2024,8,0.0,inpe_bdq_legacy,climatology_regional_intensity12,0.0,2024-08,2024-08,0.0,True,0.0,13.23711245256591,13.23711245256591,True,0.04,0.96,13.23711245256591,2.0
2311306,Quixadá,CE,2024,8,5.0,inpe_bdq_aqua_ref,climatology_regional_intensity12,1.4940470630160267,2024-08,2024-08,3.5059529369839733,True,0.0,14.731159515581936,14.731159515581936,True,0.04,0.96,13.23711245256591,2.0
2311405,Quixeramobim,CE,2024,8,1.0,inpe_bdq_aqua_ref,climatology_regional_intensity12,1.4261358328789344,2024-08,2024-08,0.4261358328789344,True,0.0,14.663248285444844,14.663248285444844,True,0.04,0.96,13.23711245256591,2.0
2312106,Santana do Cariri,CE,2024,8,6.0,inpe_bdq_legacy,climatology_regional_intensity12,1.099515154600539,2024-08,2024-08,4.900484845399461,True,0.0,14.336627607166449,14.336627607166449,True,0.04,0.96,13.23711245256591,2.0
2312908,Sobral,CE,2024,8,14.0,inpe_bdq_aqua_ref,climatology_regional_intensity12,8.692637457547791,2024-08,2024-08,5.307362542452209,True,0.0,21.9297499101137,21.9297499101137,True,0.04,0.96,13.23711245256591,2.0
2313302,Tauá,CE,2024,8,5.0,inpe_bdq_aqua_ref,climatology_regional_intensity12,0.8149347616451054,2024-08,2024-08,4.185065238354895,True,0.0,14.052047214211015,14.052047214211015,True,0.04,0.96,13.23711245256591,2.0
2313401,Tianguá,CE,2024,8,1.0,inpe_bdq_aqua_ref,climatology_regional_intensity12,1.2903133726047502,2024-08,2024-08,0.2903133726047502,True,0.0,14.52742582517066,14.52742582517066,True,0.04,0.96,13.23711245256591,2.0
2300101,Abaiara,CE,2024,9,2.0,inpe_bdq_legacy,climatology_regional_intensity12,0.6861736441998044,2024-09,2024-09,1.3138263558001957,True,0.0,13.741604319628939,13.741604319628939,True,0.04,0.96,13.055430675429134,2.0
2300200,Acaraú,CE,2024,9,2.0,inpe_bdq_aqua_ref,climatology_regional_intensity12,2.4016077546993158,2024-09,2024-09,0.40160775469931576,True,0.0,15.45703843012845,15.45703843012845,True,0.04,0.96,13.055430675429134,2.0
2301307,Araripe,CE,2024,9,8.0,inpe_bdq_legacy,climatology_regional_intensity12,10.390629469311325,2024-09,2024-09,2.3906294693113246,True,0.0,23.446060144740457,23.446060144740457,True,0.04,0.96,13.055430675429134,2.0
2301604,Assaré,CE,2024,9,0.0,inpe_bdq_legacy,climatology_regional_intensity12,2.7446945767992177,2024-09,2024-09,2.7446945767992177,True,0.0,15.800125252228352,15.800125252228352,True,0.04,0.96,13.055430675429134,2.0
2301901,Barbalha,CE,2024,9,1.0,inpe_bdq_aqua_ref,climatology_regional_intensity12,4.117041865198827,2024-09,2024-09,3.1170418651988268,True,0.0,17.17247254062796,17.17247254062796,True,0.04,0.96,13.055430675429134,2.0
2302701,Campos Sales,CE,2024,9,0.0,inpe_bdq_aqua_ref,climatology_regional_intensity12,2.221895609789843,2024-09,2024-09,2.221895609789843,True,0.0,15.277326285218978,15.277326285218978,True,0.04,0.96,13.055430675429134,2.0
2304103,Crateús,CE,2024,9,1.0,inpe_bdq_aqua_ref,climatology_regional_intensity12,5.009067602658572,2024-09,2024-09,4.009067602658572,True,0.0,18.064498278087704,18.064498278087704,True,0.04,0.96,13.055430675429134,2.0
2304400,Fortaleza,CE,2024,9,2.0,inpe_bdq_aqua_ref,climatology_regional_intensity12,1.067381224310807,2024-09,2024-09,0.932618775689193,True,0.0,14.122811899739942,14.122811899739942,True,0.04,0.96,13.055430675429134,2.0
2305506,Iguatu,CE,2024,9,6.0,inpe_bdq_aqua_ref,climatology_regional_intensity12,6.24418016221822,2024-09,2024-09,0.24418016221822025,True,0.0,19.299610837647354,19.299610837647354,True,0.04,0.96,13.055430675429134,2.0
2306405,Itapipoca,CE,2024,9,8.0,inpe_bdq_aqua_ref,climatology_regional_intensity12,4.940450238238592,2024-09,2024-09,3.0595497617614082,True,0.0,17.995880913667726,17.995880913667726,True,0.04,0.96,13.055430675429134,2.0
2306900,Jaguaribe,CE,2024,9,15.0,inpe_bdq_aqua_ref,climatology_regional_intensity12,1.4409646528195894,2024-09,2024-09,13.55903534718041,True,0.0,14.496395328248724,14.496395328248724,False,0.04,0.96,13.055430675429134,2.0
2307007,Jaguaruana,CE,2024,9,0.0,inpe_bdq_aqua_ref,climatology_regional_intensity12,1.1762976757710932,2024-09,2024-09,1.1762976757710932,True,0.0,14.231728351200228,14.231728351200228,True,0.04,0.96,13.055430675429134,2.0
2307106,Jardim,CE,2024,9,0.0,inpe_bdq_legacy,climatology_regional_intensity12,2.332990390279335,2024-09,2024-09,2.332990390279335,True,0.0,15.388421065708469,15.388421065708469,True,0.04,0.96,13.055430675429134,2.0
2308401,Missão Velha,CE,2024,9,3.0,inpe_bdq_legacy,climatology_regional_intensity12,4.3784413487035145,2024-09,2024-09,1.3784413487035145,True,0.0,17.433872024132647,17.433872024132647,True,0.04,0.96,13.055430675429134,2.0
2308708,Morada Nova,CE,2024,9,6.0,inpe_bdq_aqua_ref,climatology_regional_intensity12,2.127138297019394,2024-09,2024-09,3.872861702980606,True,0.0,15.182568972448529,15.182568972448529,True,0.04,0.96,13.055430675429134,2.0
2310605,Penaforte,CE,2024,9,0.0,inpe_bdq_legacy,climatology_regional_intensity12,0.0,2024-09,2024-09,0.0,True,0.0,13.055430675429134,13.055430675429134,True,0.04,0.96,13.055430675429134,2.0
2311306,Quixadá,CE,2024,9,2.0,inpe_bdq_aqua_ref,climatology_regional_intensity12,4.7345981449786505,2024-09,2024-09,2.7345981449786505,True,0.0,17.790028820407784,17.790028820407784,True,0.04,0.96,13.055430675429134,2.0
2311405,Quixeramobim,CE,2024,9,6.0,inpe_bdq_aqua_ref,climatology_regional_intensity12,4.322893958458768,2024-09,2024-09,1.677106041541232,True,0.0,17.378324633887903,17.378324633887903,True,0.04,0.96,13.055430675429134,2.0
2312106,Santana do Cariri,CE,2024,9,13.0,inpe_bdq_legacy,climatology_regional_intensity12,5.424039282722264,2024-09,2024-09,7.575960717277736,True,0.0,18.479469958151398,18.479469958151398,True,0.04,0.96,13.055430675429134,2.0
2312908,Sobral,CE,2024,9,14.0,inpe_bdq_aqua_ref,climatology_regional_intensity12,15.370289630075618,2024-09,2024-09,1.370289630075618,True,2.3148589546464837,28.425720305504754,26.110861350858272,True,0.04,0.96,13.055430675429134,2.0
2313302,Tauá,CE,2024,9,6.0,inpe_bdq_aqua_ref,climatology_regional_intensity12,3.08778139889912,2024-09,2024-09,2.91221860110088,True,0.0,16.143212074328254,16.143212074328254,True,0.04,0.96,13.055430675429134,2.0
2313401,Tianguá,CE,2024,9,13.0,inpe_bdq_aqua_ref,climatology_regional_intensity12,1.852668839339472,2024-09,2024-09,11.147331160660528,True,0.0,14.908099514768606,14.908099514768606,True,0.04,0.96,13.055430675429134,2.0
2300101,Abaiara,CE,2024,10,0.0,inpe_bdq_legacy,climatology_regional_intensity12,2.4255460357688574,2024-10,2024-10,2.4255460357688574,True,0.0,15.480976711197991,15.480976711197991,True,0.04,0.96,13.055430675429134,2.0
2300200,Acaraú,CE,2024,10,0.0,inpe_bdq_aqua_ref,climatology_regional_intensity12,2.2117150036681816,2024-10,2024-10,2.2117150036681816,True,0.0,15.267145679097316,15.267145679097316,True,0.04,0.96,13.055430675429134,2.0
2301307,Araripe,CE,2024,10,16.0,inpe_bdq_legacy,climatology_regional_intensity12,17.361803203398136,2024-10,2024-10,1.3618032033981358,True,4.3063725279690015,30.41723387882727,26.110861350858265,True,0.04,0.96,13.055430675429134,2.0
2301604,Assaré,CE,2024,10,7.0,inpe_bdq_legacy,climatology_regional_intensity12,5.48939365989794,2024-10,2024-10,1.5106063401020604,True,0.0,18.544824335327075,18.544824335327075,True,0.04,0.96,13.055430675429134,2.0
2301901,Barbalha,CE,2024,10,8.0,inpe_bdq_aqua_ref,climatology_regional_intensity12,5.553223818733963,2024-10,2024-10,2.4467761812660367,True,0.0,18.608654494163098,18.608654494163098,True,0.04,0.96,13.055430675429134,2.0
2302701,Campos Sales,CE,2024,10,17.0,inpe_bdq_aqua_ref,climatology_regional_intensity12,3.957469847833399,2024-10,2024-10,13.0425301521666,True,0.0,17.012900523262534,17.012900523262534,True,0.04,0.96,13.055430675429134,2.0
2304103,Crateús,CE,2024,10,70.0,inpe_bdq_aqua_ref,climatology_regional_intensity12,60.85567343426391,2024-10,2024-10,9.144326565736087,True,47.80024275883478,73.91110410969304,26.110861350858265,True,0.04,0.96,13.055430675429134,2.0
2304400,Fortaleza,CE,2024,10,1.0,inpe_bdq_aqua_ref,climatology_regional_intensity12,1.3404333355564737,2024-10,2024-10,0.3404333355564737,True,0.0,14.395864010985608,14.395864010985608,True,0.04,0.96,13.055430675429134,2.0
2305506,Iguatu,CE,2024,10,3.0,inpe_bdq_aqua_ref,climatology_regional_intensity12,7.372383345560605,2024-10,2024-10,4.372383345560605,True,0.0,20.42781402098974,20.42781402098974,True,0.04,0.96,13.055430675429134,2.0
2306405,Itapipoca,CE,2024,10,5.0,inpe_bdq_aqua_ref,climatology_regional_intensity12,4.959603341558953,2024-10,2024-10,0.040396658441046895,True,0.0,18.01503401698809,18.01503401698809,True,0.04,0.96,13.055430675429134,2.0
2306900,Jaguaribe,CE,2024,10,7.0,inpe_bdq_aqua_ref,climatology_regional_intensity12,4.222365007002892,2024-10,2024-10,2.7776349929971076,True,0.0,17.27779568243203,17.27779568243203,True,0.04,0.96,13.055430675429134,2.0
2307007,Jaguaruana,CE,2024,10,0.0,inpe_bdq_aqua_ref,climatology_regional_intensity12,1.4361785738105075,2024-10,2024-10,1.4361785738105075,True,0.0,14.491609249239641,14.491609249239641,True,0.04,0.96,13.055430675429134,2.0
2307106,Jardim,CE,2024,10,3.0,inpe_bdq_legacy,climatology_regional_intensity12,3.702149212489308,2024-10,2024-10,0.7021492124893078,True,0.0,16.757579887918443,16.757579887918443,True,0.04,0.96,13.055430675429134,2.0
2308401,Missão Velha,CE,2024,10,12.0,inpe_bdq_legacy,climatology_regional_intensity12,8.680901601699068,2024-10,2024-10,3.319098398300932,True,0.0,21.736332277128202,21.736332277128202,True,0.04,0.96,13.055430675429134,2.0
2308708,Morada Nova,CE,2024,10,1.0,inpe_bdq_aqua_ref,climatology_regional_intensity12,5.562798342559367,2024-10,2024-10,4.562798342559367,True,0.0,18.6182290179885,18.6182290179885,True,0.04,0.96,13.055430675429134,2.0
2310605,Penaforte,CE,2024,10,2.0,inpe_bdq_legacy,climatology_regional_intensity12,0.2234055559260789,2024-10,2024-10,1.776594444073921,True,0.0,13.278836231355212,13.278836231355212,True,0.04,0.96,13.055430675429134,2.0
2311306,Quixadá,CE,2024,10,9.0,inpe_bdq_aqua_ref,climatology_regional_intensity12,23.32354003868264,2024-10,2024-10,14.32354003868264,True,10.268109363253506,36.37897071411177,26.110861350858265,False,0.04,0.96,13.055430675429134,2.0
2311405,Quixeramobim,CE,2024,10,23.0,inpe_bdq_aqua_ref,climatology_regional_intensity12,46.44601507703181,2024-10,2024-10,23.44601507703181,True,33.39058440160267,59.501445752460945,26.110861350858272,False,0.04,0.96,13.055430675429134,2.0
2312106,Santana do Cariri,CE,2024,10,30.0,inpe_bdq_legacy,climatology_regional_intensity12,9.574523825403384,2024-10,2024-10,20.425476174596618,True,0.0,22.62995450083252,22.62995450083252,False,0.04,0.96,13.055430675429134,2.0
2312908,Sobral,CE,2024,10,20.0,inpe_bdq_aqua_ref,climatology_regional_intensity12,20.91076003468099,2024-10,2024-10,0.9107600346809903,True,7.855329359251856,33.966190710110126,26.110861350858272,True,0.04,0.96,13.055430675429134,2.0
2313302,Tauá,CE,2024,10,33.0,inpe_bdq_aqua_ref,climatology_regional_intensity12,13.06922502167562,2024-10,2024-10,19.93077497832438,True,0.013794346246486455,26.124655697104757,26.110861350858272,False,0.04,0.96,13.055430675429134,2.0
2313401,Tianguá,CE,2024,10,4.0,inpe_bdq_aqua_ref,climatology_regional_intensity12,5.495776675781542,2024-10,2024-10,1.495776675781542,True,0.0,18.551207351210678,18.551207351210678,True,0.04,0.96,13.055430675429134,2.0
2300101,Abaiara,CE,2024,11,9.0,inpe_bdq_legacy,climatology_regional_intensity12,3.890428974677207,2024-11,2024-11,5.1095710253227935,True,0.0,17.446675108998704,17.446675108998704,True,0.04,0.96,13.556246134321498,2.0
2300200,Acaraú,CE,2024,11,2.0,inpe_bdq_aqua_ref,climatology_regional_intensity12,10.212376058527669,2024-11,2024-11,8.212376058527669,True,0.0,23.768622192849165,23.768622192849165,True,0.04,0.96,13.556246134321498,2.0
2301307,Araripe,CE,2024,11,25.0,inpe_bdq_legacy,climatology_regional_intensity12,16.97641734404599,2024-11,2024-11,8.023582655954009,True,3.4201712097244936,30.53266347836749,27.112492268642995,True,0.04,0.96,13.556246134321498,2.0
2301604,Assaré,CE,2024,11,17.0,inpe_bdq_legacy,climatology_regional_intensity12,6.130372929794387,2024-11,2024-11,10.869627070205613,True,0.0,19.686619064115884,19.686619064115884,True,0.04,0.96,13.556246134321498,2.0
2301901,Barbalha,CE,2024,11,9.0,inpe_bdq_aqua_ref,climatology_regional_intensity12,5.658805781348664,2024-11,2024-11,3.341194218651336,True,0.0,19.215051915670163,19.215051915670163,True,0.04,0.96,13.556246134321498,2.0
2302701,Campos Sales,CE,2024,11,2.0,inpe_bdq_aqua_ref,climatology_regional_intensity12,3.242024145564339,2024-11,2024-11,1.242024145564339,True,0.0,16.798270279885838,16.798270279885838,True,0.04,0.96,13.556246134321498,2.0
2304103,Crateús,CE,2024,11,100.0,inpe_bdq_aqua_ref,climatology_regional_intensity12,75.13833051547024,2024-11,2024-11,24.861669484529756,True,61.582084381148746,88.69457664979174,27.112492268642995,False,0.04,0.96,13.556246134321498,2.0
2304400,Fortaleza,CE,2024,11,0.0,inpe_bdq_aqua_ref,climatology_regional_intensity12,1.3066339738183548,2024-11,2024-11,1.3066339738183548,True,0.0,14.862880108139853,14.862880108139853,True,0.04,0.96,13.556246134321498,2.0
2305506,Iguatu,CE,2024,11,8.0,inpe_bdq_aqua_ref,climatology_regional_intensity12,9.841016929126662,2024-11,2024-11,1.8410169291266616,True,0.0,23.397263063448158,23.397263063448158,True,0.04,0.96,13.556246134321498,2.0
2306405,Itapipoca,CE,2024,11,15.0,inpe_bdq_aqua_ref,climatology_regional_intensity12,27.35678919920745,2024-11,2024-11,12.356789199207451,True,13.800543064885954,40.91303533352895,27.112492268643,True,0.04,0.96,13.556246134321498,2.0
2306900,Jaguaribe,CE,2024,11,6.0,inpe_bdq_aqua_ref,climatology_regional_intensity12,4.765775493979579,2024-11,2024-11,1.2342245060204213,True,0.0,18.322021628301076,18.322021628301076,True,0.04,0.96,13.556246134321498,2.0
2307007,Jaguaruana,CE,2024,11,0.0,inpe_bdq_aqua_ref,climatology_regional_intensity12,0.5305130420014372,2024-11,2024-11,0.5305130420014372,True,0.0,14.086759176322936,14.086759176322936,True,0.04,0.96,13.556246134321498,2.0
2307106,Jardim,CE,2024,11,4.0,inpe_bdq_legacy,climatology_regional_intensity12,4.361996123122929,2024-11,2024-11,0.36199612312292917,True,0.0,17.918242257444426,17.918242257444426,True,0.04,0.96,13.556246134321498,2.0
2308401,Missão Velha,CE,2024,11,19.0,inpe_bdq_legacy,climatology_regional_intensity12,12.850204795145926,2024-11,2024-11,6.149795204854074,True,0.0,26.406450929467425,26.406450929467425,True,0.04,0.96,13.556246134321498,2.0
2308708,Morada Nova,CE,2024,11,9.0,inpe_bdq_aqua_ref,climatology_regional_intensity12,6.0655324468831004,2024-11,2024-11,2.9344675531168996,True,0.0,19.621778581204598,19.621778581204598,True,0.04,0.96,13.556246134321498,2.0
2310605,Penaforte,CE,2024,11,2.0,inpe_bdq_legacy,climatology_regional_intensity12,0.3257536222815843,2024-11,2024-11,1.6742463777184158,True,0.0,13.881999756603083,13.881999756603083,True,0.04,0.96,13.556246134321498,2.0
2311306,Quixadá,CE,2024,11,24.0,inpe_bdq_aqua_ref,climatology_regional_intensity12,28.161400646242964,2024-11,2024-11,4.161400646242964,True,14.605154511921466,41.717646780564465,27.112492268643,True,0.04,0.96,13.556246134321498,2.0
2311405,Quixeramobim,CE,2024,11,74.0,inpe_bdq_aqua_ref,climatology_regional_intensity12,60.16017896296299,2024-11,2024-11,13.839821037037012,True,46.60393282864149,73.71642509728449,27.112492268642995,False,0.04,0.96,13.556246134321498,2.0
2312106,Santana do Cariri,CE,2024,11,11.0,inpe_bdq_legacy,climatology_regional_intensity12,15.266986430930253,2024-11,2024-11,4.2669864309302525,True,1.7107402966087548,28.82323256525175,27.112492268642995,True,0.04,0.96,13.556246134321498,2.0
2312908,Sobral,CE,2024,11,16.0,inpe_bdq_aqua_ref,climatology_regional_intensity12,37.81673801066912,2024-11,2024-11,21.81673801066912,True,24.260491876347622,51.37298414499062,27.112492268642995,False,0.04,0.96,13.556246134321498,2.0
2313302,Tauá,CE,2024,11,72.0,inpe_bdq_aqua_ref,climatology_regional_intensity12,17.515772270080788,2024-11,2024-11,54.48422772991921,True,3.9595261357592904,31.072018404402286,27.112492268642995,False,0.04,0.96,13.556246134321498,2.0
2313401,Tianguá,CE,2024,11,5.0,inpe_bdq_aqua_ref,climatology_regional_intensity12,11.69781257613169,2024-11,2024-11,6.697812576131691,True,0.0,25.254058710453187,25.254058710453187,True,0.04,0.96,13.556246134321498,2.0
2300101,Abaiara,CE,2024,12,0.0,inpe_bdq_legacy,climatology_regional_intensity12,2.600044501078267,2024-12,2024-12,2.600044501078267,True,0.0,16.858483819407812,16.858483819407812,True,0.04,0.96,14.258439318329547,2.0
2300200,Acaraú,CE,2024,12,19.0,inpe_bdq_aqua_ref,climatology_regional_intensity12,43.680747618114886,2024-12,2024-12,24.680747618114886,True,29.42230829978534,57.93918693644443,28.51687863665909,False,0.04,0.96,14.258439318329547,2.0
2301307,Araripe,CE,2024,12,23.0,inpe_bdq_legacy,climatology_regional_intensity12,9.100155753773937,2024-12,2024-12,13.899844246226063,True,0.0,23.358595072103483,23.358595072103483,True,0.04,0.96,14.258439318329547,2.0
2301604,Assaré,CE,2024,12,8.0,inpe_bdq_legacy,climatology_regional_intensity12,6.955119040384364,2024-12,2024-12,1.0448809596156359,True,0.0,21.21355835871391,21.21355835871391,True,0.04,0.96,14.258439318329547,2.0
2301901,Barbalha,CE,2024,12,2.0,inpe_bdq_aqua_ref,climatology_regional_intensity12,2.860048951186094,2024-12,2024-12,0.8600489511860938,True,0.0,17.11848826951564,17.11848826951564,True,0.04,0.96,14.258439318329547,2.0
2302701,Campos Sales,CE,2024,12,5.0,inpe_bdq_aqua_ref,climatology_regional_intensity12,2.015034488335657,2024-12,2024-12,2.984965511664343,True,0.0,16.273473806665205,16.273473806665205,True,0.04,0.96,14.258439318329547,2.0
2304103,Crateús,CE,2024,12,52.0,inpe_bdq_aqua_ref,climatology_regional_intensity12,37.19688664355096,2024-12,2024-12,14.803113356449039,True,22.938447325221414,51.455325961880504,28.51687863665909,False,0.04,0.96,14.258439318329547,2.0
2304400,Fortaleza,CE,2024,12,0.0,inpe_bdq_aqua_ref,climatology_regional_intensity12,0.2275038938443483,2024-12,2024-12,0.2275038938443483,True,0.0,14.485943212173895,14.485943212173895,True,0.04,0.96,14.258439318329547,2.0
2305506,Iguatu,CE,2024,12,35.0,inpe_bdq_aqua_ref,climatology_regional_intensity12,5.596595788570969,2024-12,2024-12,29.40340421142903,True,0.0,19.855035106900516,19.855035106900516,False,0.04,0.96,14.258439318329547,2.0
2306405,Itapipoca,CE,2024,12,58.0,inpe_bdq_aqua_ref,climatology_regional_intensity12,85.31396019163064,2024-12,2024-12,27.313960191630642,True,71.05552087330109,99.57239950996019,28.5168786366591,False,0.04,0.96,14.258439318329547,2.0
2306900,Jaguaribe,CE,2024,12,1.0,inpe_bdq_aqua_ref,climatology_regional_intensity12,3.139553735052007,2024-12,2024-12,2.139553735052007,True,0.0,17.397993053381555,17.397993053381555,True,0.04,0.96,14.258439318329547,2.0
2307007,Jaguaruana,CE,2024,12,0.0,inpe_bdq_aqua_ref,climatology_regional_intensity12,0.8775150191139152,2024-12,2024-12,0.8775150191139152,True,0.0,15.135954337443462,15.135954337443462,True,0.04,0.96,14.258439318329547,2.0
2307106,Jardim,CE,2024,12,6.0,inpe_bdq_legacy,climatology_regional_intensity12,4.810082326994793,2024-12,2024-12,1.1899176730052066,True,0.0,19.06852164532434,19.06852164532434,True,0.04,0.96,14.258439318329547,2.0
2308401,Missão Velha,CE,2024,12,10.0,inpe_bdq_legacy,climatology_regional_intensity12,9.685165766516544,2024-12,2024-12,0.31483423348345596,True,0.0,23.94360508484609,23.94360508484609,True,0.04,0.96,14.258439318329547,2.0
2308708,Morada Nova,CE,2024,12,5.0,inpe_bdq_aqua_ref,climatology_regional_intensity12,6.415609806410624,2024-12,2024-12,1.4156098064106244,True,0.0,20.674049124740172,20.674049124740172,True,0.04,0.96,14.258439318329547,2.0
2310605,Penaforte,CE,2024,12,0.0,inpe_bdq_legacy,climatology_regional_intensity12,0.5747466791857222,2024-12,2024-12,0.5747466791857222,True,0.0,14.833185997515269,14.833185997515269,True,0.04,0.96,14.258439318329547,2.0
2311306,Quixadá,CE,2024,12,10.0,inpe_bdq_aqua_ref,climatology_regional_intensity12,17.40404787909265,2024-12,2024-12,7.404047879092651,True,3.1456085607631046,31.662487197422198,28.516878636659094,True,0.04,0.96,14.258439318329547,2.0
2311405,Quixeramobim,CE,2024,12,35.0,inpe_bdq_aqua_ref,climatology_regional_intensity12,41.70146374166906,2024-12,2024-12,6.701463741669059,True,27.443024423339512,55.95990305999861,28.516878636659097,True,0.04,0.96,14.258439318329547,2.0
2312106,Santana do Cariri,CE,2024,12,17.0,inpe_bdq_legacy,climatology_regional_intensity12,13.780235855714814,2024-12,2024-12,3.219764144285186,True,0.0,28.03867517404436,28.03867517404436,True,0.04,0.96,14.258439318329547,2.0
2312908,Sobral,CE,2024,12,39.0,inpe_bdq_aqua_ref,climatology_regional_intensity12,27.027462588708588,2024-12,2024-12,11.972537411291412,True,12.76902327037904,41.28590190703814,28.516878636659097,True,0.04,0.96,14.258439318329547,2.0
2313302,Tauá,CE,2024,12,32.0,inpe_bdq_aqua_ref,climatology_regional_intensity12,13.17247545358777,2024-12,2024-12,18.827524546412228,True,0.0,27.430914771917315,27.430914771917315,False,0.04,0.96,14.258439318329547,2.0
2313401,Tianguá,CE,2024,12,26.0,inpe_bdq_aqua_ref,climatology_regional_intensity12,17.267545542786042,2024-12,2024-12,8.732454457213958,True,3.0091062244564952,31.52598486111559,28.516878636659094,True,0.04,0.96,14.258439318329547,2.0
