geocodigo,municipio,uf,ano,mes,fire_count,model,y_pred,cut
2200277,Alegrete do Piauí,PI,2015,1,0.0,climatology_municipal,0.18181818181818182,2015-01
2202091,Caldeirão Grande do Piauí,PI,2015,1,0.0,climatology_municipal,0.2727272727272727,2015-01
2202554,Caridade do Piauí,PI,2015,1,0.0,climatology_municipal,0.09090909090909091,2015-01
2203271,Curral Novo do Piauí,PI,2015,1,0.0,climatology_municipal,0.0,2015-01
2204154,Francisco Macedo,PI,2015,1,0.0,climatology_municipal,0.0,2015-01
2204303,Fronteiras,PI,2015,1,0.0,climatology_municipal,0.45454545454545453,2015-01
2205953,Marcolândia,PI,2015,1,0.0,climatology_municipal,0.18181818181818182,2015-01
2207207,Padre Marcos,PI,2015,1,0.0,climatology_municipal,0.5454545454545454,2015-01
2210300,São Julião,PI,2015,1,1.0,climatology_municipal,0.0,2015-01
2210706,Simões,PI,2015,1,0.0,climatology_municipal,0.09090909090909091,2015-01
2300101,Abaiara,CE,2015,1,0.0,climatology_municipal,0.09090909090909091,2015-01
2300606,Altaneira,CE,2015,1,0.0,climatology_municipal,0.0,2015-01
2301307,Araripe,CE,2015,1,5.0,climatology_municipal,1.3636363636363635,2015-01
2301604,Assaré,CE,2015,1,1.0,climatology_municipal,2.3636363636363638,2015-01
2301901,Barbalha,CE,2015,1,1.0,climatology_municipal,0.36363636363636365,2015-01
2302503,Brejo Santo,CE,2015,1,0.0,climatology_municipal,0.6363636363636364,2015-01
2302701,Campos Sales,CE,2015,1,0.0,climatology_municipal,0.45454545454545453,2015-01
2304202,Crato,CE,2015,1,2.0,climatology_municipal,1.0909090909090908,2015-01
2304301,Farias Brito,CE,2015,1,1.0,climatology_municipal,0.7272727272727273,2015-01
2307106,Jardim,CE,2015,1,0.0,climatology_municipal,0.6363636363636364,2015-01
2307205,Jati,CE,2015,1,0.0,climatology_municipal,0.2727272727272727,2015-01
2308401,Missão Velha,CE,2015,1,0.0,climatology_municipal,1.2727272727272727,2015-01
2309201,Nova Olinda,CE,2015,1,0.0,climatology_municipal,0.36363636363636365,2015-01
2310605,Penaforte,CE,2015,1,0.0,climatology_municipal,0.09090909090909091,2015-01
2311108,Porteiras,CE,2015,1,1.0,climatology_municipal,0.18181818181818182,2015-01
2311207,Potengi,CE,2015,1,1.0,climatology_municipal,0.9090909090909091,2015-01
2311959,Salitre,CE,2015,1,1.0,climatology_municipal,0.8181818181818182,2015-01
2312106,Santana do Cariri,CE,2015,1,10.0,climatology_municipal,3.909090909090909,2015-01
2601102,Araripina,PE,2015,1,1.0,climatology_municipal,0.45454545454545453,2015-01
2602001,Bodocó,PE,2015,1,0.0,climatology_municipal,1.9090909090909092,2015-01
2604304,Cedro,PE,2015,1,0.0,climatology_municipal,0.09090909090909091,2015-01
2605301,Exu,PE,2015,1,1.0,climatology_municipal,2.8181818181818183,2015-01
2607307,Ipubi,PE,2015,1,1.0,climatology_municipal,0.45454545454545453,2015-01
2614006,Serrita,PE,2015,1,2.0,climatology_municipal,1.7272727272727273,2015-01
2614303,Moreilândia,PE,2015,1,0.0,climatology_municipal,0.45454545454545453,2015-01
2615607,Trindade,PE,2015,1,0.0,climatology_municipal,0.09090909090909091,2015-01
2200277,Alegrete do Piauí,PI,2015,1,0.0,climatology_apa_intensity12,0.10151730160462831,2015-01
2202091,Caldeirão Grande do Piauí,PI,2015,1,0.0,climatology_apa_intensity12,0.15227595240694244,2015-01
2202554,Caridade do Piauí,PI,2015,1,0.0,climatology_apa_intensity12,0.050758650802314155,2015-01
2203271,Curral Novo do Piauí,PI,2015,1,0.0,climatology_apa_intensity12,0.0,2015-01
2204154,Francisco Macedo,PI,2015,1,0.0,climatology_apa_intensity12,0.0,2015-01
2204303,Fronteiras,PI,2015,1,0.0,climatology_apa_intensity12,0.25379325401157077,2015-01
2205953,Marcolândia,PI,2015,1,0.0,climatology_apa_intensity12,0.10151730160462831,2015-01
2207207,Padre Marcos,PI,2015,1,0.0,climatology_apa_intensity12,0.3045519048138849,2015-01
2210300,São Julião,PI,2015,1,1.0,climatology_apa_intensity12,0.0,2015-01
2210706,Simões,PI,2015,1,0.0,climatology_apa_intensity12,0.050758650802314155,2015-01
2300101,Abaiara,CE,2015,1,0.0,climatology_apa_intensity12,0.050758650802314155,2015-01
2300606,Altaneira,CE,2015,1,0.0,climatology_apa_intensity12,0.0,2015-01
2301307,Araripe,CE,2015,1,5.0,climatology_apa_intensity12,0.7613797620347122,2015-01
2301604,Assaré,CE,2015,1,1.0,climatology_apa_intensity12,1.319724920860168,2015-01
2301901,Barbalha,CE,2015,1,1.0,climatology_apa_intensity12,0.20303460320925662,2015-01
2302503,Brejo Santo,CE,2015,1,0.0,climatology_apa_intensity12,0.35531055561619906,2015-01
2302701,Campos Sales,CE,2015,1,0.0,climatology_apa_intensity12,0.25379325401157077,2015-01
2304202,Crato,CE,2015,1,2.0,climatology_apa_intensity12,0.6091038096277698,2015-01
2304301,Farias Brito,CE,2015,1,1.0,climatology_apa_intensity12,0.40606920641851324,2015-01
2307106,Jardim,CE,2015,1,0.0,climatology_apa_intensity12,0.35531055561619906,2015-01
2307205,Jati,CE,2015,1,0.0,climatology_apa_intensity12,0.15227595240694244,2015-01
2308401,Missão Velha,CE,2015,1,0.0,climatology_apa_intensity12,0.7106211112323981,2015-01
2309201,Nova Olinda,CE,2015,1,0.0,climatology_apa_intensity12,0.20303460320925662,2015-01
2310605,Penaforte,CE,2015,1,0.0,climatology_apa_intensity12,0.050758650802314155,2015-01
2311108,Porteiras,CE,2015,1,1.0,climatology_apa_intensity12,0.10151730160462831,2015-01
2311207,Potengi,CE,2015,1,1.0,climatology_apa_intensity12,0.5075865080231415,2015-01
2311959,Salitre,CE,2015,1,1.0,climatology_apa_intensity12,0.45682785722082736,2015-01
2312106,Santana do Cariri,CE,2015,1,10.0,climatology_apa_intensity12,2.1826219844995087,2015-01
2601102,Araripina,PE,2015,1,1.0,climatology_apa_intensity12,0.25379325401157077,2015-01
2602001,Bodocó,PE,2015,1,0.0,climatology_apa_intensity12,1.0659316668485972,2015-01
2604304,Cedro,PE,2015,1,0.0,climatology_apa_intensity12,0.050758650802314155,2015-01
2605301,Exu,PE,2015,1,1.0,climatology_apa_intensity12,1.5735181748717388,2015-01
2607307,Ipubi,PE,2015,1,1.0,climatology_apa_intensity12,0.25379325401157077,2015-01
2614006,Serrita,PE,2015,1,2.0,climatology_apa_intensity12,0.9644143652439688,2015-01
2614303,Moreilândia,PE,2015,1,0.0,climatology_apa_intensity12,0.25379325401157077,2015-01
2615607,Trindade,PE,2015,1,0.0,climatology_apa_intensity12,0.050758650802314155,2015-01
2200277,Alegrete do Piauí,PI,2015,2,0.0,climatology_municipal,0.0,2015-02
2202091,Caldeirão Grande do Piauí,PI,2015,2,0.0,climatology_municipal,0.09090909090909091,2015-02
2202554,Caridade do Piauí,PI,2015,2,0.0,climatology_municipal,0.0,2015-02
2203271,Curral Novo do Piauí,PI,2015,2,0.0,climatology_municipal,0.0,2015-02
2204154,Francisco Macedo,PI,2015,2,0.0,climatology_municipal,0.0,2015-02
2204303,Fronteiras,PI,2015,2,0.0,climatology_municipal,0.0,2015-02
2205953,Marcolândia,PI,2015,2,0.0,climatology_municipal,0.0,2015-02
2207207,Padre Marcos,PI,2015,2,0.0,climatology_municipal,0.09090909090909091,2015-02
2210300,São Julião,PI,2015,2,0.0,climatology_municipal,0.0,2015-02
2210706,Simões,PI,2015,2,0.0,climatology_municipal,0.09090909090909091,2015-02
2300101,Abaiara,CE,2015,2,0.0,climatology_municipal,0.0,2015-02
2300606,Altaneira,CE,2015,2,0.0,climatology_municipal,0.0,2015-02
2301307,Araripe,CE,2015,2,0.0,climatology_municipal,0.18181818181818182,2015-02
2301604,Assaré,CE,2015,2,0.0,climatology_municipal,0.45454545454545453,2015-02
2301901,Barbalha,CE,2015,2,2.0,climatology_municipal,0.09090909090909091,2015-02
2302503,Brejo Santo,CE,2015,2,0.0,climatology_municipal,0.09090909090909091,2015-02
2302701,Campos Sales,CE,2015,2,0.0,climatology_municipal,0.0,2015-02
2304202,Crato,CE,2015,2,1.0,climatology_municipal,0.18181818181818182,2015-02
2304301,Farias Brito,CE,2015,2,0.0,climatology_municipal,0.0,2015-02
2307106,Jardim,CE,2015,2,0.0,climatology_municipal,0.0,2015-02
2307205,Jati,CE,2015,2,0.0,climatology_municipal,0.18181818181818182,2015-02
2308401,Missão Velha,CE,2015,2,1.0,climatology_municipal,0.09090909090909091,2015-02
2309201,Nova Olinda,CE,2015,2,0.0,climatology_municipal,0.0,2015-02
2310605,Penaforte,CE,2015,2,0.0,climatology_municipal,0.18181818181818182,2015-02
2311108,Porteiras,CE,2015,2,0.0,climatology_municipal,0.18181818181818182,2015-02
2311207,Potengi,CE,2015,2,0.0,climatology_municipal,0.45454545454545453,2015-02
2311959,Salitre,CE,2015,2,0.0,climatology_municipal,0.09090909090909091,2015-02
2312106,Santana do Cariri,CE,2015,2,0.0,climatology_municipal,0.36363636363636365,2015-02
2601102,Araripina,PE,2015,2,0.0,climatology_municipal,0.18181818181818182,2015-02
2602001,Bodocó,PE,2015,2,0.0,climatology_municipal,0.09090909090909091,2015-02
2604304,Cedro,PE,2015,2,0.0,climatology_municipal,0.0,2015-02
2605301,Exu,PE,2015,2,0.0,climatology_municipal,0.2727272727272727,2015-02
2607307,Ipubi,PE,2015,2,0.0,climatology_municipal,0.0,2015-02
2614006,Serrita,PE,2015,2,0.0,climatology_municipal,0.18181818181818182,2015-02
2614303,Moreilândia,PE,2015,2,0.0,climatology_municipal,0.0,2015-02
2615607,Trindade,PE,2015,2,0.0,climatology_municipal,0.09090909090909091,2015-02
2200277,Alegrete do Piauí,PI,2015,2,0.0,climatology_apa_intensity12,0.0,2015-02
2202091,Caldeirão Grande do Piauí,PI,2015,2,0.0,climatology_apa_intensity12,0.05303168079147418,2015-02
2202554,Caridade do Piauí,PI,2015,2,0.0,climatology_apa_intensity12,0.0,2015-02
2203271,Curral Novo do Piauí,PI,2015,2,0.0,climatology_apa_intensity12,0.0,2015-02
2204154,Francisco Macedo,PI,2015,2,0.0,climatology_apa_intensity12,0.0,2015-02
2204303,Fronteiras,PI,2015,2,0.0,climatology_apa_intensity12,0.0,2015-02
2205953,Marcolândia,PI,2015,2,0.0,climatology_apa_intensity12,0.0,2015-02
2207207,Padre Marcos,PI,2015,2,0.0,climatology_apa_intensity12,0.05303168079147418,2015-02
2210300,São Julião,PI,2015,2,0.0,climatology_apa_intensity12,0.0,2015-02
2210706,Simões,PI,2015,2,0.0,climatology_apa_intensity12,0.05303168079147418,2015-02
2300101,Abaiara,CE,2015,2,0.0,climatology_apa_intensity12,0.0,2015-02
2300606,Altaneira,CE,2015,2,0.0,climatology_apa_intensity12,0.0,2015-02
2301307,Araripe,CE,2015,2,0.0,climatology_apa_intensity12,0.10606336158294837,2015-02
2301604,Assaré,CE,2015,2,0.0,climatology_apa_intensity12,0.2651584039573709,2015-02
2301901,Barbalha,CE,2015,2,2.0,climatology_apa_intensity12,0.05303168079147418,2015-02
2302503,Brejo Santo,CE,2015,2,0.0,climatology_apa_intensity12,0.05303168079147418,2015-02
2302701,Campos Sales,CE,2015,2,0.0,climatology_apa_intensity12,0.0,2015-02
2304202,Crato,CE,2015,2,1.0,climatology_apa_intensity12,0.10606336158294837,2015-02
2304301,Farias Brito,CE,2015,2,0.0,climatology_apa_intensity12,0.0,2015-02
2307106,Jardim,CE,2015,2,0.0,climatology_apa_intensity12,0.0,2015-02
2307205,Jati,CE,2015,2,0.0,climatology_apa_intensity12,0.10606336158294837,2015-02
2308401,Missão Velha,CE,2015,2,1.0,climatology_apa_intensity12,0.05303168079147418,2015-02
2309201,Nova Olinda,CE,2015,2,0.0,climatology_apa_intensity12,0.0,2015-02
2310605,Penaforte,CE,2015,2,0.0,climatology_apa_intensity12,0.10606336158294837,2015-02
2311108,Porteiras,CE,2015,2,0.0,climatology_apa_intensity12,0.10606336158294837,2015-02
2311207,Potengi,CE,2015,2,0.0,climatology_apa_intensity12,0.2651584039573709,2015-02
2311959,Salitre,CE,2015,2,0.0,climatology_apa_intensity12,0.05303168079147418,2015-02
2312106,Santana do Cariri,CE,2015,2,0.0,climatology_apa_intensity12,0.21212672316589673,2015-02
2601102,Araripina,PE,2015,2,0.0,climatology_apa_intensity12,0.10606336158294837,2015-02
2602001,Bodocó,PE,2015,2,0.0,climatology_apa_intensity12,0.05303168079147418,2015-02
2604304,Cedro,PE,2015,2,0.0,climatology_apa_intensity12,0.0,2015-02
2605301,Exu,PE,2015,2,0.0,climatology_apa_intensity12,0.15909504237442254,2015-02
2607307,Ipubi,PE,2015,2,0.0,climatology_apa_intensity12,0.0,2015-02
2614006,Serrita,PE,2015,2,0.0,climatology_apa_intensity12,0.10606336158294837,2015-02
2614303,Moreilândia,PE,2015,2,0.0,climatology_apa_intensity12,0.0,2015-02
2615607,Trindade,PE,2015,2,0.0,climatology_apa_intensity12,0.05303168079147418,2015-02
2200277,Alegrete do Piauí,PI,2015,3,0.0,climatology_municipal,0.0,2015-03
2202091,Caldeirão Grande do Piauí,PI,2015,3,0.0,climatology_municipal,0.0,2015-03
2202554,Caridade do Piauí,PI,2015,3,0.0,climatology_municipal,0.0,2015-03
2203271,Curral Novo do Piauí,PI,2015,3,0.0,climatology_municipal,0.0,2015-03
2204154,Francisco Macedo,PI,2015,3,0.0,climatology_municipal,0.0,2015-03
2204303,Fronteiras,PI,2015,3,0.0,climatology_municipal,0.0,2015-03
2205953,Marcolândia,PI,2015,3,0.0,climatology_municipal,0.0,2015-03
2207207,Padre Marcos,PI,2015,3,0.0,climatology_municipal,0.0,2015-03
2210300,São Julião,PI,2015,3,0.0,climatology_municipal,0.0,2015-03
2210706,Simões,PI,2015,3,0.0,climatology_municipal,0.0,2015-03
2300101,Abaiara,CE,2015,3,0.0,climatology_municipal,0.0,2015-03
2300606,Altaneira,CE,2015,3,0.0,climatology_municipal,0.0,2015-03
2301307,Araripe,CE,2015,3,0.0,climatology_municipal,0.0,2015-03
2301604,Assaré,CE,2015,3,0.0,climatology_municipal,0.0,2015-03
2301901,Barbalha,CE,2015,3,0.0,climatology_municipal,0.0,2015-03
2302503,Brejo Santo,CE,2015,3,0.0,climatology_municipal,0.0,2015-03
2302701,Campos Sales,CE,2015,3,0.0,climatology_municipal,0.0,2015-03
2304202,Crato,CE,2015,3,0.0,climatology_municipal,0.18181818181818182,2015-03
2304301,Farias Brito,CE,2015,3,0.0,climatology_municipal,0.09090909090909091,2015-03
2307106,Jardim,CE,2015,3,0.0,climatology_municipal,0.09090909090909091,2015-03
2307205,Jati,CE,2015,3,0.0,climatology_municipal,0.0,2015-03
2308401,Missão Velha,CE,2015,3,4.0,climatology_municipal,0.0,2015-03
2309201,Nova Olinda,CE,2015,3,0.0,climatology_municipal,0.0,2015-03
2310605,Penaforte,CE,2015,3,0.0,climatology_municipal,0.0,2015-03
2311108,Porteiras,CE,2015,3,0.0,climatology_municipal,0.0,2015-03
2311207,Potengi,CE,2015,3,0.0,climatology_municipal,0.0,2015-03
2311959,Salitre,CE,2015,3,0.0,climatology_municipal,0.09090909090909091,2015-03
2312106,Santana do Cariri,CE,2015,3,0.0,climatology_municipal,0.0,2015-03
2601102,Araripina,PE,2015,3,0.0,climatology_municipal,0.09090909090909091,2015-03
2602001,Bodocó,PE,2015,3,0.0,climatology_municipal,0.45454545454545453,2015-03
2604304,Cedro,PE,2015,3,0.0,climatology_municipal,0.0,2015-03
2605301,Exu,PE,2015,3,0.0,climatology_municipal,0.0,2015-03
2607307,Ipubi,PE,2015,3,0.0,climatology_municipal,0.09090909090909091,2015-03
2614006,Serrita,PE,2015,3,0.0,climatology_municipal,0.0,2015-03
2614303,Moreilândia,PE,2015,3,0.0,climatology_municipal,0.0,2015-03
2615607,Trindade,PE,2015,3,0.0,climatology_municipal,0.0,2015-03
2200277,Alegrete do Piauí,PI,2015,3,0.0,climatology_apa_intensity12,0.0,2015-03
2202091,Caldeirão Grande do Piauí,PI,2015,3,0.0,climatology_apa_intensity12,0.0,2015-03
2202554,Caridade do Piauí,PI,2015,3,0.0,climatology_apa_intensity12,0.0,2015-03
2203271,Curral Novo do Piauí,PI,2015,3,0.0,climatology_apa_intensity12,0.0,2015-03
2204154,Francisco Macedo,PI,2015,3,0.0,climatology_apa_intensity12,0.0,2015-03
2204303,Fronteiras,PI,2015,3,0.0,climatology_apa_intensity12,0.0,2015-03
2205953,Marcolândia,PI,2015,3,0.0,climatology_apa_intensity12,0.0,2015-03
2207207,Padre Marcos,PI,2015,3,0.0,climatology_apa_intensity12,0.0,2015-03
2210300,São Julião,PI,2015,3,0.0,climatology_apa_intensity12,0.0,2015-03
2210706,Simões,PI,2015,3,0.0,climatology_apa_intensity12,0.0,2015-03
2300101,Abaiara,CE,2015,3,0.0,climatology_apa_intensity12,0.0,2015-03
2300606,Altaneira,CE,2015,3,0.0,climatology_apa_intensity12,0.0,2015-03
2301307,Araripe,CE,2015,3,0.0,climatology_apa_intensity12,0.0,2015-03
2301604,Assaré,CE,2015,3,0.0,climatology_apa_intensity12,0.0,2015-03
2301901,Barbalha,CE,2015,3,0.0,climatology_apa_intensity12,0.0,2015-03
2302503,Brejo Santo,CE,2015,3,0.0,climatology_apa_intensity12,0.0,2015-03
2302701,Campos Sales,CE,2015,3,0.0,climatology_apa_intensity12,0.0,2015-03
2304202,Crato,CE,2015,3,0.0,climatology_apa_intensity12,0.10649596275551029,2015-03
2304301,Farias Brito,CE,2015,3,0.0,climatology_apa_intensity12,0.053247981377755146,2015-03
2307106,Jardim,CE,2015,3,0.0,climatology_apa_intensity12,0.053247981377755146,2015-03
2307205,Jati,CE,2015,3,0.0,climatology_apa_intensity12,0.0,2015-03
2308401,Missão Velha,CE,2015,3,4.0,climatology_apa_intensity12,0.0,2015-03
2309201,Nova Olinda,CE,2015,3,0.0,climatology_apa_intensity12,0.0,2015-03
2310605,Penaforte,CE,2015,3,0.0,climatology_apa_intensity12,0.0,2015-03
2311108,Porteiras,CE,2015,3,0.0,climatology_apa_intensity12,0.0,2015-03
2311207,Potengi,CE,2015,3,0.0,climatology_apa_intensity12,0.0,2015-03
2311959,Salitre,CE,2015,3,0.0,climatology_apa_intensity12,0.053247981377755146,2015-03
2312106,Santana do Cariri,CE,2015,3,0.0,climatology_apa_intensity12,0.0,2015-03
2601102,Araripina,PE,2015,3,0.0,climatology_apa_intensity12,0.053247981377755146,2015-03
2602001,Bodocó,PE,2015,3,0.0,climatology_apa_intensity12,0.2662399068887757,2015-03
2604304,Cedro,PE,2015,3,0.0,climatology_apa_intensity12,0.0,2015-03
2605301,Exu,PE,2015,3,0.0,climatology_apa_intensity12,0.0,2015-03
2607307,Ipubi,PE,2015,3,0.0,climatology_apa_intensity12,0.053247981377755146,2015-03
2614006,Serrita,PE,2015,3,0.0,climatology_apa_intensity12,0.0,2015-03
2614303,Moreilândia,PE,2015,3,0.0,climatology_apa_intensity12,0.0,2015-03
2615607,Trindade,PE,2015,3,0.0,climatology_apa_intensity12,0.0,2015-03
2200277,Alegrete do Piauí,PI,2015,4,0.0,climatology_municipal,0.0,2015-04
2202091,Caldeirão Grande do Piauí,PI,2015,4,0.0,climatology_municipal,0.0,2015-04
2202554,Caridade do Piauí,PI,2015,4,0.0,climatology_municipal,0.0,2015-04
2203271,Curral Novo do Piauí,PI,2015,4,0.0,climatology_municipal,0.0,2015-04
2204154,Francisco Macedo,PI,2015,4,0.0,climatology_municipal,0.0,2015-04
2204303,Fronteiras,PI,2015,4,0.0,climatology_municipal,0.0,2015-04
2205953,Marcolândia,PI,2015,4,0.0,climatology_municipal,0.0,2015-04
2207207,Padre Marcos,PI,2015,4,0.0,climatology_municipal,0.0,2015-04
2210300,São Julião,PI,2015,4,0.0,climatology_municipal,0.0,2015-04
2210706,Simões,PI,2015,4,0.0,climatology_municipal,0.0,2015-04
2300101,Abaiara,CE,2015,4,0.0,climatology_municipal,0.0,2015-04
2300606,Altaneira,CE,2015,4,0.0,climatology_municipal,0.0,2015-04
2301307,Araripe,CE,2015,4,0.0,climatology_municipal,0.0,2015-04
2301604,Assaré,CE,2015,4,0.0,climatology_municipal,0.0,2015-04
2301901,Barbalha,CE,2015,4,0.0,climatology_municipal,0.0,2015-04
2302503,Brejo Santo,CE,2015,4,0.0,climatology_municipal,0.0,2015-04
2302701,Campos Sales,CE,2015,4,0.0,climatology_municipal,0.0,2015-04
2304202,Crato,CE,2015,4,0.0,climatology_municipal,0.0,2015-04
2304301,Farias Brito,CE,2015,4,0.0,climatology_municipal,0.0,2015-04
2307106,Jardim,CE,2015,4,0.0,climatology_municipal,0.0,2015-04
2307205,Jati,CE,2015,4,0.0,climatology_municipal,0.0,2015-04
2308401,Missão Velha,CE,2015,4,0.0,climatology_municipal,0.09090909090909091,2015-04
2309201,Nova Olinda,CE,2015,4,0.0,climatology_municipal,0.0,2015-04
2310605,Penaforte,CE,2015,4,0.0,climatology_municipal,0.0,2015-04
2311108,Porteiras,CE,2015,4,0.0,climatology_municipal,0.0,2015-04
2311207,Potengi,CE,2015,4,0.0,climatology_municipal,0.0,2015-04
2311959,Salitre,CE,2015,4,0.0,climatology_municipal,0.09090909090909091,2015-04
2312106,Santana do Cariri,CE,2015,4,0.0,climatology_municipal,0.0,2015-04
2601102,Araripina,PE,2015,4,0.0,climatology_municipal,0.0,2015-04
2602001,Bodocó,PE,2015,4,0.0,climatology_municipal,0.09090909090909091,2015-04
2604304,Cedro,PE,2015,4,0.0,climatology_municipal,0.0,2015-04
2605301,Exu,PE,2015,4,0.0,climatology_municipal,0.09090909090909091,2015-04
2607307,Ipubi,PE,2015,4,0.0,climatology_municipal,0.09090909090909091,2015-04
2614006,Serrita,PE,2015,4,0.0,climatology_municipal,0.09090909090909091,2015-04
2614303,Moreilândia,PE,2015,4,0.0,climatology_municipal,0.0,2015-04
2615607,Trindade,PE,2015,4,0.0,climatology_municipal,0.0,2015-04
2200277,Alegrete do Piauí,PI,2015,4,0.0,climatology_apa_intensity12,0.0,2015-04
2202091,Caldeirão Grande do Piauí,PI,2015,4,0.0,climatology_apa_intensity12,0.0,2015-04
2202554,Caridade do Piauí,PI,2015,4,0.0,climatology_apa_intensity12,0.0,2015-04
2203271,Curral Novo do Piauí,PI,2015,4,0.0,climatology_apa_intensity12,0.0,2015-04
2204154,Francisco Macedo,PI,2015,4,0.0,climatology_apa_intensity12,0.0,2015-04
2204303,Fronteiras,PI,2015,4,0.0,climatology_apa_intensity12,0.0,2015-04
2205953,Marcolândia,PI,2015,4,0.0,climatology_apa_intensity12,0.0,2015-04
2207207,Padre Marcos,PI,2015,4,0.0,climatology_apa_intensity12,0.0,2015-04
2210300,São Julião,PI,2015,4,0.0,climatology_apa_intensity12,0.0,2015-04
2210706,Simões,PI,2015,4,0.0,climatology_apa_intensity12,0.0,2015-04
2300101,Abaiara,CE,2015,4,0.0,climatology_apa_intensity12,0.0,2015-04
2300606,Altaneira,CE,2015,4,0.0,climatology_apa_intensity12,0.0,2015-04
2301307,Araripe,CE,2015,4,0.0,climatology_apa_intensity12,0.0,2015-04
2301604,Assaré,CE,2015,4,0.0,climatology_apa_intensity12,0.0,2015-04
2301901,Barbalha,CE,2015,4,0.0,climatology_apa_intensity12,0.0,2015-04
2302503,Brejo Santo,CE,2015,4,0.0,climatology_apa_intensity12,0.0,2015-04
2302701,Campos Sales,CE,2015,4,0.0,climatology_apa_intensity12,0.0,2015-04
2304202,Crato,CE,2015,4,0.0,climatology_apa_intensity12,0.0,2015-04
2304301,Farias Brito,CE,2015,4,0.0,climatology_apa_intensity12,0.0,2015-04
2307106,Jardim,CE,2015,4,0.0,climatology_apa_intensity12,0.0,2015-04
2307205,Jati,CE,2015,4,0.0,climatology_apa_intensity12,0.0,2015-04
2308401,Missão Velha,CE,2015,4,0.0,climatology_apa_intensity12,0.053668824085521045,2015-04
2309201,Nova Olinda,CE,2015,4,0.0,climatology_apa_intensity12,0.0,2015-04
2310605,Penaforte,CE,2015,4,0.0,climatology_apa_intensity12,0.0,2015-04
2311108,Porteiras,CE,2015,4,0.0,climatology_apa_intensity12,0.0,2015-04
2311207,Potengi,CE,2015,4,0.0,climatology_apa_intensity12,0.0,2015-04
2311959,Salitre,CE,2015,4,0.0,climatology_apa_intensity12,0.053668824085521045,2015-04
2312106,Santana do Cariri,CE,2015,4,0.0,climatology_apa_intensity12,0.0,2015-04
2601102,Araripina,PE,2015,4,0.0,climatology_apa_intensity12,0.0,2015-04
2602001,Bodocó,PE,2015,4,0.0,climatology_apa_intensity12,0.053668824085521045,2015-04
2604304,Cedro,PE,2015,4,0.0,climatology_apa_intensity12,0.0,2015-04
2605301,Exu,PE,2015,4,0.0,climatology_apa_intensity12,0.053668824085521045,2015-04
2607307,Ipubi,PE,2015,4,0.0,climatology_apa_intensity12,0.053668824085521045,2015-04
2614006,Serrita,PE,2015,4,0.0,climatology_apa_intensity12,0.053668824085521045,2015-04
2614303,Moreilândia,PE,2015,4,0.0,climatology_apa_intensity12,0.0,2015-04
2615607,Trindade,PE,2015,4,0.0,climatology_apa_intensity12,0.0,2015-04
2200277,Alegrete do Piauí,PI,2015,5,0.0,climatology_municipal,0.0,2015-05
2202091,Caldeirão Grande do Piauí,PI,2015,5,0.0,climatology_municipal,0.0,2015-05
2202554,Caridade do Piauí,PI,2015,5,0.0,climatology_municipal,0.0,2015-05
2203271,Curral Novo do Piauí,PI,2015,5,0.0,climatology_municipal,0.0,2015-05
2204154,Francisco Macedo,PI,2015,5,0.0,climatology_municipal,0.0,2015-05
2204303,Fronteiras,PI,2015,5,0.0,climatology_municipal,0.0,2015-05
2205953,Marcolândia,PI,2015,5,0.0,climatology_municipal,0.0,2015-05
2207207,Padre Marcos,PI,2015,5,0.0,climatology_municipal,0.0,2015-05
2210300,São Julião,PI,2015,5,0.0,climatology_municipal,0.0,2015-05
2210706,Simões,PI,2015,5,0.0,climatology_municipal,0.0,2015-05
2300101,Abaiara,CE,2015,5,0.0,climatology_municipal,0.0,2015-05
2300606,Altaneira,CE,2015,5,0.0,climatology_municipal,0.0,2015-05
2301307,Araripe,CE,2015,5,0.0,climatology_municipal,0.0,2015-05
2301604,Assaré,CE,2015,5,0.0,climatology_municipal,0.0,2015-05
2301901,Barbalha,CE,2015,5,0.0,climatology_municipal,0.0,2015-05
2302503,Brejo Santo,CE,2015,5,0.0,climatology_municipal,0.09090909090909091,2015-05
2302701,Campos Sales,CE,2015,5,0.0,climatology_municipal,0.0,2015-05
2304202,Crato,CE,2015,5,0.0,climatology_municipal,0.09090909090909091,2015-05
2304301,Farias Brito,CE,2015,5,0.0,climatology_municipal,0.0,2015-05
2307106,Jardim,CE,2015,5,0.0,climatology_municipal,0.0,2015-05
2307205,Jati,CE,2015,5,0.0,climatology_municipal,0.0,2015-05
2308401,Missão Velha,CE,2015,5,0.0,climatology_municipal,0.0,2015-05
2309201,Nova Olinda,CE,2015,5,0.0,climatology_municipal,0.2727272727272727,2015-05
2310605,Penaforte,CE,2015,5,0.0,climatology_municipal,0.0,2015-05
2311108,Porteiras,CE,2015,5,0.0,climatology_municipal,0.09090909090909091,2015-05
2311207,Potengi,CE,2015,5,0.0,climatology_municipal,0.09090909090909091,2015-05
2311959,Salitre,CE,2015,5,0.0,climatology_municipal,0.0,2015-05
2312106,Santana do Cariri,CE,2015,5,0.0,climatology_municipal,0.0,2015-05
2601102,Araripina,PE,2015,5,0.0,climatology_municipal,0.09090909090909091,2015-05
2602001,Bodocó,PE,2015,5,0.0,climatology_municipal,0.0,2015-05
2604304,Cedro,PE,2015,5,0.0,climatology_municipal,0.0,2015-05
2605301,Exu,PE,2015,5,0.0,climatology_municipal,0.18181818181818182,2015-05
2607307,Ipubi,PE,2015,5,0.0,climatology_municipal,0.0,2015-05
2614006,Serrita,PE,2015,5,0.0,climatology_municipal,0.0,2015-05
2614303,Moreilândia,PE,2015,5,0.0,climatology_municipal,0.0,2015-05
2615607,Trindade,PE,2015,5,0.0,climatology_municipal,0.0,2015-05
2200277,Alegrete do Piauí,PI,2015,5,0.0,climatology_apa_intensity12,0.0,2015-05
2202091,Caldeirão Grande do Piauí,PI,2015,5,0.0,climatology_apa_intensity12,0.0,2015-05
2202554,Caridade do Piauí,PI,2015,5,0.0,climatology_apa_intensity12,0.0,2015-05
2203271,Curral Novo do Piauí,PI,2015,5,0.0,climatology_apa_intensity12,0.0,2015-05
2204154,Francisco Macedo,PI,2015,5,0.0,climatology_apa_intensity12,0.0,2015-05
2204303,Fronteiras,PI,2015,5,0.0,climatology_apa_intensity12,0.0,2015-05
2205953,Marcolândia,PI,2015,5,0.0,climatology_apa_intensity12,0.0,2015-05
2207207,Padre Marcos,PI,2015,5,0.0,climatology_apa_intensity12,0.0,2015-05
2210300,São Julião,PI,2015,5,0.0,climatology_apa_intensity12,0.0,2015-05
2210706,Simões,PI,2015,5,0.0,climatology_apa_intensity12,0.0,2015-05
2300101,Abaiara,CE,2015,5,0.0,climatology_apa_intensity12,0.0,2015-05
2300606,Altaneira,CE,2015,5,0.0,climatology_apa_intensity12,0.0,2015-05
2301307,Araripe,CE,2015,5,0.0,climatology_apa_intensity12,0.0,2015-05
2301604,Assaré,CE,2015,5,0.0,climatology_apa_intensity12,0.0,2015-05
2301901,Barbalha,CE,2015,5,0.0,climatology_apa_intensity12,0.0,2015-05
2302503,Brejo Santo,CE,2015,5,0.0,climatology_apa_intensity12,0.053562662497045506,2015-05
2302701,Campos Sales,CE,2015,5,0.0,climatology_apa_intensity12,0.0,2015-05
2304202,Crato,CE,2015,5,0.0,climatology_apa_intensity12,0.053562662497045506,2015-05
2304301,Farias Brito,CE,2015,5,0.0,climatology_apa_intensity12,0.0,2015-05
2307106,Jardim,CE,2015,5,0.0,climatology_apa_intensity12,0.0,2015-05
2307205,Jati,CE,2015,5,0.0,climatology_apa_intensity12,0.0,2015-05
2308401,Missão Velha,CE,2015,5,0.0,climatology_apa_intensity12,0.0,2015-05
2309201,Nova Olinda,CE,2015,5,0.0,climatology_apa_intensity12,0.1606879874911365,2015-05
2310605,Penaforte,CE,2015,5,0.0,climatology_apa_intensity12,0.0,2015-05
2311108,Porteiras,CE,2015,5,0.0,climatology_apa_intensity12,0.053562662497045506,2015-05
2311207,Potengi,CE,2015,5,0.0,climatology_apa_intensity12,0.053562662497045506,2015-05
2311959,Salitre,CE,2015,5,0.0,climatology_apa_intensity12,0.0,2015-05
2312106,Santana do Cariri,CE,2015,5,0.0,climatology_apa_intensity12,0.0,2015-05
2601102,Araripina,PE,2015,5,0.0,climatology_apa_intensity12,0.053562662497045506,2015-05
2602001,Bodocó,PE,2015,5,0.0,climatology_apa_intensity12,0.0,2015-05
2604304,Cedro,PE,2015,5,0.0,climatology_apa_intensity12,0.0,2015-05
2605301,Exu,PE,2015,5,0.0,climatology_apa_intensity12,0.10712532499409101,2015-05
2607307,Ipubi,PE,2015,5,0.0,climatology_apa_intensity12,0.0,2015-05
2614006,Serrita,PE,2015,5,0.0,climatology_apa_intensity12,0.0,2015-05
2614303,Moreilândia,PE,2015,5,0.0,climatology_apa_intensity12,0.0,2015-05
2615607,Trindade,PE,2015,5,0.0,climatology_apa_intensity12,0.0,2015-05
2200277,Alegrete do Piauí,PI,2015,6,0.0,climatology_municipal,0.0,2015-06
2202091,Caldeirão Grande do Piauí,PI,2015,6,0.0,climatology_municipal,0.0,2015-06
2202554,Caridade do Piauí,PI,2015,6,0.0,climatology_municipal,0.0,2015-06
2203271,Curral Novo do Piauí,PI,2015,6,0.0,climatology_municipal,0.0,2015-06
2204154,Francisco Macedo,PI,2015,6,0.0,climatology_municipal,0.0,2015-06
2204303,Fronteiras,PI,2015,6,0.0,climatology_municipal,0.0,2015-06
2205953,Marcolândia,PI,2015,6,0.0,climatology_municipal,0.0,2015-06
2207207,Padre Marcos,PI,2015,6,0.0,climatology_municipal,0.0,2015-06
2210300,São Julião,PI,2015,6,0.0,climatology_municipal,0.0,2015-06
2210706,Simões,PI,2015,6,0.0,climatology_municipal,0.09090909090909091,2015-06
2300101,Abaiara,CE,2015,6,0.0,climatology_municipal,0.0,2015-06
2300606,Altaneira,CE,2015,6,0.0,climatology_municipal,0.0,2015-06
2301307,Araripe,CE,2015,6,0.0,climatology_municipal,0.0,2015-06
2301604,Assaré,CE,2015,6,0.0,climatology_municipal,0.0,2015-06
2301901,Barbalha,CE,2015,6,0.0,climatology_municipal,0.0,2015-06
2302503,Brejo Santo,CE,2015,6,0.0,climatology_municipal,0.0,2015-06
2302701,Campos Sales,CE,2015,6,0.0,climatology_municipal,0.0,2015-06
2304202,Crato,CE,2015,6,0.0,climatology_municipal,0.09090909090909091,2015-06
2304301,Farias Brito,CE,2015,6,0.0,climatology_municipal,0.0,2015-06
2307106,Jardim,CE,2015,6,0.0,climatology_municipal,0.0,2015-06
2307205,Jati,CE,2015,6,0.0,climatology_municipal,0.0,2015-06
2308401,Missão Velha,CE,2015,6,0.0,climatology_municipal,0.18181818181818182,2015-06
2309201,Nova Olinda,CE,2015,6,0.0,climatology_municipal,0.0,2015-06
2310605,Penaforte,CE,2015,6,0.0,climatology_municipal,0.0,2015-06
2311108,Porteiras,CE,2015,6,0.0,climatology_municipal,0.09090909090909091,2015-06
2311207,Potengi,CE,2015,6,0.0,climatology_municipal,0.0,2015-06
2311959,Salitre,CE,2015,6,0.0,climatology_municipal,0.09090909090909091,2015-06
2312106,Santana do Cariri,CE,2015,6,0.0,climatology_municipal,0.0,2015-06
2601102,Araripina,PE,2015,6,0.0,climatology_municipal,0.36363636363636365,2015-06
2602001,Bodocó,PE,2015,6,0.0,climatology_municipal,0.0,2015-06
2604304,Cedro,PE,2015,6,0.0,climatology_municipal,0.0,2015-06
2605301,Exu,PE,2015,6,0.0,climatology_municipal,0.09090909090909091,2015-06
2607307,Ipubi,PE,2015,6,0.0,climatology_municipal,0.0,2015-06
2614006,Serrita,PE,2015,6,0.0,climatology_municipal,0.0,2015-06
2614303,Moreilândia,PE,2015,6,0.0,climatology_municipal,0.0,2015-06
2615607,Trindade,PE,2015,6,0.0,climatology_municipal,0.0,2015-06
2200277,Alegrete do Piauí,PI,2015,6,0.0,climatology_apa_intensity12,0.0,2015-06
2202091,Caldeirão Grande do Piauí,PI,2015,6,0.0,climatology_apa_intensity12,0.0,2015-06
2202554,Caridade do Piauí,PI,2015,6,0.0,climatology_apa_intensity12,0.0,2015-06
2203271,Curral Novo do Piauí,PI,2015,6,0.0,climatology_apa_intensity12,0.0,2015-06
2204154,Francisco Macedo,PI,2015,6,0.0,climatology_apa_intensity12,0.0,2015-06
2204303,Fronteiras,PI,2015,6,0.0,climatology_apa_intensity12,0.0,2015-06
2205953,Marcolândia,PI,2015,6,0.0,climatology_apa_intensity12,0.0,2015-06
2207207,Padre Marcos,PI,2015,6,0.0,climatology_apa_intensity12,0.0,2015-06
2210300,São Julião,PI,2015,6,0.0,climatology_apa_intensity12,0.0,2015-06
2210706,Simões,PI,2015,6,0.0,climatology_apa_intensity12,0.053567532184158856,2015-06
2300101,Abaiara,CE,2015,6,0.0,climatology_apa_intensity12,0.0,2015-06
2300606,Altaneira,CE,2015,6,0.0,climatology_apa_intensity12,0.0,2015-06
2301307,Araripe,CE,2015,6,0.0,climatology_apa_intensity12,0.0,2015-06
2301604,Assaré,CE,2015,6,0.0,climatology_apa_intensity12,0.0,2015-06
2301901,Barbalha,CE,2015,6,0.0,climatology_apa_intensity12,0.0,2015-06
2302503,Brejo Santo,CE,2015,6,0.0,climatology_apa_intensity12,0.0,2015-06
2302701,Campos Sales,CE,2015,6,0.0,climatology_apa_intensity12,0.0,2015-06
2304202,Crato,CE,2015,6,0.0,climatology_apa_intensity12,0.053567532184158856,2015-06
2304301,Farias Brito,CE,2015,6,0.0,climatology_apa_intensity12,0.0,2015-06
2307106,Jardim,CE,2015,6,0.0,climatology_apa_intensity12,0.0,2015-06
2307205,Jati,CE,2015,6,0.0,climatology_apa_intensity12,0.0,2015-06
2308401,Missão Velha,CE,2015,6,0.0,climatology_apa_intensity12,0.10713506436831771,2015-06
2309201,Nova Olinda,CE,2015,6,0.0,climatology_apa_intensity12,0.0,2015-06
2310605,Penaforte,CE,2015,6,0.0,climatology_apa_intensity12,0.0,2015-06
2311108,Porteiras,CE,2015,6,0.0,climatology_apa_intensity12,0.053567532184158856,2015-06
2311207,Potengi,CE,2015,6,0.0,climatology_apa_intensity12,0.0,2015-06
2311959,Salitre,CE,2015,6,0.0,climatology_apa_intensity12,0.053567532184158856,2015-06
2312106,Santana do Cariri,CE,2015,6,0.0,climatology_apa_intensity12,0.0,2015-06
2601102,Araripina,PE,2015,6,0.0,climatology_apa_intensity12,0.21427012873663542,2015-06
2602001,Bodocó,PE,2015,6,0.0,climatology_apa_intensity12,0.0,2015-06
2604304,Cedro,PE,2015,6,0.0,climatology_apa_intensity12,0.0,2015-06
2605301,Exu,PE,2015,6,0.0,climatology_apa_intensity12,0.053567532184158856,2015-06
2607307,Ipubi,PE,2015,6,0.0,climatology_apa_intensity12,0.0,2015-06
2614006,Serrita,PE,2015,6,0.0,climatology_apa_intensity12,0.0,2015-06
2614303,Moreilândia,PE,2015,6,0.0,climatology_apa_intensity12,0.0,2015-06
2615607,Trindade,PE,2015,6,0.0,climatology_apa_intensity12,0.0,2015-06
2200277,Alegrete do Piauí,PI,2015,7,0.0,climatology_municipal,0.0,2015-07
2202091,Caldeirão Grande do Piauí,PI,2015,7,0.0,climatology_municipal,0.0,2015-07
2202554,Caridade do Piauí,PI,2015,7,0.0,climatology_municipal,0.0,2015-07
2203271,Curral Novo do Piauí,PI,2015,7,0.0,climatology_municipal,0.0,2015-07
2204154,Francisco Macedo,PI,2015,7,0.0,climatology_municipal,0.0,2015-07
2204303,Fronteiras,PI,2015,7,0.0,climatology_municipal,0.0,2015-07
2205953,Marcolândia,PI,2015,7,0.0,climatology_municipal,0.0,2015-07
2207207,Padre Marcos,PI,2015,7,0.0,climatology_municipal,0.0,2015-07
2210300,São Julião,PI,2015,7,0.0,climatology_municipal,0.0,2015-07
2210706,Simões,PI,2015,7,0.0,climatology_municipal,0.0,2015-07
2300101,Abaiara,CE,2015,7,0.0,climatology_municipal,0.18181818181818182,2015-07
2300606,Altaneira,CE,2015,7,0.0,climatology_municipal,0.0,2015-07
2301307,Araripe,CE,2015,7,0.0,climatology_municipal,0.36363636363636365,2015-07
2301604,Assaré,CE,2015,7,1.0,climatology_municipal,0.0,2015-07
2301901,Barbalha,CE,2015,7,0.0,climatology_municipal,0.09090909090909091,2015-07
2302503,Brejo Santo,CE,2015,7,0.0,climatology_municipal,0.2727272727272727,2015-07
2302701,Campos Sales,CE,2015,7,0.0,climatology_municipal,0.0,2015-07
2304202,Crato,CE,2015,7,0.0,climatology_municipal,0.0,2015-07
2304301,Farias Brito,CE,2015,7,0.0,climatology_municipal,0.09090909090909091,2015-07
2307106,Jardim,CE,2015,7,0.0,climatology_municipal,0.0,2015-07
2307205,Jati,CE,2015,7,0.0,climatology_municipal,0.0,2015-07
2308401,Missão Velha,CE,2015,7,1.0,climatology_municipal,0.09090909090909091,2015-07
2309201,Nova Olinda,CE,2015,7,0.0,climatology_municipal,0.45454545454545453,2015-07
2310605,Penaforte,CE,2015,7,0.0,climatology_municipal,0.0,2015-07
2311108,Porteiras,CE,2015,7,0.0,climatology_municipal,0.2727272727272727,2015-07
2311207,Potengi,CE,2015,7,0.0,climatology_municipal,0.18181818181818182,2015-07
2311959,Salitre,CE,2015,7,0.0,climatology_municipal,0.0,2015-07
2312106,Santana do Cariri,CE,2015,7,0.0,climatology_municipal,0.18181818181818182,2015-07
2601102,Araripina,PE,2015,7,0.0,climatology_municipal,1.0,2015-07
2602001,Bodocó,PE,2015,7,0.0,climatology_municipal,0.2727272727272727,2015-07
2604304,Cedro,PE,2015,7,0.0,climatology_municipal,0.0,2015-07
2605301,Exu,PE,2015,7,0.0,climatology_municipal,0.09090909090909091,2015-07
2607307,Ipubi,PE,2015,7,0.0,climatology_municipal,0.0,2015-07
2614006,Serrita,PE,2015,7,0.0,climatology_municipal,0.0,2015-07
2614303,Moreilândia,PE,2015,7,0.0,climatology_municipal,0.18181818181818182,2015-07
2615607,Trindade,PE,2015,7,0.0,climatology_municipal,0.0,2015-07
2200277,Alegrete do Piauí,PI,2015,7,0.0,climatology_apa_intensity12,0.0,2015-07
2202091,Caldeirão Grande do Piauí,PI,2015,7,0.0,climatology_apa_intensity12,0.0,2015-07
2202554,Caridade do Piauí,PI,2015,7,0.0,climatology_apa_intensity12,0.0,2015-07
2203271,Curral Novo do Piauí,PI,2015,7,0.0,climatology_apa_intensity12,0.0,2015-07
2204154,Francisco Macedo,PI,2015,7,0.0,climatology_apa_intensity12,0.0,2015-07
2204303,Fronteiras,PI,2015,7,0.0,climatology_apa_intensity12,0.0,2015-07
2205953,Marcolândia,PI,2015,7,0.0,climatology_apa_intensity12,0.0,2015-07
2207207,Padre Marcos,PI,2015,7,0.0,climatology_apa_intensity12,0.0,2015-07
2210300,São Julião,PI,2015,7,0.0,climatology_apa_intensity12,0.0,2015-07
2210706,Simões,PI,2015,7,0.0,climatology_apa_intensity12,0.0,2015-07
2300101,Abaiara,CE,2015,7,0.0,climatology_apa_intensity12,0.10670934070430348,2015-07
2300606,Altaneira,CE,2015,7,0.0,climatology_apa_intensity12,0.0,2015-07
2301307,Araripe,CE,2015,7,0.0,climatology_apa_intensity12,0.21341868140860695,2015-07
2301604,Assaré,CE,2015,7,1.0,climatology_apa_intensity12,0.0,2015-07
2301901,Barbalha,CE,2015,7,0.0,climatology_apa_intensity12,0.05335467035215174,2015-07
2302503,Brejo Santo,CE,2015,7,0.0,climatology_apa_intensity12,0.1600640110564552,2015-07
2302701,Campos Sales,CE,2015,7,0.0,climatology_apa_intensity12,0.0,2015-07
2304202,Crato,CE,2015,7,0.0,climatology_apa_intensity12,0.0,2015-07
2304301,Farias Brito,CE,2015,7,0.0,climatology_apa_intensity12,0.05335467035215174,2015-07
2307106,Jardim,CE,2015,7,0.0,climatology_apa_intensity12,0.0,2015-07
2307205,Jati,CE,2015,7,0.0,climatology_apa_intensity12,0.0,2015-07
2308401,Missão Velha,CE,2015,7,1.0,climatology_apa_intensity12,0.05335467035215174,2015-07
2309201,Nova Olinda,CE,2015,7,0.0,climatology_apa_intensity12,0.26677335176075867,2015-07
2310605,Penaforte,CE,2015,7,0.0,climatology_apa_intensity12,0.0,2015-07
2311108,Porteiras,CE,2015,7,0.0,climatology_apa_intensity12,0.1600640110564552,2015-07
2311207,Potengi,CE,2015,7,0.0,climatology_apa_intensity12,0.10670934070430348,2015-07
2311959,Salitre,CE,2015,7,0.0,climatology_apa_intensity12,0.0,2015-07
2312106,Santana do Cariri,CE,2015,7,0.0,climatology_apa_intensity12,0.10670934070430348,2015-07
2601102,Araripina,PE,2015,7,0.0,climatology_apa_intensity12,0.5869013738736691,2015-07
2602001,Bodocó,PE,2015,7,0.0,climatology_apa_intensity12,0.1600640110564552,2015-07
2604304,Cedro,PE,2015,7,0.0,climatology_apa_intensity12,0.0,2015-07
2605301,Exu,PE,2015,7,0.0,climatology_apa_intensity12,0.05335467035215174,2015-07
2607307,Ipubi,PE,2015,7,0.0,climatology_apa_intensity12,0.0,2015-07
2614006,Serrita,PE,2015,7,0.0,climatology_apa_intensity12,0.0,2015-07
2614303,Moreilândia,PE,2015,7,0.0,climatology_apa_intensity12,0.10670934070430348,2015-07
2615607,Trindade,PE,2015,7,0.0,climatology_apa_intensity12,0.0,2015-07
2200277,Alegrete do Piauí,PI,2015,8,0.0,climatology_municipal,0.0,2015-08
2202091,Caldeirão Grande do Piauí,PI,2015,8,0.0,climatology_municipal,0.0,2015-08
2202554,Caridade do Piauí,PI,2015,8,0.0,climatology_municipal,0.0,2015-08
2203271,Curral Novo do Piauí,PI,2015,8,0.0,climatology_municipal,0.0,2015-08
2204154,Francisco Macedo,PI,2015,8,0.0,climatology_municipal,0.0,2015-08
2204303,Fronteiras,PI,2015,8,0.0,climatology_municipal,0.09090909090909091,2015-08
2205953,Marcolândia,PI,2015,8,0.0,climatology_municipal,0.18181818181818182,2015-08
2207207,Padre Marcos,PI,2015,8,0.0,climatology_municipal,0.0,2015-08
2210300,São Julião,PI,2015,8,0.0,climatology_municipal,0.0,2015-08
2210706,Simões,PI,2015,8,0.0,climatology_municipal,0.18181818181818182,2015-08
2300101,Abaiara,CE,2015,8,0.0,climatology_municipal,0.2727272727272727,2015-08
2300606,Altaneira,CE,2015,8,0.0,climatology_municipal,0.0,2015-08
2301307,Araripe,CE,2015,8,0.0,climatology_municipal,0.36363636363636365,2015-08
2301604,Assaré,CE,2015,8,0.0,climatology_municipal,0.9090909090909091,2015-08
2301901,Barbalha,CE,2015,8,1.0,climatology_municipal,0.9090909090909091,2015-08
2302503,Brejo Santo,CE,2015,8,0.0,climatology_municipal,0.2727272727272727,2015-08
2302701,Campos Sales,CE,2015,8,0.0,climatology_municipal,0.2727272727272727,2015-08
2304202,Crato,CE,2015,8,4.0,climatology_municipal,1.3636363636363635,2015-08
2304301,Farias Brito,CE,2015,8,0.0,climatology_municipal,0.18181818181818182,2015-08
2307106,Jardim,CE,2015,8,0.0,climatology_municipal,0.09090909090909091,2015-08
2307205,Jati,CE,2015,8,0.0,climatology_municipal,0.0,2015-08
2308401,Missão Velha,CE,2015,8,0.0,climatology_municipal,0.18181818181818182,2015-08
2309201,Nova Olinda,CE,2015,8,0.0,climatology_municipal,0.2727272727272727,2015-08
2310605,Penaforte,CE,2015,8,0.0,climatology_municipal,0.0,2015-08
2311108,Porteiras,CE,2015,8,0.0,climatology_municipal,0.0,2015-08
2311207,Potengi,CE,2015,8,0.0,climatology_municipal,0.0,2015-08
2311959,Salitre,CE,2015,8,0.0,climatology_municipal,0.09090909090909091,2015-08
2312106,Santana do Cariri,CE,2015,8,2.0,climatology_municipal,0.45454545454545453,2015-08
2601102,Araripina,PE,2015,8,0.0,climatology_municipal,0.7272727272727273,2015-08
2602001,Bodocó,PE,2015,8,0.0,climatology_municipal,0.18181818181818182,2015-08
2604304,Cedro,PE,2015,8,0.0,climatology_municipal,0.0,2015-08
2605301,Exu,PE,2015,8,0.0,climatology_municipal,0.6363636363636364,2015-08
2607307,Ipubi,PE,2015,8,2.0,climatology_municipal,0.6363636363636364,2015-08
2614006,Serrita,PE,2015,8,1.0,climatology_municipal,0.09090909090909091,2015-08
2614303,Moreilândia,PE,2015,8,0.0,climatology_municipal,0.0,2015-08
2615607,Trindade,PE,2015,8,0.0,climatology_municipal,0.36363636363636365,2015-08
2200277,Alegrete do Piauí,PI,2015,8,0.0,climatology_apa_intensity12,0.0,2015-08
2202091,Caldeirão Grande do Piauí,PI,2015,8,0.0,climatology_apa_intensity12,0.0,2015-08
2202554,Caridade do Piauí,PI,2015,8,0.0,climatology_apa_intensity12,0.0,2015-08
2203271,Curral Novo do Piauí,PI,2015,8,0.0,climatology_apa_intensity12,0.0,2015-08
2204154,Francisco Macedo,PI,2015,8,0.0,climatology_apa_intensity12,0.0,2015-08
2204303,Fronteiras,PI,2015,8,0.0,climatology_apa_intensity12,0.05314563212746222,2015-08
2205953,Marcolândia,PI,2015,8,0.0,climatology_apa_intensity12,0.10629126425492444,2015-08
2207207,Padre Marcos,PI,2015,8,0.0,climatology_apa_intensity12,0.0,2015-08
2210300,São Julião,PI,2015,8,0.0,climatology_apa_intensity12,0.0,2015-08
2210706,Simões,PI,2015,8,0.0,climatology_apa_intensity12,0.10629126425492444,2015-08
2300101,Abaiara,CE,2015,8,0.0,climatology_apa_intensity12,0.15943689638238664,2015-08
2300606,Altaneira,CE,2015,8,0.0,climatology_apa_intensity12,0.0,2015-08
2301307,Araripe,CE,2015,8,0.0,climatology_apa_intensity12,0.21258252850984888,2015-08
2301604,Assaré,CE,2015,8,0.0,climatology_apa_intensity12,0.5314563212746222,2015-08
2301901,Barbalha,CE,2015,8,1.0,climatology_apa_intensity12,0.5314563212746222,2015-08
2302503,Brejo Santo,CE,2015,8,0.0,climatology_apa_intensity12,0.15943689638238664,2015-08
2302701,Campos Sales,CE,2015,8,0.0,climatology_apa_intensity12,0.15943689638238664,2015-08
2304202,Crato,CE,2015,8,4.0,climatology_apa_intensity12,0.7971844819119333,2015-08
2304301,Farias Brito,CE,2015,8,0.0,climatology_apa_intensity12,0.10629126425492444,2015-08
2307106,Jardim,CE,2015,8,0.0,climatology_apa_intensity12,0.05314563212746222,2015-08
2307205,Jati,CE,2015,8,0.0,climatology_apa_intensity12,0.0,2015-08
2308401,Missão Velha,CE,2015,8,0.0,climatology_apa_intensity12,0.10629126425492444,2015-08
2309201,Nova Olinda,CE,2015,8,0.0,climatology_apa_intensity12,0.15943689638238664,2015-08
2310605,Penaforte,CE,2015,8,0.0,climatology_apa_intensity12,0.0,2015-08
2311108,Porteiras,CE,2015,8,0.0,climatology_apa_intensity12,0.0,2015-08
2311207,Potengi,CE,2015,8,0.0,climatology_apa_intensity12,0.0,2015-08
2311959,Salitre,CE,2015,8,0.0,climatology_apa_intensity12,0.05314563212746222,2015-08
2312106,Santana do Cariri,CE,2015,8,2.0,climatology_apa_intensity12,0.2657281606373111,2015-08
2601102,Araripina,PE,2015,8,0.0,climatology_apa_intensity12,0.42516505701969776,2015-08
2602001,Bodocó,PE,2015,8,0.0,climatology_apa_intensity12,0.10629126425492444,2015-08
2604304,Cedro,PE,2015,8,0.0,climatology_apa_intensity12,0.0,2015-08
2605301,Exu,PE,2015,8,0.0,climatology_apa_intensity12,0.37201942489223555,2015-08
2607307,Ipubi,PE,2015,8,2.0,climatology_apa_intensity12,0.37201942489223555,2015-08
2614006,Serrita,PE,2015,8,1.0,climatology_apa_intensity12,0.05314563212746222,2015-08
2614303,Moreilândia,PE,2015,8,0.0,climatology_apa_intensity12,0.0,2015-08
2615607,Trindade,PE,2015,8,0.0,climatology_apa_intensity12,0.21258252850984888,2015-08
2200277,Alegrete do Piauí,PI,2015,9,1.0,climatology_municipal,0.5454545454545454,2015-09
2202091,Caldeirão Grande do Piauí,PI,2015,9,0.0,climatology_municipal,1.7272727272727273,2015-09
2202554,Caridade do Piauí,PI,2015,9,0.0,climatology_municipal,2.5454545454545454,2015-09
2203271,Curral Novo do Piauí,PI,2015,9,0.0,climatology_municipal,2.4545454545454546,2015-09
2204154,Francisco Macedo,PI,2015,9,0.0,climatology_municipal,0.2727272727272727,2015-09
2204303,Fronteiras,PI,2015,9,4.0,climatology_municipal,3.0,2015-09
2205953,Marcolândia,PI,2015,9,0.0,climatology_municipal,1.0,2015-09
2207207,Padre Marcos,PI,2015,9,0.0,climatology_municipal,0.09090909090909091,2015-09
2210300,São Julião,PI,2015,9,0.0,climatology_municipal,1.9090909090909092,2015-09
2210706,Simões,PI,2015,9,1.0,climatology_municipal,1.6363636363636365,2015-09
2300101,Abaiara,CE,2015,9,0.0,climatology_municipal,0.36363636363636365,2015-09
2300606,Altaneira,CE,2015,9,0.0,climatology_municipal,0.0,2015-09
2301307,Araripe,CE,2015,9,9.0,climatology_municipal,5.454545454545454,2015-09
2301604,Assaré,CE,2015,9,1.0,climatology_municipal,1.5454545454545454,2015-09
2301901,Barbalha,CE,2015,9,4.0,climatology_municipal,2.6363636363636362,2015-09
2302503,Brejo Santo,CE,2015,9,0.0,climatology_municipal,1.2727272727272727,2015-09
2302701,Campos Sales,CE,2015,9,2.0,climatology_municipal,1.8181818181818181,2015-09
2304202,Crato,CE,2015,9,2.0,climatology_municipal,3.5454545454545454,2015-09
2304301,Farias Brito,CE,2015,9,0.0,climatology_municipal,1.9090909090909092,2015-09
2307106,Jardim,CE,2015,9,0.0,climatology_municipal,2.090909090909091,2015-09
2307205,Jati,CE,2015,9,1.0,climatology_municipal,0.5454545454545454,2015-09
2308401,Missão Velha,CE,2015,9,1.0,climatology_municipal,3.272727272727273,2015-09
2309201,Nova Olinda,CE,2015,9,2.0,climatology_municipal,0.9090909090909091,2015-09
2310605,Penaforte,CE,2015,9,0.0,climatology_municipal,0.0,2015-09
2311108,Porteiras,CE,2015,9,0.0,climatology_municipal,1.2727272727272727,2015-09
2311207,Potengi,CE,2015,9,4.0,climatology_municipal,1.0,2015-09
2311959,Salitre,CE,2015,9,0.0,climatology_municipal,1.8181818181818181,2015-09
2312106,Santana do Cariri,CE,2015,9,0.0,climatology_municipal,2.090909090909091,2015-09
2601102,Araripina,PE,2015,9,6.0,climatology_municipal,9.0,2015-09
2602001,Bodocó,PE,2015,9,21.0,climatology_municipal,11.363636363636363,2015-09
2604304,Cedro,PE,2015,9,0.0,climatology_municipal,0.0,2015-09
2605301,Exu,PE,2015,9,2.0,climatology_municipal,2.6363636363636362,2015-09
2607307,Ipubi,PE,2015,9,7.0,climatology_municipal,2.272727272727273,2015-09
2614006,Serrita,PE,2015,9,11.0,climatology_municipal,4.7272727272727275,2015-09
2614303,Moreilândia,PE,2015,9,1.0,climatology_municipal,1.0909090909090908,2015-09
2615607,Trindade,PE,2015,9,3.0,climatology_municipal,1.0909090909090908,2015-09
2200277,Alegrete do Piauí,PI,2015,9,1.0,climatology_apa_intensity12,0.3207972648577871,2015-09
2202091,Caldeirão Grande do Piauí,PI,2015,9,0.0,climatology_apa_intensity12,1.0158580053829926,2015-09
2202554,Caridade do Piauí,PI,2015,9,0.0,climatology_apa_intensity12,1.4970539026696732,2015-09
2203271,Curral Novo do Piauí,PI,2015,9,0.0,climatology_apa_intensity12,1.443587691860042,2015-09
2204154,Francisco Macedo,PI,2015,9,0.0,climatology_apa_intensity12,0.16039863242889354,2015-09
2204303,Fronteiras,PI,2015,9,4.0,climatology_apa_intensity12,1.7643849567178291,2015-09
2205953,Marcolândia,PI,2015,9,0.0,climatology_apa_intensity12,0.5881283189059431,2015-09
2207207,Padre Marcos,PI,2015,9,0.0,climatology_apa_intensity12,0.05346621080963119,2015-09
2210300,São Julião,PI,2015,9,0.0,climatology_apa_intensity12,1.122790427002255,2015-09
2210706,Simões,PI,2015,9,1.0,climatology_apa_intensity12,0.9623917945733614,2015-09
2300101,Abaiara,CE,2015,9,0.0,climatology_apa_intensity12,0.21386484323852475,2015-09
2300606,Altaneira,CE,2015,9,0.0,climatology_apa_intensity12,0.0,2015-09
2301307,Araripe,CE,2015,9,9.0,climatology_apa_intensity12,3.2079726485778712,2015-09
2301604,Assaré,CE,2015,9,1.0,climatology_apa_intensity12,0.9089255837637302,2015-09
2301901,Barbalha,CE,2015,9,4.0,climatology_apa_intensity12,1.5505201134793045,2015-09
2302503,Brejo Santo,CE,2015,9,0.0,climatology_apa_intensity12,0.7485269513348366,2015-09
2302701,Campos Sales,CE,2015,9,2.0,climatology_apa_intensity12,1.0693242161926237,2015-09
2304202,Crato,CE,2015,9,2.0,climatology_apa_intensity12,2.085182221575616,2015-09
2304301,Farias Brito,CE,2015,9,0.0,climatology_apa_intensity12,1.122790427002255,2015-09
2307106,Jardim,CE,2015,9,0.0,climatology_apa_intensity12,1.2297228486215173,2015-09
2307205,Jati,CE,2015,9,1.0,climatology_apa_intensity12,0.3207972648577871,2015-09
2308401,Missão Velha,CE,2015,9,1.0,climatology_apa_intensity12,1.9247835891467229,2015-09
2309201,Nova Olinda,CE,2015,9,2.0,climatology_apa_intensity12,0.5346621080963119,2015-09
2310605,Penaforte,CE,2015,9,0.0,climatology_apa_intensity12,0.0,2015-09
2311108,Porteiras,CE,2015,9,0.0,climatology_apa_intensity12,0.7485269513348366,2015-09
2311207,Potengi,CE,2015,9,4.0,climatology_apa_intensity12,0.5881283189059431,2015-09
2311959,Salitre,CE,2015,9,0.0,climatology_apa_intensity12,1.0693242161926237,2015-09
2312106,Santana do Cariri,CE,2015,9,0.0,climatology_apa_intensity12,1.2297228486215173,2015-09
2601102,Araripina,PE,2015,9,6.0,climatology_apa_intensity12,5.293154870153487,2015-09
2602001,Bodocó,PE,2015,9,21.0,climatology_apa_intensity12,6.683276351203898,2015-09
2604304,Cedro,PE,2015,9,0.0,climatology_apa_intensity12,0.0,2015-09
2605301,Exu,PE,2015,9,2.0,climatology_apa_intensity12,1.5505201134793045,2015-09
2607307,Ipubi,PE,2015,9,7.0,climatology_apa_intensity12,1.33665527024078,2015-09
2614006,Serrita,PE,2015,9,11.0,climatology_apa_intensity12,2.780242962100822,2015-09
2614303,Moreilândia,PE,2015,9,1.0,climatology_apa_intensity12,0.6415945297155742,2015-09
2615607,Trindade,PE,2015,9,3.0,climatology_apa_intensity12,0.6415945297155742,2015-09
2200277,Alegrete do Piauí,PI,2015,10,0.0,climatology_municipal,1.0909090909090908,2015-10
2202091,Caldeirão Grande do Piauí,PI,2015,10,0.0,climatology_municipal,5.454545454545454,2015-10
2202554,Caridade do Piauí,PI,2015,10,4.0,climatology_municipal,10.454545454545455,2015-10
2203271,Curral Novo do Piauí,PI,2015,10,1.0,climatology_municipal,7.0,2015-10
2204154,Francisco Macedo,PI,2015,10,0.0,climatology_municipal,2.4545454545454546,2015-10
2204303,Fronteiras,PI,2015,10,8.0,climatology_municipal,7.2727272727272725,2015-10
2205953,Marcolândia,PI,2015,10,0.0,climatology_municipal,1.0,2015-10
2207207,Padre Marcos,PI,2015,10,0.0,climatology_municipal,2.4545454545454546,2015-10
2210300,São Julião,PI,2015,10,1.0,climatology_municipal,1.1818181818181819,2015-10
2210706,Simões,PI,2015,10,5.0,climatology_municipal,9.454545454545455,2015-10
2300101,Abaiara,CE,2015,10,0.0,climatology_municipal,0.9090909090909091,2015-10
2300606,Altaneira,CE,2015,10,0.0,climatology_municipal,0.6363636363636364,2015-10
2301307,Araripe,CE,2015,10,14.0,climatology_municipal,7.2727272727272725,2015-10
2301604,Assaré,CE,2015,10,5.0,climatology_municipal,2.272727272727273,2015-10
2301901,Barbalha,CE,2015,10,1.0,climatology_municipal,2.5454545454545454,2015-10
2302503,Brejo Santo,CE,2015,10,3.0,climatology_municipal,2.727272727272727,2015-10
2302701,Campos Sales,CE,2015,10,2.0,climatology_municipal,2.6363636363636362,2015-10
2304202,Crato,CE,2015,10,7.0,climatology_municipal,7.363636363636363,2015-10
2304301,Farias Brito,CE,2015,10,1.0,climatology_municipal,2.8181818181818183,2015-10
2307106,Jardim,CE,2015,10,0.0,climatology_municipal,2.1818181818181817,2015-10
2307205,Jati,CE,2015,10,1.0,climatology_municipal,2.1818181818181817,2015-10
2308401,Missão Velha,CE,2015,10,2.0,climatology_municipal,4.181818181818182,2015-10
2309201,Nova Olinda,CE,2015,10,1.0,climatology_municipal,1.0,2015-10
2310605,Penaforte,CE,2015,10,0.0,climatology_municipal,0.2727272727272727,2015-10
2311108,Porteiras,CE,2015,10,0.0,climatology_municipal,0.6363636363636364,2015-10
2311207,Potengi,CE,2015,10,1.0,climatology_municipal,1.3636363636363635,2015-10
2311959,Salitre,CE,2015,10,1.0,climatology_municipal,4.363636363636363,2015-10
2312106,Santana do Cariri,CE,2015,10,9.0,climatology_municipal,5.181818181818182,2015-10
2601102,Araripina,PE,2015,10,7.0,climatology_municipal,22.818181818181817,2015-10
2602001,Bodocó,PE,2015,10,17.0,climatology_municipal,38.81818181818182,2015-10
2604304,Cedro,PE,2015,10,0.0,climatology_municipal,0.2727272727272727,2015-10
2605301,Exu,PE,2015,10,13.0,climatology_municipal,12.545454545454545,2015-10
2607307,Ipubi,PE,2015,10,2.0,climatology_municipal,11.272727272727273,2015-10
2614006,Serrita,PE,2015,10,11.0,climatology_municipal,9.818181818181818,2015-10
2614303,Moreilândia,PE,2015,10,4.0,climatology_municipal,4.181818181818182,2015-10
2615607,Trindade,PE,2015,10,2.0,climatology_municipal,2.727272727272727,2015-10
2200277,Alegrete do Piauí,PI,2015,10,0.0,climatology_apa_intensity12,0.6753619763499695,2015-10
2202091,Caldeirão Grande do Piauí,PI,2015,10,0.0,climatology_apa_intensity12,3.3768098817498475,2015-10
2202554,Caridade do Piauí,PI,2015,10,4.0,climatology_apa_intensity12,6.472218940020542,2015-10
2203271,Curral Novo do Piauí,PI,2015,10,1.0,climatology_apa_intensity12,4.333572681578971,2015-10
2204154,Francisco Macedo,PI,2015,10,0.0,climatology_apa_intensity12,1.5195644467874316,2015-10
2204303,Fronteiras,PI,2015,10,8.0,climatology_apa_intensity12,4.502413175666463,2015-10
2205953,Marcolândia,PI,2015,10,0.0,climatology_apa_intensity12,0.6190818116541388,2015-10
2207207,Padre Marcos,PI,2015,10,0.0,climatology_apa_intensity12,1.5195644467874316,2015-10
2210300,São Julião,PI,2015,10,1.0,climatology_apa_intensity12,0.7316421410458004,2015-10
2210706,Simões,PI,2015,10,5.0,climatology_apa_intensity12,5.853137128366403,2015-10
2300101,Abaiara,CE,2015,10,0.0,climatology_apa_intensity12,0.5628016469583079,2015-10
2300606,Altaneira,CE,2015,10,0.0,climatology_apa_intensity12,0.39396115287081557,2015-10
2301307,Araripe,CE,2015,10,14.0,climatology_apa_intensity12,4.502413175666463,2015-10
2301604,Assaré,CE,2015,10,5.0,climatology_apa_intensity12,1.4070041173957701,2015-10
2301901,Barbalha,CE,2015,10,1.0,climatology_apa_intensity12,1.5758446114832623,2015-10
2302503,Brejo Santo,CE,2015,10,3.0,climatology_apa_intensity12,1.6884049408749238,2015-10
2302701,Campos Sales,CE,2015,10,2.0,climatology_apa_intensity12,1.6321247761790931,2015-10
2304202,Crato,CE,2015,10,7.0,climatology_apa_intensity12,4.558693340362295,2015-10
2304301,Farias Brito,CE,2015,10,1.0,climatology_apa_intensity12,1.7446851055707548,2015-10
2307106,Jardim,CE,2015,10,0.0,climatology_apa_intensity12,1.350723952699939,2015-10
2307205,Jati,CE,2015,10,1.0,climatology_apa_intensity12,1.350723952699939,2015-10
2308401,Missão Velha,CE,2015,10,2.0,climatology_apa_intensity12,2.588887576008217,2015-10
2309201,Nova Olinda,CE,2015,10,1.0,climatology_apa_intensity12,0.6190818116541388,2015-10
2310605,Penaforte,CE,2015,10,0.0,climatology_apa_intensity12,0.16884049408749238,2015-10
2311108,Porteiras,CE,2015,10,0.0,climatology_apa_intensity12,0.39396115287081557,2015-10
2311207,Potengi,CE,2015,10,1.0,climatology_apa_intensity12,0.8442024704374619,2015-10
2311959,Salitre,CE,2015,10,1.0,climatology_apa_intensity12,2.701447905399878,2015-10
2312106,Santana do Cariri,CE,2015,10,9.0,climatology_apa_intensity12,3.2079693876623554,2015-10
2601102,Araripina,PE,2015,10,7.0,climatology_apa_intensity12,14.12632133865353,2015-10
2602001,Bodocó,PE,2015,10,17.0,climatology_apa_intensity12,24.031630325119753,2015-10
2604304,Cedro,PE,2015,10,0.0,climatology_apa_intensity12,0.16884049408749238,2015-10
2605301,Exu,PE,2015,10,13.0,climatology_apa_intensity12,7.76666272802465,2015-10
2607307,Ipubi,PE,2015,10,2.0,climatology_apa_intensity12,6.978740422283019,2015-10
2614006,Serrita,PE,2015,10,11.0,climatology_apa_intensity12,6.0782577871497265,2015-10
2614303,Moreilândia,PE,2015,10,4.0,climatology_apa_intensity12,2.588887576008217,2015-10
2615607,Trindade,PE,2015,10,2.0,climatology_apa_intensity12,1.6884049408749238,2015-10
2200277,Alegrete do Piauí,PI,2015,11,0.0,climatology_municipal,1.4545454545454546,2015-11
2202091,Caldeirão Grande do Piauí,PI,2015,11,0.0,climatology_municipal,7.090909090909091,2015-11
2202554,Caridade do Piauí,PI,2015,11,4.0,climatology_municipal,4.636363636363637,2015-11
2203271,Curral Novo do Piauí,PI,2015,11,2.0,climatology_municipal,2.8181818181818183,2015-11
2204154,Francisco Macedo,PI,2015,11,0.0,climatology_municipal,3.090909090909091,2015-11
2204303,Fronteiras,PI,2015,11,4.0,climatology_municipal,9.727272727272727,2015-11
2205953,Marcolândia,PI,2015,11,0.0,climatology_municipal,1.6363636363636365,2015-11
2207207,Padre Marcos,PI,2015,11,5.0,climatology_municipal,3.727272727272727,2015-11
2210300,São Julião,PI,2015,11,0.0,climatology_municipal,2.0,2015-11
2210706,Simões,PI,2015,11,3.0,climatology_municipal,10.272727272727273,2015-11
2300101,Abaiara,CE,2015,11,1.0,climatology_municipal,2.4545454545454546,2015-11
2300606,Altaneira,CE,2015,11,2.0,climatology_municipal,0.18181818181818182,2015-11
2301307,Araripe,CE,2015,11,7.0,climatology_municipal,17.363636363636363,2015-11
2301604,Assaré,CE,2015,11,2.0,climatology_municipal,6.181818181818182,2015-11
2301901,Barbalha,CE,2015,11,2.0,climatology_municipal,5.545454545454546,2015-11
2302503,Brejo Santo,CE,2015,11,1.0,climatology_municipal,7.0,2015-11
2302701,Campos Sales,CE,2015,11,3.0,climatology_municipal,4.0,2015-11
2304202,Crato,CE,2015,11,3.0,climatology_municipal,11.363636363636363,2015-11
2304301,Farias Brito,CE,2015,11,0.0,climatology_municipal,3.6363636363636362,2015-11
2307106,Jardim,CE,2015,11,0.0,climatology_municipal,3.5454545454545454,2015-11
2307205,Jati,CE,2015,11,1.0,climatology_municipal,3.1818181818181817,2015-11
2308401,Missão Velha,CE,2015,11,6.0,climatology_municipal,10.0,2015-11
2309201,Nova Olinda,CE,2015,11,7.0,climatology_municipal,3.4545454545454546,2015-11
2310605,Penaforte,CE,2015,11,0.0,climatology_municipal,0.2727272727272727,2015-11
2311108,Porteiras,CE,2015,11,0.0,climatology_municipal,1.9090909090909092,2015-11
2311207,Potengi,CE,2015,11,0.0,climatology_municipal,3.0,2015-11
2311959,Salitre,CE,2015,11,2.0,climatology_municipal,11.454545454545455,2015-11
2312106,Santana do Cariri,CE,2015,11,11.0,climatology_municipal,14.0,2015-11
2601102,Araripina,PE,2015,11,9.0,climatology_municipal,16.818181818181817,2015-11
2602001,Bodocó,PE,2015,11,10.0,climatology_municipal,39.72727272727273,2015-11
2604304,Cedro,PE,2015,11,0.0,climatology_municipal,0.09090909090909091,2015-11
2605301,Exu,PE,2015,11,15.0,climatology_municipal,18.363636363636363,2015-11
2607307,Ipubi,PE,2015,11,7.0,climatology_municipal,10.454545454545455,2015-11
2614006,Serrita,PE,2015,11,6.0,climatology_municipal,13.181818181818182,2015-11
2614303,Moreilândia,PE,2015,11,17.0,climatology_municipal,6.2727272727272725,2015-11
2615607,Trindade,PE,2015,11,1.0,climatology_municipal,1.1818181818181819,2015-11
2200277,Alegrete do Piauí,PI,2015,11,0.0,climatology_apa_intensity12,0.8881967663628452,2015-11
2202091,Caldeirão Grande do Piauí,PI,2015,11,0.0,climatology_apa_intensity12,4.32995923601887,2015-11
2202554,Caridade do Piauí,PI,2015,11,4.0,climatology_apa_intensity12,2.8311271927815693,2015-11
2203271,Curral Novo do Piauí,PI,2015,11,2.0,climatology_apa_intensity12,1.7208812348280127,2015-11
2204154,Francisco Macedo,PI,2015,11,0.0,climatology_apa_intensity12,1.887418128521046,2015-11
2204303,Fronteiras,PI,2015,11,4.0,climatology_apa_intensity12,5.939815875051527,2015-11
2205953,Marcolândia,PI,2015,11,0.0,climatology_apa_intensity12,0.9992213621582009,2015-11
2207207,Padre Marcos,PI,2015,11,5.0,climatology_apa_intensity12,2.2760042138047907,2015-11
2210300,São Julião,PI,2015,11,0.0,climatology_apa_intensity12,1.2212705537489121,2015-11
2210706,Simões,PI,2015,11,3.0,climatology_apa_intensity12,6.272889662437595,2015-11
2300101,Abaiara,CE,2015,11,1.0,climatology_apa_intensity12,1.4988320432373012,2015-11
2300606,Altaneira,CE,2015,11,2.0,climatology_apa_intensity12,0.11102459579535565,2015-11
2301307,Araripe,CE,2015,11,7.0,climatology_apa_intensity12,10.602848898456465,2015-11
2301604,Assaré,CE,2015,11,2.0,climatology_apa_intensity12,3.774836257042092,2015-11
2301901,Barbalha,CE,2015,11,2.0,climatology_apa_intensity12,3.3862501717583475,2015-11
2302503,Brejo Santo,CE,2015,11,1.0,climatology_apa_intensity12,4.2744469381211925,2015-11
2302701,Campos Sales,CE,2015,11,3.0,climatology_apa_intensity12,2.4425411074978243,2015-11
2304202,Crato,CE,2015,11,3.0,climatology_apa_intensity12,6.939037237209728,2015-11
2304301,Farias Brito,CE,2015,11,0.0,climatology_apa_intensity12,2.220491915907113,2015-11
2307106,Jardim,CE,2015,11,0.0,climatology_apa_intensity12,2.164979618009435,2015-11
2307205,Jati,CE,2015,11,1.0,climatology_apa_intensity12,1.9429304264187237,2015-11
2308401,Missão Velha,CE,2015,11,6.0,climatology_apa_intensity12,6.106352768744561,2015-11
2309201,Nova Olinda,CE,2015,11,7.0,climatology_apa_intensity12,2.1094673201117575,2015-11
2310605,Penaforte,CE,2015,11,0.0,climatology_apa_intensity12,0.16653689369303346,2015-11
2311108,Porteiras,CE,2015,11,0.0,climatology_apa_intensity12,1.1657582558512343,2015-11
2311207,Potengi,CE,2015,11,0.0,climatology_apa_intensity12,1.8319058306233682,2015-11
2311959,Salitre,CE,2015,11,2.0,climatology_apa_intensity12,6.9945495351074065,2015-11
2312106,Santana do Cariri,CE,2015,11,11.0,climatology_apa_intensity12,8.548893876242385,2015-11
2601102,Araripina,PE,2015,11,9.0,climatology_apa_intensity12,10.269775111070397,2015-11
2602001,Bodocó,PE,2015,11,10.0,climatology_apa_intensity12,24.258874181285208,2015-11
2604304,Cedro,PE,2015,11,0.0,climatology_apa_intensity12,0.05551229789767782,2015-11
2605301,Exu,PE,2015,11,15.0,climatology_apa_intensity12,11.21348417533092,2015-11
2607307,Ipubi,PE,2015,11,7.0,climatology_apa_intensity12,6.3839142582329504,2015-11
2614006,Serrita,PE,2015,11,6.0,climatology_apa_intensity12,8.049283195163284,2015-11
2614303,Moreilândia,PE,2015,11,17.0,climatology_apa_intensity12,3.8303485549397696,2015-11
2615607,Trindade,PE,2015,11,1.0,climatology_apa_intensity12,0.7216598726698118,2015-11
2200277,Alegrete do Piauí,PI,2015,12,0.0,climatology_municipal,0.8181818181818182,2015-12
2202091,Caldeirão Grande do Piauí,PI,2015,12,0.0,climatology_municipal,1.4545454545454546,2015-12
2202554,Caridade do Piauí,PI,2015,12,0.0,climatology_municipal,2.727272727272727,2015-12
2203271,Curral Novo do Piauí,PI,2015,12,0.0,climatology_municipal,0.45454545454545453,2015-12
2204154,Francisco Macedo,PI,2015,12,1.0,climatology_municipal,1.1818181818181819,2015-12
2204303,Fronteiras,PI,2015,12,1.0,climatology_municipal,2.5454545454545454,2015-12
2205953,Marcolândia,PI,2015,12,0.0,climatology_municipal,1.8181818181818181,2015-12
2207207,Padre Marcos,PI,2015,12,0.0,climatology_municipal,1.1818181818181819,2015-12
2210300,São Julião,PI,2015,12,0.0,climatology_municipal,0.36363636363636365,2015-12
2210706,Simões,PI,2015,12,1.0,climatology_municipal,2.3636363636363638,2015-12
2300101,Abaiara,CE,2015,12,1.0,climatology_municipal,2.4545454545454546,2015-12
2300606,Altaneira,CE,2015,12,0.0,climatology_municipal,0.8181818181818182,2015-12
2301307,Araripe,CE,2015,12,2.0,climatology_municipal,7.545454545454546,2015-12
2301604,Assaré,CE,2015,12,0.0,climatology_municipal,6.090909090909091,2015-12
2301901,Barbalha,CE,2015,12,3.0,climatology_municipal,2.4545454545454546,2015-12
2302503,Brejo Santo,CE,2015,12,0.0,climatology_municipal,2.8181818181818183,2015-12
2302701,Campos Sales,CE,2015,12,0.0,climatology_municipal,2.0,2015-12
2304202,Crato,CE,2015,12,2.0,climatology_municipal,8.272727272727273,2015-12
2304301,Farias Brito,CE,2015,12,0.0,climatology_municipal,2.8181818181818183,2015-12
2307106,Jardim,CE,2015,12,5.0,climatology_municipal,4.363636363636363,2015-12
2307205,Jati,CE,2015,12,0.0,climatology_municipal,0.8181818181818182,2015-12
2308401,Missão Velha,CE,2015,12,5.0,climatology_municipal,7.7272727272727275,2015-12
2309201,Nova Olinda,CE,2015,12,1.0,climatology_municipal,3.727272727272727,2015-12
2310605,Penaforte,CE,2015,12,1.0,climatology_municipal,0.36363636363636365,2015-12
2311108,Porteiras,CE,2015,12,0.0,climatology_municipal,2.272727272727273,2015-12
2311207,Potengi,CE,2015,12,0.0,climatology_municipal,2.0,2015-12
2311959,Salitre,CE,2015,12,8.0,climatology_municipal,5.0,2015-12
2312106,Santana do Cariri,CE,2015,12,7.0,climatology_municipal,14.0,2015-12
2601102,Araripina,PE,2015,12,11.0,climatology_municipal,4.909090909090909,2015-12
2602001,Bodocó,PE,2015,12,12.0,climatology_municipal,19.636363636363637,2015-12
2604304,Cedro,PE,2015,12,0.0,climatology_municipal,0.5454545454545454,2015-12
2605301,Exu,PE,2015,12,7.0,climatology_municipal,14.454545454545455,2015-12
2607307,Ipubi,PE,2015,12,3.0,climatology_municipal,5.363636363636363,2015-12
2614006,Serrita,PE,2015,12,0.0,climatology_municipal,7.818181818181818,2015-12
2614303,Moreilândia,PE,2015,12,2.0,climatology_municipal,3.3636363636363638,2015-12
2615607,Trindade,PE,2015,12,0.0,climatology_municipal,0.45454545454545453,2015-12
2200277,Alegrete do Piauí,PI,2015,12,0.0,climatology_apa_intensity12,0.5493530361817067,2015-12
2202091,Caldeirão Grande do Piauí,PI,2015,12,0.0,climatology_apa_intensity12,0.9766276198785898,2015-12
2202554,Caridade do Piauí,PI,2015,12,0.0,climatology_apa_intensity12,1.8311767872723557,2015-12
2203271,Curral Novo do Piauí,PI,2015,12,0.0,climatology_apa_intensity12,0.3051961312120593,2015-12
2204154,Francisco Macedo,PI,2015,12,1.0,climatology_apa_intensity12,0.7935099411513542,2015-12
2204303,Fronteiras,PI,2015,12,1.0,climatology_apa_intensity12,1.7090983347875321,2015-12
2205953,Marcolândia,PI,2015,12,0.0,climatology_apa_intensity12,1.2207845248482372,2015-12
2207207,Padre Marcos,PI,2015,12,0.0,climatology_apa_intensity12,0.7935099411513542,2015-12
2210300,São Julião,PI,2015,12,0.0,climatology_apa_intensity12,0.24415690496964745,2015-12
2210706,Simões,PI,2015,12,1.0,climatology_apa_intensity12,1.5870198823027084,2015-12
2300101,Abaiara,CE,2015,12,1.0,climatology_apa_intensity12,1.6480591085451202,2015-12
2300606,Altaneira,CE,2015,12,0.0,climatology_apa_intensity12,0.5493530361817067,2015-12
2301307,Araripe,CE,2015,12,2.0,climatology_apa_intensity12,5.066255778120184,2015-12
2301604,Assaré,CE,2015,12,0.0,climatology_apa_intensity12,4.089628158241594,2015-12
2301901,Barbalha,CE,2015,12,3.0,climatology_apa_intensity12,1.6480591085451202,2015-12
2302503,Brejo Santo,CE,2015,12,0.0,climatology_apa_intensity12,1.8922160135147679,2015-12
2302701,Campos Sales,CE,2015,12,0.0,climatology_apa_intensity12,1.342862977333061,2015-12
2304202,Crato,CE,2015,12,2.0,climatology_apa_intensity12,5.55456958805948,2015-12
2304301,Farias Brito,CE,2015,12,0.0,climatology_apa_intensity12,1.8922160135147679,2015-12
2307106,Jardim,CE,2015,12,5.0,climatology_apa_intensity12,2.929882859635769,2015-12
2307205,Jati,CE,2015,12,0.0,climatology_apa_intensity12,0.5493530361817067,2015-12
2308401,Missão Velha,CE,2015,12,5.0,climatology_apa_intensity12,5.188334230605008,2015-12
2309201,Nova Olinda,CE,2015,12,1.0,climatology_apa_intensity12,2.5026082759388864,2015-12
2310605,Penaforte,CE,2015,12,1.0,climatology_apa_intensity12,0.24415690496964745,2015-12
2311108,Porteiras,CE,2015,12,0.0,climatology_apa_intensity12,1.5259806560602966,2015-12
2311207,Potengi,CE,2015,12,0.0,climatology_apa_intensity12,1.342862977333061,2015-12
2311959,Salitre,CE,2015,12,8.0,climatology_apa_intensity12,3.3571574433326523,2015-12
2312106,Santana do Cariri,CE,2015,12,7.0,climatology_apa_intensity12,9.400040841331426,2015-12
2601102,Araripina,PE,2015,12,11.0,climatology_apa_intensity12,3.2961182170902403,2015-12
2602001,Bodocó,PE,2015,12,12.0,climatology_apa_intensity12,13.184472868360961,2015-12
2604304,Cedro,PE,2015,12,0.0,climatology_apa_intensity12,0.3662353574544711,2015-12
2605301,Exu,PE,2015,12,7.0,climatology_apa_intensity12,9.705236972543487,2015-12
2607307,Ipubi,PE,2015,12,3.0,climatology_apa_intensity12,3.6013143483022994,2015-12
2614006,Serrita,PE,2015,12,0.0,climatology_apa_intensity12,5.24937345684742,2015-12
2614303,Moreilândia,PE,2015,12,2.0,climatology_apa_intensity12,2.258451370969239,2015-12
2615607,Trindade,PE,2015,12,0.0,climatology_apa_intensity12,0.3051961312120593,2015-12
2200277,Alegrete do Piauí,PI,2016,1,0.0,climatology_municipal,0.16666666666666666,2016-01
2202091,Caldeirão Grande do Piauí,PI,2016,1,0.0,climatology_municipal,0.25,2016-01
2202554,Caridade do Piauí,PI,2016,1,0.0,climatology_municipal,0.08333333333333333,2016-01
2203271,Curral Novo do Piauí,PI,2016,1,0.0,climatology_municipal,0.0,2016-01
2204154,Francisco Macedo,PI,2016,1,0.0,climatology_municipal,0.0,2016-01
2204303,Fronteiras,PI,2016,1,0.0,climatology_municipal,0.4166666666666667,2016-01
2205953,Marcolândia,PI,2016,1,0.0,climatology_municipal,0.16666666666666666,2016-01
2207207,Padre Marcos,PI,2016,1,0.0,climatology_municipal,0.5,2016-01
2210300,São Julião,PI,2016,1,0.0,climatology_municipal,0.08333333333333333,2016-01
2210706,Simões,PI,2016,1,0.0,climatology_municipal,0.08333333333333333,2016-01
2300101,Abaiara,CE,2016,1,0.0,climatology_municipal,0.08333333333333333,2016-01
2300606,Altaneira,CE,2016,1,0.0,climatology_municipal,0.0,2016-01
2301307,Araripe,CE,2016,1,1.0,climatology_municipal,1.6666666666666667,2016-01
2301604,Assaré,CE,2016,1,2.0,climatology_municipal,2.25,2016-01
2301901,Barbalha,CE,2016,1,2.0,climatology_municipal,0.4166666666666667,2016-01
2302503,Brejo Santo,CE,2016,1,0.0,climatology_municipal,0.5833333333333334,2016-01
2302701,Campos Sales,CE,2016,1,0.0,climatology_municipal,0.4166666666666667,2016-01
2304202,Crato,CE,2016,1,0.0,climatology_municipal,1.1666666666666667,2016-01
2304301,Farias Brito,CE,2016,1,1.0,climatology_municipal,0.75,2016-01
2307106,Jardim,CE,2016,1,0.0,climatology_municipal,0.5833333333333334,2016-01
2307205,Jati,CE,2016,1,0.0,climatology_municipal,0.25,2016-01
2308401,Missão Velha,CE,2016,1,4.0,climatology_municipal,1.1666666666666667,2016-01
2309201,Nova Olinda,CE,2016,1,0.0,climatology_municipal,0.3333333333333333,2016-01
2310605,Penaforte,CE,2016,1,0.0,climatology_municipal,0.08333333333333333,2016-01
2311108,Porteiras,CE,2016,1,0.0,climatology_municipal,0.25,2016-01
2311207,Potengi,CE,2016,1,1.0,climatology_municipal,0.9166666666666666,2016-01
2311959,Salitre,CE,2016,1,0.0,climatology_municipal,0.8333333333333334,2016-01
2312106,Santana do Cariri,CE,2016,1,1.0,climatology_municipal,4.416666666666667,2016-01
2601102,Araripina,PE,2016,1,0.0,climatology_municipal,0.5,2016-01
2602001,Bodocó,PE,2016,1,1.0,climatology_municipal,1.75,2016-01
2604304,Cedro,PE,2016,1,0.0,climatology_municipal,0.08333333333333333,2016-01
2605301,Exu,PE,2016,1,0.0,climatology_municipal,2.6666666666666665,2016-01
2607307,Ipubi,PE,2016,1,0.0,climatology_municipal,0.5,2016-01
2614006,Serrita,PE,2016,1,0.0,climatology_municipal,1.75,2016-01
2614303,Moreilândia,PE,2016,1,0.0,climatology_municipal,0.4166666666666667,2016-01
2615607,Trindade,PE,2016,1,0.0,climatology_municipal,0.08333333333333333,2016-01
2200277,Alegrete do Piauí,PI,2016,1,0.0,climatology_apa_intensity12,0.11502057613168723,2016-01
2202091,Caldeirão Grande do Piauí,PI,2016,1,0.0,climatology_apa_intensity12,0.17253086419753086,2016-01
2202554,Caridade do Piauí,PI,2016,1,0.0,climatology_apa_intensity12,0.057510288065843615,2016-01
2203271,Curral Novo do Piauí,PI,2016,1,0.0,climatology_apa_intensity12,0.0,2016-01
2204154,Francisco Macedo,PI,2016,1,0.0,climatology_apa_intensity12,0.0,2016-01
2204303,Fronteiras,PI,2016,1,0.0,climatology_apa_intensity12,0.2875514403292181,2016-01
2205953,Marcolândia,PI,2016,1,0.0,climatology_apa_intensity12,0.11502057613168723,2016-01
2207207,Padre Marcos,PI,2016,1,0.0,climatology_apa_intensity12,0.3450617283950617,2016-01
2210300,São Julião,PI,2016,1,0.0,climatology_apa_intensity12,0.057510288065843615,2016-01
2210706,Simões,PI,2016,1,0.0,climatology_apa_intensity12,0.057510288065843615,2016-01
2300101,Abaiara,CE,2016,1,0.0,climatology_apa_intensity12,0.057510288065843615,2016-01
2300606,Altaneira,CE,2016,1,0.0,climatology_apa_intensity12,0.0,2016-01
2301307,Araripe,CE,2016,1,1.0,climatology_apa_intensity12,1.1502057613168724,2016-01
2301604,Assaré,CE,2016,1,2.0,climatology_apa_intensity12,1.5527777777777778,2016-01
2301901,Barbalha,CE,2016,1,2.0,climatology_apa_intensity12,0.2875514403292181,2016-01
2302503,Brejo Santo,CE,2016,1,0.0,climatology_apa_intensity12,0.40257201646090535,2016-01
2302701,Campos Sales,CE,2016,1,0.0,climatology_apa_intensity12,0.2875514403292181,2016-01
2304202,Crato,CE,2016,1,0.0,climatology_apa_intensity12,0.8051440329218107,2016-01
2304301,Farias Brito,CE,2016,1,1.0,climatology_apa_intensity12,0.5175925925925926,2016-01
2307106,Jardim,CE,2016,1,0.0,climatology_apa_intensity12,0.40257201646090535,2016-01
2307205,Jati,CE,2016,1,0.0,climatology_apa_intensity12,0.17253086419753086,2016-01
2308401,Missão Velha,CE,2016,1,4.0,climatology_apa_intensity12,0.8051440329218107,2016-01
2309201,Nova Olinda,CE,2016,1,0.0,climatology_apa_intensity12,0.23004115226337446,2016-01
2310605,Penaforte,CE,2016,1,0.0,climatology_apa_intensity12,0.057510288065843615,2016-01
2311108,Porteiras,CE,2016,1,0.0,climatology_apa_intensity12,0.17253086419753086,2016-01
2311207,Potengi,CE,2016,1,1.0,climatology_apa_intensity12,0.6326131687242798,2016-01
2311959,Salitre,CE,2016,1,0.0,climatology_apa_intensity12,0.5751028806584362,2016-01
2312106,Santana do Cariri,CE,2016,1,1.0,climatology_apa_intensity12,3.048045267489712,2016-01
2601102,Araripina,PE,2016,1,0.0,climatology_apa_intensity12,0.3450617283950617,2016-01
2602001,Bodocó,PE,2016,1,1.0,climatology_apa_intensity12,1.207716049382716,2016-01
2604304,Cedro,PE,2016,1,0.0,climatology_apa_intensity12,0.057510288065843615,2016-01
2605301,Exu,PE,2016,1,0.0,climatology_apa_intensity12,1.8403292181069957,2016-01
2607307,Ipubi,PE,2016,1,0.0,climatology_apa_intensity12,0.3450617283950617,2016-01
2614006,Serrita,PE,2016,1,0.0,climatology_apa_intensity12,1.207716049382716,2016-01
2614303,Moreilândia,PE,2016,1,0.0,climatology_apa_intensity12,0.2875514403292181,2016-01
2615607,Trindade,PE,2016,1,0.0,climatology_apa_intensity12,0.057510288065843615,2016-01
2200277,Alegrete do Piauí,PI,2016,2,0.0,climatology_municipal,0.0,2016-02
2202091,Caldeirão Grande do Piauí,PI,2016,2,0.0,climatology_municipal,0.08333333333333333,2016-02
2202554,Caridade do Piauí,PI,2016,2,0.0,climatology_municipal,0.0,2016-02
2203271,Curral Novo do Piauí,PI,2016,2,0.0,climatology_municipal,0.0,2016-02
2204154,Francisco Macedo,PI,2016,2,0.0,climatology_municipal,0.0,2016-02
2204303,Fronteiras,PI,2016,2,0.0,climatology_municipal,0.0,2016-02
2205953,Marcolândia,PI,2016,2,0.0,climatology_municipal,0.0,2016-02
2207207,Padre Marcos,PI,2016,2,0.0,climatology_municipal,0.08333333333333333,2016-02
2210300,São Julião,PI,2016,2,0.0,climatology_municipal,0.0,2016-02
2210706,Simões,PI,2016,2,0.0,climatology_municipal,0.08333333333333333,2016-02
2300101,Abaiara,CE,2016,2,0.0,climatology_municipal,0.0,2016-02
2300606,Altaneira,CE,2016,2,0.0,climatology_municipal,0.0,2016-02
2301307,Araripe,CE,2016,2,0.0,climatology_municipal,0.16666666666666666,2016-02
2301604,Assaré,CE,2016,2,0.0,climatology_municipal,0.4166666666666667,2016-02
2301901,Barbalha,CE,2016,2,0.0,climatology_municipal,0.25,2016-02
2302503,Brejo Santo,CE,2016,2,0.0,climatology_municipal,0.08333333333333333,2016-02
2302701,Campos Sales,CE,2016,2,0.0,climatology_municipal,0.0,2016-02
2304202,Crato,CE,2016,2,0.0,climatology_municipal,0.25,2016-02
2304301,Farias Brito,CE,2016,2,0.0,climatology_municipal,0.0,2016-02
2307106,Jardim,CE,2016,2,0.0,climatology_municipal,0.0,2016-02
2307205,Jati,CE,2016,2,1.0,climatology_municipal,0.16666666666666666,2016-02
2308401,Missão Velha,CE,2016,2,0.0,climatology_municipal,0.16666666666666666,2016-02
2309201,Nova Olinda,CE,2016,2,0.0,climatology_municipal,0.0,2016-02
2310605,Penaforte,CE,2016,2,0.0,climatology_municipal,0.16666666666666666,2016-02
2311108,Porteiras,CE,2016,2,0.0,climatology_municipal,0.16666666666666666,2016-02
2311207,Potengi,CE,2016,2,0.0,climatology_municipal,0.4166666666666667,2016-02
2311959,Salitre,CE,2016,2,0.0,climatology_municipal,0.08333333333333333,2016-02
2312106,Santana do Cariri,CE,2016,2,1.0,climatology_municipal,0.3333333333333333,2016-02
2601102,Araripina,PE,2016,2,0.0,climatology_municipal,0.16666666666666666,2016-02
2602001,Bodocó,PE,2016,2,0.0,climatology_municipal,0.08333333333333333,2016-02
2604304,Cedro,PE,2016,2,0.0,climatology_municipal,0.0,2016-02
2605301,Exu,PE,2016,2,0.0,climatology_municipal,0.25,2016-02
2607307,Ipubi,PE,2016,2,1.0,climatology_municipal,0.0,2016-02
2614006,Serrita,PE,2016,2,0.0,climatology_municipal,0.16666666666666666,2016-02
2614303,Moreilândia,PE,2016,2,3.0,climatology_municipal,0.0,2016-02
2615607,Trindade,PE,2016,2,0.0,climatology_municipal,0.08333333333333333,2016-02
2200277,Alegrete do Piauí,PI,2016,2,0.0,climatology_apa_intensity12,0.0,2016-02
2202091,Caldeirão Grande do Piauí,PI,2016,2,0.0,climatology_apa_intensity12,0.055931478194726165,2016-02
2202554,Caridade do Piauí,PI,2016,2,0.0,climatology_apa_intensity12,0.0,2016-02
2203271,Curral Novo do Piauí,PI,2016,2,0.0,climatology_apa_intensity12,0.0,2016-02
2204154,Francisco Macedo,PI,2016,2,0.0,climatology_apa_intensity12,0.0,2016-02
2204303,Fronteiras,PI,2016,2,0.0,climatology_apa_intensity12,0.0,2016-02
2205953,Marcolândia,PI,2016,2,0.0,climatology_apa_intensity12,0.0,2016-02
2207207,Padre Marcos,PI,2016,2,0.0,climatology_apa_intensity12,0.055931478194726165,2016-02
2210300,São Julião,PI,2016,2,0.0,climatology_apa_intensity12,0.0,2016-02
2210706,Simões,PI,2016,2,0.0,climatology_apa_intensity12,0.055931478194726165,2016-02
2300101,Abaiara,CE,2016,2,0.0,climatology_apa_intensity12,0.0,2016-02
2300606,Altaneira,CE,2016,2,0.0,climatology_apa_intensity12,0.0,2016-02
2301307,Araripe,CE,2016,2,0.0,climatology_apa_intensity12,0.11186295638945233,2016-02
2301604,Assaré,CE,2016,2,0.0,climatology_apa_intensity12,0.27965739097363085,2016-02
2301901,Barbalha,CE,2016,2,0.0,climatology_apa_intensity12,0.1677944345841785,2016-02
2302503,Brejo Santo,CE,2016,2,0.0,climatology_apa_intensity12,0.055931478194726165,2016-02
2302701,Campos Sales,CE,2016,2,0.0,climatology_apa_intensity12,0.0,2016-02
2304202,Crato,CE,2016,2,0.0,climatology_apa_intensity12,0.1677944345841785,2016-02
2304301,Farias Brito,CE,2016,2,0.0,climatology_apa_intensity12,0.0,2016-02
2307106,Jardim,CE,2016,2,0.0,climatology_apa_intensity12,0.0,2016-02
2307205,Jati,CE,2016,2,1.0,climatology_apa_intensity12,0.11186295638945233,2016-02
2308401,Missão Velha,CE,2016,2,0.0,climatology_apa_intensity12,0.11186295638945233,2016-02
2309201,Nova Olinda,CE,2016,2,0.0,climatology_apa_intensity12,0.0,2016-02
2310605,Penaforte,CE,2016,2,0.0,climatology_apa_intensity12,0.11186295638945233,2016-02
2311108,Porteiras,CE,2016,2,0.0,climatology_apa_intensity12,0.11186295638945233,2016-02
2311207,Potengi,CE,2016,2,0.0,climatology_apa_intensity12,0.27965739097363085,2016-02
2311959,Salitre,CE,2016,2,0.0,climatology_apa_intensity12,0.055931478194726165,2016-02
2312106,Santana do Cariri,CE,2016,2,1.0,climatology_apa_intensity12,0.22372591277890466,2016-02
2601102,Araripina,PE,2016,2,0.0,climatology_apa_intensity12,0.11186295638945233,2016-02
2602001,Bodocó,PE,2016,2,0.0,climatology_apa_intensity12,0.055931478194726165,2016-02
2604304,Cedro,PE,2016,2,0.0,climatology_apa_intensity12,0.0,2016-02
2605301,Exu,PE,2016,2,0.0,climatology_apa_intensity12,0.1677944345841785,2016-02
2607307,Ipubi,PE,2016,2,1.0,climatology_apa_intensity12,0.0,2016-02
2614006,Serrita,PE,2016,2,0.0,climatology_apa_intensity12,0.11186295638945233,2016-02
2614303,Moreilândia,PE,2016,2,3.0,climatology_apa_intensity12,0.0,2016-02
2615607,Trindade,PE,2016,2,0.0,climatology_apa_intensity12,0.055931478194726165,2016-02
2200277,Alegrete do Piauí,PI,2016,3,0.0,climatology_municipal,0.0,2016-03
2202091,Caldeirão Grande do Piauí,PI,2016,3,0.0,climatology_municipal,0.0,2016-03
2202554,Caridade do Piauí,PI,2016,3,0.0,climatology_municipal,0.0,2016-03
2203271,Curral Novo do Piauí,PI,2016,3,0.0,climatology_municipal,0.0,2016-03
2204154,Francisco Macedo,PI,2016,3,0.0,climatology_municipal,0.0,2016-03
2204303,Fronteiras,PI,2016,3,0.0,climatology_municipal,0.0,2016-03
2205953,Marcolândia,PI,2016,3,0.0,climatology_municipal,0.0,2016-03
2207207,Padre Marcos,PI,2016,3,0.0,climatology_municipal,0.0,2016-03
2210300,São Julião,PI,2016,3,0.0,climatology_municipal,0.0,2016-03
2210706,Simões,PI,2016,3,0.0,climatology_municipal,0.0,2016-03
2300101,Abaiara,CE,2016,3,0.0,climatology_municipal,0.0,2016-03
2300606,Altaneira,CE,2016,3,0.0,climatology_municipal,0.0,2016-03
2301307,Araripe,CE,2016,3,0.0,climatology_municipal,0.0,2016-03
2301604,Assaré,CE,2016,3,0.0,climatology_municipal,0.0,2016-03
2301901,Barbalha,CE,2016,3,0.0,climatology_municipal,0.0,2016-03
2302503,Brejo Santo,CE,2016,3,0.0,climatology_municipal,0.0,2016-03
2302701,Campos Sales,CE,2016,3,0.0,climatology_municipal,0.0,2016-03
2304202,Crato,CE,2016,3,0.0,climatology_municipal,0.16666666666666666,2016-03
2304301,Farias Brito,CE,2016,3,0.0,climatology_municipal,0.08333333333333333,2016-03
2307106,Jardim,CE,2016,3,0.0,climatology_municipal,0.08333333333333333,2016-03
2307205,Jati,CE,2016,3,0.0,climatology_municipal,0.0,2016-03
2308401,Missão Velha,CE,2016,3,0.0,climatology_municipal,0.3333333333333333,2016-03
2309201,Nova Olinda,CE,2016,3,0.0,climatology_municipal,0.0,2016-03
2310605,Penaforte,CE,2016,3,0.0,climatology_municipal,0.0,2016-03
2311108,Porteiras,CE,2016,3,0.0,climatology_municipal,0.0,2016-03
2311207,Potengi,CE,2016,3,0.0,climatology_municipal,0.0,2016-03
2311959,Salitre,CE,2016,3,0.0,climatology_municipal,0.08333333333333333,2016-03
2312106,Santana do Cariri,CE,2016,3,0.0,climatology_municipal,0.0,2016-03
2601102,Araripina,PE,2016,3,0.0,climatology_municipal,0.08333333333333333,2016-03
2602001,Bodocó,PE,2016,3,0.0,climatology_municipal,0.4166666666666667,2016-03
2604304,Cedro,PE,2016,3,0.0,climatology_municipal,0.0,2016-03
2605301,Exu,PE,2016,3,0.0,climatology_municipal,0.0,2016-03
2607307,Ipubi,PE,2016,3,0.0,climatology_municipal,0.08333333333333333,2016-03
2614006,Serrita,PE,2016,3,0.0,climatology_municipal,0.0,2016-03
2614303,Moreilândia,PE,2016,3,0.0,climatology_municipal,0.0,2016-03
2615607,Trindade,PE,2016,3,0.0,climatology_municipal,0.0,2016-03
2200277,Alegrete do Piauí,PI,2016,3,0.0,climatology_apa_intensity12,0.0,2016-03
2202091,Caldeirão Grande do Piauí,PI,2016,3,0.0,climatology_apa_intensity12,0.0,2016-03
2202554,Caridade do Piauí,PI,2016,3,0.0,climatology_apa_intensity12,0.0,2016-03
2203271,Curral Novo do Piauí,PI,2016,3,0.0,climatology_apa_intensity12,0.0,2016-03
2204154,Francisco Macedo,PI,2016,3,0.0,climatology_apa_intensity12,0.0,2016-03
2204303,Fronteiras,PI,2016,3,0.0,climatology_apa_intensity12,0.0,2016-03
2205953,Marcolândia,PI,2016,3,0.0,climatology_apa_intensity12,0.0,2016-03
2207207,Padre Marcos,PI,2016,3,0.0,climatology_apa_intensity12,0.0,2016-03
2210300,São Julião,PI,2016,3,0.0,climatology_apa_intensity12,0.0,2016-03
2210706,Simões,PI,2016,3,0.0,climatology_apa_intensity12,0.0,2016-03
2300101,Abaiara,CE,2016,3,0.0,climatology_apa_intensity12,0.0,2016-03
2300606,Altaneira,CE,2016,3,0.0,climatology_apa_intensity12,0.0,2016-03
2301307,Araripe,CE,2016,3,0.0,climatology_apa_intensity12,0.0,2016-03
2301604,Assaré,CE,2016,3,0.0,climatology_apa_intensity12,0.0,2016-03
2301901,Barbalha,CE,2016,3,0.0,climatology_apa_intensity12,0.0,2016-03
2302503,Brejo Santo,CE,2016,3,0.0,climatology_apa_intensity12,0.0,2016-03
2302701,Campos Sales,CE,2016,3,0.0,climatology_apa_intensity12,0.0,2016-03
2304202,Crato,CE,2016,3,0.0,climatology_apa_intensity12,0.1122500712950347,2016-03
2304301,Farias Brito,CE,2016,3,0.0,climatology_apa_intensity12,0.05612503564751735,2016-03
2307106,Jardim,CE,2016,3,0.0,climatology_apa_intensity12,0.05612503564751735,2016-03
2307205,Jati,CE,2016,3,0.0,climatology_apa_intensity12,0.0,2016-03
2308401,Missão Velha,CE,2016,3,0.0,climatology_apa_intensity12,0.2245001425900694,2016-03
2309201,Nova Olinda,CE,2016,3,0.0,climatology_apa_intensity12,0.0,2016-03
2310605,Penaforte,CE,2016,3,0.0,climatology_apa_intensity12,0.0,2016-03
2311108,Porteiras,CE,2016,3,0.0,climatology_apa_intensity12,0.0,2016-03
2311207,Potengi,CE,2016,3,0.0,climatology_apa_intensity12,0.0,2016-03
2311959,Salitre,CE,2016,3,0.0,climatology_apa_intensity12,0.05612503564751735,2016-03
2312106,Santana do Cariri,CE,2016,3,0.0,climatology_apa_intensity12,0.0,2016-03
2601102,Araripina,PE,2016,3,0.0,climatology_apa_intensity12,0.05612503564751735,2016-03
2602001,Bodocó,PE,2016,3,0.0,climatology_apa_intensity12,0.28062517823758676,2016-03
2604304,Cedro,PE,2016,3,0.0,climatology_apa_intensity12,0.0,2016-03
2605301,Exu,PE,2016,3,0.0,climatology_apa_intensity12,0.0,2016-03
2607307,Ipubi,PE,2016,3,0.0,climatology_apa_intensity12,0.05612503564751735,2016-03
2614006,Serrita,PE,2016,3,0.0,climatology_apa_intensity12,0.0,2016-03
2614303,Moreilândia,PE,2016,3,0.0,climatology_apa_intensity12,0.0,2016-03
2615607,Trindade,PE,2016,3,0.0,climatology_apa_intensity12,0.0,2016-03
2200277,Alegrete do Piauí,PI,2016,4,0.0,climatology_municipal,0.0,2016-04
2202091,Caldeirão Grande do Piauí,PI,2016,4,0.0,climatology_municipal,0.0,2016-04
2202554,Caridade do Piauí,PI,2016,4,0.0,climatology_municipal,0.0,2016-04
2203271,Curral Novo do Piauí,PI,2016,4,0.0,climatology_municipal,0.0,2016-04
2204154,Francisco Macedo,PI,2016,4,0.0,climatology_municipal,0.0,2016-04
2204303,Fronteiras,PI,2016,4,0.0,climatology_municipal,0.0,2016-04
2205953,Marcolândia,PI,2016,4,0.0,climatology_municipal,0.0,2016-04
2207207,Padre Marcos,PI,2016,4,0.0,climatology_municipal,0.0,2016-04
2210300,São Julião,PI,2016,4,0.0,climatology_municipal,0.0,2016-04
2210706,Simões,PI,2016,4,0.0,climatology_municipal,0.0,2016-04
2300101,Abaiara,CE,2016,4,0.0,climatology_municipal,0.0,2016-04
2300606,Altaneira,CE,2016,4,0.0,climatology_municipal,0.0,2016-04
2301307,Araripe,CE,2016,4,0.0,climatology_municipal,0.0,2016-04
2301604,Assaré,CE,2016,4,0.0,climatology_municipal,0.0,2016-04
2301901,Barbalha,CE,2016,4,0.0,climatology_municipal,0.0,2016-04
2302503,Brejo Santo,CE,2016,4,0.0,climatology_municipal,0.0,2016-04
2302701,Campos Sales,CE,2016,4,0.0,climatology_municipal,0.0,2016-04
2304202,Crato,CE,2016,4,0.0,climatology_municipal,0.0,2016-04
2304301,Farias Brito,CE,2016,4,0.0,climatology_municipal,0.0,2016-04
2307106,Jardim,CE,2016,4,0.0,climatology_municipal,0.0,2016-04
2307205,Jati,CE,2016,4,0.0,climatology_municipal,0.0,2016-04
2308401,Missão Velha,CE,2016,4,1.0,climatology_municipal,0.08333333333333333,2016-04
2309201,Nova Olinda,CE,2016,4,0.0,climatology_municipal,0.0,2016-04
2310605,Penaforte,CE,2016,4,0.0,climatology_municipal,0.0,2016-04
2311108,Porteiras,CE,2016,4,0.0,climatology_municipal,0.0,2016-04
2311207,Potengi,CE,2016,4,0.0,climatology_municipal,0.0,2016-04
2311959,Salitre,CE,2016,4,0.0,climatology_municipal,0.08333333333333333,2016-04
2312106,Santana do Cariri,CE,2016,4,0.0,climatology_municipal,0.0,2016-04
2601102,Araripina,PE,2016,4,1.0,climatology_municipal,0.0,2016-04
2602001,Bodocó,PE,2016,4,0.0,climatology_municipal,0.08333333333333333,2016-04
2604304,Cedro,PE,2016,4,0.0,climatology_municipal,0.0,2016-04
2605301,Exu,PE,2016,4,0.0,climatology_municipal,0.08333333333333333,2016-04
2607307,Ipubi,PE,2016,4,0.0,climatology_municipal,0.08333333333333333,2016-04
2614006,Serrita,PE,2016,4,0.0,climatology_municipal,0.08333333333333333,2016-04
2614303,Moreilândia,PE,2016,4,0.0,climatology_municipal,0.0,2016-04
2615607,Trindade,PE,2016,4,0.0,climatology_municipal,0.0,2016-04
2200277,Alegrete do Piauí,PI,2016,4,0.0,climatology_apa_intensity12,0.0,2016-04
2202091,Caldeirão Grande do Piauí,PI,2016,4,0.0,climatology_apa_intensity12,0.0,2016-04
2202554,Caridade do Piauí,PI,2016,4,0.0,climatology_apa_intensity12,0.0,2016-04
2203271,Curral Novo do Piauí,PI,2016,4,0.0,climatology_apa_intensity12,0.0,2016-04
2204154,Francisco Macedo,PI,2016,4,0.0,climatology_apa_intensity12,0.0,2016-04
2204303,Fronteiras,PI,2016,4,0.0,climatology_apa_intensity12,0.0,2016-04
2205953,Marcolândia,PI,2016,4,0.0,climatology_apa_intensity12,0.0,2016-04
2207207,Padre Marcos,PI,2016,4,0.0,climatology_apa_intensity12,0.0,2016-04
2210300,São Julião,PI,2016,4,0.0,climatology_apa_intensity12,0.0,2016-04
2210706,Simões,PI,2016,4,0.0,climatology_apa_intensity12,0.0,2016-04
2300101,Abaiara,CE,2016,4,0.0,climatology_apa_intensity12,0.0,2016-04
2300606,Altaneira,CE,2016,4,0.0,climatology_apa_intensity12,0.0,2016-04
2301307,Araripe,CE,2016,4,0.0,climatology_apa_intensity12,0.0,2016-04
2301604,Assaré,CE,2016,4,0.0,climatology_apa_intensity12,0.0,2016-04
2301901,Barbalha,CE,2016,4,0.0,climatology_apa_intensity12,0.0,2016-04
2302503,Brejo Santo,CE,2016,4,0.0,climatology_apa_intensity12,0.0,2016-04
2302701,Campos Sales,CE,2016,4,0.0,climatology_apa_intensity12,0.0,2016-04
2304202,Crato,CE,2016,4,0.0,climatology_apa_intensity12,0.0,2016-04
2304301,Farias Brito,CE,2016,4,0.0,climatology_apa_intensity12,0.0,2016-04
2307106,Jardim,CE,2016,4,0.0,climatology_apa_intensity12,0.0,2016-04
2307205,Jati,CE,2016,4,0.0,climatology_apa_intensity12,0.0,2016-04
2308401,Missão Velha,CE,2016,4,1.0,climatology_apa_intensity12,0.055720171129773406,2016-04
2309201,Nova Olinda,CE,2016,4,0.0,climatology_apa_intensity12,0.0,2016-04
2310605,Penaforte,CE,2016,4,0.0,climatology_apa_intensity12,0.0,2016-04
2311108,Porteiras,CE,2016,4,0.0,climatology_apa_intensity12,0.0,2016-04
2311207,Potengi,CE,2016,4,0.0,climatology_apa_intensity12,0.0,2016-04
2311959,Salitre,CE,2016,4,0.0,climatology_apa_intensity12,0.055720171129773406,2016-04
2312106,Santana do Cariri,CE,2016,4,0.0,climatology_apa_intensity12,0.0,2016-04
2601102,Araripina,PE,2016,4,1.0,climatology_apa_intensity12,0.0,2016-04
2602001,Bodocó,PE,2016,4,0.0,climatology_apa_intensity12,0.055720171129773406,2016-04
2604304,Cedro,PE,2016,4,0.0,climatology_apa_intensity12,0.0,2016-04
2605301,Exu,PE,2016,4,0.0,climatology_apa_intensity12,0.055720171129773406,2016-04
2607307,Ipubi,PE,2016,4,0.0,climatology_apa_intensity12,0.055720171129773406,2016-04
2614006,Serrita,PE,2016,4,0.0,climatology_apa_intensity12,0.055720171129773406,2016-04
2614303,Moreilândia,PE,2016,4,0.0,climatology_apa_intensity12,0.0,2016-04
2615607,Trindade,PE,2016,4,0.0,climatology_apa_intensity12,0.0,2016-04
2200277,Alegrete do Piauí,PI,2016,5,0.0,climatology_municipal,0.0,2016-05
2202091,Caldeirão Grande do Piauí,PI,2016,5,0.0,climatology_municipal,0.0,2016-05
2202554,Caridade do Piauí,PI,2016,5,0.0,climatology_municipal,0.0,2016-05
2203271,Curral Novo do Piauí,PI,2016,5,0.0,climatology_municipal,0.0,2016-05
2204154,Francisco Macedo,PI,2016,5,0.0,climatology_municipal,0.0,2016-05
2204303,Fronteiras,PI,2016,5,0.0,climatology_municipal,0.0,2016-05
2205953,Marcolândia,PI,2016,5,0.0,climatology_municipal,0.0,2016-05
2207207,Padre Marcos,PI,2016,5,0.0,climatology_municipal,0.0,2016-05
2210300,São Julião,PI,2016,5,0.0,climatology_municipal,0.0,2016-05
2210706,Simões,PI,2016,5,0.0,climatology_municipal,0.0,2016-05
2300101,Abaiara,CE,2016,5,0.0,climatology_municipal,0.0,2016-05
2300606,Altaneira,CE,2016,5,0.0,climatology_municipal,0.0,2016-05
2301307,Araripe,CE,2016,5,0.0,climatology_municipal,0.0,2016-05
2301604,Assaré,CE,2016,5,0.0,climatology_municipal,0.0,2016-05
2301901,Barbalha,CE,2016,5,0.0,climatology_municipal,0.0,2016-05
2302503,Brejo Santo,CE,2016,5,0.0,climatology_municipal,0.08333333333333333,2016-05
2302701,Campos Sales,CE,2016,5,0.0,climatology_municipal,0.0,2016-05
2304202,Crato,CE,2016,5,0.0,climatology_municipal,0.08333333333333333,2016-05
2304301,Farias Brito,CE,2016,5,0.0,climatology_municipal,0.0,2016-05
2307106,Jardim,CE,2016,5,0.0,climatology_municipal,0.0,2016-05
2307205,Jati,CE,2016,5,0.0,climatology_municipal,0.0,2016-05
2308401,Missão Velha,CE,2016,5,0.0,climatology_municipal,0.0,2016-05
2309201,Nova Olinda,CE,2016,5,0.0,climatology_municipal,0.25,2016-05
2310605,Penaforte,CE,2016,5,0.0,climatology_municipal,0.0,2016-05
2311108,Porteiras,CE,2016,5,0.0,climatology_municipal,0.08333333333333333,2016-05
2311207,Potengi,CE,2016,5,0.0,climatology_municipal,0.08333333333333333,2016-05
2311959,Salitre,CE,2016,5,1.0,climatology_municipal,0.0,2016-05
2312106,Santana do Cariri,CE,2016,5,0.0,climatology_municipal,0.0,2016-05
2601102,Araripina,PE,2016,5,0.0,climatology_municipal,0.08333333333333333,2016-05
2602001,Bodocó,PE,2016,5,0.0,climatology_municipal,0.0,2016-05
2604304,Cedro,PE,2016,5,0.0,climatology_municipal,0.0,2016-05
2605301,Exu,PE,2016,5,0.0,climatology_municipal,0.16666666666666666,2016-05
2607307,Ipubi,PE,2016,5,0.0,climatology_municipal,0.0,2016-05
2614006,Serrita,PE,2016,5,0.0,climatology_municipal,0.0,2016-05
2614303,Moreilândia,PE,2016,5,0.0,climatology_municipal,0.0,2016-05
2615607,Trindade,PE,2016,5,0.0,climatology_municipal,0.0,2016-05
2200277,Alegrete do Piauí,PI,2016,5,0.0,climatology_apa_intensity12,0.0,2016-05
2202091,Caldeirão Grande do Piauí,PI,2016,5,0.0,climatology_apa_intensity12,0.0,2016-05
2202554,Caridade do Piauí,PI,2016,5,0.0,climatology_apa_intensity12,0.0,2016-05
2203271,Curral Novo do Piauí,PI,2016,5,0.0,climatology_apa_intensity12,0.0,2016-05
2204154,Francisco Macedo,PI,2016,5,0.0,climatology_apa_intensity12,0.0,2016-05
2204303,Fronteiras,PI,2016,5,0.0,climatology_apa_intensity12,0.0,2016-05
2205953,Marcolândia,PI,2016,5,0.0,climatology_apa_intensity12,0.0,2016-05
2207207,Padre Marcos,PI,2016,5,0.0,climatology_apa_intensity12,0.0,2016-05
2210300,São Julião,PI,2016,5,0.0,climatology_apa_intensity12,0.0,2016-05
2210706,Simões,PI,2016,5,0.0,climatology_apa_intensity12,0.0,2016-05
2300101,Abaiara,CE,2016,5,0.0,climatology_apa_intensity12,0.0,2016-05
2300606,Altaneira,CE,2016,5,0.0,climatology_apa_intensity12,0.0,2016-05
2301307,Araripe,CE,2016,5,0.0,climatology_apa_intensity12,0.0,2016-05
2301604,Assaré,CE,2016,5,0.0,climatology_apa_intensity12,0.0,2016-05
2301901,Barbalha,CE,2016,5,0.0,climatology_apa_intensity12,0.0,2016-05
2302503,Brejo Santo,CE,2016,5,0.0,climatology_apa_intensity12,0.055918186283052645,2016-05
2302701,Campos Sales,CE,2016,5,0.0,climatology_apa_intensity12,0.0,2016-05
2304202,Crato,CE,2016,5,0.0,climatology_apa_intensity12,0.055918186283052645,2016-05
2304301,Farias Brito,CE,2016,5,0.0,climatology_apa_intensity12,0.0,2016-05
2307106,Jardim,CE,2016,5,0.0,climatology_apa_intensity12,0.0,2016-05
2307205,Jati,CE,2016,5,0.0,climatology_apa_intensity12,0.0,2016-05
2308401,Missão Velha,CE,2016,5,0.0,climatology_apa_intensity12,0.0,2016-05
2309201,Nova Olinda,CE,2016,5,0.0,climatology_apa_intensity12,0.16775455884915794,2016-05
2310605,Penaforte,CE,2016,5,0.0,climatology_apa_intensity12,0.0,2016-05
2311108,Porteiras,CE,2016,5,0.0,climatology_apa_intensity12,0.055918186283052645,2016-05
2311207,Potengi,CE,2016,5,0.0,climatology_apa_intensity12,0.055918186283052645,2016-05
2311959,Salitre,CE,2016,5,1.0,climatology_apa_intensity12,0.0,2016-05
2312106,Santana do Cariri,CE,2016,5,0.0,climatology_apa_intensity12,0.0,2016-05
2601102,Araripina,PE,2016,5,0.0,climatology_apa_intensity12,0.055918186283052645,2016-05
2602001,Bodocó,PE,2016,5,0.0,climatology_apa_intensity12,0.0,2016-05
2604304,Cedro,PE,2016,5,0.0,climatology_apa_intensity12,0.0,2016-05
2605301,Exu,PE,2016,5,0.0,climatology_apa_intensity12,0.11183637256610529,2016-05
2607307,Ipubi,PE,2016,5,0.0,climatology_apa_intensity12,0.0,2016-05
2614006,Serrita,PE,2016,5,0.0,climatology_apa_intensity12,0.0,2016-05
2614303,Moreilândia,PE,2016,5,0.0,climatology_apa_intensity12,0.0,2016-05
2615607,Trindade,PE,2016,5,0.0,climatology_apa_intensity12,0.0,2016-05
2200277,Alegrete do Piauí,PI,2016,6,0.0,climatology_municipal,0.0,2016-06
2202091,Caldeirão Grande do Piauí,PI,2016,6,2.0,climatology_municipal,0.0,2016-06
2202554,Caridade do Piauí,PI,2016,6,0.0,climatology_municipal,0.0,2016-06
2203271,Curral Novo do Piauí,PI,2016,6,0.0,climatology_municipal,0.0,2016-06
2204154,Francisco Macedo,PI,2016,6,0.0,climatology_municipal,0.0,2016-06
2204303,Fronteiras,PI,2016,6,0.0,climatology_municipal,0.0,2016-06
2205953,Marcolândia,PI,2016,6,0.0,climatology_municipal,0.0,2016-06
2207207,Padre Marcos,PI,2016,6,0.0,climatology_municipal,0.0,2016-06
2210300,São Julião,PI,2016,6,0.0,climatology_municipal,0.0,2016-06
2210706,Simões,PI,2016,6,0.0,climatology_municipal,0.08333333333333333,2016-06
2300101,Abaiara,CE,2016,6,0.0,climatology_municipal,0.0,2016-06
2300606,Altaneira,CE,2016,6,0.0,climatology_municipal,0.0,2016-06
2301307,Araripe,CE,2016,6,1.0,climatology_municipal,0.0,2016-06
2301604,Assaré,CE,2016,6,0.0,climatology_municipal,0.0,2016-06
2301901,Barbalha,CE,2016,6,0.0,climatology_municipal,0.0,2016-06
2302503,Brejo Santo,CE,2016,6,0.0,climatology_municipal,0.0,2016-06
2302701,Campos Sales,CE,2016,6,0.0,climatology_municipal,0.0,2016-06
2304202,Crato,CE,2016,6,0.0,climatology_municipal,0.08333333333333333,2016-06
2304301,Farias Brito,CE,2016,6,0.0,climatology_municipal,0.0,2016-06
2307106,Jardim,CE,2016,6,0.0,climatology_municipal,0.0,2016-06
2307205,Jati,CE,2016,6,0.0,climatology_municipal,0.0,2016-06
2308401,Missão Velha,CE,2016,6,0.0,climatology_municipal,0.16666666666666666,2016-06
2309201,Nova Olinda,CE,2016,6,0.0,climatology_municipal,0.0,2016-06
2310605,Penaforte,CE,2016,6,0.0,climatology_municipal,0.0,2016-06
2311108,Porteiras,CE,2016,6,0.0,climatology_municipal,0.08333333333333333,2016-06
2311207,Potengi,CE,2016,6,0.0,climatology_municipal,0.0,2016-06
2311959,Salitre,CE,2016,6,0.0,climatology_municipal,0.08333333333333333,2016-06
2312106,Santana do Cariri,CE,2016,6,0.0,climatology_municipal,0.0,2016-06
2601102,Araripina,PE,2016,6,0.0,climatology_municipal,0.3333333333333333,2016-06
2602001,Bodocó,PE,2016,6,0.0,climatology_municipal,0.0,2016-06
2604304,Cedro,PE,2016,6,0.0,climatology_municipal,0.0,2016-06
2605301,Exu,PE,2016,6,0.0,climatology_municipal,0.08333333333333333,2016-06
2607307,Ipubi,PE,2016,6,0.0,climatology_municipal,0.0,2016-06
2614006,Serrita,PE,2016,6,0.0,climatology_municipal,0.0,2016-06
2614303,Moreilândia,PE,2016,6,0.0,climatology_municipal,0.0,2016-06
2615607,Trindade,PE,2016,6,0.0,climatology_municipal,0.0,2016-06
2200277,Alegrete do Piauí,PI,2016,6,0.0,climatology_apa_intensity12,0.0,2016-06
2202091,Caldeirão Grande do Piauí,PI,2016,6,2.0,climatology_apa_intensity12,0.0,2016-06
2202554,Caridade do Piauí,PI,2016,6,0.0,climatology_apa_intensity12,0.0,2016-06
2203271,Curral Novo do Piauí,PI,2016,6,0.0,climatology_apa_intensity12,0.0,2016-06
2204154,Francisco Macedo,PI,2016,6,0.0,climatology_apa_intensity12,0.0,2016-06
2204303,Fronteiras,PI,2016,6,0.0,climatology_apa_intensity12,0.0,2016-06
2205953,Marcolândia,PI,2016,6,0.0,climatology_apa_intensity12,0.0,2016-06
2207207,Padre Marcos,PI,2016,6,0.0,climatology_apa_intensity12,0.0,2016-06
2210300,São Julião,PI,2016,6,0.0,climatology_apa_intensity12,0.0,2016-06
2210706,Simões,PI,2016,6,0.0,climatology_apa_intensity12,0.05602027883396705,2016-06
2300101,Abaiara,CE,2016,6,0.0,climatology_apa_intensity12,0.0,2016-06
2300606,Altaneira,CE,2016,6,0.0,climatology_apa_intensity12,0.0,2016-06
2301307,Araripe,CE,2016,6,1.0,climatology_apa_intensity12,0.0,2016-06
2301604,Assaré,CE,2016,6,0.0,climatology_apa_intensity12,0.0,2016-06
2301901,Barbalha,CE,2016,6,0.0,climatology_apa_intensity12,0.0,2016-06
2302503,Brejo Santo,CE,2016,6,0.0,climatology_apa_intensity12,0.0,2016-06
2302701,Campos Sales,CE,2016,6,0.0,climatology_apa_intensity12,0.0,2016-06
2304202,Crato,CE,2016,6,0.0,climatology_apa_intensity12,0.05602027883396705,2016-06
2304301,Farias Brito,CE,2016,6,0.0,climatology_apa_intensity12,0.0,2016-06
2307106,Jardim,CE,2016,6,0.0,climatology_apa_intensity12,0.0,2016-06
2307205,Jati,CE,2016,6,0.0,climatology_apa_intensity12,0.0,2016-06
2308401,Missão Velha,CE,2016,6,0.0,climatology_apa_intensity12,0.1120405576679341,2016-06
2309201,Nova Olinda,CE,2016,6,0.0,climatology_apa_intensity12,0.0,2016-06
2310605,Penaforte,CE,2016,6,0.0,climatology_apa_intensity12,0.0,2016-06
2311108,Porteiras,CE,2016,6,0.0,climatology_apa_intensity12,0.05602027883396705,2016-06
2311207,Potengi,CE,2016,6,0.0,climatology_apa_intensity12,0.0,2016-06
2311959,Salitre,CE,2016,6,0.0,climatology_apa_intensity12,0.05602027883396705,2016-06
2312106,Santana do Cariri,CE,2016,6,0.0,climatology_apa_intensity12,0.0,2016-06
2601102,Araripina,PE,2016,6,0.0,climatology_apa_intensity12,0.2240811153358682,2016-06
2602001,Bodocó,PE,2016,6,0.0,climatology_apa_intensity12,0.0,2016-06
2604304,Cedro,PE,2016,6,0.0,climatology_apa_intensity12,0.0,2016-06
2605301,Exu,PE,2016,6,0.0,climatology_apa_intensity12,0.05602027883396705,2016-06
2607307,Ipubi,PE,2016,6,0.0,climatology_apa_intensity12,0.0,2016-06
2614006,Serrita,PE,2016,6,0.0,climatology_apa_intensity12,0.0,2016-06
2614303,Moreilândia,PE,2016,6,0.0,climatology_apa_intensity12,0.0,2016-06
2615607,Trindade,PE,2016,6,0.0,climatology_apa_intensity12,0.0,2016-06
2200277,Alegrete do Piauí,PI,2016,7,0.0,climatology_municipal,0.0,2016-07
2202091,Caldeirão Grande do Piauí,PI,2016,7,0.0,climatology_municipal,0.0,2016-07
2202554,Caridade do Piauí,PI,2016,7,0.0,climatology_municipal,0.0,2016-07
2203271,Curral Novo do Piauí,PI,2016,7,1.0,climatology_municipal,0.0,2016-07
2204154,Francisco Macedo,PI,2016,7,0.0,climatology_municipal,0.0,2016-07
2204303,Fronteiras,PI,2016,7,0.0,climatology_municipal,0.0,2016-07
2205953,Marcolândia,PI,2016,7,0.0,climatology_municipal,0.0,2016-07
2207207,Padre Marcos,PI,2016,7,0.0,climatology_municipal,0.0,2016-07
2210300,São Julião,PI,2016,7,0.0,climatology_municipal,0.0,2016-07
2210706,Simões,PI,2016,7,0.0,climatology_municipal,0.0,2016-07
2300101,Abaiara,CE,2016,7,0.0,climatology_municipal,0.16666666666666666,2016-07
2300606,Altaneira,CE,2016,7,0.0,climatology_municipal,0.0,2016-07
2301307,Araripe,CE,2016,7,1.0,climatology_municipal,0.3333333333333333,2016-07
2301604,Assaré,CE,2016,7,0.0,climatology_municipal,0.08333333333333333,2016-07
2301901,Barbalha,CE,2016,7,0.0,climatology_municipal,0.08333333333333333,2016-07
2302503,Brejo Santo,CE,2016,7,0.0,climatology_municipal,0.25,2016-07
2302701,Campos Sales,CE,2016,7,0.0,climatology_municipal,0.0,2016-07
2304202,Crato,CE,2016,7,0.0,climatology_municipal,0.0,2016-07
2304301,Farias Brito,CE,2016,7,3.0,climatology_municipal,0.08333333333333333,2016-07
2307106,Jardim,CE,2016,7,0.0,climatology_municipal,0.0,2016-07
2307205,Jati,CE,2016,7,0.0,climatology_municipal,0.0,2016-07
2308401,Missão Velha,CE,2016,7,0.0,climatology_municipal,0.16666666666666666,2016-07
2309201,Nova Olinda,CE,2016,7,2.0,climatology_municipal,0.4166666666666667,2016-07
2310605,Penaforte,CE,2016,7,0.0,climatology_municipal,0.0,2016-07
2311108,Porteiras,CE,2016,7,0.0,climatology_municipal,0.25,2016-07
2311207,Potengi,CE,2016,7,0.0,climatology_municipal,0.16666666666666666,2016-07
2311959,Salitre,CE,2016,7,0.0,climatology_municipal,0.0,2016-07
2312106,Santana do Cariri,CE,2016,7,2.0,climatology_municipal,0.16666666666666666,2016-07
2601102,Araripina,PE,2016,7,2.0,climatology_municipal,0.9166666666666666,2016-07
2602001,Bodocó,PE,2016,7,0.0,climatology_municipal,0.25,2016-07
2604304,Cedro,PE,2016,7,0.0,climatology_municipal,0.0,2016-07
2605301,Exu,PE,2016,7,0.0,climatology_municipal,0.08333333333333333,2016-07
2607307,Ipubi,PE,2016,7,2.0,climatology_municipal,0.0,2016-07
2614006,Serrita,PE,2016,7,0.0,climatology_municipal,0.0,2016-07
2614303,Moreilândia,PE,2016,7,0.0,climatology_municipal,0.16666666666666666,2016-07
2615607,Trindade,PE,2016,7,0.0,climatology_municipal,0.0,2016-07
2200277,Alegrete do Piauí,PI,2016,7,0.0,climatology_apa_intensity12,0.0,2016-07
2202091,Caldeirão Grande do Piauí,PI,2016,7,0.0,climatology_apa_intensity12,0.0,2016-07
2202554,Caridade do Piauí,PI,2016,7,0.0,climatology_apa_intensity12,0.0,2016-07
2203271,Curral Novo do Piauí,PI,2016,7,1.0,climatology_apa_intensity12,0.0,2016-07
2204154,Francisco Macedo,PI,2016,7,0.0,climatology_apa_intensity12,0.0,2016-07
2204303,Fronteiras,PI,2016,7,0.0,climatology_apa_intensity12,0.0,2016-07
2205953,Marcolândia,PI,2016,7,0.0,climatology_apa_intensity12,0.0,2016-07
2207207,Padre Marcos,PI,2016,7,0.0,climatology_apa_intensity12,0.0,2016-07
2210300,São Julião,PI,2016,7,0.0,climatology_apa_intensity12,0.0,2016-07
2210706,Simões,PI,2016,7,0.0,climatology_apa_intensity12,0.0,2016-07
2300101,Abaiara,CE,2016,7,0.0,climatology_apa_intensity12,0.11263612244089811,2016-07
2300606,Altaneira,CE,2016,7,0.0,climatology_apa_intensity12,0.0,2016-07
2301307,Araripe,CE,2016,7,1.0,climatology_apa_intensity12,0.22527224488179623,2016-07
2301604,Assaré,CE,2016,7,0.0,climatology_apa_intensity12,0.05631806122044906,2016-07
2301901,Barbalha,CE,2016,7,0.0,climatology_apa_intensity12,0.05631806122044906,2016-07
2302503,Brejo Santo,CE,2016,7,0.0,climatology_apa_intensity12,0.16895418366134718,2016-07
2302701,Campos Sales,CE,2016,7,0.0,climatology_apa_intensity12,0.0,2016-07
2304202,Crato,CE,2016,7,0.0,climatology_apa_intensity12,0.0,2016-07
2304301,Farias Brito,CE,2016,7,3.0,climatology_apa_intensity12,0.05631806122044906,2016-07
2307106,Jardim,CE,2016,7,0.0,climatology_apa_intensity12,0.0,2016-07
2307205,Jati,CE,2016,7,0.0,climatology_apa_intensity12,0.0,2016-07
2308401,Missão Velha,CE,2016,7,0.0,climatology_apa_intensity12,0.11263612244089811,2016-07
2309201,Nova Olinda,CE,2016,7,2.0,climatology_apa_intensity12,0.28159030610224534,2016-07
2310605,Penaforte,CE,2016,7,0.0,climatology_apa_intensity12,0.0,2016-07
2311108,Porteiras,CE,2016,7,0.0,climatology_apa_intensity12,0.16895418366134718,2016-07
2311207,Potengi,CE,2016,7,0.0,climatology_apa_intensity12,0.11263612244089811,2016-07
2311959,Salitre,CE,2016,7,0.0,climatology_apa_intensity12,0.0,2016-07
2312106,Santana do Cariri,CE,2016,7,2.0,climatology_apa_intensity12,0.11263612244089811,2016-07
2601102,Araripina,PE,2016,7,2.0,climatology_apa_intensity12,0.6194986734249396,2016-07
2602001,Bodocó,PE,2016,7,0.0,climatology_apa_intensity12,0.16895418366134718,2016-07
2604304,Cedro,PE,2016,7,0.0,climatology_apa_intensity12,0.0,2016-07
2605301,Exu,PE,2016,7,0.0,climatology_apa_intensity12,0.05631806122044906,2016-07
2607307,Ipubi,PE,2016,7,2.0,climatology_apa_intensity12,0.0,2016-07
2614006,Serrita,PE,2016,7,0.0,climatology_apa_intensity12,0.0,2016-07
2614303,Moreilândia,PE,2016,7,0.0,climatology_apa_intensity12,0.11263612244089811,2016-07
2615607,Trindade,PE,2016,7,0.0,climatology_apa_intensity12,0.0,2016-07
2200277,Alegrete do Piauí,PI,2016,8,1.0,climatology_municipal,0.0,2016-08
2202091,Caldeirão Grande do Piauí,PI,2016,8,0.0,climatology_municipal,0.0,2016-08
2202554,Caridade do Piauí,PI,2016,8,0.0,climatology_municipal,0.0,2016-08
2203271,Curral Novo do Piauí,PI,2016,8,0.0,climatology_municipal,0.0,2016-08
2204154,Francisco Macedo,PI,2016,8,0.0,climatology_municipal,0.0,2016-08
2204303,Fronteiras,PI,2016,8,1.0,climatology_municipal,0.08333333333333333,2016-08
2205953,Marcolândia,PI,2016,8,0.0,climatology_municipal,0.16666666666666666,2016-08
2207207,Padre Marcos,PI,2016,8,0.0,climatology_municipal,0.0,2016-08
2210300,São Julião,PI,2016,8,0.0,climatology_municipal,0.0,2016-08
2210706,Simões,PI,2016,8,0.0,climatology_municipal,0.16666666666666666,2016-08
2300101,Abaiara,CE,2016,8,0.0,climatology_municipal,0.25,2016-08
2300606,Altaneira,CE,2016,8,0.0,climatology_municipal,0.0,2016-08
2301307,Araripe,CE,2016,8,0.0,climatology_municipal,0.3333333333333333,2016-08
2301604,Assaré,CE,2016,8,3.0,climatology_municipal,0.8333333333333334,2016-08
2301901,Barbalha,CE,2016,8,0.0,climatology_municipal,0.9166666666666666,2016-08
2302503,Brejo Santo,CE,2016,8,0.0,climatology_municipal,0.25,2016-08
2302701,Campos Sales,CE,2016,8,0.0,climatology_municipal,0.25,2016-08
2304202,Crato,CE,2016,8,4.0,climatology_municipal,1.5833333333333333,2016-08
2304301,Farias Brito,CE,2016,8,0.0,climatology_municipal,0.16666666666666666,2016-08
2307106,Jardim,CE,2016,8,0.0,climatology_municipal,0.08333333333333333,2016-08
2307205,Jati,CE,2016,8,0.0,climatology_municipal,0.0,2016-08
2308401,Missão Velha,CE,2016,8,3.0,climatology_municipal,0.16666666666666666,2016-08
2309201,Nova Olinda,CE,2016,8,0.0,climatology_municipal,0.25,2016-08
2310605,Penaforte,CE,2016,8,0.0,climatology_municipal,0.0,2016-08
2311108,Porteiras,CE,2016,8,0.0,climatology_municipal,0.0,2016-08
2311207,Potengi,CE,2016,8,0.0,climatology_municipal,0.0,2016-08
2311959,Salitre,CE,2016,8,0.0,climatology_municipal,0.08333333333333333,2016-08
2312106,Santana do Cariri,CE,2016,8,3.0,climatology_municipal,0.5833333333333334,2016-08
2601102,Araripina,PE,2016,8,0.0,climatology_municipal,0.6666666666666666,2016-08
2602001,Bodocó,PE,2016,8,2.0,climatology_municipal,0.16666666666666666,2016-08
2604304,Cedro,PE,2016,8,0.0,climatology_municipal,0.0,2016-08
2605301,Exu,PE,2016,8,0.0,climatology_municipal,0.5833333333333334,2016-08
2607307,Ipubi,PE,2016,8,0.0,climatology_municipal,0.75,2016-08
2614006,Serrita,PE,2016,8,0.0,climatology_municipal,0.16666666666666666,2016-08
2614303,Moreilândia,PE,2016,8,0.0,climatology_municipal,0.0,2016-08
2615607,Trindade,PE,2016,8,0.0,climatology_municipal,0.3333333333333333,2016-08
2200277,Alegrete do Piauí,PI,2016,8,1.0,climatology_apa_intensity12,0.0,2016-08
2202091,Caldeirão Grande do Piauí,PI,2016,8,0.0,climatology_apa_intensity12,0.0,2016-08
2202554,Caridade do Piauí,PI,2016,8,0.0,climatology_apa_intensity12,0.0,2016-08
2203271,Curral Novo do Piauí,PI,2016,8,0.0,climatology_apa_intensity12,0.0,2016-08
2204154,Francisco Macedo,PI,2016,8,0.0,climatology_apa_intensity12,0.0,2016-08
2204303,Fronteiras,PI,2016,8,1.0,climatology_apa_intensity12,0.05739923087879219,2016-08
2205953,Marcolândia,PI,2016,8,0.0,climatology_apa_intensity12,0.11479846175758437,2016-08
2207207,Padre Marcos,PI,2016,8,0.0,climatology_apa_intensity12,0.0,2016-08
2210300,São Julião,PI,2016,8,0.0,climatology_apa_intensity12,0.0,2016-08
2210706,Simões,PI,2016,8,0.0,climatology_apa_intensity12,0.11479846175758437,2016-08
2300101,Abaiara,CE,2016,8,0.0,climatology_apa_intensity12,0.17219769263637658,2016-08
2300606,Altaneira,CE,2016,8,0.0,climatology_apa_intensity12,0.0,2016-08
2301307,Araripe,CE,2016,8,0.0,climatology_apa_intensity12,0.22959692351516875,2016-08
2301604,Assaré,CE,2016,8,3.0,climatology_apa_intensity12,0.573992308787922,2016-08
2301901,Barbalha,CE,2016,8,0.0,climatology_apa_intensity12,0.6313915396667141,2016-08
2302503,Brejo Santo,CE,2016,8,0.0,climatology_apa_intensity12,0.17219769263637658,2016-08
2302701,Campos Sales,CE,2016,8,0.0,climatology_apa_intensity12,0.17219769263637658,2016-08
2304202,Crato,CE,2016,8,4.0,climatology_apa_intensity12,1.0905853866970516,2016-08
2304301,Farias Brito,CE,2016,8,0.0,climatology_apa_intensity12,0.11479846175758437,2016-08
2307106,Jardim,CE,2016,8,0.0,climatology_apa_intensity12,0.05739923087879219,2016-08
2307205,Jati,CE,2016,8,0.0,climatology_apa_intensity12,0.0,2016-08
2308401,Missão Velha,CE,2016,8,3.0,climatology_apa_intensity12,0.11479846175758437,2016-08
2309201,Nova Olinda,CE,2016,8,0.0,climatology_apa_intensity12,0.17219769263637658,2016-08
2310605,Penaforte,CE,2016,8,0.0,climatology_apa_intensity12,0.0,2016-08
2311108,Porteiras,CE,2016,8,0.0,climatology_apa_intensity12,0.0,2016-08
2311207,Potengi,CE,2016,8,0.0,climatology_apa_intensity12,0.0,2016-08
2311959,Salitre,CE,2016,8,0.0,climatology_apa_intensity12,0.05739923087879219,2016-08
2312106,Santana do Cariri,CE,2016,8,3.0,climatology_apa_intensity12,0.4017946161515454,2016-08
2601102,Araripina,PE,2016,8,0.0,climatology_apa_intensity12,0.4591938470303375,2016-08
2602001,Bodocó,PE,2016,8,2.0,climatology_apa_intensity12,0.11479846175758437,2016-08
2604304,Cedro,PE,2016,8,0.0,climatology_apa_intensity12,0.0,2016-08
2605301,Exu,PE,2016,8,0.0,climatology_apa_intensity12,0.4017946161515454,2016-08
2607307,Ipubi,PE,2016,8,0.0,climatology_apa_intensity12,0.5165930779091297,2016-08
2614006,Serrita,PE,2016,8,0.0,climatology_apa_intensity12,0.11479846175758437,2016-08
2614303,Moreilândia,PE,2016,8,0.0,climatology_apa_intensity12,0.0,2016-08
2615607,Trindade,PE,2016,8,0.0,climatology_apa_intensity12,0.22959692351516875,2016-08
2200277,Alegrete do Piauí,PI,2016,9,0.0,climatology_municipal,0.5833333333333334,2016-09
2202091,Caldeirão Grande do Piauí,PI,2016,9,1.0,climatology_municipal,1.5833333333333333,2016-09
2202554,Caridade do Piauí,PI,2016,9,1.0,climatology_municipal,2.3333333333333335,2016-09
2203271,Curral Novo do Piauí,PI,2016,9,2.0,climatology_municipal,2.25,2016-09
2204154,Francisco Macedo,PI,2016,9,0.0,climatology_municipal,0.25,2016-09
2204303,Fronteiras,PI,2016,9,0.0,climatology_municipal,3.0833333333333335,2016-09
2205953,Marcolândia,PI,2016,9,0.0,climatology_municipal,0.9166666666666666,2016-09
2207207,Padre Marcos,PI,2016,9,0.0,climatology_municipal,0.08333333333333333,2016-09
2210300,São Julião,PI,2016,9,2.0,climatology_municipal,1.75,2016-09
2210706,Simões,PI,2016,9,3.0,climatology_municipal,1.5833333333333333,2016-09
2300101,Abaiara,CE,2016,9,1.0,climatology_municipal,0.3333333333333333,2016-09
2300606,Altaneira,CE,2016,9,0.0,climatology_municipal,0.0,2016-09
2301307,Araripe,CE,2016,9,10.0,climatology_municipal,5.75,2016-09
2301604,Assaré,CE,2016,9,0.0,climatology_municipal,1.5,2016-09
2301901,Barbalha,CE,2016,9,2.0,climatology_municipal,2.75,2016-09
2302503,Brejo Santo,CE,2016,9,1.0,climatology_municipal,1.1666666666666667,2016-09
2302701,Campos Sales,CE,2016,9,1.0,climatology_municipal,1.8333333333333333,2016-09
2304202,Crato,CE,2016,9,5.0,climatology_municipal,3.4166666666666665,2016-09
2304301,Farias Brito,CE,2016,9,0.0,climatology_municipal,1.75,2016-09
2307106,Jardim,CE,2016,9,1.0,climatology_municipal,1.9166666666666667,2016-09
2307205,Jati,CE,2016,9,0.0,climatology_municipal,0.5833333333333334,2016-09
2308401,Missão Velha,CE,2016,9,2.0,climatology_municipal,3.0833333333333335,2016-09
2309201,Nova Olinda,CE,2016,9,0.0,climatology_municipal,1.0,2016-09
2310605,Penaforte,CE,2016,9,0.0,climatology_municipal,0.0,2016-09
2311108,Porteiras,CE,2016,9,1.0,climatology_municipal,1.1666666666666667,2016-09
2311207,Potengi,CE,2016,9,3.0,climatology_municipal,1.25,2016-09
2311959,Salitre,CE,2016,9,1.0,climatology_municipal,1.6666666666666667,2016-09
2312106,Santana do Cariri,CE,2016,9,4.0,climatology_municipal,1.9166666666666667,2016-09
2601102,Araripina,PE,2016,9,13.0,climatology_municipal,8.75,2016-09
2602001,Bodocó,PE,2016,9,10.0,climatology_municipal,12.166666666666666,2016-09
2604304,Cedro,PE,2016,9,0.0,climatology_municipal,0.0,2016-09
2605301,Exu,PE,2016,9,10.0,climatology_municipal,2.5833333333333335,2016-09
2607307,Ipubi,PE,2016,9,3.0,climatology_municipal,2.6666666666666665,2016-09
2614006,Serrita,PE,2016,9,8.0,climatology_municipal,5.25,2016-09
2614303,Moreilândia,PE,2016,9,6.0,climatology_municipal,1.0833333333333333,2016-09
2615607,Trindade,PE,2016,9,0.0,climatology_municipal,1.25,2016-09
2200277,Alegrete do Piauí,PI,2016,9,0.0,climatology_apa_intensity12,0.40651981403586446,2016-09
2202091,Caldeirão Grande do Piauí,PI,2016,9,1.0,climatology_apa_intensity12,1.103410923811632,2016-09
2202554,Caridade do Piauí,PI,2016,9,1.0,climatology_apa_intensity12,1.6260792561434578,2016-09
2203271,Curral Novo do Piauí,PI,2016,9,2.0,climatology_apa_intensity12,1.5680049969954772,2016-09
2204154,Francisco Macedo,PI,2016,9,0.0,climatology_apa_intensity12,0.1742227774439419,2016-09
2204303,Fronteiras,PI,2016,9,0.0,climatology_apa_intensity12,2.148747588475284,2016-09
2205953,Marcolândia,PI,2016,9,0.0,climatology_apa_intensity12,0.6388168506277869,2016-09
2207207,Padre Marcos,PI,2016,9,0.0,climatology_apa_intensity12,0.05807425914798063,2016-09
2210300,São Julião,PI,2016,9,2.0,climatology_apa_intensity12,1.2195594421075933,2016-09
2210706,Simões,PI,2016,9,3.0,climatology_apa_intensity12,1.103410923811632,2016-09
2300101,Abaiara,CE,2016,9,1.0,climatology_apa_intensity12,0.23229703659192252,2016-09
2300606,Altaneira,CE,2016,9,0.0,climatology_apa_intensity12,0.0,2016-09
2301307,Araripe,CE,2016,9,10.0,climatology_apa_intensity12,4.0071238812106635,2016-09
2301604,Assaré,CE,2016,9,0.0,climatology_apa_intensity12,1.0453366646636515,2016-09
2301901,Barbalha,CE,2016,9,2.0,climatology_apa_intensity12,1.916450551883361,2016-09
2302503,Brejo Santo,CE,2016,9,1.0,climatology_apa_intensity12,0.8130396280717289,2016-09
2302701,Campos Sales,CE,2016,9,1.0,climatology_apa_intensity12,1.2776337012555739,2016-09
2304202,Crato,CE,2016,9,5.0,climatology_apa_intensity12,2.381044625067206,2016-09
2304301,Farias Brito,CE,2016,9,0.0,climatology_apa_intensity12,1.2195594421075933,2016-09
2307106,Jardim,CE,2016,9,1.0,climatology_apa_intensity12,1.3357079604035547,2016-09
2307205,Jati,CE,2016,9,0.0,climatology_apa_intensity12,0.40651981403586446,2016-09
2308401,Missão Velha,CE,2016,9,2.0,climatology_apa_intensity12,2.148747588475284,2016-09
2309201,Nova Olinda,CE,2016,9,0.0,climatology_apa_intensity12,0.6968911097757676,2016-09
2310605,Penaforte,CE,2016,9,0.0,climatology_apa_intensity12,0.0,2016-09
2311108,Porteiras,CE,2016,9,1.0,climatology_apa_intensity12,0.8130396280717289,2016-09
2311207,Potengi,CE,2016,9,3.0,climatology_apa_intensity12,0.8711138872197095,2016-09
2311959,Salitre,CE,2016,9,1.0,climatology_apa_intensity12,1.1614851829596127,2016-09
2312106,Santana do Cariri,CE,2016,9,4.0,climatology_apa_intensity12,1.3357079604035547,2016-09
2601102,Araripina,PE,2016,9,13.0,climatology_apa_intensity12,6.0977972105379665,2016-09
2602001,Bodocó,PE,2016,9,10.0,climatology_apa_intensity12,8.478841835605172,2016-09
2604304,Cedro,PE,2016,9,0.0,climatology_apa_intensity12,0.0,2016-09
2605301,Exu,PE,2016,9,10.0,climatology_apa_intensity12,1.8003020335873998,2016-09
2607307,Ipubi,PE,2016,9,3.0,climatology_apa_intensity12,1.8583762927353802,2016-09
2614006,Serrita,PE,2016,9,8.0,climatology_apa_intensity12,3.65867832632278,2016-09
2614303,Moreilândia,PE,2016,9,6.0,climatology_apa_intensity12,0.7549653689237482,2016-09
2615607,Trindade,PE,2016,9,0.0,climatology_apa_intensity12,0.8711138872197095,2016-09
2200277,Alegrete do Piauí,PI,2016,10,3.0,climatology_municipal,1.0,2016-10
2202091,Caldeirão Grande do Piauí,PI,2016,10,12.0,climatology_municipal,5.0,2016-10
2202554,Caridade do Piauí,PI,2016,10,2.0,climatology_municipal,9.916666666666666,2016-10
2203271,Curral Novo do Piauí,PI,2016,10,4.0,climatology_municipal,6.5,2016-10
2204154,Francisco Macedo,PI,2016,10,2.0,climatology_municipal,2.25,2016-10
2204303,Fronteiras,PI,2016,10,6.0,climatology_municipal,7.333333333333333,2016-10
2205953,Marcolândia,PI,2016,10,0.0,climatology_municipal,0.9166666666666666,2016-10
2207207,Padre Marcos,PI,2016,10,2.0,climatology_municipal,2.25,2016-10
2210300,São Julião,PI,2016,10,0.0,climatology_municipal,1.1666666666666667,2016-10
2210706,Simões,PI,2016,10,4.0,climatology_municipal,9.083333333333334,2016-10
2300101,Abaiara,CE,2016,10,1.0,climatology_municipal,0.8333333333333334,2016-10
2300606,Altaneira,CE,2016,10,0.0,climatology_municipal,0.5833333333333334,2016-10
2301307,Araripe,CE,2016,10,18.0,climatology_municipal,7.833333333333333,2016-10
2301604,Assaré,CE,2016,10,13.0,climatology_municipal,2.5,2016-10
2301901,Barbalha,CE,2016,10,1.0,climatology_municipal,2.4166666666666665,2016-10
2302503,Brejo Santo,CE,2016,10,3.0,climatology_municipal,2.75,2016-10
2302701,Campos Sales,CE,2016,10,4.0,climatology_municipal,2.5833333333333335,2016-10
2304202,Crato,CE,2016,10,20.0,climatology_municipal,7.333333333333333,2016-10
2304301,Farias Brito,CE,2016,10,13.0,climatology_municipal,2.6666666666666665,2016-10
2307106,Jardim,CE,2016,10,3.0,climatology_municipal,2.0,2016-10
2307205,Jati,CE,2016,10,6.0,climatology_municipal,2.0833333333333335,2016-10
2308401,Missão Velha,CE,2016,10,15.0,climatology_municipal,4.0,2016-10
2309201,Nova Olinda,CE,2016,10,2.0,climatology_municipal,1.0,2016-10
2310605,Penaforte,CE,2016,10,0.0,climatology_municipal,0.25,2016-10
2311108,Porteiras,CE,2016,10,0.0,climatology_municipal,0.5833333333333334,2016-10
2311207,Potengi,CE,2016,10,3.0,climatology_municipal,1.3333333333333333,2016-10
2311959,Salitre,CE,2016,10,5.0,climatology_municipal,4.083333333333333,2016-10
2312106,Santana do Cariri,CE,2016,10,10.0,climatology_municipal,5.5,2016-10
2601102,Araripina,PE,2016,10,7.0,climatology_municipal,21.5,2016-10
2602001,Bodocó,PE,2016,10,11.0,climatology_municipal,37.0,2016-10
2604304,Cedro,PE,2016,10,0.0,climatology_municipal,0.25,2016-10
2605301,Exu,PE,2016,10,12.0,climatology_municipal,12.583333333333334,2016-10
2607307,Ipubi,PE,2016,10,7.0,climatology_municipal,10.5,2016-10
2614006,Serrita,PE,2016,10,7.0,climatology_municipal,9.916666666666666,2016-10
2614303,Moreilândia,PE,2016,10,11.0,climatology_municipal,4.166666666666667,2016-10
2615607,Trindade,PE,2016,10,4.0,climatology_municipal,2.6666666666666665,2016-10
2200277,Alegrete do Piauí,PI,2016,10,3.0,climatology_apa_intensity12,0.7059715520032855,2016-10
2202091,Caldeirão Grande do Piauí,PI,2016,10,12.0,climatology_apa_intensity12,3.529857760016428,2016-10
2202554,Caridade do Piauí,PI,2016,10,2.0,climatology_apa_intensity12,7.000884557365914,2016-10
2203271,Curral Novo do Piauí,PI,2016,10,4.0,climatology_apa_intensity12,4.588815088021356,2016-10
2204154,Francisco Macedo,PI,2016,10,2.0,climatology_apa_intensity12,1.5884359920073925,2016-10
2204303,Fronteiras,PI,2016,10,6.0,climatology_apa_intensity12,5.177124714690761,2016-10
2205953,Marcolândia,PI,2016,10,0.0,climatology_apa_intensity12,0.6471405893363451,2016-10
2207207,Padre Marcos,PI,2016,10,2.0,climatology_apa_intensity12,1.5884359920073925,2016-10
2210300,São Julião,PI,2016,10,0.0,climatology_apa_intensity12,0.8236334773371665,2016-10
2210706,Simões,PI,2016,10,4.0,climatology_apa_intensity12,6.412574930696511,2016-10
2300101,Abaiara,CE,2016,10,1.0,climatology_apa_intensity12,0.5883096266694047,2016-10
2300606,Altaneira,CE,2016,10,0.0,climatology_apa_intensity12,0.41181673866858326,2016-10
2301307,Araripe,CE,2016,10,18.0,climatology_apa_intensity12,5.530110490692403,2016-10
2301604,Assaré,CE,2016,10,13.0,climatology_apa_intensity12,1.764928880008214,2016-10
2301901,Barbalha,CE,2016,10,1.0,climatology_apa_intensity12,1.7060979173412734,2016-10
2302503,Brejo Santo,CE,2016,10,3.0,climatology_apa_intensity12,1.9414217680090353,2016-10
2302701,Campos Sales,CE,2016,10,4.0,climatology_apa_intensity12,1.8237598426751545,2016-10
2304202,Crato,CE,2016,10,20.0,climatology_apa_intensity12,5.177124714690761,2016-10
2304301,Farias Brito,CE,2016,10,13.0,climatology_apa_intensity12,1.8825908053420948,2016-10
2307106,Jardim,CE,2016,10,3.0,climatology_apa_intensity12,1.411943104006571,2016-10
2307205,Jati,CE,2016,10,6.0,climatology_apa_intensity12,1.4707740666735116,2016-10
2308401,Missão Velha,CE,2016,10,15.0,climatology_apa_intensity12,2.823886208013142,2016-10
2309201,Nova Olinda,CE,2016,10,2.0,climatology_apa_intensity12,0.7059715520032855,2016-10
2310605,Penaforte,CE,2016,10,0.0,climatology_apa_intensity12,0.17649288800082139,2016-10
2311108,Porteiras,CE,2016,10,0.0,climatology_apa_intensity12,0.41181673866858326,2016-10
2311207,Potengi,CE,2016,10,3.0,climatology_apa_intensity12,0.9412954026710474,2016-10
2311959,Salitre,CE,2016,10,5.0,climatology_apa_intensity12,2.8827171706800825,2016-10
2312106,Santana do Cariri,CE,2016,10,10.0,climatology_apa_intensity12,3.8828435360180706,2016-10
2601102,Araripina,PE,2016,10,7.0,climatology_apa_intensity12,15.178388368070639,2016-10
2602001,Bodocó,PE,2016,10,11.0,climatology_apa_intensity12,26.120947424121564,2016-10
2604304,Cedro,PE,2016,10,0.0,climatology_apa_intensity12,0.17649288800082139,2016-10
2605301,Exu,PE,2016,10,12.0,climatology_apa_intensity12,8.88347536270801,2016-10
2607307,Ipubi,PE,2016,10,7.0,climatology_apa_intensity12,7.4127012960344985,2016-10
2614006,Serrita,PE,2016,10,7.0,climatology_apa_intensity12,7.000884557365914,2016-10
2614303,Moreilândia,PE,2016,10,11.0,climatology_apa_intensity12,2.9415481333470233,2016-10
2615607,Trindade,PE,2016,10,4.0,climatology_apa_intensity12,1.8825908053420948,2016-10
2200277,Alegrete do Piauí,PI,2016,11,2.0,climatology_municipal,1.3333333333333333,2016-11
2202091,Caldeirão Grande do Piauí,PI,2016,11,1.0,climatology_municipal,6.5,2016-11
2202554,Caridade do Piauí,PI,2016,11,0.0,climatology_municipal,4.583333333333333,2016-11
2203271,Curral Novo do Piauí,PI,2016,11,0.0,climatology_municipal,2.75,2016-11
2204154,Francisco Macedo,PI,2016,11,3.0,climatology_municipal,2.8333333333333335,2016-11
2204303,Fronteiras,PI,2016,11,1.0,climatology_municipal,9.25,2016-11
2205953,Marcolândia,PI,2016,11,1.0,climatology_municipal,1.5,2016-11
2207207,Padre Marcos,PI,2016,11,0.0,climatology_municipal,3.8333333333333335,2016-11
2210300,São Julião,PI,2016,11,1.0,climatology_municipal,1.8333333333333333,2016-11
2210706,Simões,PI,2016,11,2.0,climatology_municipal,9.666666666666666,2016-11
2300101,Abaiara,CE,2016,11,1.0,climatology_municipal,2.3333333333333335,2016-11
2300606,Altaneira,CE,2016,11,0.0,climatology_municipal,0.3333333333333333,2016-11
2301307,Araripe,CE,2016,11,4.0,climatology_municipal,16.5,2016-11
2301604,Assaré,CE,2016,11,3.0,climatology_municipal,5.833333333333333,2016-11
2301901,Barbalha,CE,2016,11,5.0,climatology_municipal,5.25,2016-11
2302503,Brejo Santo,CE,2016,11,0.0,climatology_municipal,6.5,2016-11
2302701,Campos Sales,CE,2016,11,2.0,climatology_municipal,3.9166666666666665,2016-11
2304202,Crato,CE,2016,11,15.0,climatology_municipal,10.666666666666666,2016-11
2304301,Farias Brito,CE,2016,11,5.0,climatology_municipal,3.3333333333333335,2016-11
2307106,Jardim,CE,2016,11,1.0,climatology_municipal,3.25,2016-11
2307205,Jati,CE,2016,11,0.0,climatology_municipal,3.0,2016-11
2308401,Missão Velha,CE,2016,11,10.0,climatology_municipal,9.666666666666666,2016-11
2309201,Nova Olinda,CE,2016,11,0.0,climatology_municipal,3.75,2016-11
2310605,Penaforte,CE,2016,11,0.0,climatology_municipal,0.25,2016-11
2311108,Porteiras,CE,2016,11,1.0,climatology_municipal,1.75,2016-11
2311207,Potengi,CE,2016,11,0.0,climatology_municipal,2.75,2016-11
2311959,Salitre,CE,2016,11,0.0,climatology_municipal,10.666666666666666,2016-11
2312106,Santana do Cariri,CE,2016,11,12.0,climatology_municipal,13.75,2016-11
2601102,Araripina,PE,2016,11,6.0,climatology_municipal,16.166666666666668,2016-11
2602001,Bodocó,PE,2016,11,3.0,climatology_municipal,37.25,2016-11
2604304,Cedro,PE,2016,11,0.0,climatology_municipal,0.08333333333333333,2016-11
2605301,Exu,PE,2016,11,10.0,climatology_municipal,18.083333333333332,2016-11
2607307,Ipubi,PE,2016,11,4.0,climatology_municipal,10.166666666666666,2016-11
2614006,Serrita,PE,2016,11,6.0,climatology_municipal,12.583333333333334,2016-11
2614303,Moreilândia,PE,2016,11,2.0,climatology_municipal,7.166666666666667,2016-11
2615607,Trindade,PE,2016,11,1.0,climatology_municipal,1.1666666666666667,2016-11
2200277,Alegrete do Piauí,PI,2016,11,2.0,climatology_apa_intensity12,1.084144870167249,2016-11
2202091,Caldeirão Grande do Piauí,PI,2016,11,1.0,climatology_apa_intensity12,5.285206242065339,2016-11
2202554,Caridade do Piauí,PI,2016,11,0.0,climatology_apa_intensity12,3.726747991199918,2016-11
2203271,Curral Novo do Piauí,PI,2016,11,0.0,climatology_apa_intensity12,2.236048794719951,2016-11
2204154,Francisco Macedo,PI,2016,11,3.0,climatology_apa_intensity12,2.303807849105404,2016-11
2204303,Fronteiras,PI,2016,11,1.0,climatology_apa_intensity12,7.5212550367852895,2016-11
2205953,Marcolândia,PI,2016,11,1.0,climatology_apa_intensity12,1.219662978938155,2016-11
2207207,Padre Marcos,PI,2016,11,0.0,climatology_apa_intensity12,3.116916501730841,2016-11
2210300,São Julião,PI,2016,11,1.0,climatology_apa_intensity12,1.4906991964799674,2016-11
2210706,Simões,PI,2016,11,2.0,climatology_apa_intensity12,7.860050308712554,2016-11
2300101,Abaiara,CE,2016,11,1.0,climatology_apa_intensity12,1.8972535227926859,2016-11
2300606,Altaneira,CE,2016,11,0.0,climatology_apa_intensity12,0.27103621754181223,2016-11
2301307,Araripe,CE,2016,11,4.0,climatology_apa_intensity12,13.416292768319707,2016-11
2301604,Assaré,CE,2016,11,3.0,climatology_apa_intensity12,4.743133806981714,2016-11
2301901,Barbalha,CE,2016,11,5.0,climatology_apa_intensity12,4.2688204262835425,2016-11
2302503,Brejo Santo,CE,2016,11,0.0,climatology_apa_intensity12,5.285206242065339,2016-11
2302701,Campos Sales,CE,2016,11,2.0,climatology_apa_intensity12,3.184675556116294,2016-11
2304202,Crato,CE,2016,11,15.0,climatology_apa_intensity12,8.673158961337991,2016-11
2304301,Farias Brito,CE,2016,11,5.0,climatology_apa_intensity12,2.7103621754181226,2016-11
2307106,Jardim,CE,2016,11,1.0,climatology_apa_intensity12,2.6426031210326695,2016-11
2307205,Jati,CE,2016,11,0.0,climatology_apa_intensity12,2.43932595787631,2016-11
2308401,Missão Velha,CE,2016,11,10.0,climatology_apa_intensity12,7.860050308712554,2016-11
2309201,Nova Olinda,CE,2016,11,0.0,climatology_apa_intensity12,3.049157447345388,2016-11
2310605,Penaforte,CE,2016,11,0.0,climatology_apa_intensity12,0.2032771631563592,2016-11
2311108,Porteiras,CE,2016,11,1.0,climatology_apa_intensity12,1.4229401420945142,2016-11
2311207,Potengi,CE,2016,11,0.0,climatology_apa_intensity12,2.236048794719951,2016-11
2311959,Salitre,CE,2016,11,0.0,climatology_apa_intensity12,8.673158961337991,2016-11
2312106,Santana do Cariri,CE,2016,11,12.0,climatology_apa_intensity12,11.180243973599755,2016-11
2601102,Araripina,PE,2016,11,6.0,climatology_apa_intensity12,13.145256550777894,2016-11
2602001,Bodocó,PE,2016,11,3.0,climatology_apa_intensity12,30.28829731029752,2016-11
2604304,Cedro,PE,2016,11,0.0,climatology_apa_intensity12,0.06775905438545306,2016-11
2605301,Exu,PE,2016,11,10.0,climatology_apa_intensity12,14.703714801643313,2016-11
2607307,Ipubi,PE,2016,11,4.0,climatology_apa_intensity12,8.266604635025272,2016-11
2614006,Serrita,PE,2016,11,6.0,climatology_apa_intensity12,10.231617212203412,2016-11
2614303,Moreilândia,PE,2016,11,2.0,climatology_apa_intensity12,5.827278677148963,2016-11
2615607,Trindade,PE,2016,11,1.0,climatology_apa_intensity12,0.9486267613963429,2016-11
2200277,Alegrete do Piauí,PI,2016,12,0.0,climatology_municipal,0.75,2016-12
2202091,Caldeirão Grande do Piauí,PI,2016,12,0.0,climatology_municipal,1.3333333333333333,2016-12
2202554,Caridade do Piauí,PI,2016,12,1.0,climatology_municipal,2.5,2016-12
2203271,Curral Novo do Piauí,PI,2016,12,1.0,climatology_municipal,0.4166666666666667,2016-12
2204154,Francisco Macedo,PI,2016,12,0.0,climatology_municipal,1.1666666666666667,2016-12
2204303,Fronteiras,PI,2016,12,4.0,climatology_municipal,2.4166666666666665,2016-12
2205953,Marcolândia,PI,2016,12,0.0,climatology_municipal,1.6666666666666667,2016-12
2207207,Padre Marcos,PI,2016,12,0.0,climatology_municipal,1.0833333333333333,2016-12
2210300,São Julião,PI,2016,12,0.0,climatology_municipal,0.3333333333333333,2016-12
2210706,Simões,PI,2016,12,0.0,climatology_municipal,2.25,2016-12
2300101,Abaiara,CE,2016,12,0.0,climatology_municipal,2.3333333333333335,2016-12
2300606,Altaneira,CE,2016,12,0.0,climatology_municipal,0.75,2016-12
2301307,Araripe,CE,2016,12,2.0,climatology_municipal,7.083333333333333,2016-12
2301604,Assaré,CE,2016,12,2.0,climatology_municipal,5.583333333333333,2016-12
2301901,Barbalha,CE,2016,12,1.0,climatology_municipal,2.5,2016-12
2302503,Brejo Santo,CE,2016,12,0.0,climatology_municipal,2.5833333333333335,2016-12
2302701,Campos Sales,CE,2016,12,0.0,climatology_municipal,1.8333333333333333,2016-12
2304202,Crato,CE,2016,12,0.0,climatology_municipal,7.75,2016-12
2304301,Farias Brito,CE,2016,12,0.0,climatology_municipal,2.5833333333333335,2016-12
2307106,Jardim,CE,2016,12,2.0,climatology_municipal,4.416666666666667,2016-12
2307205,Jati,CE,2016,12,1.0,climatology_municipal,0.75,2016-12
2308401,Missão Velha,CE,2016,12,9.0,climatology_municipal,7.5,2016-12
2309201,Nova Olinda,CE,2016,12,2.0,climatology_municipal,3.5,2016-12
2310605,Penaforte,CE,2016,12,0.0,climatology_municipal,0.4166666666666667,2016-12
2311108,Porteiras,CE,2016,12,1.0,climatology_municipal,2.0833333333333335,2016-12
2311207,Potengi,CE,2016,12,0.0,climatology_municipal,1.8333333333333333,2016-12
2311959,Salitre,CE,2016,12,0.0,climatology_municipal,5.25,2016-12
2312106,Santana do Cariri,CE,2016,12,2.0,climatology_municipal,13.416666666666666,2016-12
2601102,Araripina,PE,2016,12,0.0,climatology_municipal,5.416666666666667,2016-12
2602001,Bodocó,PE,2016,12,6.0,climatology_municipal,19.0,2016-12
2604304,Cedro,PE,2016,12,0.0,climatology_municipal,0.5,2016-12
2605301,Exu,PE,2016,12,8.0,climatology_municipal,13.833333333333334,2016-12
2607307,Ipubi,PE,2016,12,1.0,climatology_municipal,5.166666666666667,2016-12
2614006,Serrita,PE,2016,12,1.0,climatology_municipal,7.166666666666667,2016-12
2614303,Moreilândia,PE,2016,12,0.0,climatology_municipal,3.25,2016-12
2615607,Trindade,PE,2016,12,0.0,climatology_municipal,0.4166666666666667,2016-12
2200277,Alegrete do Piauí,PI,2016,12,0.0,climatology_apa_intensity12,0.5913722228442554,2016-12
2202091,Caldeirão Grande do Piauí,PI,2016,12,0.0,climatology_apa_intensity12,1.051328396167565,2016-12
2202554,Caridade do Piauí,PI,2016,12,1.0,climatology_apa_intensity12,1.9712407428141845,2016-12
2203271,Curral Novo do Piauí,PI,2016,12,1.0,climatology_apa_intensity12,0.3285401238023641,2016-12
2204154,Francisco Macedo,PI,2016,12,0.0,climatology_apa_intensity12,0.9199123466466195,2016-12
2204303,Fronteiras,PI,2016,12,4.0,climatology_apa_intensity12,1.9055327180537116,2016-12
2205953,Marcolândia,PI,2016,12,0.0,climatology_apa_intensity12,1.3141604952094563,2016-12
2207207,Padre Marcos,PI,2016,12,0.0,climatology_apa_intensity12,0.8542043218861466,2016-12
2210300,São Julião,PI,2016,12,0.0,climatology_apa_intensity12,0.26283209904189125,2016-12
2210706,Simões,PI,2016,12,0.0,climatology_apa_intensity12,1.774116668532766,2016-12
2300101,Abaiara,CE,2016,12,0.0,climatology_apa_intensity12,1.839824693293239,2016-12
2300606,Altaneira,CE,2016,12,0.0,climatology_apa_intensity12,0.5913722228442554,2016-12
2301307,Araripe,CE,2016,12,2.0,climatology_apa_intensity12,5.5851821046401895,2016-12
2301604,Assaré,CE,2016,12,2.0,climatology_apa_intensity12,4.402437658951679,2016-12
2301901,Barbalha,CE,2016,12,1.0,climatology_apa_intensity12,1.9712407428141845,2016-12
2302503,Brejo Santo,CE,2016,12,0.0,climatology_apa_intensity12,2.0369487675746574,2016-12
2302701,Campos Sales,CE,2016,12,0.0,climatology_apa_intensity12,1.4455765447304019,2016-12
2304202,Crato,CE,2016,12,0.0,climatology_apa_intensity12,6.110846302723972,2016-12
2304301,Farias Brito,CE,2016,12,0.0,climatology_apa_intensity12,2.0369487675746574,2016-12
2307106,Jardim,CE,2016,12,2.0,climatology_apa_intensity12,3.4825253123050595,2016-12
2307205,Jati,CE,2016,12,1.0,climatology_apa_intensity12,0.5913722228442554,2016-12
2308401,Missão Velha,CE,2016,12,9.0,climatology_apa_intensity12,5.913722228442554,2016-12
2309201,Nova Olinda,CE,2016,12,2.0,climatology_apa_intensity12,2.7597370399398584,2016-12
2310605,Penaforte,CE,2016,12,0.0,climatology_apa_intensity12,0.3285401238023641,2016-12
2311108,Porteiras,CE,2016,12,1.0,climatology_apa_intensity12,1.6427006190118205,2016-12
2311207,Potengi,CE,2016,12,0.0,climatology_apa_intensity12,1.4455765447304019,2016-12
2311959,Salitre,CE,2016,12,0.0,climatology_apa_intensity12,4.139605559909787,2016-12
2312106,Santana do Cariri,CE,2016,12,2.0,climatology_apa_intensity12,10.578991986436122,2016-12
2601102,Araripina,PE,2016,12,0.0,climatology_apa_intensity12,4.271021609430734,2016-12
2602001,Bodocó,PE,2016,12,6.0,climatology_apa_intensity12,14.981429645387802,2016-12
2604304,Cedro,PE,2016,12,0.0,climatology_apa_intensity12,0.3942481485628369,2016-12
2605301,Exu,PE,2016,12,8.0,climatology_apa_intensity12,10.907532110238488,2016-12
2607307,Ipubi,PE,2016,12,1.0,climatology_apa_intensity12,4.073897535149315,2016-12
2614006,Serrita,PE,2016,12,1.0,climatology_apa_intensity12,5.650890129400662,2016-12
2614303,Moreilândia,PE,2016,12,0.0,climatology_apa_intensity12,2.56261296565844,2016-12
2615607,Trindade,PE,2016,12,0.0,climatology_apa_intensity12,0.3285401238023641,2016-12
2200277,Alegrete do Piauí,PI,2017,1,0.0,climatology_municipal,0.15384615384615385,2017-01
2202091,Caldeirão Grande do Piauí,PI,2017,1,0.0,climatology_municipal,0.23076923076923078,2017-01
2202554,Caridade do Piauí,PI,2017,1,0.0,climatology_municipal,0.07692307692307693,2017-01
2203271,Curral Novo do Piauí,PI,2017,1,0.0,climatology_municipal,0.0,2017-01
2204154,Francisco Macedo,PI,2017,1,0.0,climatology_municipal,0.0,2017-01
2204303,Fronteiras,PI,2017,1,0.0,climatology_municipal,0.38461538461538464,2017-01
2205953,Marcolândia,PI,2017,1,0.0,climatology_municipal,0.15384615384615385,2017-01
2207207,Padre Marcos,PI,2017,1,0.0,climatology_municipal,0.46153846153846156,2017-01
2210300,São Julião,PI,2017,1,0.0,climatology_municipal,0.07692307692307693,2017-01
2210706,Simões,PI,2017,1,2.0,climatology_municipal,0.07692307692307693,2017-01
2300101,Abaiara,CE,2017,1,0.0,climatology_municipal,0.07692307692307693,2017-01
2300606,Altaneira,CE,2017,1,0.0,climatology_municipal,0.0,2017-01
2301307,Araripe,CE,2017,1,0.0,climatology_municipal,1.6153846153846154,2017-01
2301604,Assaré,CE,2017,1,3.0,climatology_municipal,2.230769230769231,2017-01
2301901,Barbalha,CE,2017,1,1.0,climatology_municipal,0.5384615384615384,2017-01
2302503,Brejo Santo,CE,2017,1,0.0,climatology_municipal,0.5384615384615384,2017-01
2302701,Campos Sales,CE,2017,1,0.0,climatology_municipal,0.38461538461538464,2017-01
2304202,Crato,CE,2017,1,1.0,climatology_municipal,1.0769230769230769,2017-01
2304301,Farias Brito,CE,2017,1,0.0,climatology_municipal,0.7692307692307693,2017-01
2307106,Jardim,CE,2017,1,0.0,climatology_municipal,0.5384615384615384,2017-01
2307205,Jati,CE,2017,1,0.0,climatology_municipal,0.23076923076923078,2017-01
2308401,Missão Velha,CE,2017,1,0.0,climatology_municipal,1.3846153846153846,2017-01
2309201,Nova Olinda,CE,2017,1,0.0,climatology_municipal,0.3076923076923077,2017-01
2310605,Penaforte,CE,2017,1,0.0,climatology_municipal,0.07692307692307693,2017-01
2311108,Porteiras,CE,2017,1,0.0,climatology_municipal,0.23076923076923078,2017-01
2311207,Potengi,CE,2017,1,2.0,climatology_municipal,0.9230769230769231,2017-01
2311959,Salitre,CE,2017,1,0.0,climatology_municipal,0.7692307692307693,2017-01
2312106,Santana do Cariri,CE,2017,1,2.0,climatology_municipal,4.153846153846154,2017-01
2601102,Araripina,PE,2017,1,0.0,climatology_municipal,0.46153846153846156,2017-01
2602001,Bodocó,PE,2017,1,0.0,climatology_municipal,1.6923076923076923,2017-01
2604304,Cedro,PE,2017,1,0.0,climatology_municipal,0.07692307692307693,2017-01
2605301,Exu,PE,2017,1,1.0,climatology_municipal,2.4615384615384617,2017-01
2607307,Ipubi,PE,2017,1,0.0,climatology_municipal,0.46153846153846156,2017-01
2614006,Serrita,PE,2017,1,0.0,climatology_municipal,1.6153846153846154,2017-01
2614303,Moreilândia,PE,2017,1,0.0,climatology_municipal,0.38461538461538464,2017-01
2615607,Trindade,PE,2017,1,0.0,climatology_municipal,0.07692307692307693,2017-01
2200277,Alegrete do Piauí,PI,2017,1,0.0,climatology_apa_intensity12,0.11682650392327812,2017-01
2202091,Caldeirão Grande do Piauí,PI,2017,1,0.0,climatology_apa_intensity12,0.17523975588491716,2017-01
2202554,Caridade do Piauí,PI,2017,1,0.0,climatology_apa_intensity12,0.05841325196163906,2017-01
2203271,Curral Novo do Piauí,PI,2017,1,0.0,climatology_apa_intensity12,0.0,2017-01
2204154,Francisco Macedo,PI,2017,1,0.0,climatology_apa_intensity12,0.0,2017-01
2204303,Fronteiras,PI,2017,1,0.0,climatology_apa_intensity12,0.2920662598081953,2017-01
2205953,Marcolândia,PI,2017,1,0.0,climatology_apa_intensity12,0.11682650392327812,2017-01
2207207,Padre Marcos,PI,2017,1,0.0,climatology_apa_intensity12,0.35047951176983433,2017-01
2210300,São Julião,PI,2017,1,0.0,climatology_apa_intensity12,0.05841325196163906,2017-01
2210706,Simões,PI,2017,1,2.0,climatology_apa_intensity12,0.05841325196163906,2017-01
2300101,Abaiara,CE,2017,1,0.0,climatology_apa_intensity12,0.05841325196163906,2017-01
2300606,Altaneira,CE,2017,1,0.0,climatology_apa_intensity12,0.0,2017-01
2301307,Araripe,CE,2017,1,0.0,climatology_apa_intensity12,1.22667829119442,2017-01
2301604,Assaré,CE,2017,1,3.0,climatology_apa_intensity12,1.6939843068875327,2017-01
2301901,Barbalha,CE,2017,1,1.0,climatology_apa_intensity12,0.4088927637314734,2017-01
2302503,Brejo Santo,CE,2017,1,0.0,climatology_apa_intensity12,0.4088927637314734,2017-01
2302701,Campos Sales,CE,2017,1,0.0,climatology_apa_intensity12,0.2920662598081953,2017-01
2304202,Crato,CE,2017,1,1.0,climatology_apa_intensity12,0.8177855274629467,2017-01
2304301,Farias Brito,CE,2017,1,0.0,climatology_apa_intensity12,0.5841325196163906,2017-01
2307106,Jardim,CE,2017,1,0.0,climatology_apa_intensity12,0.4088927637314734,2017-01
2307205,Jati,CE,2017,1,0.0,climatology_apa_intensity12,0.17523975588491716,2017-01
2308401,Missão Velha,CE,2017,1,0.0,climatology_apa_intensity12,1.051438535309503,2017-01
2309201,Nova Olinda,CE,2017,1,0.0,climatology_apa_intensity12,0.23365300784655624,2017-01
2310605,Penaforte,CE,2017,1,0.0,climatology_apa_intensity12,0.05841325196163906,2017-01
2311108,Porteiras,CE,2017,1,0.0,climatology_apa_intensity12,0.17523975588491716,2017-01
2311207,Potengi,CE,2017,1,2.0,climatology_apa_intensity12,0.7009590235396687,2017-01
2311959,Salitre,CE,2017,1,0.0,climatology_apa_intensity12,0.5841325196163906,2017-01
2312106,Santana do Cariri,CE,2017,1,2.0,climatology_apa_intensity12,3.154315605928509,2017-01
2601102,Araripina,PE,2017,1,0.0,climatology_apa_intensity12,0.35047951176983433,2017-01
2602001,Bodocó,PE,2017,1,0.0,climatology_apa_intensity12,1.2850915431560592,2017-01
2604304,Cedro,PE,2017,1,0.0,climatology_apa_intensity12,0.05841325196163906,2017-01
2605301,Exu,PE,2017,1,1.0,climatology_apa_intensity12,1.86922406277245,2017-01
2607307,Ipubi,PE,2017,1,0.0,climatology_apa_intensity12,0.35047951176983433,2017-01
2614006,Serrita,PE,2017,1,0.0,climatology_apa_intensity12,1.22667829119442,2017-01
2614303,Moreilândia,PE,2017,1,0.0,climatology_apa_intensity12,0.2920662598081953,2017-01
2615607,Trindade,PE,2017,1,0.0,climatology_apa_intensity12,0.05841325196163906,2017-01
2200277,Alegrete do Piauí,PI,2017,2,0.0,climatology_municipal,0.0,2017-02
2202091,Caldeirão Grande do Piauí,PI,2017,2,0.0,climatology_municipal,0.07692307692307693,2017-02
2202554,Caridade do Piauí,PI,2017,2,0.0,climatology_municipal,0.0,2017-02
2203271,Curral Novo do Piauí,PI,2017,2,0.0,climatology_municipal,0.0,2017-02
2204154,Francisco Macedo,PI,2017,2,0.0,climatology_municipal,0.0,2017-02
2204303,Fronteiras,PI,2017,2,0.0,climatology_municipal,0.0,2017-02
2205953,Marcolândia,PI,2017,2,0.0,climatology_municipal,0.0,2017-02
2207207,Padre Marcos,PI,2017,2,0.0,climatology_municipal,0.07692307692307693,2017-02
2210300,São Julião,PI,2017,2,0.0,climatology_municipal,0.0,2017-02
2210706,Simões,PI,2017,2,0.0,climatology_municipal,0.07692307692307693,2017-02
2300101,Abaiara,CE,2017,2,0.0,climatology_municipal,0.0,2017-02
2300606,Altaneira,CE,2017,2,0.0,climatology_municipal,0.0,2017-02
2301307,Araripe,CE,2017,2,0.0,climatology_municipal,0.15384615384615385,2017-02
2301604,Assaré,CE,2017,2,0.0,climatology_municipal,0.38461538461538464,2017-02
2301901,Barbalha,CE,2017,2,0.0,climatology_municipal,0.23076923076923078,2017-02
2302503,Brejo Santo,CE,2017,2,0.0,climatology_municipal,0.07692307692307693,2017-02
2302701,Campos Sales,CE,2017,2,0.0,climatology_municipal,0.0,2017-02
2304202,Crato,CE,2017,2,0.0,climatology_municipal,0.23076923076923078,2017-02
2304301,Farias Brito,CE,2017,2,0.0,climatology_municipal,0.0,2017-02
2307106,Jardim,CE,2017,2,0.0,climatology_municipal,0.0,2017-02
2307205,Jati,CE,2017,2,0.0,climatology_municipal,0.23076923076923078,2017-02
2308401,Missão Velha,CE,2017,2,0.0,climatology_municipal,0.15384615384615385,2017-02
2309201,Nova Olinda,CE,2017,2,0.0,climatology_municipal,0.0,2017-02
2310605,Penaforte,CE,2017,2,0.0,climatology_municipal,0.15384615384615385,2017-02
2311108,Porteiras,CE,2017,2,0.0,climatology_municipal,0.15384615384615385,2017-02
2311207,Potengi,CE,2017,2,1.0,climatology_municipal,0.38461538461538464,2017-02
2311959,Salitre,CE,2017,2,0.0,climatology_municipal,0.07692307692307693,2017-02
2312106,Santana do Cariri,CE,2017,2,0.0,climatology_municipal,0.38461538461538464,2017-02
2601102,Araripina,PE,2017,2,0.0,climatology_municipal,0.15384615384615385,2017-02
2602001,Bodocó,PE,2017,2,0.0,climatology_municipal,0.07692307692307693,2017-02
2604304,Cedro,PE,2017,2,0.0,climatology_municipal,0.0,2017-02
2605301,Exu,PE,2017,2,0.0,climatology_municipal,0.23076923076923078,2017-02
2607307,Ipubi,PE,2017,2,0.0,climatology_municipal,0.07692307692307693,2017-02
2614006,Serrita,PE,2017,2,0.0,climatology_municipal,0.15384615384615385,2017-02
2614303,Moreilândia,PE,2017,2,0.0,climatology_municipal,0.23076923076923078,2017-02
2615607,Trindade,PE,2017,2,0.0,climatology_municipal,0.07692307692307693,2017-02
2200277,Alegrete do Piauí,PI,2017,2,0.0,climatology_apa_intensity12,0.0,2017-02
2202091,Caldeirão Grande do Piauí,PI,2017,2,0.0,climatology_apa_intensity12,0.058383036499788724,2017-02
2202554,Caridade do Piauí,PI,2017,2,0.0,climatology_apa_intensity12,0.0,2017-02
2203271,Curral Novo do Piauí,PI,2017,2,0.0,climatology_apa_intensity12,0.0,2017-02
2204154,Francisco Macedo,PI,2017,2,0.0,climatology_apa_intensity12,0.0,2017-02
2204303,Fronteiras,PI,2017,2,0.0,climatology_apa_intensity12,0.0,2017-02
2205953,Marcolândia,PI,2017,2,0.0,climatology_apa_intensity12,0.0,2017-02
2207207,Padre Marcos,PI,2017,2,0.0,climatology_apa_intensity12,0.058383036499788724,2017-02
2210300,São Julião,PI,2017,2,0.0,climatology_apa_intensity12,0.0,2017-02
2210706,Simões,PI,2017,2,0.0,climatology_apa_intensity12,0.058383036499788724,2017-02
2300101,Abaiara,CE,2017,2,0.0,climatology_apa_intensity12,0.0,2017-02
2300606,Altaneira,CE,2017,2,0.0,climatology_apa_intensity12,0.0,2017-02
2301307,Araripe,CE,2017,2,0.0,climatology_apa_intensity12,0.11676607299957745,2017-02
2301604,Assaré,CE,2017,2,0.0,climatology_apa_intensity12,0.2919151824989436,2017-02
2301901,Barbalha,CE,2017,2,0.0,climatology_apa_intensity12,0.17514910949936616,2017-02
2302503,Brejo Santo,CE,2017,2,0.0,climatology_apa_intensity12,0.058383036499788724,2017-02
2302701,Campos Sales,CE,2017,2,0.0,climatology_apa_intensity12,0.0,2017-02
2304202,Crato,CE,2017,2,0.0,climatology_apa_intensity12,0.17514910949936616,2017-02
2304301,Farias Brito,CE,2017,2,0.0,climatology_apa_intensity12,0.0,2017-02
2307106,Jardim,CE,2017,2,0.0,climatology_apa_intensity12,0.0,2017-02
2307205,Jati,CE,2017,2,0.0,climatology_apa_intensity12,0.17514910949936616,2017-02
2308401,Missão Velha,CE,2017,2,0.0,climatology_apa_intensity12,0.11676607299957745,2017-02
2309201,Nova Olinda,CE,2017,2,0.0,climatology_apa_intensity12,0.0,2017-02
2310605,Penaforte,CE,2017,2,0.0,climatology_apa_intensity12,0.11676607299957745,2017-02
2311108,Porteiras,CE,2017,2,0.0,climatology_apa_intensity12,0.11676607299957745,2017-02
2311207,Potengi,CE,2017,2,1.0,climatology_apa_intensity12,0.2919151824989436,2017-02
2311959,Salitre,CE,2017,2,0.0,climatology_apa_intensity12,0.058383036499788724,2017-02
2312106,Santana do Cariri,CE,2017,2,0.0,climatology_apa_intensity12,0.2919151824989436,2017-02
2601102,Araripina,PE,2017,2,0.0,climatology_apa_intensity12,0.11676607299957745,2017-02
2602001,Bodocó,PE,2017,2,0.0,climatology_apa_intensity12,0.058383036499788724,2017-02
2604304,Cedro,PE,2017,2,0.0,climatology_apa_intensity12,0.0,2017-02
2605301,Exu,PE,2017,2,0.0,climatology_apa_intensity12,0.17514910949936616,2017-02
2607307,Ipubi,PE,2017,2,0.0,climatology_apa_intensity12,0.058383036499788724,2017-02
2614006,Serrita,PE,2017,2,0.0,climatology_apa_intensity12,0.11676607299957745,2017-02
2614303,Moreilândia,PE,2017,2,0.0,climatology_apa_intensity12,0.17514910949936616,2017-02
2615607,Trindade,PE,2017,2,0.0,climatology_apa_intensity12,0.058383036499788724,2017-02
2200277,Alegrete do Piauí,PI,2017,3,0.0,climatology_municipal,0.0,2017-03
2202091,Caldeirão Grande do Piauí,PI,2017,3,0.0,climatology_municipal,0.0,2017-03
2202554,Caridade do Piauí,PI,2017,3,0.0,climatology_municipal,0.0,2017-03
2203271,Curral Novo do Piauí,PI,2017,3,0.0,climatology_municipal,0.0,2017-03
2204154,Francisco Macedo,PI,2017,3,0.0,climatology_municipal,0.0,2017-03
2204303,Fronteiras,PI,2017,3,0.0,climatology_municipal,0.0,2017-03
2205953,Marcolândia,PI,2017,3,0.0,climatology_municipal,0.0,2017-03
2207207,Padre Marcos,PI,2017,3,0.0,climatology_municipal,0.0,2017-03
2210300,São Julião,PI,2017,3,0.0,climatology_municipal,0.0,2017-03
2210706,Simões,PI,2017,3,0.0,climatology_municipal,0.0,2017-03
2300101,Abaiara,CE,2017,3,0.0,climatology_municipal,0.0,2017-03
2300606,Altaneira,CE,2017,3,0.0,climatology_municipal,0.0,2017-03
2301307,Araripe,CE,2017,3,0.0,climatology_municipal,0.0,2017-03
2301604,Assaré,CE,2017,3,0.0,climatology_municipal,0.0,2017-03
2301901,Barbalha,CE,2017,3,0.0,climatology_municipal,0.0,2017-03
2302503,Brejo Santo,CE,2017,3,0.0,climatology_municipal,0.0,2017-03
2302701,Campos Sales,CE,2017,3,0.0,climatology_municipal,0.0,2017-03
2304202,Crato,CE,2017,3,0.0,climatology_municipal,0.15384615384615385,2017-03
2304301,Farias Brito,CE,2017,3,0.0,climatology_municipal,0.07692307692307693,2017-03
2307106,Jardim,CE,2017,3,0.0,climatology_municipal,0.07692307692307693,2017-03
2307205,Jati,CE,2017,3,0.0,climatology_municipal,0.0,2017-03
2308401,Missão Velha,CE,2017,3,0.0,climatology_municipal,0.3076923076923077,2017-03
2309201,Nova Olinda,CE,2017,3,0.0,climatology_municipal,0.0,2017-03
2310605,Penaforte,CE,2017,3,0.0,climatology_municipal,0.0,2017-03
2311108,Porteiras,CE,2017,3,0.0,climatology_municipal,0.0,2017-03
2311207,Potengi,CE,2017,3,0.0,climatology_municipal,0.0,2017-03
2311959,Salitre,CE,2017,3,0.0,climatology_municipal,0.07692307692307693,2017-03
2312106,Santana do Cariri,CE,2017,3,0.0,climatology_municipal,0.0,2017-03
2601102,Araripina,PE,2017,3,0.0,climatology_municipal,0.07692307692307693,2017-03
2602001,Bodocó,PE,2017,3,0.0,climatology_municipal,0.38461538461538464,2017-03
2604304,Cedro,PE,2017,3,0.0,climatology_municipal,0.0,2017-03
2605301,Exu,PE,2017,3,0.0,climatology_municipal,0.0,2017-03
2607307,Ipubi,PE,2017,3,0.0,climatology_municipal,0.07692307692307693,2017-03
2614006,Serrita,PE,2017,3,0.0,climatology_municipal,0.0,2017-03
2614303,Moreilândia,PE,2017,3,0.0,climatology_municipal,0.0,2017-03
2615607,Trindade,PE,2017,3,0.0,climatology_municipal,0.0,2017-03
2200277,Alegrete do Piauí,PI,2017,3,0.0,climatology_apa_intensity12,0.0,2017-03
2202091,Caldeirão Grande do Piauí,PI,2017,3,0.0,climatology_apa_intensity12,0.0,2017-03
2202554,Caridade do Piauí,PI,2017,3,0.0,climatology_apa_intensity12,0.0,2017-03
2203271,Curral Novo do Piauí,PI,2017,3,0.0,climatology_apa_intensity12,0.0,2017-03
2204154,Francisco Macedo,PI,2017,3,0.0,climatology_apa_intensity12,0.0,2017-03
2204303,Fronteiras,PI,2017,3,0.0,climatology_apa_intensity12,0.0,2017-03
2205953,Marcolândia,PI,2017,3,0.0,climatology_apa_intensity12,0.0,2017-03
2207207,Padre Marcos,PI,2017,3,0.0,climatology_apa_intensity12,0.0,2017-03
2210300,São Julião,PI,2017,3,0.0,climatology_apa_intensity12,0.0,2017-03
2210706,Simões,PI,2017,3,0.0,climatology_apa_intensity12,0.0,2017-03
2300101,Abaiara,CE,2017,3,0.0,climatology_apa_intensity12,0.0,2017-03
2300606,Altaneira,CE,2017,3,0.0,climatology_apa_intensity12,0.0,2017-03
2301307,Araripe,CE,2017,3,0.0,climatology_apa_intensity12,0.0,2017-03
2301604,Assaré,CE,2017,3,0.0,climatology_apa_intensity12,0.0,2017-03
2301901,Barbalha,CE,2017,3,0.0,climatology_apa_intensity12,0.0,2017-03
2302503,Brejo Santo,CE,2017,3,0.0,climatology_apa_intensity12,0.0,2017-03
2302701,Campos Sales,CE,2017,3,0.0,climatology_apa_intensity12,0.0,2017-03
2304202,Crato,CE,2017,3,0.0,climatology_apa_intensity12,0.1158259423503326,2017-03
2304301,Farias Brito,CE,2017,3,0.0,climatology_apa_intensity12,0.0579129711751663,2017-03
2307106,Jardim,CE,2017,3,0.0,climatology_apa_intensity12,0.0579129711751663,2017-03
2307205,Jati,CE,2017,3,0.0,climatology_apa_intensity12,0.0,2017-03
2308401,Missão Velha,CE,2017,3,0.0,climatology_apa_intensity12,0.2316518847006652,2017-03
2309201,Nova Olinda,CE,2017,3,0.0,climatology_apa_intensity12,0.0,2017-03
2310605,Penaforte,CE,2017,3,0.0,climatology_apa_intensity12,0.0,2017-03
2311108,Porteiras,CE,2017,3,0.0,climatology_apa_intensity12,0.0,2017-03
2311207,Potengi,CE,2017,3,0.0,climatology_apa_intensity12,0.0,2017-03
2311959,Salitre,CE,2017,3,0.0,climatology_apa_intensity12,0.0579129711751663,2017-03
2312106,Santana do Cariri,CE,2017,3,0.0,climatology_apa_intensity12,0.0,2017-03
2601102,Araripina,PE,2017,3,0.0,climatology_apa_intensity12,0.0579129711751663,2017-03
2602001,Bodocó,PE,2017,3,0.0,climatology_apa_intensity12,0.2895648558758315,2017-03
2604304,Cedro,PE,2017,3,0.0,climatology_apa_intensity12,0.0,2017-03
2605301,Exu,PE,2017,3,0.0,climatology_apa_intensity12,0.0,2017-03
2607307,Ipubi,PE,2017,3,0.0,climatology_apa_intensity12,0.0579129711751663,2017-03
2614006,Serrita,PE,2017,3,0.0,climatology_apa_intensity12,0.0,2017-03
2614303,Moreilândia,PE,2017,3,0.0,climatology_apa_intensity12,0.0,2017-03
2615607,Trindade,PE,2017,3,0.0,climatology_apa_intensity12,0.0,2017-03
2200277,Alegrete do Piauí,PI,2017,4,0.0,climatology_municipal,0.0,2017-04
2202091,Caldeirão Grande do Piauí,PI,2017,4,0.0,climatology_municipal,0.0,2017-04
2202554,Caridade do Piauí,PI,2017,4,0.0,climatology_municipal,0.0,2017-04
2203271,Curral Novo do Piauí,PI,2017,4,0.0,climatology_municipal,0.0,2017-04
2204154,Francisco Macedo,PI,2017,4,0.0,climatology_municipal,0.0,2017-04
2204303,Fronteiras,PI,2017,4,0.0,climatology_municipal,0.0,2017-04
2205953,Marcolândia,PI,2017,4,0.0,climatology_municipal,0.0,2017-04
2207207,Padre Marcos,PI,2017,4,0.0,climatology_municipal,0.0,2017-04
2210300,São Julião,PI,2017,4,0.0,climatology_municipal,0.0,2017-04
2210706,Simões,PI,2017,4,0.0,climatology_municipal,0.0,2017-04
2300101,Abaiara,CE,2017,4,0.0,climatology_municipal,0.0,2017-04
2300606,Altaneira,CE,2017,4,0.0,climatology_municipal,0.0,2017-04
2301307,Araripe,CE,2017,4,0.0,climatology_municipal,0.0,2017-04
2301604,Assaré,CE,2017,4,0.0,climatology_municipal,0.0,2017-04
2301901,Barbalha,CE,2017,4,0.0,climatology_municipal,0.0,2017-04
2302503,Brejo Santo,CE,2017,4,0.0,climatology_municipal,0.0,2017-04
2302701,Campos Sales,CE,2017,4,0.0,climatology_municipal,0.0,2017-04
2304202,Crato,CE,2017,4,0.0,climatology_municipal,0.0,2017-04
2304301,Farias Brito,CE,2017,4,0.0,climatology_municipal,0.0,2017-04
2307106,Jardim,CE,2017,4,0.0,climatology_municipal,0.0,2017-04
2307205,Jati,CE,2017,4,0.0,climatology_municipal,0.0,2017-04
2308401,Missão Velha,CE,2017,4,2.0,climatology_municipal,0.15384615384615385,2017-04
2309201,Nova Olinda,CE,2017,4,0.0,climatology_municipal,0.0,2017-04
2310605,Penaforte,CE,2017,4,0.0,climatology_municipal,0.0,2017-04
2311108,Porteiras,CE,2017,4,0.0,climatology_municipal,0.0,2017-04
2311207,Potengi,CE,2017,4,0.0,climatology_municipal,0.0,2017-04
2311959,Salitre,CE,2017,4,0.0,climatology_municipal,0.07692307692307693,2017-04
2312106,Santana do Cariri,CE,2017,4,0.0,climatology_municipal,0.0,2017-04
2601102,Araripina,PE,2017,4,0.0,climatology_municipal,0.07692307692307693,2017-04
2602001,Bodocó,PE,2017,4,0.0,climatology_municipal,0.07692307692307693,2017-04
2604304,Cedro,PE,2017,4,0.0,climatology_municipal,0.0,2017-04
2605301,Exu,PE,2017,4,0.0,climatology_municipal,0.07692307692307693,2017-04
2607307,Ipubi,PE,2017,4,0.0,climatology_municipal,0.07692307692307693,2017-04
2614006,Serrita,PE,2017,4,0.0,climatology_municipal,0.07692307692307693,2017-04
2614303,Moreilândia,PE,2017,4,0.0,climatology_municipal,0.0,2017-04
2615607,Trindade,PE,2017,4,0.0,climatology_municipal,0.0,2017-04
2200277,Alegrete do Piauí,PI,2017,4,0.0,climatology_apa_intensity12,0.0,2017-04
2202091,Caldeirão Grande do Piauí,PI,2017,4,0.0,climatology_apa_intensity12,0.0,2017-04
2202554,Caridade do Piauí,PI,2017,4,0.0,climatology_apa_intensity12,0.0,2017-04
2203271,Curral Novo do Piauí,PI,2017,4,0.0,climatology_apa_intensity12,0.0,2017-04
2204154,Francisco Macedo,PI,2017,4,0.0,climatology_apa_intensity12,0.0,2017-04
2204303,Fronteiras,PI,2017,4,0.0,climatology_apa_intensity12,0.0,2017-04
2205953,Marcolândia,PI,2017,4,0.0,climatology_apa_intensity12,0.0,2017-04
2207207,Padre Marcos,PI,2017,4,0.0,climatology_apa_intensity12,0.0,2017-04
2210300,São Julião,PI,2017,4,0.0,climatology_apa_intensity12,0.0,2017-04
2210706,Simões,PI,2017,4,0.0,climatology_apa_intensity12,0.0,2017-04
2300101,Abaiara,CE,2017,4,0.0,climatology_apa_intensity12,0.0,2017-04
2300606,Altaneira,CE,2017,4,0.0,climatology_apa_intensity12,0.0,2017-04
2301307,Araripe,CE,2017,4,0.0,climatology_apa_intensity12,0.0,2017-04
2301604,Assaré,CE,2017,4,0.0,climatology_apa_intensity12,0.0,2017-04
2301901,Barbalha,CE,2017,4,0.0,climatology_apa_intensity12,0.0,2017-04
2302503,Brejo Santo,CE,2017,4,0.0,climatology_apa_intensity12,0.0,2017-04
2302701,Campos Sales,CE,2017,4,0.0,climatology_apa_intensity12,0.0,2017-04
2304202,Crato,CE,2017,4,0.0,climatology_apa_intensity12,0.0,2017-04
2304301,Farias Brito,CE,2017,4,0.0,climatology_apa_intensity12,0.0,2017-04
2307106,Jardim,CE,2017,4,0.0,climatology_apa_intensity12,0.0,2017-04
2307205,Jati,CE,2017,4,0.0,climatology_apa_intensity12,0.0,2017-04
2308401,Missão Velha,CE,2017,4,2.0,climatology_apa_intensity12,0.11583878478767047,2017-04
2309201,Nova Olinda,CE,2017,4,0.0,climatology_apa_intensity12,0.0,2017-04
2310605,Penaforte,CE,2017,4,0.0,climatology_apa_intensity12,0.0,2017-04
2311108,Porteiras,CE,2017,4,0.0,climatology_apa_intensity12,0.0,2017-04
2311207,Potengi,CE,2017,4,0.0,climatology_apa_intensity12,0.0,2017-04
2311959,Salitre,CE,2017,4,0.0,climatology_apa_intensity12,0.057919392393835235,2017-04
2312106,Santana do Cariri,CE,2017,4,0.0,climatology_apa_intensity12,0.0,2017-04
2601102,Araripina,PE,2017,4,0.0,climatology_apa_intensity12,0.057919392393835235,2017-04
2602001,Bodocó,PE,2017,4,0.0,climatology_apa_intensity12,0.057919392393835235,2017-04
2604304,Cedro,PE,2017,4,0.0,climatology_apa_intensity12,0.0,2017-04
2605301,Exu,PE,2017,4,0.0,climatology_apa_intensity12,0.057919392393835235,2017-04
2607307,Ipubi,PE,2017,4,0.0,climatology_apa_intensity12,0.057919392393835235,2017-04
2614006,Serrita,PE,2017,4,0.0,climatology_apa_intensity12,0.057919392393835235,2017-04
2614303,Moreilândia,PE,2017,4,0.0,climatology_apa_intensity12,0.0,2017-04
2615607,Trindade,PE,2017,4,0.0,climatology_apa_intensity12,0.0,2017-04
2200277,Alegrete do Piauí,PI,2017,5,0.0,climatology_municipal,0.0,2017-05
2202091,Caldeirão Grande do Piauí,PI,2017,5,0.0,climatology_municipal,0.0,2017-05
2202554,Caridade do Piauí,PI,2017,5,0.0,climatology_municipal,0.0,2017-05
2203271,Curral Novo do Piauí,PI,2017,5,0.0,climatology_municipal,0.0,2017-05
2204154,Francisco Macedo,PI,2017,5,0.0,climatology_municipal,0.0,2017-05
2204303,Fronteiras,PI,2017,5,0.0,climatology_municipal,0.0,2017-05
2205953,Marcolândia,PI,2017,5,0.0,climatology_municipal,0.0,2017-05
2207207,Padre Marcos,PI,2017,5,0.0,climatology_municipal,0.0,2017-05
2210300,São Julião,PI,2017,5,0.0,climatology_municipal,0.0,2017-05
2210706,Simões,PI,2017,5,0.0,climatology_municipal,0.0,2017-05
2300101,Abaiara,CE,2017,5,0.0,climatology_municipal,0.0,2017-05
2300606,Altaneira,CE,2017,5,0.0,climatology_municipal,0.0,2017-05
2301307,Araripe,CE,2017,5,0.0,climatology_municipal,0.0,2017-05
2301604,Assaré,CE,2017,5,0.0,climatology_municipal,0.0,2017-05
2301901,Barbalha,CE,2017,5,0.0,climatology_municipal,0.0,2017-05
2302503,Brejo Santo,CE,2017,5,0.0,climatology_municipal,0.07692307692307693,2017-05
2302701,Campos Sales,CE,2017,5,0.0,climatology_municipal,0.0,2017-05
2304202,Crato,CE,2017,5,0.0,climatology_municipal,0.07692307692307693,2017-05
2304301,Farias Brito,CE,2017,5,0.0,climatology_municipal,0.0,2017-05
2307106,Jardim,CE,2017,5,0.0,climatology_municipal,0.0,2017-05
2307205,Jati,CE,2017,5,0.0,climatology_municipal,0.0,2017-05
2308401,Missão Velha,CE,2017,5,0.0,climatology_municipal,0.0,2017-05
2309201,Nova Olinda,CE,2017,5,0.0,climatology_municipal,0.23076923076923078,2017-05
2310605,Penaforte,CE,2017,5,0.0,climatology_municipal,0.0,2017-05
2311108,Porteiras,CE,2017,5,0.0,climatology_municipal,0.07692307692307693,2017-05
2311207,Potengi,CE,2017,5,0.0,climatology_municipal,0.07692307692307693,2017-05
2311959,Salitre,CE,2017,5,0.0,climatology_municipal,0.07692307692307693,2017-05
2312106,Santana do Cariri,CE,2017,5,0.0,climatology_municipal,0.0,2017-05
2601102,Araripina,PE,2017,5,0.0,climatology_municipal,0.07692307692307693,2017-05
2602001,Bodocó,PE,2017,5,0.0,climatology_municipal,0.0,2017-05
2604304,Cedro,PE,2017,5,0.0,climatology_municipal,0.0,2017-05
2605301,Exu,PE,2017,5,0.0,climatology_municipal,0.15384615384615385,2017-05
2607307,Ipubi,PE,2017,5,0.0,climatology_municipal,0.0,2017-05
2614006,Serrita,PE,2017,5,0.0,climatology_municipal,0.0,2017-05
2614303,Moreilândia,PE,2017,5,0.0,climatology_municipal,0.0,2017-05
2615607,Trindade,PE,2017,5,0.0,climatology_municipal,0.0,2017-05
2200277,Alegrete do Piauí,PI,2017,5,0.0,climatology_apa_intensity12,0.0,2017-05
2202091,Caldeirão Grande do Piauí,PI,2017,5,0.0,climatology_apa_intensity12,0.0,2017-05
2202554,Caridade do Piauí,PI,2017,5,0.0,climatology_apa_intensity12,0.0,2017-05
2203271,Curral Novo do Piauí,PI,2017,5,0.0,climatology_apa_intensity12,0.0,2017-05
2204154,Francisco Macedo,PI,2017,5,0.0,climatology_apa_intensity12,0.0,2017-05
2204303,Fronteiras,PI,2017,5,0.0,climatology_apa_intensity12,0.0,2017-05
2205953,Marcolândia,PI,2017,5,0.0,climatology_apa_intensity12,0.0,2017-05
2207207,Padre Marcos,PI,2017,5,0.0,climatology_apa_intensity12,0.0,2017-05
2210300,São Julião,PI,2017,5,0.0,climatology_apa_intensity12,0.0,2017-05
2210706,Simões,PI,2017,5,0.0,climatology_apa_intensity12,0.0,2017-05
2300101,Abaiara,CE,2017,5,0.0,climatology_apa_intensity12,0.0,2017-05
2300606,Altaneira,CE,2017,5,0.0,climatology_apa_intensity12,0.0,2017-05
2301307,Araripe,CE,2017,5,0.0,climatology_apa_intensity12,0.0,2017-05
2301604,Assaré,CE,2017,5,0.0,climatology_apa_intensity12,0.0,2017-05
2301901,Barbalha,CE,2017,5,0.0,climatology_apa_intensity12,0.0,2017-05
2302503,Brejo Santo,CE,2017,5,0.0,climatology_apa_intensity12,0.05791216862294037,2017-05
2302701,Campos Sales,CE,2017,5,0.0,climatology_apa_intensity12,0.0,2017-05
2304202,Crato,CE,2017,5,0.0,climatology_apa_intensity12,0.05791216862294037,2017-05
2304301,Farias Brito,CE,2017,5,0.0,climatology_apa_intensity12,0.0,2017-05
2307106,Jardim,CE,2017,5,0.0,climatology_apa_intensity12,0.0,2017-05
2307205,Jati,CE,2017,5,0.0,climatology_apa_intensity12,0.0,2017-05
2308401,Missão Velha,CE,2017,5,0.0,climatology_apa_intensity12,0.0,2017-05
2309201,Nova Olinda,CE,2017,5,0.0,climatology_apa_intensity12,0.1737365058688211,2017-05
2310605,Penaforte,CE,2017,5,0.0,climatology_apa_intensity12,0.0,2017-05
2311108,Porteiras,CE,2017,5,0.0,climatology_apa_intensity12,0.05791216862294037,2017-05
2311207,Potengi,CE,2017,5,0.0,climatology_apa_intensity12,0.05791216862294037,2017-05
2311959,Salitre,CE,2017,5,0.0,climatology_apa_intensity12,0.05791216862294037,2017-05
2312106,Santana do Cariri,CE,2017,5,0.0,climatology_apa_intensity12,0.0,2017-05
2601102,Araripina,PE,2017,5,0.0,climatology_apa_intensity12,0.05791216862294037,2017-05
2602001,Bodocó,PE,2017,5,0.0,climatology_apa_intensity12,0.0,2017-05
2604304,Cedro,PE,2017,5,0.0,climatology_apa_intensity12,0.0,2017-05
2605301,Exu,PE,2017,5,0.0,climatology_apa_intensity12,0.11582433724588075,2017-05
2607307,Ipubi,PE,2017,5,0.0,climatology_apa_intensity12,0.0,2017-05
2614006,Serrita,PE,2017,5,0.0,climatology_apa_intensity12,0.0,2017-05
2614303,Moreilândia,PE,2017,5,0.0,climatology_apa_intensity12,0.0,2017-05
2615607,Trindade,PE,2017,5,0.0,climatology_apa_intensity12,0.0,2017-05
2200277,Alegrete do Piauí,PI,2017,6,0.0,climatology_municipal,0.0,2017-06
2202091,Caldeirão Grande do Piauí,PI,2017,6,0.0,climatology_municipal,0.15384615384615385,2017-06
2202554,Caridade do Piauí,PI,2017,6,0.0,climatology_municipal,0.0,2017-06
2203271,Curral Novo do Piauí,PI,2017,6,0.0,climatology_municipal,0.0,2017-06
2204154,Francisco Macedo,PI,2017,6,0.0,climatology_municipal,0.0,2017-06
2204303,Fronteiras,PI,2017,6,0.0,climatology_municipal,0.0,2017-06
2205953,Marcolândia,PI,2017,6,0.0,climatology_municipal,0.0,2017-06
2207207,Padre Marcos,PI,2017,6,0.0,climatology_municipal,0.0,2017-06
2210300,São Julião,PI,2017,6,0.0,climatology_municipal,0.0,2017-06
2210706,Simões,PI,2017,6,0.0,climatology_municipal,0.07692307692307693,2017-06
2300101,Abaiara,CE,2017,6,0.0,climatology_municipal,0.0,2017-06
2300606,Altaneira,CE,2017,6,0.0,climatology_municipal,0.0,2017-06
2301307,Araripe,CE,2017,6,0.0,climatology_municipal,0.07692307692307693,2017-06
2301604,Assaré,CE,2017,6,0.0,climatology_municipal,0.0,2017-06
2301901,Barbalha,CE,2017,6,0.0,climatology_municipal,0.0,2017-06
2302503,Brejo Santo,CE,2017,6,0.0,climatology_municipal,0.0,2017-06
2302701,Campos Sales,CE,2017,6,0.0,climatology_municipal,0.0,2017-06
2304202,Crato,CE,2017,6,0.0,climatology_municipal,0.07692307692307693,2017-06
2304301,Farias Brito,CE,2017,6,0.0,climatology_municipal,0.0,2017-06
2307106,Jardim,CE,2017,6,0.0,climatology_municipal,0.0,2017-06
2307205,Jati,CE,2017,6,0.0,climatology_municipal,0.0,2017-06
2308401,Missão Velha,CE,2017,6,0.0,climatology_municipal,0.15384615384615385,2017-06
2309201,Nova Olinda,CE,2017,6,0.0,climatology_municipal,0.0,2017-06
2310605,Penaforte,CE,2017,6,0.0,climatology_municipal,0.0,2017-06
2311108,Porteiras,CE,2017,6,0.0,climatology_municipal,0.07692307692307693,2017-06
2311207,Potengi,CE,2017,6,0.0,climatology_municipal,0.0,2017-06
2311959,Salitre,CE,2017,6,1.0,climatology_municipal,0.07692307692307693,2017-06
2312106,Santana do Cariri,CE,2017,6,0.0,climatology_municipal,0.0,2017-06
2601102,Araripina,PE,2017,6,1.0,climatology_municipal,0.3076923076923077,2017-06
2602001,Bodocó,PE,2017,6,0.0,climatology_municipal,0.0,2017-06
2604304,Cedro,PE,2017,6,0.0,climatology_municipal,0.0,2017-06
2605301,Exu,PE,2017,6,0.0,climatology_municipal,0.07692307692307693,2017-06
2607307,Ipubi,PE,2017,6,0.0,climatology_municipal,0.0,2017-06
2614006,Serrita,PE,2017,6,0.0,climatology_municipal,0.0,2017-06
2614303,Moreilândia,PE,2017,6,0.0,climatology_municipal,0.0,2017-06
2615607,Trindade,PE,2017,6,0.0,climatology_municipal,0.0,2017-06
2200277,Alegrete do Piauí,PI,2017,6,0.0,climatology_apa_intensity12,0.0,2017-06
2202091,Caldeirão Grande do Piauí,PI,2017,6,0.0,climatology_apa_intensity12,0.11563914046746264,2017-06
2202554,Caridade do Piauí,PI,2017,6,0.0,climatology_apa_intensity12,0.0,2017-06
2203271,Curral Novo do Piauí,PI,2017,6,0.0,climatology_apa_intensity12,0.0,2017-06
2204154,Francisco Macedo,PI,2017,6,0.0,climatology_apa_intensity12,0.0,2017-06
2204303,Fronteiras,PI,2017,6,0.0,climatology_apa_intensity12,0.0,2017-06
2205953,Marcolândia,PI,2017,6,0.0,climatology_apa_intensity12,0.0,2017-06
2207207,Padre Marcos,PI,2017,6,0.0,climatology_apa_intensity12,0.0,2017-06
2210300,São Julião,PI,2017,6,0.0,climatology_apa_intensity12,0.0,2017-06
2210706,Simões,PI,2017,6,0.0,climatology_apa_intensity12,0.05781957023373132,2017-06
2300101,Abaiara,CE,2017,6,0.0,climatology_apa_intensity12,0.0,2017-06
2300606,Altaneira,CE,2017,6,0.0,climatology_apa_intensity12,0.0,2017-06
2301307,Araripe,CE,2017,6,0.0,climatology_apa_intensity12,0.05781957023373132,2017-06
2301604,Assaré,CE,2017,6,0.0,climatology_apa_intensity12,0.0,2017-06
2301901,Barbalha,CE,2017,6,0.0,climatology_apa_intensity12,0.0,2017-06
2302503,Brejo Santo,CE,2017,6,0.0,climatology_apa_intensity12,0.0,2017-06
2302701,Campos Sales,CE,2017,6,0.0,climatology_apa_intensity12,0.0,2017-06
2304202,Crato,CE,2017,6,0.0,climatology_apa_intensity12,0.05781957023373132,2017-06
2304301,Farias Brito,CE,2017,6,0.0,climatology_apa_intensity12,0.0,2017-06
2307106,Jardim,CE,2017,6,0.0,climatology_apa_intensity12,0.0,2017-06
2307205,Jati,CE,2017,6,0.0,climatology_apa_intensity12,0.0,2017-06
2308401,Missão Velha,CE,2017,6,0.0,climatology_apa_intensity12,0.11563914046746264,2017-06
2309201,Nova Olinda,CE,2017,6,0.0,climatology_apa_intensity12,0.0,2017-06
2310605,Penaforte,CE,2017,6,0.0,climatology_apa_intensity12,0.0,2017-06
2311108,Porteiras,CE,2017,6,0.0,climatology_apa_intensity12,0.05781957023373132,2017-06
2311207,Potengi,CE,2017,6,0.0,climatology_apa_intensity12,0.0,2017-06
2311959,Salitre,CE,2017,6,1.0,climatology_apa_intensity12,0.05781957023373132,2017-06
2312106,Santana do Cariri,CE,2017,6,0.0,climatology_apa_intensity12,0.0,2017-06
2601102,Araripina,PE,2017,6,1.0,climatology_apa_intensity12,0.23127828093492528,2017-06
2602001,Bodocó,PE,2017,6,0.0,climatology_apa_intensity12,0.0,2017-06
2604304,Cedro,PE,2017,6,0.0,climatology_apa_intensity12,0.0,2017-06
2605301,Exu,PE,2017,6,0.0,climatology_apa_intensity12,0.05781957023373132,2017-06
2607307,Ipubi,PE,2017,6,0.0,climatology_apa_intensity12,0.0,2017-06
2614006,Serrita,PE,2017,6,0.0,climatology_apa_intensity12,0.0,2017-06
2614303,Moreilândia,PE,2017,6,0.0,climatology_apa_intensity12,0.0,2017-06
2615607,Trindade,PE,2017,6,0.0,climatology_apa_intensity12,0.0,2017-06
2200277,Alegrete do Piauí,PI,2017,7,0.0,climatology_municipal,0.0,2017-07
2202091,Caldeirão Grande do Piauí,PI,2017,7,0.0,climatology_municipal,0.0,2017-07
2202554,Caridade do Piauí,PI,2017,7,0.0,climatology_municipal,0.0,2017-07
2203271,Curral Novo do Piauí,PI,2017,7,0.0,climatology_municipal,0.07692307692307693,2017-07
2204154,Francisco Macedo,PI,2017,7,0.0,climatology_municipal,0.0,2017-07
2204303,Fronteiras,PI,2017,7,0.0,climatology_municipal,0.0,2017-07
2205953,Marcolândia,PI,2017,7,0.0,climatology_municipal,0.0,2017-07
2207207,Padre Marcos,PI,2017,7,0.0,climatology_municipal,0.0,2017-07
2210300,São Julião,PI,2017,7,0.0,climatology_municipal,0.0,2017-07
2210706,Simões,PI,2017,7,0.0,climatology_municipal,0.0,2017-07
2300101,Abaiara,CE,2017,7,0.0,climatology_municipal,0.15384615384615385,2017-07
2300606,Altaneira,CE,2017,7,0.0,climatology_municipal,0.0,2017-07
2301307,Araripe,CE,2017,7,0.0,climatology_municipal,0.38461538461538464,2017-07
2301604,Assaré,CE,2017,7,0.0,climatology_municipal,0.07692307692307693,2017-07
2301901,Barbalha,CE,2017,7,0.0,climatology_municipal,0.07692307692307693,2017-07
2302503,Brejo Santo,CE,2017,7,0.0,climatology_municipal,0.23076923076923078,2017-07
2302701,Campos Sales,CE,2017,7,0.0,climatology_municipal,0.0,2017-07
2304202,Crato,CE,2017,7,0.0,climatology_municipal,0.0,2017-07
2304301,Farias Brito,CE,2017,7,0.0,climatology_municipal,0.3076923076923077,2017-07
2307106,Jardim,CE,2017,7,0.0,climatology_municipal,0.0,2017-07
2307205,Jati,CE,2017,7,0.0,climatology_municipal,0.0,2017-07
2308401,Missão Velha,CE,2017,7,0.0,climatology_municipal,0.15384615384615385,2017-07
2309201,Nova Olinda,CE,2017,7,0.0,climatology_municipal,0.5384615384615384,2017-07
2310605,Penaforte,CE,2017,7,0.0,climatology_municipal,0.0,2017-07
2311108,Porteiras,CE,2017,7,0.0,climatology_municipal,0.23076923076923078,2017-07
2311207,Potengi,CE,2017,7,0.0,climatology_municipal,0.15384615384615385,2017-07
2311959,Salitre,CE,2017,7,0.0,climatology_municipal,0.0,2017-07
2312106,Santana do Cariri,CE,2017,7,0.0,climatology_municipal,0.3076923076923077,2017-07
2601102,Araripina,PE,2017,7,1.0,climatology_municipal,1.0,2017-07
2602001,Bodocó,PE,2017,7,0.0,climatology_municipal,0.23076923076923078,2017-07
2604304,Cedro,PE,2017,7,0.0,climatology_municipal,0.0,2017-07
2605301,Exu,PE,2017,7,0.0,climatology_municipal,0.07692307692307693,2017-07
2607307,Ipubi,PE,2017,7,0.0,climatology_municipal,0.15384615384615385,2017-07
2614006,Serrita,PE,2017,7,0.0,climatology_municipal,0.0,2017-07
2614303,Moreilândia,PE,2017,7,0.0,climatology_municipal,0.15384615384615385,2017-07
2615607,Trindade,PE,2017,7,0.0,climatology_municipal,0.0,2017-07
2200277,Alegrete do Piauí,PI,2017,7,0.0,climatology_apa_intensity12,0.0,2017-07
2202091,Caldeirão Grande do Piauí,PI,2017,7,0.0,climatology_apa_intensity12,0.0,2017-07
2202554,Caridade do Piauí,PI,2017,7,0.0,climatology_apa_intensity12,0.0,2017-07
2203271,Curral Novo do Piauí,PI,2017,7,0.0,climatology_apa_intensity12,0.057717758084297036,2017-07
2204154,Francisco Macedo,PI,2017,7,0.0,climatology_apa_intensity12,0.0,2017-07
2204303,Fronteiras,PI,2017,7,0.0,climatology_apa_intensity12,0.0,2017-07
2205953,Marcolândia,PI,2017,7,0.0,climatology_apa_intensity12,0.0,2017-07
2207207,Padre Marcos,PI,2017,7,0.0,climatology_apa_intensity12,0.0,2017-07
2210300,São Julião,PI,2017,7,0.0,climatology_apa_intensity12,0.0,2017-07
2210706,Simões,PI,2017,7,0.0,climatology_apa_intensity12,0.0,2017-07
2300101,Abaiara,CE,2017,7,0.0,climatology_apa_intensity12,0.11543551616859407,2017-07
2300606,Altaneira,CE,2017,7,0.0,climatology_apa_intensity12,0.0,2017-07
2301307,Araripe,CE,2017,7,0.0,climatology_apa_intensity12,0.28858879042148516,2017-07
2301604,Assaré,CE,2017,7,0.0,climatology_apa_intensity12,0.057717758084297036,2017-07
2301901,Barbalha,CE,2017,7,0.0,climatology_apa_intensity12,0.057717758084297036,2017-07
2302503,Brejo Santo,CE,2017,7,0.0,climatology_apa_intensity12,0.1731532742528911,2017-07
2302701,Campos Sales,CE,2017,7,0.0,climatology_apa_intensity12,0.0,2017-07
2304202,Crato,CE,2017,7,0.0,climatology_apa_intensity12,0.0,2017-07
2304301,Farias Brito,CE,2017,7,0.0,climatology_apa_intensity12,0.23087103233718814,2017-07
2307106,Jardim,CE,2017,7,0.0,climatology_apa_intensity12,0.0,2017-07
2307205,Jati,CE,2017,7,0.0,climatology_apa_intensity12,0.0,2017-07
2308401,Missão Velha,CE,2017,7,0.0,climatology_apa_intensity12,0.11543551616859407,2017-07
2309201,Nova Olinda,CE,2017,7,0.0,climatology_apa_intensity12,0.4040243065900792,2017-07
2310605,Penaforte,CE,2017,7,0.0,climatology_apa_intensity12,0.0,2017-07
2311108,Porteiras,CE,2017,7,0.0,climatology_apa_intensity12,0.1731532742528911,2017-07
2311207,Potengi,CE,2017,7,0.0,climatology_apa_intensity12,0.11543551616859407,2017-07
2311959,Salitre,CE,2017,7,0.0,climatology_apa_intensity12,0.0,2017-07
2312106,Santana do Cariri,CE,2017,7,0.0,climatology_apa_intensity12,0.23087103233718814,2017-07
2601102,Araripina,PE,2017,7,1.0,climatology_apa_intensity12,0.7503308550958614,2017-07
2602001,Bodocó,PE,2017,7,0.0,climatology_apa_intensity12,0.1731532742528911,2017-07
2604304,Cedro,PE,2017,7,0.0,climatology_apa_intensity12,0.0,2017-07
2605301,Exu,PE,2017,7,0.0,climatology_apa_intensity12,0.057717758084297036,2017-07
2607307,Ipubi,PE,2017,7,0.0,climatology_apa_intensity12,0.11543551616859407,2017-07
2614006,Serrita,PE,2017,7,0.0,climatology_apa_intensity12,0.0,2017-07
2614303,Moreilândia,PE,2017,7,0.0,climatology_apa_intensity12,0.11543551616859407,2017-07
2615607,Trindade,PE,2017,7,0.0,climatology_apa_intensity12,0.0,2017-07
2200277,Alegrete do Piauí,PI,2017,8,0.0,climatology_municipal,0.07692307692307693,2017-08
2202091,Caldeirão Grande do Piauí,PI,2017,8,2.0,climatology_municipal,0.0,2017-08
2202554,Caridade do Piauí,PI,2017,8,0.0,climatology_municipal,0.0,2017-08
2203271,Curral Novo do Piauí,PI,2017,8,0.0,climatology_municipal,0.0,2017-08
2204154,Francisco Macedo,PI,2017,8,0.0,climatology_municipal,0.0,2017-08
2204303,Fronteiras,PI,2017,8,0.0,climatology_municipal,0.15384615384615385,2017-08
2205953,Marcolândia,PI,2017,8,0.0,climatology_municipal,0.15384615384615385,2017-08
2207207,Padre Marcos,PI,2017,8,0.0,climatology_municipal,0.0,2017-08
2210300,São Julião,PI,2017,8,0.0,climatology_municipal,0.0,2017-08
2210706,Simões,PI,2017,8,1.0,climatology_municipal,0.15384615384615385,2017-08
2300101,Abaiara,CE,2017,8,0.0,climatology_municipal,0.23076923076923078,2017-08
2300606,Altaneira,CE,2017,8,0.0,climatology_municipal,0.0,2017-08
2301307,Araripe,CE,2017,8,11.0,climatology_municipal,0.3076923076923077,2017-08
2301604,Assaré,CE,2017,8,0.0,climatology_municipal,1.0,2017-08
2301901,Barbalha,CE,2017,8,4.0,climatology_municipal,0.8461538461538461,2017-08
2302503,Brejo Santo,CE,2017,8,0.0,climatology_municipal,0.23076923076923078,2017-08
2302701,Campos Sales,CE,2017,8,0.0,climatology_municipal,0.23076923076923078,2017-08
2304202,Crato,CE,2017,8,0.0,climatology_municipal,1.7692307692307692,2017-08
2304301,Farias Brito,CE,2017,8,0.0,climatology_municipal,0.15384615384615385,2017-08
2307106,Jardim,CE,2017,8,1.0,climatology_municipal,0.07692307692307693,2017-08
2307205,Jati,CE,2017,8,0.0,climatology_municipal,0.0,2017-08
2308401,Missão Velha,CE,2017,8,2.0,climatology_municipal,0.38461538461538464,2017-08
2309201,Nova Olinda,CE,2017,8,0.0,climatology_municipal,0.23076923076923078,2017-08
2310605,Penaforte,CE,2017,8,0.0,climatology_municipal,0.0,2017-08
2311108,Porteiras,CE,2017,8,0.0,climatology_municipal,0.0,2017-08
2311207,Potengi,CE,2017,8,0.0,climatology_municipal,0.0,2017-08
2311959,Salitre,CE,2017,8,2.0,climatology_municipal,0.07692307692307693,2017-08
2312106,Santana do Cariri,CE,2017,8,0.0,climatology_municipal,0.7692307692307693,2017-08
2601102,Araripina,PE,2017,8,9.0,climatology_municipal,0.6153846153846154,2017-08
2602001,Bodocó,PE,2017,8,0.0,climatology_municipal,0.3076923076923077,2017-08
2604304,Cedro,PE,2017,8,0.0,climatology_municipal,0.0,2017-08
2605301,Exu,PE,2017,8,1.0,climatology_municipal,0.5384615384615384,2017-08
2607307,Ipubi,PE,2017,8,1.0,climatology_municipal,0.6923076923076923,2017-08
2614006,Serrita,PE,2017,8,2.0,climatology_municipal,0.15384615384615385,2017-08
2614303,Moreilândia,PE,2017,8,0.0,climatology_municipal,0.0,2017-08
2615607,Trindade,PE,2017,8,0.0,climatology_municipal,0.3076923076923077,2017-08
2200277,Alegrete do Piauí,PI,2017,8,0.0,climatology_apa_intensity12,0.056570557249792076,2017-08
2202091,Caldeirão Grande do Piauí,PI,2017,8,2.0,climatology_apa_intensity12,0.0,2017-08
2202554,Caridade do Piauí,PI,2017,8,0.0,climatology_apa_intensity12,0.0,2017-08
2203271,Curral Novo do Piauí,PI,2017,8,0.0,climatology_apa_intensity12,0.0,2017-08
2204154,Francisco Macedo,PI,2017,8,0.0,climatology_apa_intensity12,0.0,2017-08
2204303,Fronteiras,PI,2017,8,0.0,climatology_apa_intensity12,0.11314111449958415,2017-08
2205953,Marcolândia,PI,2017,8,0.0,climatology_apa_intensity12,0.11314111449958415,2017-08
2207207,Padre Marcos,PI,2017,8,0.0,climatology_apa_intensity12,0.0,2017-08
2210300,São Julião,PI,2017,8,0.0,climatology_apa_intensity12,0.0,2017-08
2210706,Simões,PI,2017,8,1.0,climatology_apa_intensity12,0.11314111449958415,2017-08
2300101,Abaiara,CE,2017,8,0.0,climatology_apa_intensity12,0.16971167174937624,2017-08
2300606,Altaneira,CE,2017,8,0.0,climatology_apa_intensity12,0.0,2017-08
2301307,Araripe,CE,2017,8,11.0,climatology_apa_intensity12,0.2262822289991683,2017-08
2301604,Assaré,CE,2017,8,0.0,climatology_apa_intensity12,0.7354172442472969,2017-08
2301901,Barbalha,CE,2017,8,4.0,climatology_apa_intensity12,0.6222761297477127,2017-08
2302503,Brejo Santo,CE,2017,8,0.0,climatology_apa_intensity12,0.16971167174937624,2017-08
2302701,Campos Sales,CE,2017,8,0.0,climatology_apa_intensity12,0.16971167174937624,2017-08
2304202,Crato,CE,2017,8,0.0,climatology_apa_intensity12,1.3011228167452176,2017-08
2304301,Farias Brito,CE,2017,8,0.0,climatology_apa_intensity12,0.11314111449958415,2017-08
2307106,Jardim,CE,2017,8,1.0,climatology_apa_intensity12,0.056570557249792076,2017-08
2307205,Jati,CE,2017,8,0.0,climatology_apa_intensity12,0.0,2017-08
2308401,Missão Velha,CE,2017,8,2.0,climatology_apa_intensity12,0.2828527862489604,2017-08
2309201,Nova Olinda,CE,2017,8,0.0,climatology_apa_intensity12,0.16971167174937624,2017-08
2310605,Penaforte,CE,2017,8,0.0,climatology_apa_intensity12,0.0,2017-08
2311108,Porteiras,CE,2017,8,0.0,climatology_apa_intensity12,0.0,2017-08
2311207,Potengi,CE,2017,8,0.0,climatology_apa_intensity12,0.0,2017-08
2311959,Salitre,CE,2017,8,2.0,climatology_apa_intensity12,0.056570557249792076,2017-08
2312106,Santana do Cariri,CE,2017,8,0.0,climatology_apa_intensity12,0.5657055724979208,2017-08
2601102,Araripina,PE,2017,8,9.0,climatology_apa_intensity12,0.4525644579983366,2017-08
2602001,Bodocó,PE,2017,8,0.0,climatology_apa_intensity12,0.2262822289991683,2017-08
2604304,Cedro,PE,2017,8,0.0,climatology_apa_intensity12,0.0,2017-08
2605301,Exu,PE,2017,8,1.0,climatology_apa_intensity12,0.39599390074854446,2017-08
2607307,Ipubi,PE,2017,8,1.0,climatology_apa_intensity12,0.5091350152481287,2017-08
2614006,Serrita,PE,2017,8,2.0,climatology_apa_intensity12,0.11314111449958415,2017-08
2614303,Moreilândia,PE,2017,8,0.0,climatology_apa_intensity12,0.0,2017-08
2615607,Trindade,PE,2017,8,0.0,climatology_apa_intensity12,0.2262822289991683,2017-08
2200277,Alegrete do Piauí,PI,2017,9,0.0,climatology_municipal,0.5384615384615384,2017-09
2202091,Caldeirão Grande do Piauí,PI,2017,9,3.0,climatology_municipal,1.5384615384615385,2017-09
2202554,Caridade do Piauí,PI,2017,9,0.0,climatology_municipal,2.230769230769231,2017-09
2203271,Curral Novo do Piauí,PI,2017,9,1.0,climatology_municipal,2.230769230769231,2017-09
2204154,Francisco Macedo,PI,2017,9,0.0,climatology_municipal,0.23076923076923078,2017-09
2204303,Fronteiras,PI,2017,9,0.0,climatology_municipal,2.8461538461538463,2017-09
2205953,Marcolândia,PI,2017,9,1.0,climatology_municipal,0.8461538461538461,2017-09
2207207,Padre Marcos,PI,2017,9,1.0,climatology_municipal,0.07692307692307693,2017-09
2210300,São Julião,PI,2017,9,0.0,climatology_municipal,1.7692307692307692,2017-09
2210706,Simões,PI,2017,9,0.0,climatology_municipal,1.6923076923076923,2017-09
2300101,Abaiara,CE,2017,9,0.0,climatology_municipal,0.38461538461538464,2017-09
2300606,Altaneira,CE,2017,9,0.0,climatology_municipal,0.0,2017-09
2301307,Araripe,CE,2017,9,16.0,climatology_municipal,6.076923076923077,2017-09
2301604,Assaré,CE,2017,9,0.0,climatology_municipal,1.3846153846153846,2017-09
2301901,Barbalha,CE,2017,9,1.0,climatology_municipal,2.6923076923076925,2017-09
2302503,Brejo Santo,CE,2017,9,0.0,climatology_municipal,1.1538461538461537,2017-09
2302701,Campos Sales,CE,2017,9,0.0,climatology_municipal,1.7692307692307692,2017-09
2304202,Crato,CE,2017,9,6.0,climatology_municipal,3.5384615384615383,2017-09
2304301,Farias Brito,CE,2017,9,0.0,climatology_municipal,1.6153846153846154,2017-09
2307106,Jardim,CE,2017,9,0.0,climatology_municipal,1.8461538461538463,2017-09
2307205,Jati,CE,2017,9,0.0,climatology_municipal,0.5384615384615384,2017-09
2308401,Missão Velha,CE,2017,9,0.0,climatology_municipal,3.0,2017-09
2309201,Nova Olinda,CE,2017,9,0.0,climatology_municipal,0.9230769230769231,2017-09
2310605,Penaforte,CE,2017,9,0.0,climatology_municipal,0.0,2017-09
2311108,Porteiras,CE,2017,9,0.0,climatology_municipal,1.1538461538461537,2017-09
2311207,Potengi,CE,2017,9,0.0,climatology_municipal,1.3846153846153846,2017-09
2311959,Salitre,CE,2017,9,1.0,climatology_municipal,1.6153846153846154,2017-09
2312106,Santana do Cariri,CE,2017,9,0.0,climatology_municipal,2.076923076923077,2017-09
2601102,Araripina,PE,2017,9,3.0,climatology_municipal,9.076923076923077,2017-09
2602001,Bodocó,PE,2017,9,11.0,climatology_municipal,12.0,2017-09
2604304,Cedro,PE,2017,9,0.0,climatology_municipal,0.0,2017-09
2605301,Exu,PE,2017,9,1.0,climatology_municipal,3.1538461538461537,2017-09
2607307,Ipubi,PE,2017,9,11.0,climatology_municipal,2.6923076923076925,2017-09
2614006,Serrita,PE,2017,9,1.0,climatology_municipal,5.461538461538462,2017-09
2614303,Moreilândia,PE,2017,9,0.0,climatology_municipal,1.4615384615384615,2017-09
2615607,Trindade,PE,2017,9,0.0,climatology_municipal,1.1538461538461537,2017-09
2200277,Alegrete do Piauí,PI,2017,9,0.0,climatology_apa_intensity12,0.40792394122731196,2017-09
2202091,Caldeirão Grande do Piauí,PI,2017,9,3.0,climatology_apa_intensity12,1.1654969749351771,2017-09
2202554,Caridade do Piauí,PI,2017,9,0.0,climatology_apa_intensity12,1.6899706136560069,2017-09
2203271,Curral Novo do Piauí,PI,2017,9,1.0,climatology_apa_intensity12,1.6899706136560069,2017-09
2204154,Francisco Macedo,PI,2017,9,0.0,climatology_apa_intensity12,0.17482454624027657,2017-09
2204303,Fronteiras,PI,2017,9,0.0,climatology_apa_intensity12,2.1561694036300776,2017-09
2205953,Marcolândia,PI,2017,9,1.0,climatology_apa_intensity12,0.6410233362143474,2017-09
2207207,Padre Marcos,PI,2017,9,1.0,climatology_apa_intensity12,0.05827484874675886,2017-09
2210300,São Julião,PI,2017,9,0.0,climatology_apa_intensity12,1.3403215211754536,2017-09
2210706,Simões,PI,2017,9,0.0,climatology_apa_intensity12,1.2820466724286947,2017-09
2300101,Abaiara,CE,2017,9,0.0,climatology_apa_intensity12,0.2913742437337943,2017-09
2300606,Altaneira,CE,2017,9,0.0,climatology_apa_intensity12,0.0,2017-09
2301307,Araripe,CE,2017,9,16.0,climatology_apa_intensity12,4.6037130509939495,2017-09
2301604,Assaré,CE,2017,9,0.0,climatology_apa_intensity12,1.0489472774416593,2017-09
2301901,Barbalha,CE,2017,9,1.0,climatology_apa_intensity12,2.03961970613656,2017-09
2302503,Brejo Santo,CE,2017,9,0.0,climatology_apa_intensity12,0.8741227312013827,2017-09
2302701,Campos Sales,CE,2017,9,0.0,climatology_apa_intensity12,1.3403215211754536,2017-09
2304202,Crato,CE,2017,9,6.0,climatology_apa_intensity12,2.680643042350907,2017-09
2304301,Farias Brito,CE,2017,9,0.0,climatology_apa_intensity12,1.223771823681936,2017-09
2307106,Jardim,CE,2017,9,0.0,climatology_apa_intensity12,1.3985963699222126,2017-09
2307205,Jati,CE,2017,9,0.0,climatology_apa_intensity12,0.40792394122731196,2017-09
2308401,Missão Velha,CE,2017,9,0.0,climatology_apa_intensity12,2.272719101123595,2017-09
2309201,Nova Olinda,CE,2017,9,0.0,climatology_apa_intensity12,0.6992981849611063,2017-09
2310605,Penaforte,CE,2017,9,0.0,climatology_apa_intensity12,0.0,2017-09
2311108,Porteiras,CE,2017,9,0.0,climatology_apa_intensity12,0.8741227312013827,2017-09
2311207,Potengi,CE,2017,9,0.0,climatology_apa_intensity12,1.0489472774416593,2017-09
2311959,Salitre,CE,2017,9,1.0,climatology_apa_intensity12,1.223771823681936,2017-09
2312106,Santana do Cariri,CE,2017,9,0.0,climatology_apa_intensity12,1.5734209161624892,2017-09
2601102,Araripina,PE,2017,9,3.0,climatology_apa_intensity12,6.876432152117545,2017-09
2602001,Bodocó,PE,2017,9,11.0,climatology_apa_intensity12,9.09087640449438,2017-09
2604304,Cedro,PE,2017,9,0.0,climatology_apa_intensity12,0.0,2017-09
2605301,Exu,PE,2017,9,1.0,climatology_apa_intensity12,2.389268798617113,2017-09
2607307,Ipubi,PE,2017,9,11.0,climatology_apa_intensity12,2.03961970613656,2017-09
2614006,Serrita,PE,2017,9,1.0,climatology_apa_intensity12,4.137514261019879,2017-09
2614303,Moreilândia,PE,2017,9,0.0,climatology_apa_intensity12,1.107222126188418,2017-09
2615607,Trindade,PE,2017,9,0.0,climatology_apa_intensity12,0.8741227312013827,2017-09
2200277,Alegrete do Piauí,PI,2017,10,0.0,climatology_municipal,1.1538461538461537,2017-10
2202091,Caldeirão Grande do Piauí,PI,2017,10,9.0,climatology_municipal,5.538461538461538,2017-10
2202554,Caridade do Piauí,PI,2017,10,16.0,climatology_municipal,9.307692307692308,2017-10
2203271,Curral Novo do Piauí,PI,2017,10,5.0,climatology_municipal,6.3076923076923075,2017-10
2204154,Francisco Macedo,PI,2017,10,2.0,climatology_municipal,2.230769230769231,2017-10
2204303,Fronteiras,PI,2017,10,4.0,climatology_municipal,7.230769230769231,2017-10
2205953,Marcolândia,PI,2017,10,0.0,climatology_municipal,0.8461538461538461,2017-10
2207207,Padre Marcos,PI,2017,10,1.0,climatology_municipal,2.230769230769231,2017-10
2210300,São Julião,PI,2017,10,1.0,climatology_municipal,1.0769230769230769,2017-10
2210706,Simões,PI,2017,10,3.0,climatology_municipal,8.692307692307692,2017-10
2300101,Abaiara,CE,2017,10,0.0,climatology_municipal,0.8461538461538461,2017-10
2300606,Altaneira,CE,2017,10,0.0,climatology_municipal,0.5384615384615384,2017-10
2301307,Araripe,CE,2017,10,46.0,climatology_municipal,8.615384615384615,2017-10
2301604,Assaré,CE,2017,10,3.0,climatology_municipal,3.3076923076923075,2017-10
2301901,Barbalha,CE,2017,10,3.0,climatology_municipal,2.3076923076923075,2017-10
2302503,Brejo Santo,CE,2017,10,5.0,climatology_municipal,2.769230769230769,2017-10
2302701,Campos Sales,CE,2017,10,2.0,climatology_municipal,2.6923076923076925,2017-10
2304202,Crato,CE,2017,10,9.0,climatology_municipal,8.307692307692308,2017-10
2304301,Farias Brito,CE,2017,10,1.0,climatology_municipal,3.4615384615384617,2017-10
2307106,Jardim,CE,2017,10,0.0,climatology_municipal,2.076923076923077,2017-10
2307205,Jati,CE,2017,10,1.0,climatology_municipal,2.3846153846153846,2017-10
2308401,Missão Velha,CE,2017,10,0.0,climatology_municipal,4.846153846153846,2017-10
2309201,Nova Olinda,CE,2017,10,0.0,climatology_municipal,1.0769230769230769,2017-10
2310605,Penaforte,CE,2017,10,0.0,climatology_municipal,0.23076923076923078,2017-10
2311108,Porteiras,CE,2017,10,0.0,climatology_municipal,0.5384615384615384,2017-10
2311207,Potengi,CE,2017,10,4.0,climatology_municipal,1.4615384615384615,2017-10
2311959,Salitre,CE,2017,10,4.0,climatology_municipal,4.153846153846154,2017-10
2312106,Santana do Cariri,CE,2017,10,15.0,climatology_municipal,5.846153846153846,2017-10
2601102,Araripina,PE,2017,10,18.0,climatology_municipal,20.384615384615383,2017-10
2602001,Bodocó,PE,2017,10,56.0,climatology_municipal,35.0,2017-10
2604304,Cedro,PE,2017,10,0.0,climatology_municipal,0.23076923076923078,2017-10
2605301,Exu,PE,2017,10,12.0,climatology_municipal,12.538461538461538,2017-10
2607307,Ipubi,PE,2017,10,17.0,climatology_municipal,10.23076923076923,2017-10
2614006,Serrita,PE,2017,10,9.0,climatology_municipal,9.692307692307692,2017-10
2614303,Moreilândia,PE,2017,10,6.0,climatology_municipal,4.6923076923076925,2017-10
2615607,Trindade,PE,2017,10,3.0,climatology_municipal,2.769230769230769,2017-10
2200277,Alegrete do Piauí,PI,2017,10,0.0,climatology_apa_intensity12,0.8264737673567804,2017-10
2202091,Caldeirão Grande do Piauí,PI,2017,10,9.0,climatology_apa_intensity12,3.967074083312546,2017-10
2202554,Caridade do Piauí,PI,2017,10,16.0,climatology_apa_intensity12,6.666888390011363,2017-10
2203271,Curral Novo do Piauí,PI,2017,10,5.0,climatology_apa_intensity12,4.518056594883733,2017-10
2204154,Francisco Macedo,PI,2017,10,2.0,climatology_apa_intensity12,1.5978492835564424,2017-10
2204303,Fronteiras,PI,2017,10,4.0,climatology_apa_intensity12,5.179235608769158,2017-10
2205953,Marcolândia,PI,2017,10,0.0,climatology_apa_intensity12,0.6060807627283057,2017-10
2207207,Padre Marcos,PI,2017,10,1.0,climatology_apa_intensity12,1.5978492835564424,2017-10
2210300,São Julião,PI,2017,10,1.0,climatology_apa_intensity12,0.7713755161996617,2017-10
2210706,Simões,PI,2017,10,3.0,climatology_apa_intensity12,6.226102380754412,2017-10
2300101,Abaiara,CE,2017,10,0.0,climatology_apa_intensity12,0.6060807627283057,2017-10
2300606,Altaneira,CE,2017,10,0.0,climatology_apa_intensity12,0.38568775809983086,2017-10
2301307,Araripe,CE,2017,10,46.0,climatology_apa_intensity12,6.171004129597294,2017-10
2301604,Assaré,CE,2017,10,3.0,climatology_apa_intensity12,2.369224799756104,2017-10
2301901,Barbalha,CE,2017,10,3.0,climatology_apa_intensity12,1.6529475347135607,2017-10
2302503,Brejo Santo,CE,2017,10,5.0,climatology_apa_intensity12,1.983537041656273,2017-10
2302701,Campos Sales,CE,2017,10,2.0,climatology_apa_intensity12,1.9284387904991547,2017-10
2304202,Crato,CE,2017,10,9.0,climatology_apa_intensity12,5.95061112496882,2017-10
2304301,Farias Brito,CE,2017,10,1.0,climatology_apa_intensity12,2.4794213020703415,2017-10
2307106,Jardim,CE,2017,10,0.0,climatology_apa_intensity12,1.487652781242205,2017-10
2307205,Jati,CE,2017,10,1.0,climatology_apa_intensity12,1.7080457858706797,2017-10
2308401,Missão Velha,CE,2017,10,0.0,climatology_apa_intensity12,3.4711898228984777,2017-10
2309201,Nova Olinda,CE,2017,10,0.0,climatology_apa_intensity12,0.7713755161996617,2017-10
2310605,Penaforte,CE,2017,10,0.0,climatology_apa_intensity12,0.1652947534713561,2017-10
2311108,Porteiras,CE,2017,10,0.0,climatology_apa_intensity12,0.38568775809983086,2017-10
2311207,Potengi,CE,2017,10,4.0,climatology_apa_intensity12,1.0468667719852551,2017-10
2311959,Salitre,CE,2017,10,4.0,climatology_apa_intensity12,2.97530556248441,2017-10
2312106,Santana do Cariri,CE,2017,10,15.0,climatology_apa_intensity12,4.1874670879410205,2017-10
2601102,Araripina,PE,2017,10,18.0,climatology_apa_intensity12,14.601036556636455,2017-10
2602001,Bodocó,PE,2017,10,56.0,climatology_apa_intensity12,25.06970427648901,2017-10
2604304,Cedro,PE,2017,10,0.0,climatology_apa_intensity12,0.1652947534713561,2017-10
2605301,Exu,PE,2017,10,12.0,climatology_apa_intensity12,8.981014938610347,2017-10
2607307,Ipubi,PE,2017,10,17.0,climatology_apa_intensity12,7.328067403896786,2017-10
2614006,Serrita,PE,2017,10,9.0,climatology_apa_intensity12,6.942379645796955,2017-10
2614303,Moreilândia,PE,2017,10,6.0,climatology_apa_intensity12,3.3609933205842406,2017-10
2615607,Trindade,PE,2017,10,3.0,climatology_apa_intensity12,1.983537041656273,2017-10
2200277,Alegrete do Piauí,PI,2017,11,0.0,climatology_municipal,1.3846153846153846,2017-11
2202091,Caldeirão Grande do Piauí,PI,2017,11,3.0,climatology_municipal,6.076923076923077,2017-11
2202554,Caridade do Piauí,PI,2017,11,0.0,climatology_municipal,4.230769230769231,2017-11
2203271,Curral Novo do Piauí,PI,2017,11,1.0,climatology_municipal,2.5384615384615383,2017-11
2204154,Francisco Macedo,PI,2017,11,2.0,climatology_municipal,2.8461538461538463,2017-11
2204303,Fronteiras,PI,2017,11,8.0,climatology_municipal,8.615384615384615,2017-11
2205953,Marcolândia,PI,2017,11,0.0,climatology_municipal,1.4615384615384615,2017-11
2207207,Padre Marcos,PI,2017,11,1.0,climatology_municipal,3.5384615384615383,2017-11
2210300,São Julião,PI,2017,11,0.0,climatology_municipal,1.7692307692307692,2017-11
2210706,Simões,PI,2017,11,5.0,climatology_municipal,9.076923076923077,2017-11
2300101,Abaiara,CE,2017,11,4.0,climatology_municipal,2.230769230769231,2017-11
2300606,Altaneira,CE,2017,11,0.0,climatology_municipal,0.3076923076923077,2017-11
2301307,Araripe,CE,2017,11,3.0,climatology_municipal,15.538461538461538,2017-11
2301604,Assaré,CE,2017,11,4.0,climatology_municipal,5.615384615384615,2017-11
2301901,Barbalha,CE,2017,11,2.0,climatology_municipal,5.230769230769231,2017-11
2302503,Brejo Santo,CE,2017,11,3.0,climatology_municipal,6.0,2017-11
2302701,Campos Sales,CE,2017,11,1.0,climatology_municipal,3.769230769230769,2017-11
2304202,Crato,CE,2017,11,3.0,climatology_municipal,11.0,2017-11
2304301,Farias Brito,CE,2017,11,2.0,climatology_municipal,3.4615384615384617,2017-11
2307106,Jardim,CE,2017,11,1.0,climatology_municipal,3.076923076923077,2017-11
2307205,Jati,CE,2017,11,2.0,climatology_municipal,2.769230769230769,2017-11
2308401,Missão Velha,CE,2017,11,9.0,climatology_municipal,9.692307692307692,2017-11
2309201,Nova Olinda,CE,2017,11,4.0,climatology_municipal,3.4615384615384617,2017-11
2310605,Penaforte,CE,2017,11,0.0,climatology_municipal,0.23076923076923078,2017-11
2311108,Porteiras,CE,2017,11,1.0,climatology_municipal,1.6923076923076923,2017-11
2311207,Potengi,CE,2017,11,1.0,climatology_municipal,2.5384615384615383,2017-11
2311959,Salitre,CE,2017,11,8.0,climatology_municipal,9.846153846153847,2017-11
2312106,Santana do Cariri,CE,2017,11,6.0,climatology_municipal,13.615384615384615,2017-11
2601102,Araripina,PE,2017,11,3.0,climatology_municipal,15.384615384615385,2017-11
2602001,Bodocó,PE,2017,11,15.0,climatology_municipal,34.61538461538461,2017-11
2604304,Cedro,PE,2017,11,0.0,climatology_municipal,0.07692307692307693,2017-11
2605301,Exu,PE,2017,11,9.0,climatology_municipal,17.46153846153846,2017-11
2607307,Ipubi,PE,2017,11,5.0,climatology_municipal,9.692307692307692,2017-11
2614006,Serrita,PE,2017,11,0.0,climatology_municipal,12.076923076923077,2017-11
2614303,Moreilândia,PE,2017,11,2.0,climatology_municipal,6.769230769230769,2017-11
2615607,Trindade,PE,2017,11,0.0,climatology_municipal,1.1538461538461537,2017-11
2200277,Alegrete do Piauí,PI,2017,11,0.0,climatology_apa_intensity12,1.0629100733307602,2017-11
2202091,Caldeirão Grande do Piauí,PI,2017,11,3.0,climatology_apa_intensity12,4.664994210729447,2017-11
2202554,Caridade do Piauí,PI,2017,11,0.0,climatology_apa_intensity12,3.2477807796217673,2017-11
2203271,Curral Novo do Piauí,PI,2017,11,1.0,climatology_apa_intensity12,1.9486684677730604,2017-11
2204154,Francisco Macedo,PI,2017,11,2.0,climatology_apa_intensity12,2.184870706291007,2017-11
2204303,Fronteiras,PI,2017,11,8.0,climatology_apa_intensity12,6.613662678502508,2017-11
2205953,Marcolândia,PI,2017,11,0.0,climatology_apa_intensity12,1.1219606329602467,2017-11
2207207,Padre Marcos,PI,2017,11,1.0,climatology_apa_intensity12,2.716325742956387,2017-11
2210300,São Julião,PI,2017,11,0.0,climatology_apa_intensity12,1.3581628714781935,2017-11
2210706,Simões,PI,2017,11,5.0,climatology_apa_intensity12,6.967966036279428,2017-11
2300101,Abaiara,CE,2017,11,4.0,climatology_apa_intensity12,1.7124662292551138,2017-11
2300606,Altaneira,CE,2017,11,0.0,climatology_apa_intensity12,0.23620223851794672,2017-11
2301307,Araripe,CE,2017,11,3.0,climatology_apa_intensity12,11.928213045156308,2017-11
2301604,Assaré,CE,2017,11,4.0,climatology_apa_intensity12,4.310690852952527,2017-11
2301901,Barbalha,CE,2017,11,2.0,climatology_apa_intensity12,4.015438054805094,2017-11
2302503,Brejo Santo,CE,2017,11,3.0,climatology_apa_intensity12,4.605943651099961,2017-11
2302701,Campos Sales,CE,2017,11,1.0,climatology_apa_intensity12,2.8934774218448474,2017-11
2304202,Crato,CE,2017,11,3.0,climatology_apa_intensity12,8.444230027016594,2017-11
2304301,Farias Brito,CE,2017,11,2.0,climatology_apa_intensity12,2.6572751833269006,2017-11
2307106,Jardim,CE,2017,11,1.0,climatology_apa_intensity12,2.3620223851794675,2017-11
2307205,Jati,CE,2017,11,2.0,climatology_apa_intensity12,2.1258201466615203,2017-11
2308401,Missão Velha,CE,2017,11,9.0,climatology_apa_intensity12,7.440370513315321,2017-11
2309201,Nova Olinda,CE,2017,11,4.0,climatology_apa_intensity12,2.6572751833269006,2017-11
2310605,Penaforte,CE,2017,11,0.0,climatology_apa_intensity12,0.17715167888846003,2017-11
2311108,Porteiras,CE,2017,11,1.0,climatology_apa_intensity12,1.299112311848707,2017-11
2311207,Potengi,CE,2017,11,1.0,climatology_apa_intensity12,1.9486684677730604,2017-11
2311959,Salitre,CE,2017,11,8.0,climatology_apa_intensity12,7.558471632574295,2017-11
2312106,Santana do Cariri,CE,2017,11,6.0,climatology_apa_intensity12,10.451949054419142,2017-11
2601102,Araripina,PE,2017,11,3.0,climatology_apa_intensity12,11.810111925897337,2017-11
2602001,Bodocó,PE,2017,11,15.0,climatology_apa_intensity12,26.572751833269002,2017-11
2604304,Cedro,PE,2017,11,0.0,climatology_apa_intensity12,0.05905055962948668,2017-11
2605301,Exu,PE,2017,11,9.0,climatology_apa_intensity12,13.404477035893475,2017-11
2607307,Ipubi,PE,2017,11,5.0,climatology_apa_intensity12,7.440370513315321,2017-11
2614006,Serrita,PE,2017,11,0.0,climatology_apa_intensity12,9.270937861829408,2017-11
2614303,Moreilândia,PE,2017,11,2.0,climatology_apa_intensity12,5.196449247394828,2017-11
2615607,Trindade,PE,2017,11,0.0,climatology_apa_intensity12,0.8857583944423001,2017-11
2200277,Alegrete do Piauí,PI,2017,12,0.0,climatology_municipal,0.6923076923076923,2017-12
2202091,Caldeirão Grande do Piauí,PI,2017,12,2.0,climatology_municipal,1.2307692307692308,2017-12
2202554,Caridade do Piauí,PI,2017,12,0.0,climatology_municipal,2.3846153846153846,2017-12
2203271,Curral Novo do Piauí,PI,2017,12,0.0,climatology_municipal,0.46153846153846156,2017-12
2204154,Francisco Macedo,PI,2017,12,0.0,climatology_municipal,1.0769230769230769,2017-12
2204303,Fronteiras,PI,2017,12,0.0,climatology_municipal,2.5384615384615383,2017-12
2205953,Marcolândia,PI,2017,12,1.0,climatology_municipal,1.5384615384615385,2017-12
2207207,Padre Marcos,PI,2017,12,0.0,climatology_municipal,1.0,2017-12
2210300,São Julião,PI,2017,12,0.0,climatology_municipal,0.3076923076923077,2017-12
2210706,Simões,PI,2017,12,0.0,climatology_municipal,2.076923076923077,2017-12
2300101,Abaiara,CE,2017,12,4.0,climatology_municipal,2.1538461538461537,2017-12
2300606,Altaneira,CE,2017,12,0.0,climatology_municipal,0.6923076923076923,2017-12
2301307,Araripe,CE,2017,12,7.0,climatology_municipal,6.6923076923076925,2017-12
2301604,Assaré,CE,2017,12,2.0,climatology_municipal,5.3076923076923075,2017-12
2301901,Barbalha,CE,2017,12,2.0,climatology_municipal,2.3846153846153846,2017-12
2302503,Brejo Santo,CE,2017,12,2.0,climatology_municipal,2.3846153846153846,2017-12
2302701,Campos Sales,CE,2017,12,0.0,climatology_municipal,1.6923076923076923,2017-12
2304202,Crato,CE,2017,12,4.0,climatology_municipal,7.153846153846154,2017-12
2304301,Farias Brito,CE,2017,12,0.0,climatology_municipal,2.3846153846153846,2017-12
2307106,Jardim,CE,2017,12,0.0,climatology_municipal,4.230769230769231,2017-12
2307205,Jati,CE,2017,12,0.0,climatology_municipal,0.7692307692307693,2017-12
2308401,Missão Velha,CE,2017,12,13.0,climatology_municipal,7.615384615384615,2017-12
2309201,Nova Olinda,CE,2017,12,6.0,climatology_municipal,3.3846153846153846,2017-12
2310605,Penaforte,CE,2017,12,0.0,climatology_municipal,0.38461538461538464,2017-12
2311108,Porteiras,CE,2017,12,0.0,climatology_municipal,2.0,2017-12
2311207,Potengi,CE,2017,12,2.0,climatology_municipal,1.6923076923076923,2017-12
2311959,Salitre,CE,2017,12,0.0,climatology_municipal,4.846153846153846,2017-12
2312106,Santana do Cariri,CE,2017,12,11.0,climatology_municipal,12.538461538461538,2017-12
2601102,Araripina,PE,2017,12,0.0,climatology_municipal,5.0,2017-12
2602001,Bodocó,PE,2017,12,1.0,climatology_municipal,18.0,2017-12
2604304,Cedro,PE,2017,12,0.0,climatology_municipal,0.46153846153846156,2017-12
2605301,Exu,PE,2017,12,13.0,climatology_municipal,13.384615384615385,2017-12
2607307,Ipubi,PE,2017,12,1.0,climatology_municipal,4.846153846153846,2017-12
2614006,Serrita,PE,2017,12,0.0,climatology_municipal,6.6923076923076925,2017-12
2614303,Moreilândia,PE,2017,12,0.0,climatology_municipal,3.0,2017-12
2615607,Trindade,PE,2017,12,0.0,climatology_municipal,0.38461538461538464,2017-12
2200277,Alegrete do Piauí,PI,2017,12,0.0,climatology_apa_intensity12,0.5430314864535024,2017-12
2202091,Caldeirão Grande do Piauí,PI,2017,12,2.0,climatology_apa_intensity12,0.9653893092506711,2017-12
2202554,Caridade do Piauí,PI,2017,12,0.0,climatology_apa_intensity12,1.870441786673175,2017-12
2203271,Curral Novo do Piauí,PI,2017,12,0.0,climatology_apa_intensity12,0.3620209909690017,2017-12
2204154,Francisco Macedo,PI,2017,12,0.0,climatology_apa_intensity12,0.8447156455943371,2017-12
2204303,Fronteiras,PI,2017,12,0.0,climatology_apa_intensity12,1.991115450329509,2017-12
2205953,Marcolândia,PI,2017,12,1.0,climatology_apa_intensity12,1.206736636563339,2017-12
2207207,Padre Marcos,PI,2017,12,0.0,climatology_apa_intensity12,0.7843788137661702,2017-12
2210300,São Julião,PI,2017,12,0.0,climatology_apa_intensity12,0.24134732731266778,2017-12
2210706,Simões,PI,2017,12,0.0,climatology_apa_intensity12,1.6290944593605077,2017-12
2300101,Abaiara,CE,2017,12,4.0,climatology_apa_intensity12,1.6894312911886742,2017-12
2300606,Altaneira,CE,2017,12,0.0,climatology_apa_intensity12,0.5430314864535024,2017-12
2301307,Araripe,CE,2017,12,7.0,climatology_apa_intensity12,5.249304369050524,2017-12
2301604,Assaré,CE,2017,12,2.0,climatology_apa_intensity12,4.163241396143519,2017-12
2301901,Barbalha,CE,2017,12,2.0,climatology_apa_intensity12,1.870441786673175,2017-12
2302503,Brejo Santo,CE,2017,12,2.0,climatology_apa_intensity12,1.870441786673175,2017-12
2302701,Campos Sales,CE,2017,12,0.0,climatology_apa_intensity12,1.3274103002196727,2017-12
2304202,Crato,CE,2017,12,4.0,climatology_apa_intensity12,5.611325360019526,2017-12
2304301,Farias Brito,CE,2017,12,0.0,climatology_apa_intensity12,1.870441786673175,2017-12
2307106,Jardim,CE,2017,12,0.0,climatology_apa_intensity12,3.318525750549182,2017-12
2307205,Jati,CE,2017,12,0.0,climatology_apa_intensity12,0.6033683182816695,2017-12
2308401,Missão Velha,CE,2017,12,13.0,climatology_apa_intensity12,5.9733463509885265,2017-12
2309201,Nova Olinda,CE,2017,12,6.0,climatology_apa_intensity12,2.6548206004393453,2017-12
2310605,Penaforte,CE,2017,12,0.0,climatology_apa_intensity12,0.30168415914083474,2017-12
2311108,Porteiras,CE,2017,12,0.0,climatology_apa_intensity12,1.5687576275323405,2017-12
2311207,Potengi,CE,2017,12,2.0,climatology_apa_intensity12,1.3274103002196727,2017-12
2311959,Salitre,CE,2017,12,0.0,climatology_apa_intensity12,3.801220405174517,2017-12
2312106,Santana do Cariri,CE,2017,12,11.0,climatology_apa_intensity12,9.834903587991212,2017-12
2601102,Araripina,PE,2017,12,0.0,climatology_apa_intensity12,3.9218940688308512,2017-12
2602001,Bodocó,PE,2017,12,1.0,climatology_apa_intensity12,14.118818647791064,2017-12
2604304,Cedro,PE,2017,12,0.0,climatology_apa_intensity12,0.3620209909690017,2017-12
2605301,Exu,PE,2017,12,13.0,climatology_apa_intensity12,10.498608738101048,2017-12
2607307,Ipubi,PE,2017,12,1.0,climatology_apa_intensity12,3.801220405174517,2017-12
2614006,Serrita,PE,2017,12,0.0,climatology_apa_intensity12,5.249304369050524,2017-12
2614303,Moreilândia,PE,2017,12,0.0,climatology_apa_intensity12,2.3531364412985107,2017-12
2615607,Trindade,PE,2017,12,0.0,climatology_apa_intensity12,0.30168415914083474,2017-12
2200277,Alegrete do Piauí,PI,2018,1,0.0,climatology_municipal,0.14285714285714285,2018-01
2202091,Caldeirão Grande do Piauí,PI,2018,1,0.0,climatology_municipal,0.21428571428571427,2018-01
2202554,Caridade do Piauí,PI,2018,1,0.0,climatology_municipal,0.07142857142857142,2018-01
2203271,Curral Novo do Piauí,PI,2018,1,0.0,climatology_municipal,0.0,2018-01
2204154,Francisco Macedo,PI,2018,1,0.0,climatology_municipal,0.0,2018-01
2204303,Fronteiras,PI,2018,1,0.0,climatology_municipal,0.35714285714285715,2018-01
2205953,Marcolândia,PI,2018,1,0.0,climatology_municipal,0.14285714285714285,2018-01
2207207,Padre Marcos,PI,2018,1,0.0,climatology_municipal,0.42857142857142855,2018-01
2210300,São Julião,PI,2018,1,0.0,climatology_municipal,0.07142857142857142,2018-01
2210706,Simões,PI,2018,1,0.0,climatology_municipal,0.21428571428571427,2018-01
2300101,Abaiara,CE,2018,1,0.0,climatology_municipal,0.07142857142857142,2018-01
2300606,Altaneira,CE,2018,1,0.0,climatology_municipal,0.0,2018-01
2301307,Araripe,CE,2018,1,2.0,climatology_municipal,1.5,2018-01
2301604,Assaré,CE,2018,1,0.0,climatology_municipal,2.2857142857142856,2018-01
2301901,Barbalha,CE,2018,1,0.0,climatology_municipal,0.5714285714285714,2018-01
2302503,Brejo Santo,CE,2018,1,0.0,climatology_municipal,0.5,2018-01
2302701,Campos Sales,CE,2018,1,0.0,climatology_municipal,0.35714285714285715,2018-01
2304202,Crato,CE,2018,1,0.0,climatology_municipal,1.0714285714285714,2018-01
2304301,Farias Brito,CE,2018,1,0.0,climatology_municipal,0.7142857142857143,2018-01
2307106,Jardim,CE,2018,1,0.0,climatology_municipal,0.5,2018-01
2307205,Jati,CE,2018,1,2.0,climatology_municipal,0.21428571428571427,2018-01
2308401,Missão Velha,CE,2018,1,1.0,climatology_municipal,1.2857142857142858,2018-01
2309201,Nova Olinda,CE,2018,1,0.0,climatology_municipal,0.2857142857142857,2018-01
2310605,Penaforte,CE,2018,1,0.0,climatology_municipal,0.07142857142857142,2018-01
2311108,Porteiras,CE,2018,1,1.0,climatology_municipal,0.21428571428571427,2018-01
2311207,Potengi,CE,2018,1,0.0,climatology_municipal,1.0,2018-01
2311959,Salitre,CE,2018,1,0.0,climatology_municipal,0.7142857142857143,2018-01
2312106,Santana do Cariri,CE,2018,1,3.0,climatology_municipal,4.0,2018-01
2601102,Araripina,PE,2018,1,2.0,climatology_municipal,0.42857142857142855,2018-01
2602001,Bodocó,PE,2018,1,3.0,climatology_municipal,1.5714285714285714,2018-01
2604304,Cedro,PE,2018,1,0.0,climatology_municipal,0.07142857142857142,2018-01
2605301,Exu,PE,2018,1,0.0,climatology_municipal,2.357142857142857,2018-01
2607307,Ipubi,PE,2018,1,0.0,climatology_municipal,0.42857142857142855,2018-01
2614006,Serrita,PE,2018,1,2.0,climatology_municipal,1.5,2018-01
2614303,Moreilândia,PE,2018,1,0.0,climatology_municipal,0.35714285714285715,2018-01
2615607,Trindade,PE,2018,1,0.0,climatology_municipal,0.07142857142857142,2018-01
2200277,Alegrete do Piauí,PI,2018,1,0.0,climatology_apa_intensity12,0.11761487964989059,2018-01
2202091,Caldeirão Grande do Piauí,PI,2018,1,0.0,climatology_apa_intensity12,0.1764223194748359,2018-01
2202554,Caridade do Piauí,PI,2018,1,0.0,climatology_apa_intensity12,0.058807439824945296,2018-01
2203271,Curral Novo do Piauí,PI,2018,1,0.0,climatology_apa_intensity12,0.0,2018-01
2204154,Francisco Macedo,PI,2018,1,0.0,climatology_apa_intensity12,0.0,2018-01
2204303,Fronteiras,PI,2018,1,0.0,climatology_apa_intensity12,0.2940371991247265,2018-01
2205953,Marcolândia,PI,2018,1,0.0,climatology_apa_intensity12,0.11761487964989059,2018-01
2207207,Padre Marcos,PI,2018,1,0.0,climatology_apa_intensity12,0.3528446389496718,2018-01
2210300,São Julião,PI,2018,1,0.0,climatology_apa_intensity12,0.058807439824945296,2018-01
2210706,Simões,PI,2018,1,0.0,climatology_apa_intensity12,0.1764223194748359,2018-01
2300101,Abaiara,CE,2018,1,0.0,climatology_apa_intensity12,0.058807439824945296,2018-01
2300606,Altaneira,CE,2018,1,0.0,climatology_apa_intensity12,0.0,2018-01
2301307,Araripe,CE,2018,1,2.0,climatology_apa_intensity12,1.234956236323851,2018-01
2301604,Assaré,CE,2018,1,0.0,climatology_apa_intensity12,1.8818380743982495,2018-01
2301901,Barbalha,CE,2018,1,0.0,climatology_apa_intensity12,0.47045951859956237,2018-01
2302503,Brejo Santo,CE,2018,1,0.0,climatology_apa_intensity12,0.41165207877461707,2018-01
2302701,Campos Sales,CE,2018,1,0.0,climatology_apa_intensity12,0.2940371991247265,2018-01
2304202,Crato,CE,2018,1,0.0,climatology_apa_intensity12,0.8821115973741794,2018-01
2304301,Farias Brito,CE,2018,1,0.0,climatology_apa_intensity12,0.588074398249453,2018-01
2307106,Jardim,CE,2018,1,0.0,climatology_apa_intensity12,0.41165207877461707,2018-01
2307205,Jati,CE,2018,1,2.0,climatology_apa_intensity12,0.1764223194748359,2018-01
2308401,Missão Velha,CE,2018,1,1.0,climatology_apa_intensity12,1.0585339168490153,2018-01
2309201,Nova Olinda,CE,2018,1,0.0,climatology_apa_intensity12,0.23522975929978118,2018-01
2310605,Penaforte,CE,2018,1,0.0,climatology_apa_intensity12,0.058807439824945296,2018-01
2311108,Porteiras,CE,2018,1,1.0,climatology_apa_intensity12,0.1764223194748359,2018-01
2311207,Potengi,CE,2018,1,0.0,climatology_apa_intensity12,0.8233041575492341,2018-01
2311959,Salitre,CE,2018,1,0.0,climatology_apa_intensity12,0.588074398249453,2018-01
2312106,Santana do Cariri,CE,2018,1,3.0,climatology_apa_intensity12,3.2932166301969366,2018-01
2601102,Araripina,PE,2018,1,2.0,climatology_apa_intensity12,0.3528446389496718,2018-01
2602001,Bodocó,PE,2018,1,3.0,climatology_apa_intensity12,1.2937636761487965,2018-01
2604304,Cedro,PE,2018,1,0.0,climatology_apa_intensity12,0.058807439824945296,2018-01
2605301,Exu,PE,2018,1,0.0,climatology_apa_intensity12,1.9406455142231949,2018-01
2607307,Ipubi,PE,2018,1,0.0,climatology_apa_intensity12,0.3528446389496718,2018-01
2614006,Serrita,PE,2018,1,2.0,climatology_apa_intensity12,1.234956236323851,2018-01
2614303,Moreilândia,PE,2018,1,0.0,climatology_apa_intensity12,0.2940371991247265,2018-01
2615607,Trindade,PE,2018,1,0.0,climatology_apa_intensity12,0.058807439824945296,2018-01
2200277,Alegrete do Piauí,PI,2018,2,0.0,climatology_municipal,0.0,2018-02
2202091,Caldeirão Grande do Piauí,PI,2018,2,0.0,climatology_municipal,0.07142857142857142,2018-02
2202554,Caridade do Piauí,PI,2018,2,0.0,climatology_municipal,0.0,2018-02
2203271,Curral Novo do Piauí,PI,2018,2,0.0,climatology_municipal,0.0,2018-02
2204154,Francisco Macedo,PI,2018,2,0.0,climatology_municipal,0.0,2018-02
2204303,Fronteiras,PI,2018,2,0.0,climatology_municipal,0.0,2018-02
2205953,Marcolândia,PI,2018,2,0.0,climatology_municipal,0.0,2018-02
2207207,Padre Marcos,PI,2018,2,0.0,climatology_municipal,0.07142857142857142,2018-02
2210300,São Julião,PI,2018,2,0.0,climatology_municipal,0.0,2018-02
2210706,Simões,PI,2018,2,0.0,climatology_municipal,0.07142857142857142,2018-02
2300101,Abaiara,CE,2018,2,0.0,climatology_municipal,0.0,2018-02
2300606,Altaneira,CE,2018,2,0.0,climatology_municipal,0.0,2018-02
2301307,Araripe,CE,2018,2,0.0,climatology_municipal,0.14285714285714285,2018-02
2301604,Assaré,CE,2018,2,0.0,climatology_municipal,0.35714285714285715,2018-02
2301901,Barbalha,CE,2018,2,0.0,climatology_municipal,0.21428571428571427,2018-02
2302503,Brejo Santo,CE,2018,2,0.0,climatology_municipal,0.07142857142857142,2018-02
2302701,Campos Sales,CE,2018,2,0.0,climatology_municipal,0.0,2018-02
2304202,Crato,CE,2018,2,0.0,climatology_municipal,0.21428571428571427,2018-02
2304301,Farias Brito,CE,2018,2,0.0,climatology_municipal,0.0,2018-02
2307106,Jardim,CE,2018,2,1.0,climatology_municipal,0.0,2018-02
2307205,Jati,CE,2018,2,0.0,climatology_municipal,0.21428571428571427,2018-02
2308401,Missão Velha,CE,2018,2,0.0,climatology_municipal,0.14285714285714285,2018-02
2309201,Nova Olinda,CE,2018,2,0.0,climatology_municipal,0.0,2018-02
2310605,Penaforte,CE,2018,2,0.0,climatology_municipal,0.14285714285714285,2018-02
2311108,Porteiras,CE,2018,2,0.0,climatology_municipal,0.14285714285714285,2018-02
2311207,Potengi,CE,2018,2,0.0,climatology_municipal,0.42857142857142855,2018-02
2311959,Salitre,CE,2018,2,0.0,climatology_municipal,0.07142857142857142,2018-02
2312106,Santana do Cariri,CE,2018,2,0.0,climatology_municipal,0.35714285714285715,2018-02
2601102,Araripina,PE,2018,2,0.0,climatology_municipal,0.14285714285714285,2018-02
2602001,Bodocó,PE,2018,2,0.0,climatology_municipal,0.07142857142857142,2018-02
2604304,Cedro,PE,2018,2,0.0,climatology_municipal,0.0,2018-02
2605301,Exu,PE,2018,2,0.0,climatology_municipal,0.21428571428571427,2018-02
2607307,Ipubi,PE,2018,2,0.0,climatology_municipal,0.07142857142857142,2018-02
2614006,Serrita,PE,2018,2,0.0,climatology_municipal,0.14285714285714285,2018-02
2614303,Moreilândia,PE,2018,2,0.0,climatology_municipal,0.21428571428571427,2018-02
2615607,Trindade,PE,2018,2,0.0,climatology_municipal,0.07142857142857142,2018-02
2200277,Alegrete do Piauí,PI,2018,2,0.0,climatology_apa_intensity12,0.0,2018-02
2202091,Caldeirão Grande do Piauí,PI,2018,2,0.0,climatology_apa_intensity12,0.05921136663605233,2018-02
2202554,Caridade do Piauí,PI,2018,2,0.0,climatology_apa_intensity12,0.0,2018-02
2203271,Curral Novo do Piauí,PI,2018,2,0.0,climatology_apa_intensity12,0.0,2018-02
2204154,Francisco Macedo,PI,2018,2,0.0,climatology_apa_intensity12,0.0,2018-02
2204303,Fronteiras,PI,2018,2,0.0,climatology_apa_intensity12,0.0,2018-02
2205953,Marcolândia,PI,2018,2,0.0,climatology_apa_intensity12,0.0,2018-02
2207207,Padre Marcos,PI,2018,2,0.0,climatology_apa_intensity12,0.05921136663605233,2018-02
2210300,São Julião,PI,2018,2,0.0,climatology_apa_intensity12,0.0,2018-02
2210706,Simões,PI,2018,2,0.0,climatology_apa_intensity12,0.05921136663605233,2018-02
2300101,Abaiara,CE,2018,2,0.0,climatology_apa_intensity12,0.0,2018-02
2300606,Altaneira,CE,2018,2,0.0,climatology_apa_intensity12,0.0,2018-02
2301307,Araripe,CE,2018,2,0.0,climatology_apa_intensity12,0.11842273327210466,2018-02
2301604,Assaré,CE,2018,2,0.0,climatology_apa_intensity12,0.29605683318026166,2018-02
2301901,Barbalha,CE,2018,2,0.0,climatology_apa_intensity12,0.17763409990815698,2018-02
2302503,Brejo Santo,CE,2018,2,0.0,climatology_apa_intensity12,0.05921136663605233,2018-02
2302701,Campos Sales,CE,2018,2,0.0,climatology_apa_intensity12,0.0,2018-02
2304202,Crato,CE,2018,2,0.0,climatology_apa_intensity12,0.17763409990815698,2018-02
2304301,Farias Brito,CE,2018,2,0.0,climatology_apa_intensity12,0.0,2018-02
2307106,Jardim,CE,2018,2,1.0,climatology_apa_intensity12,0.0,2018-02
2307205,Jati,CE,2018,2,0.0,climatology_apa_intensity12,0.17763409990815698,2018-02
2308401,Missão Velha,CE,2018,2,0.0,climatology_apa_intensity12,0.11842273327210466,2018-02
2309201,Nova Olinda,CE,2018,2,0.0,climatology_apa_intensity12,0.0,2018-02
2310605,Penaforte,CE,2018,2,0.0,climatology_apa_intensity12,0.11842273327210466,2018-02
2311108,Porteiras,CE,2018,2,0.0,climatology_apa_intensity12,0.11842273327210466,2018-02
2311207,Potengi,CE,2018,2,0.0,climatology_apa_intensity12,0.35526819981631397,2018-02
2311959,Salitre,CE,2018,2,0.0,climatology_apa_intensity12,0.05921136663605233,2018-02
2312106,Santana do Cariri,CE,2018,2,0.0,climatology_apa_intensity12,0.29605683318026166,2018-02
2601102,Araripina,PE,2018,2,0.0,climatology_apa_intensity12,0.11842273327210466,2018-02
2602001,Bodocó,PE,2018,2,0.0,climatology_apa_intensity12,0.05921136663605233,2018-02
2604304,Cedro,PE,2018,2,0.0,climatology_apa_intensity12,0.0,2018-02
2605301,Exu,PE,2018,2,0.0,climatology_apa_intensity12,0.17763409990815698,2018-02
2607307,Ipubi,PE,2018,2,0.0,climatology_apa_intensity12,0.05921136663605233,2018-02
2614006,Serrita,PE,2018,2,0.0,climatology_apa_intensity12,0.11842273327210466,2018-02
2614303,Moreilândia,PE,2018,2,0.0,climatology_apa_intensity12,0.17763409990815698,2018-02
2615607,Trindade,PE,2018,2,0.0,climatology_apa_intensity12,0.05921136663605233,2018-02
2200277,Alegrete do Piauí,PI,2018,3,0.0,climatology_municipal,0.0,2018-03
2202091,Caldeirão Grande do Piauí,PI,2018,3,0.0,climatology_municipal,0.0,2018-03
2202554,Caridade do Piauí,PI,2018,3,0.0,climatology_municipal,0.0,2018-03
2203271,Curral Novo do Piauí,PI,2018,3,0.0,climatology_municipal,0.0,2018-03
2204154,Francisco Macedo,PI,2018,3,0.0,climatology_municipal,0.0,2018-03
2204303,Fronteiras,PI,2018,3,0.0,climatology_municipal,0.0,2018-03
2205953,Marcolândia,PI,2018,3,0.0,climatology_municipal,0.0,2018-03
2207207,Padre Marcos,PI,2018,3,0.0,climatology_municipal,0.0,2018-03
2210300,São Julião,PI,2018,3,0.0,climatology_municipal,0.0,2018-03
2210706,Simões,PI,2018,3,0.0,climatology_municipal,0.0,2018-03
2300101,Abaiara,CE,2018,3,0.0,climatology_municipal,0.0,2018-03
2300606,Altaneira,CE,2018,3,0.0,climatology_municipal,0.0,2018-03
2301307,Araripe,CE,2018,3,0.0,climatology_municipal,0.0,2018-03
2301604,Assaré,CE,2018,3,0.0,climatology_municipal,0.0,2018-03
2301901,Barbalha,CE,2018,3,0.0,climatology_municipal,0.0,2018-03
2302503,Brejo Santo,CE,2018,3,0.0,climatology_municipal,0.0,2018-03
2302701,Campos Sales,CE,2018,3,0.0,climatology_municipal,0.0,2018-03
2304202,Crato,CE,2018,3,0.0,climatology_municipal,0.14285714285714285,2018-03
2304301,Farias Brito,CE,2018,3,0.0,climatology_municipal,0.07142857142857142,2018-03
2307106,Jardim,CE,2018,3,0.0,climatology_municipal,0.07142857142857142,2018-03
2307205,Jati,CE,2018,3,0.0,climatology_municipal,0.0,2018-03
2308401,Missão Velha,CE,2018,3,0.0,climatology_municipal,0.2857142857142857,2018-03
2309201,Nova Olinda,CE,2018,3,0.0,climatology_municipal,0.0,2018-03
2310605,Penaforte,CE,2018,3,0.0,climatology_municipal,0.0,2018-03
2311108,Porteiras,CE,2018,3,0.0,climatology_municipal,0.0,2018-03
2311207,Potengi,CE,2018,3,0.0,climatology_municipal,0.0,2018-03
2311959,Salitre,CE,2018,3,0.0,climatology_municipal,0.07142857142857142,2018-03
2312106,Santana do Cariri,CE,2018,3,0.0,climatology_municipal,0.0,2018-03
2601102,Araripina,PE,2018,3,0.0,climatology_municipal,0.07142857142857142,2018-03
2602001,Bodocó,PE,2018,3,0.0,climatology_municipal,0.35714285714285715,2018-03
2604304,Cedro,PE,2018,3,0.0,climatology_municipal,0.0,2018-03
2605301,Exu,PE,2018,3,0.0,climatology_municipal,0.0,2018-03
2607307,Ipubi,PE,2018,3,0.0,climatology_municipal,0.07142857142857142,2018-03
2614006,Serrita,PE,2018,3,0.0,climatology_municipal,0.0,2018-03
2614303,Moreilândia,PE,2018,3,0.0,climatology_municipal,0.0,2018-03
2615607,Trindade,PE,2018,3,0.0,climatology_municipal,0.0,2018-03
2200277,Alegrete do Piauí,PI,2018,3,0.0,climatology_apa_intensity12,0.0,2018-03
2202091,Caldeirão Grande do Piauí,PI,2018,3,0.0,climatology_apa_intensity12,0.0,2018-03
2202554,Caridade do Piauí,PI,2018,3,0.0,climatology_apa_intensity12,0.0,2018-03
2203271,Curral Novo do Piauí,PI,2018,3,0.0,climatology_apa_intensity12,0.0,2018-03
2204154,Francisco Macedo,PI,2018,3,0.0,climatology_apa_intensity12,0.0,2018-03
2204303,Fronteiras,PI,2018,3,0.0,climatology_apa_intensity12,0.0,2018-03
2205953,Marcolândia,PI,2018,3,0.0,climatology_apa_intensity12,0.0,2018-03
2207207,Padre Marcos,PI,2018,3,0.0,climatology_apa_intensity12,0.0,2018-03
2210300,São Julião,PI,2018,3,0.0,climatology_apa_intensity12,0.0,2018-03
2210706,Simões,PI,2018,3,0.0,climatology_apa_intensity12,0.0,2018-03
2300101,Abaiara,CE,2018,3,0.0,climatology_apa_intensity12,0.0,2018-03
2300606,Altaneira,CE,2018,3,0.0,climatology_apa_intensity12,0.0,2018-03
2301307,Araripe,CE,2018,3,0.0,climatology_apa_intensity12,0.0,2018-03
2301604,Assaré,CE,2018,3,0.0,climatology_apa_intensity12,0.0,2018-03
2301901,Barbalha,CE,2018,3,0.0,climatology_apa_intensity12,0.0,2018-03
2302503,Brejo Santo,CE,2018,3,0.0,climatology_apa_intensity12,0.0,2018-03
2302701,Campos Sales,CE,2018,3,0.0,climatology_apa_intensity12,0.0,2018-03
2304202,Crato,CE,2018,3,0.0,climatology_apa_intensity12,0.11844938980617373,2018-03
2304301,Farias Brito,CE,2018,3,0.0,climatology_apa_intensity12,0.059224694903086864,2018-03
2307106,Jardim,CE,2018,3,0.0,climatology_apa_intensity12,0.059224694903086864,2018-03
2307205,Jati,CE,2018,3,0.0,climatology_apa_intensity12,0.0,2018-03
2308401,Missão Velha,CE,2018,3,0.0,climatology_apa_intensity12,0.23689877961234745,2018-03
2309201,Nova Olinda,CE,2018,3,0.0,climatology_apa_intensity12,0.0,2018-03
2310605,Penaforte,CE,2018,3,0.0,climatology_apa_intensity12,0.0,2018-03
2311108,Porteiras,CE,2018,3,0.0,climatology_apa_intensity12,0.0,2018-03
2311207,Potengi,CE,2018,3,0.0,climatology_apa_intensity12,0.0,2018-03
2311959,Salitre,CE,2018,3,0.0,climatology_apa_intensity12,0.059224694903086864,2018-03
2312106,Santana do Cariri,CE,2018,3,0.0,climatology_apa_intensity12,0.0,2018-03
2601102,Araripina,PE,2018,3,0.0,climatology_apa_intensity12,0.059224694903086864,2018-03
2602001,Bodocó,PE,2018,3,0.0,climatology_apa_intensity12,0.29612347451543436,2018-03
2604304,Cedro,PE,2018,3,0.0,climatology_apa_intensity12,0.0,2018-03
2605301,Exu,PE,2018,3,0.0,climatology_apa_intensity12,0.0,2018-03
2607307,Ipubi,PE,2018,3,0.0,climatology_apa_intensity12,0.059224694903086864,2018-03
2614006,Serrita,PE,2018,3,0.0,climatology_apa_intensity12,0.0,2018-03
2614303,Moreilândia,PE,2018,3,0.0,climatology_apa_intensity12,0.0,2018-03
2615607,Trindade,PE,2018,3,0.0,climatology_apa_intensity12,0.0,2018-03
2200277,Alegrete do Piauí,PI,2018,4,0.0,climatology_municipal,0.0,2018-04
2202091,Caldeirão Grande do Piauí,PI,2018,4,0.0,climatology_municipal,0.0,2018-04
2202554,Caridade do Piauí,PI,2018,4,0.0,climatology_municipal,0.0,2018-04
2203271,Curral Novo do Piauí,PI,2018,4,0.0,climatology_municipal,0.0,2018-04
2204154,Francisco Macedo,PI,2018,4,0.0,climatology_municipal,0.0,2018-04
2204303,Fronteiras,PI,2018,4,0.0,climatology_municipal,0.0,2018-04
2205953,Marcolândia,PI,2018,4,0.0,climatology_municipal,0.0,2018-04
2207207,Padre Marcos,PI,2018,4,0.0,climatology_municipal,0.0,2018-04
2210300,São Julião,PI,2018,4,0.0,climatology_municipal,0.0,2018-04
2210706,Simões,PI,2018,4,0.0,climatology_municipal,0.0,2018-04
2300101,Abaiara,CE,2018,4,0.0,climatology_municipal,0.0,2018-04
2300606,Altaneira,CE,2018,4,0.0,climatology_municipal,0.0,2018-04
2301307,Araripe,CE,2018,4,0.0,climatology_municipal,0.0,2018-04
2301604,Assaré,CE,2018,4,0.0,climatology_municipal,0.0,2018-04
2301901,Barbalha,CE,2018,4,0.0,climatology_municipal,0.0,2018-04
2302503,Brejo Santo,CE,2018,4,0.0,climatology_municipal,0.0,2018-04
2302701,Campos Sales,CE,2018,4,0.0,climatology_municipal,0.0,2018-04
2304202,Crato,CE,2018,4,0.0,climatology_municipal,0.0,2018-04
2304301,Farias Brito,CE,2018,4,0.0,climatology_municipal,0.0,2018-04
2307106,Jardim,CE,2018,4,0.0,climatology_municipal,0.0,2018-04
2307205,Jati,CE,2018,4,0.0,climatology_municipal,0.0,2018-04
2308401,Missão Velha,CE,2018,4,0.0,climatology_municipal,0.2857142857142857,2018-04
2309201,Nova Olinda,CE,2018,4,0.0,climatology_municipal,0.0,2018-04
2310605,Penaforte,CE,2018,4,0.0,climatology_municipal,0.0,2018-04
2311108,Porteiras,CE,2018,4,0.0,climatology_municipal,0.0,2018-04
2311207,Potengi,CE,2018,4,0.0,climatology_municipal,0.0,2018-04
2311959,Salitre,CE,2018,4,0.0,climatology_municipal,0.07142857142857142,2018-04
2312106,Santana do Cariri,CE,2018,4,0.0,climatology_municipal,0.0,2018-04
2601102,Araripina,PE,2018,4,0.0,climatology_municipal,0.07142857142857142,2018-04
2602001,Bodocó,PE,2018,4,1.0,climatology_municipal,0.07142857142857142,2018-04
2604304,Cedro,PE,2018,4,0.0,climatology_municipal,0.0,2018-04
2605301,Exu,PE,2018,4,0.0,climatology_municipal,0.07142857142857142,2018-04
2607307,Ipubi,PE,2018,4,0.0,climatology_municipal,0.07142857142857142,2018-04
2614006,Serrita,PE,2018,4,0.0,climatology_municipal,0.07142857142857142,2018-04
2614303,Moreilândia,PE,2018,4,0.0,climatology_municipal,0.0,2018-04
2615607,Trindade,PE,2018,4,0.0,climatology_municipal,0.0,2018-04
2200277,Alegrete do Piauí,PI,2018,4,0.0,climatology_apa_intensity12,0.0,2018-04
2202091,Caldeirão Grande do Piauí,PI,2018,4,0.0,climatology_apa_intensity12,0.0,2018-04
2202554,Caridade do Piauí,PI,2018,4,0.0,climatology_apa_intensity12,0.0,2018-04
2203271,Curral Novo do Piauí,PI,2018,4,0.0,climatology_apa_intensity12,0.0,2018-04
2204154,Francisco Macedo,PI,2018,4,0.0,climatology_apa_intensity12,0.0,2018-04
2204303,Fronteiras,PI,2018,4,0.0,climatology_apa_intensity12,0.0,2018-04
2205953,Marcolândia,PI,2018,4,0.0,climatology_apa_intensity12,0.0,2018-04
2207207,Padre Marcos,PI,2018,4,0.0,climatology_apa_intensity12,0.0,2018-04
2210300,São Julião,PI,2018,4,0.0,climatology_apa_intensity12,0.0,2018-04
2210706,Simões,PI,2018,4,0.0,climatology_apa_intensity12,0.0,2018-04
2300101,Abaiara,CE,2018,4,0.0,climatology_apa_intensity12,0.0,2018-04
2300606,Altaneira,CE,2018,4,0.0,climatology_apa_intensity12,0.0,2018-04
2301307,Araripe,CE,2018,4,0.0,climatology_apa_intensity12,0.0,2018-04
2301604,Assaré,CE,2018,4,0.0,climatology_apa_intensity12,0.0,2018-04
2301901,Barbalha,CE,2018,4,0.0,climatology_apa_intensity12,0.0,2018-04
2302503,Brejo Santo,CE,2018,4,0.0,climatology_apa_intensity12,0.0,2018-04
2302701,Campos Sales,CE,2018,4,0.0,climatology_apa_intensity12,0.0,2018-04
2304202,Crato,CE,2018,4,0.0,climatology_apa_intensity12,0.0,2018-04
2304301,Farias Brito,CE,2018,4,0.0,climatology_apa_intensity12,0.0,2018-04
2307106,Jardim,CE,2018,4,0.0,climatology_apa_intensity12,0.0,2018-04
2307205,Jati,CE,2018,4,0.0,climatology_apa_intensity12,0.0,2018-04
2308401,Missão Velha,CE,2018,4,0.0,climatology_apa_intensity12,0.23692184134632935,2018-04
2309201,Nova Olinda,CE,2018,4,0.0,climatology_apa_intensity12,0.0,2018-04
2310605,Penaforte,CE,2018,4,0.0,climatology_apa_intensity12,0.0,2018-04
2311108,Porteiras,CE,2018,4,0.0,climatology_apa_intensity12,0.0,2018-04
2311207,Potengi,CE,2018,4,0.0,climatology_apa_intensity12,0.0,2018-04
2311959,Salitre,CE,2018,4,0.0,climatology_apa_intensity12,0.05923046033658234,2018-04
2312106,Santana do Cariri,CE,2018,4,0.0,climatology_apa_intensity12,0.0,2018-04
2601102,Araripina,PE,2018,4,0.0,climatology_apa_intensity12,0.05923046033658234,2018-04
2602001,Bodocó,PE,2018,4,1.0,climatology_apa_intensity12,0.05923046033658234,2018-04
2604304,Cedro,PE,2018,4,0.0,climatology_apa_intensity12,0.0,2018-04
2605301,Exu,PE,2018,4,0.0,climatology_apa_intensity12,0.05923046033658234,2018-04
2607307,Ipubi,PE,2018,4,0.0,climatology_apa_intensity12,0.05923046033658234,2018-04
2614006,Serrita,PE,2018,4,0.0,climatology_apa_intensity12,0.05923046033658234,2018-04
2614303,Moreilândia,PE,2018,4,0.0,climatology_apa_intensity12,0.0,2018-04
2615607,Trindade,PE,2018,4,0.0,climatology_apa_intensity12,0.0,2018-04
2200277,Alegrete do Piauí,PI,2018,5,0.0,climatology_municipal,0.0,2018-05
2202091,Caldeirão Grande do Piauí,PI,2018,5,0.0,climatology_municipal,0.0,2018-05
2202554,Caridade do Piauí,PI,2018,5,0.0,climatology_municipal,0.0,2018-05
2203271,Curral Novo do Piauí,PI,2018,5,0.0,climatology_municipal,0.0,2018-05
2204154,Francisco Macedo,PI,2018,5,0.0,climatology_municipal,0.0,2018-05
2204303,Fronteiras,PI,2018,5,0.0,climatology_municipal,0.0,2018-05
2205953,Marcolândia,PI,2018,5,0.0,climatology_municipal,0.0,2018-05
2207207,Padre Marcos,PI,2018,5,0.0,climatology_municipal,0.0,2018-05
2210300,São Julião,PI,2018,5,0.0,climatology_municipal,0.0,2018-05
2210706,Simões,PI,2018,5,0.0,climatology_municipal,0.0,2018-05
2300101,Abaiara,CE,2018,5,0.0,climatology_municipal,0.0,2018-05
2300606,Altaneira,CE,2018,5,0.0,climatology_municipal,0.0,2018-05
2301307,Araripe,CE,2018,5,0.0,climatology_municipal,0.0,2018-05
2301604,Assaré,CE,2018,5,0.0,climatology_municipal,0.0,2018-05
2301901,Barbalha,CE,2018,5,0.0,climatology_municipal,0.0,2018-05
2302503,Brejo Santo,CE,2018,5,0.0,climatology_municipal,0.07142857142857142,2018-05
2302701,Campos Sales,CE,2018,5,0.0,climatology_municipal,0.0,2018-05
2304202,Crato,CE,2018,5,0.0,climatology_municipal,0.07142857142857142,2018-05
2304301,Farias Brito,CE,2018,5,0.0,climatology_municipal,0.0,2018-05
2307106,Jardim,CE,2018,5,0.0,climatology_municipal,0.0,2018-05
2307205,Jati,CE,2018,5,0.0,climatology_municipal,0.0,2018-05
2308401,Missão Velha,CE,2018,5,0.0,climatology_municipal,0.0,2018-05
2309201,Nova Olinda,CE,2018,5,0.0,climatology_municipal,0.21428571428571427,2018-05
2310605,Penaforte,CE,2018,5,0.0,climatology_municipal,0.0,2018-05
2311108,Porteiras,CE,2018,5,0.0,climatology_municipal,0.07142857142857142,2018-05
2311207,Potengi,CE,2018,5,0.0,climatology_municipal,0.07142857142857142,2018-05
2311959,Salitre,CE,2018,5,0.0,climatology_municipal,0.07142857142857142,2018-05
2312106,Santana do Cariri,CE,2018,5,0.0,climatology_municipal,0.0,2018-05
2601102,Araripina,PE,2018,5,0.0,climatology_municipal,0.07142857142857142,2018-05
2602001,Bodocó,PE,2018,5,0.0,climatology_municipal,0.0,2018-05
2604304,Cedro,PE,2018,5,0.0,climatology_municipal,0.0,2018-05
2605301,Exu,PE,2018,5,0.0,climatology_municipal,0.14285714285714285,2018-05
2607307,Ipubi,PE,2018,5,1.0,climatology_municipal,0.0,2018-05
2614006,Serrita,PE,2018,5,0.0,climatology_municipal,0.0,2018-05
2614303,Moreilândia,PE,2018,5,0.0,climatology_municipal,0.0,2018-05
2615607,Trindade,PE,2018,5,0.0,climatology_municipal,0.0,2018-05
2200277,Alegrete do Piauí,PI,2018,5,0.0,climatology_apa_intensity12,0.0,2018-05
2202091,Caldeirão Grande do Piauí,PI,2018,5,0.0,climatology_apa_intensity12,0.0,2018-05
2202554,Caridade do Piauí,PI,2018,5,0.0,climatology_apa_intensity12,0.0,2018-05
2203271,Curral Novo do Piauí,PI,2018,5,0.0,climatology_apa_intensity12,0.0,2018-05
2204154,Francisco Macedo,PI,2018,5,0.0,climatology_apa_intensity12,0.0,2018-05
2204303,Fronteiras,PI,2018,5,0.0,climatology_apa_intensity12,0.0,2018-05
2205953,Marcolândia,PI,2018,5,0.0,climatology_apa_intensity12,0.0,2018-05
2207207,Padre Marcos,PI,2018,5,0.0,climatology_apa_intensity12,0.0,2018-05
2210300,São Julião,PI,2018,5,0.0,climatology_apa_intensity12,0.0,2018-05
2210706,Simões,PI,2018,5,0.0,climatology_apa_intensity12,0.0,2018-05
2300101,Abaiara,CE,2018,5,0.0,climatology_apa_intensity12,0.0,2018-05
2300606,Altaneira,CE,2018,5,0.0,climatology_apa_intensity12,0.0,2018-05
2301307,Araripe,CE,2018,5,0.0,climatology_apa_intensity12,0.0,2018-05
2301604,Assaré,CE,2018,5,0.0,climatology_apa_intensity12,0.0,2018-05
2301901,Barbalha,CE,2018,5,0.0,climatology_apa_intensity12,0.0,2018-05
2302503,Brejo Santo,CE,2018,5,0.0,climatology_apa_intensity12,0.05913775690244703,2018-05
2302701,Campos Sales,CE,2018,5,0.0,climatology_apa_intensity12,0.0,2018-05
2304202,Crato,CE,2018,5,0.0,climatology_apa_intensity12,0.05913775690244703,2018-05
2304301,Farias Brito,CE,2018,5,0.0,climatology_apa_intensity12,0.0,2018-05
2307106,Jardim,CE,2018,5,0.0,climatology_apa_intensity12,0.0,2018-05
2307205,Jati,CE,2018,5,0.0,climatology_apa_intensity12,0.0,2018-05
2308401,Missão Velha,CE,2018,5,0.0,climatology_apa_intensity12,0.0,2018-05
2309201,Nova Olinda,CE,2018,5,0.0,climatology_apa_intensity12,0.17741327070734111,2018-05
2310605,Penaforte,CE,2018,5,0.0,climatology_apa_intensity12,0.0,2018-05
2311108,Porteiras,CE,2018,5,0.0,climatology_apa_intensity12,0.05913775690244703,2018-05
2311207,Potengi,CE,2018,5,0.0,climatology_apa_intensity12,0.05913775690244703,2018-05
2311959,Salitre,CE,2018,5,0.0,climatology_apa_intensity12,0.05913775690244703,2018-05
2312106,Santana do Cariri,CE,2018,5,0.0,climatology_apa_intensity12,0.0,2018-05
2601102,Araripina,PE,2018,5,0.0,climatology_apa_intensity12,0.05913775690244703,2018-05
2602001,Bodocó,PE,2018,5,0.0,climatology_apa_intensity12,0.0,2018-05
2604304,Cedro,PE,2018,5,0.0,climatology_apa_intensity12,0.0,2018-05
2605301,Exu,PE,2018,5,0.0,climatology_apa_intensity12,0.11827551380489407,2018-05
2607307,Ipubi,PE,2018,5,1.0,climatology_apa_intensity12,0.0,2018-05
2614006,Serrita,PE,2018,5,0.0,climatology_apa_intensity12,0.0,2018-05
2614303,Moreilândia,PE,2018,5,0.0,climatology_apa_intensity12,0.0,2018-05
2615607,Trindade,PE,2018,5,0.0,climatology_apa_intensity12,0.0,2018-05
2200277,Alegrete do Piauí,PI,2018,6,0.0,climatology_municipal,0.0,2018-06
2202091,Caldeirão Grande do Piauí,PI,2018,6,0.0,climatology_municipal,0.14285714285714285,2018-06
2202554,Caridade do Piauí,PI,2018,6,0.0,climatology_municipal,0.0,2018-06
2203271,Curral Novo do Piauí,PI,2018,6,0.0,climatology_municipal,0.0,2018-06
2204154,Francisco Macedo,PI,2018,6,0.0,climatology_municipal,0.0,2018-06
2204303,Fronteiras,PI,2018,6,0.0,climatology_municipal,0.0,2018-06
2205953,Marcolândia,PI,2018,6,0.0,climatology_municipal,0.0,2018-06
2207207,Padre Marcos,PI,2018,6,0.0,climatology_municipal,0.0,2018-06
2210300,São Julião,PI,2018,6,0.0,climatology_municipal,0.0,2018-06
2210706,Simões,PI,2018,6,0.0,climatology_municipal,0.07142857142857142,2018-06
2300101,Abaiara,CE,2018,6,0.0,climatology_municipal,0.0,2018-06
2300606,Altaneira,CE,2018,6,0.0,climatology_municipal,0.0,2018-06
2301307,Araripe,CE,2018,6,0.0,climatology_municipal,0.07142857142857142,2018-06
2301604,Assaré,CE,2018,6,0.0,climatology_municipal,0.0,2018-06
2301901,Barbalha,CE,2018,6,0.0,climatology_municipal,0.0,2018-06
2302503,Brejo Santo,CE,2018,6,0.0,climatology_municipal,0.0,2018-06
2302701,Campos Sales,CE,2018,6,0.0,climatology_municipal,0.0,2018-06
2304202,Crato,CE,2018,6,0.0,climatology_municipal,0.07142857142857142,2018-06
2304301,Farias Brito,CE,2018,6,0.0,climatology_municipal,0.0,2018-06
2307106,Jardim,CE,2018,6,0.0,climatology_municipal,0.0,2018-06
2307205,Jati,CE,2018,6,0.0,climatology_municipal,0.0,2018-06
2308401,Missão Velha,CE,2018,6,0.0,climatology_municipal,0.14285714285714285,2018-06
2309201,Nova Olinda,CE,2018,6,0.0,climatology_municipal,0.0,2018-06
2310605,Penaforte,CE,2018,6,0.0,climatology_municipal,0.0,2018-06
2311108,Porteiras,CE,2018,6,0.0,climatology_municipal,0.07142857142857142,2018-06
2311207,Potengi,CE,2018,6,0.0,climatology_municipal,0.0,2018-06
2311959,Salitre,CE,2018,6,0.0,climatology_municipal,0.14285714285714285,2018-06
2312106,Santana do Cariri,CE,2018,6,0.0,climatology_municipal,0.0,2018-06
2601102,Araripina,PE,2018,6,3.0,climatology_municipal,0.35714285714285715,2018-06
2602001,Bodocó,PE,2018,6,0.0,climatology_municipal,0.0,2018-06
2604304,Cedro,PE,2018,6,0.0,climatology_municipal,0.0,2018-06
2605301,Exu,PE,2018,6,0.0,climatology_municipal,0.07142857142857142,2018-06
2607307,Ipubi,PE,2018,6,0.0,climatology_municipal,0.0,2018-06
2614006,Serrita,PE,2018,6,0.0,climatology_municipal,0.0,2018-06
2614303,Moreilândia,PE,2018,6,0.0,climatology_municipal,0.0,2018-06
2615607,Trindade,PE,2018,6,0.0,climatology_municipal,0.0,2018-06
2200277,Alegrete do Piauí,PI,2018,6,0.0,climatology_apa_intensity12,0.0,2018-06
2202091,Caldeirão Grande do Piauí,PI,2018,6,0.0,climatology_apa_intensity12,0.11845587564262464,2018-06
2202554,Caridade do Piauí,PI,2018,6,0.0,climatology_apa_intensity12,0.0,2018-06
2203271,Curral Novo do Piauí,PI,2018,6,0.0,climatology_apa_intensity12,0.0,2018-06
2204154,Francisco Macedo,PI,2018,6,0.0,climatology_apa_intensity12,0.0,2018-06
2204303,Fronteiras,PI,2018,6,0.0,climatology_apa_intensity12,0.0,2018-06
2205953,Marcolândia,PI,2018,6,0.0,climatology_apa_intensity12,0.0,2018-06
2207207,Padre Marcos,PI,2018,6,0.0,climatology_apa_intensity12,0.0,2018-06
2210300,São Julião,PI,2018,6,0.0,climatology_apa_intensity12,0.0,2018-06
2210706,Simões,PI,2018,6,0.0,climatology_apa_intensity12,0.05922793782131232,2018-06
2300101,Abaiara,CE,2018,6,0.0,climatology_apa_intensity12,0.0,2018-06
2300606,Altaneira,CE,2018,6,0.0,climatology_apa_intensity12,0.0,2018-06
2301307,Araripe,CE,2018,6,0.0,climatology_apa_intensity12,0.05922793782131232,2018-06
2301604,Assaré,CE,2018,6,0.0,climatology_apa_intensity12,0.0,2018-06
2301901,Barbalha,CE,2018,6,0.0,climatology_apa_intensity12,0.0,2018-06
2302503,Brejo Santo,CE,2018,6,0.0,climatology_apa_intensity12,0.0,2018-06
2302701,Campos Sales,CE,2018,6,0.0,climatology_apa_intensity12,0.0,2018-06
2304202,Crato,CE,2018,6,0.0,climatology_apa_intensity12,0.05922793782131232,2018-06
2304301,Farias Brito,CE,2018,6,0.0,climatology_apa_intensity12,0.0,2018-06
2307106,Jardim,CE,2018,6,0.0,climatology_apa_intensity12,0.0,2018-06
2307205,Jati,CE,2018,6,0.0,climatology_apa_intensity12,0.0,2018-06
2308401,Missão Velha,CE,2018,6,0.0,climatology_apa_intensity12,0.11845587564262464,2018-06
2309201,Nova Olinda,CE,2018,6,0.0,climatology_apa_intensity12,0.0,2018-06
2310605,Penaforte,CE,2018,6,0.0,climatology_apa_intensity12,0.0,2018-06
2311108,Porteiras,CE,2018,6,0.0,climatology_apa_intensity12,0.05922793782131232,2018-06
2311207,Potengi,CE,2018,6,0.0,climatology_apa_intensity12,0.0,2018-06
2311959,Salitre,CE,2018,6,0.0,climatology_apa_intensity12,0.11845587564262464,2018-06
2312106,Santana do Cariri,CE,2018,6,0.0,climatology_apa_intensity12,0.0,2018-06
2601102,Araripina,PE,2018,6,3.0,climatology_apa_intensity12,0.29613968910656163,2018-06
2602001,Bodocó,PE,2018,6,0.0,climatology_apa_intensity12,0.0,2018-06
2604304,Cedro,PE,2018,6,0.0,climatology_apa_intensity12,0.0,2018-06
2605301,Exu,PE,2018,6,0.0,climatology_apa_intensity12,0.05922793782131232,2018-06
2607307,Ipubi,PE,2018,6,0.0,climatology_apa_intensity12,0.0,2018-06
2614006,Serrita,PE,2018,6,0.0,climatology_apa_intensity12,0.0,2018-06
2614303,Moreilândia,PE,2018,6,0.0,climatology_apa_intensity12,0.0,2018-06
2615607,Trindade,PE,2018,6,0.0,climatology_apa_intensity12,0.0,2018-06
2200277,Alegrete do Piauí,PI,2018,7,0.0,climatology_municipal,0.0,2018-07
2202091,Caldeirão Grande do Piauí,PI,2018,7,0.0,climatology_municipal,0.0,2018-07
2202554,Caridade do Piauí,PI,2018,7,0.0,climatology_municipal,0.0,2018-07
2203271,Curral Novo do Piauí,PI,2018,7,0.0,climatology_municipal,0.07142857142857142,2018-07
2204154,Francisco Macedo,PI,2018,7,0.0,climatology_municipal,0.0,2018-07
2204303,Fronteiras,PI,2018,7,0.0,climatology_municipal,0.0,2018-07
2205953,Marcolândia,PI,2018,7,0.0,climatology_municipal,0.0,2018-07
2207207,Padre Marcos,PI,2018,7,0.0,climatology_municipal,0.0,2018-07
2210300,São Julião,PI,2018,7,0.0,climatology_municipal,0.0,2018-07
2210706,Simões,PI,2018,7,0.0,climatology_municipal,0.0,2018-07
2300101,Abaiara,CE,2018,7,1.0,climatology_municipal,0.14285714285714285,2018-07
2300606,Altaneira,CE,2018,7,0.0,climatology_municipal,0.0,2018-07
2301307,Araripe,CE,2018,7,0.0,climatology_municipal,0.35714285714285715,2018-07
2301604,Assaré,CE,2018,7,0.0,climatology_municipal,0.07142857142857142,2018-07
2301901,Barbalha,CE,2018,7,0.0,climatology_municipal,0.07142857142857142,2018-07
2302503,Brejo Santo,CE,2018,7,0.0,climatology_municipal,0.21428571428571427,2018-07
2302701,Campos Sales,CE,2018,7,0.0,climatology_municipal,0.0,2018-07
2304202,Crato,CE,2018,7,0.0,climatology_municipal,0.0,2018-07
2304301,Farias Brito,CE,2018,7,0.0,climatology_municipal,0.2857142857142857,2018-07
2307106,Jardim,CE,2018,7,0.0,climatology_municipal,0.0,2018-07
2307205,Jati,CE,2018,7,0.0,climatology_municipal,0.0,2018-07
2308401,Missão Velha,CE,2018,7,0.0,climatology_municipal,0.14285714285714285,2018-07
2309201,Nova Olinda,CE,2018,7,0.0,climatology_municipal,0.5,2018-07
2310605,Penaforte,CE,2018,7,0.0,climatology_municipal,0.0,2018-07
2311108,Porteiras,CE,2018,7,0.0,climatology_municipal,0.21428571428571427,2018-07
2311207,Potengi,CE,2018,7,0.0,climatology_municipal,0.14285714285714285,2018-07
2311959,Salitre,CE,2018,7,0.0,climatology_municipal,0.0,2018-07
2312106,Santana do Cariri,CE,2018,7,0.0,climatology_municipal,0.2857142857142857,2018-07
2601102,Araripina,PE,2018,7,0.0,climatology_municipal,1.0,2018-07
2602001,Bodocó,PE,2018,7,0.0,climatology_municipal,0.21428571428571427,2018-07
2604304,Cedro,PE,2018,7,0.0,climatology_municipal,0.0,2018-07
2605301,Exu,PE,2018,7,0.0,climatology_municipal,0.07142857142857142,2018-07
2607307,Ipubi,PE,2018,7,0.0,climatology_municipal,0.14285714285714285,2018-07
2614006,Serrita,PE,2018,7,0.0,climatology_municipal,0.0,2018-07
2614303,Moreilândia,PE,2018,7,0.0,climatology_municipal,0.14285714285714285,2018-07
2615607,Trindade,PE,2018,7,0.0,climatology_municipal,0.0,2018-07
2200277,Alegrete do Piauí,PI,2018,7,0.0,climatology_apa_intensity12,0.0,2018-07
2202091,Caldeirão Grande do Piauí,PI,2018,7,0.0,climatology_apa_intensity12,0.0,2018-07
2202554,Caridade do Piauí,PI,2018,7,0.0,climatology_apa_intensity12,0.0,2018-07
2203271,Curral Novo do Piauí,PI,2018,7,0.0,climatology_apa_intensity12,0.059309816230815555,2018-07
2204154,Francisco Macedo,PI,2018,7,0.0,climatology_apa_intensity12,0.0,2018-07
2204303,Fronteiras,PI,2018,7,0.0,climatology_apa_intensity12,0.0,2018-07
2205953,Marcolândia,PI,2018,7,0.0,climatology_apa_intensity12,0.0,2018-07
2207207,Padre Marcos,PI,2018,7,0.0,climatology_apa_intensity12,0.0,2018-07
2210300,São Julião,PI,2018,7,0.0,climatology_apa_intensity12,0.0,2018-07
2210706,Simões,PI,2018,7,0.0,climatology_apa_intensity12,0.0,2018-07
2300101,Abaiara,CE,2018,7,1.0,climatology_apa_intensity12,0.11861963246163111,2018-07
2300606,Altaneira,CE,2018,7,0.0,climatology_apa_intensity12,0.0,2018-07
2301307,Araripe,CE,2018,7,0.0,climatology_apa_intensity12,0.2965490811540778,2018-07
2301604,Assaré,CE,2018,7,0.0,climatology_apa_intensity12,0.059309816230815555,2018-07
2301901,Barbalha,CE,2018,7,0.0,climatology_apa_intensity12,0.059309816230815555,2018-07
2302503,Brejo Santo,CE,2018,7,0.0,climatology_apa_intensity12,0.17792944869244667,2018-07
2302701,Campos Sales,CE,2018,7,0.0,climatology_apa_intensity12,0.0,2018-07
2304202,Crato,CE,2018,7,0.0,climatology_apa_intensity12,0.0,2018-07
2304301,Farias Brito,CE,2018,7,0.0,climatology_apa_intensity12,0.23723926492326222,2018-07
2307106,Jardim,CE,2018,7,0.0,climatology_apa_intensity12,0.0,2018-07
2307205,Jati,CE,2018,7,0.0,climatology_apa_intensity12,0.0,2018-07
2308401,Missão Velha,CE,2018,7,0.0,climatology_apa_intensity12,0.11861963246163111,2018-07
2309201,Nova Olinda,CE,2018,7,0.0,climatology_apa_intensity12,0.4151687136157089,2018-07
2310605,Penaforte,CE,2018,7,0.0,climatology_apa_intensity12,0.0,2018-07
2311108,Porteiras,CE,2018,7,0.0,climatology_apa_intensity12,0.17792944869244667,2018-07
2311207,Potengi,CE,2018,7,0.0,climatology_apa_intensity12,0.11861963246163111,2018-07
2311959,Salitre,CE,2018,7,0.0,climatology_apa_intensity12,0.0,2018-07
2312106,Santana do Cariri,CE,2018,7,0.0,climatology_apa_intensity12,0.23723926492326222,2018-07
2601102,Araripina,PE,2018,7,0.0,climatology_apa_intensity12,0.8303374272314178,2018-07
2602001,Bodocó,PE,2018,7,0.0,climatology_apa_intensity12,0.17792944869244667,2018-07
2604304,Cedro,PE,2018,7,0.0,climatology_apa_intensity12,0.0,2018-07
2605301,Exu,PE,2018,7,0.0,climatology_apa_intensity12,0.059309816230815555,2018-07
2607307,Ipubi,PE,2018,7,0.0,climatology_apa_intensity12,0.11861963246163111,2018-07
2614006,Serrita,PE,2018,7,0.0,climatology_apa_intensity12,0.0,2018-07
2614303,Moreilândia,PE,2018,7,0.0,climatology_apa_intensity12,0.11861963246163111,2018-07
2615607,Trindade,PE,2018,7,0.0,climatology_apa_intensity12,0.0,2018-07
2200277,Alegrete do Piauí,PI,2018,8,0.0,climatology_municipal,0.07142857142857142,2018-08
2202091,Caldeirão Grande do Piauí,PI,2018,8,0.0,climatology_municipal,0.14285714285714285,2018-08
2202554,Caridade do Piauí,PI,2018,8,0.0,climatology_municipal,0.0,2018-08
2203271,Curral Novo do Piauí,PI,2018,8,0.0,climatology_municipal,0.0,2018-08
2204154,Francisco Macedo,PI,2018,8,0.0,climatology_municipal,0.0,2018-08
2204303,Fronteiras,PI,2018,8,0.0,climatology_municipal,0.14285714285714285,2018-08
2205953,Marcolândia,PI,2018,8,0.0,climatology_municipal,0.14285714285714285,2018-08
2207207,Padre Marcos,PI,2018,8,0.0,climatology_municipal,0.0,2018-08
2210300,São Julião,PI,2018,8,0.0,climatology_municipal,0.0,2018-08
2210706,Simões,PI,2018,8,0.0,climatology_municipal,0.21428571428571427,2018-08
2300101,Abaiara,CE,2018,8,0.0,climatology_municipal,0.21428571428571427,2018-08
2300606,Altaneira,CE,2018,8,0.0,climatology_municipal,0.0,2018-08
2301307,Araripe,CE,2018,8,0.0,climatology_municipal,1.0714285714285714,2018-08
2301604,Assaré,CE,2018,8,1.0,climatology_municipal,0.9285714285714286,2018-08
2301901,Barbalha,CE,2018,8,1.0,climatology_municipal,1.0714285714285714,2018-08
2302503,Brejo Santo,CE,2018,8,0.0,climatology_municipal,0.21428571428571427,2018-08
2302701,Campos Sales,CE,2018,8,0.0,climatology_municipal,0.21428571428571427,2018-08
2304202,Crato,CE,2018,8,1.0,climatology_municipal,1.6428571428571428,2018-08
2304301,Farias Brito,CE,2018,8,1.0,climatology_municipal,0.14285714285714285,2018-08
2307106,Jardim,CE,2018,8,0.0,climatology_municipal,0.14285714285714285,2018-08
2307205,Jati,CE,2018,8,0.0,climatology_municipal,0.0,2018-08
2308401,Missão Velha,CE,2018,8,0.0,climatology_municipal,0.5,2018-08
2309201,Nova Olinda,CE,2018,8,1.0,climatology_municipal,0.21428571428571427,2018-08
2310605,Penaforte,CE,2018,8,0.0,climatology_municipal,0.0,2018-08
2311108,Porteiras,CE,2018,8,0.0,climatology_municipal,0.0,2018-08
2311207,Potengi,CE,2018,8,0.0,climatology_municipal,0.0,2018-08
2311959,Salitre,CE,2018,8,0.0,climatology_municipal,0.21428571428571427,2018-08
2312106,Santana do Cariri,CE,2018,8,0.0,climatology_municipal,0.7142857142857143,2018-08
2601102,Araripina,PE,2018,8,6.0,climatology_municipal,1.2142857142857142,2018-08
2602001,Bodocó,PE,2018,8,0.0,climatology_municipal,0.2857142857142857,2018-08
2604304,Cedro,PE,2018,8,0.0,climatology_municipal,0.0,2018-08
2605301,Exu,PE,2018,8,0.0,climatology_municipal,0.5714285714285714,2018-08
2607307,Ipubi,PE,2018,8,2.0,climatology_municipal,0.7142857142857143,2018-08
2614006,Serrita,PE,2018,8,0.0,climatology_municipal,0.2857142857142857,2018-08
2614303,Moreilândia,PE,2018,8,0.0,climatology_municipal,0.0,2018-08
2615607,Trindade,PE,2018,8,0.0,climatology_municipal,0.2857142857142857,2018-08
2200277,Alegrete do Piauí,PI,2018,8,0.0,climatology_apa_intensity12,0.05932533404726555,2018-08
2202091,Caldeirão Grande do Piauí,PI,2018,8,0.0,climatology_apa_intensity12,0.1186506680945311,2018-08
2202554,Caridade do Piauí,PI,2018,8,0.0,climatology_apa_intensity12,0.0,2018-08
2203271,Curral Novo do Piauí,PI,2018,8,0.0,climatology_apa_intensity12,0.0,2018-08
2204154,Francisco Macedo,PI,2018,8,0.0,climatology_apa_intensity12,0.0,2018-08
2204303,Fronteiras,PI,2018,8,0.0,climatology_apa_intensity12,0.1186506680945311,2018-08
2205953,Marcolândia,PI,2018,8,0.0,climatology_apa_intensity12,0.1186506680945311,2018-08
2207207,Padre Marcos,PI,2018,8,0.0,climatology_apa_intensity12,0.0,2018-08
2210300,São Julião,PI,2018,8,0.0,climatology_apa_intensity12,0.0,2018-08
2210706,Simões,PI,2018,8,0.0,climatology_apa_intensity12,0.17797600214179665,2018-08
2300101,Abaiara,CE,2018,8,0.0,climatology_apa_intensity12,0.17797600214179665,2018-08
2300606,Altaneira,CE,2018,8,0.0,climatology_apa_intensity12,0.0,2018-08
2301307,Araripe,CE,2018,8,0.0,climatology_apa_intensity12,0.8898800107089833,2018-08
2301604,Assaré,CE,2018,8,1.0,climatology_apa_intensity12,0.7712293426144523,2018-08
2301901,Barbalha,CE,2018,8,1.0,climatology_apa_intensity12,0.8898800107089833,2018-08
2302503,Brejo Santo,CE,2018,8,0.0,climatology_apa_intensity12,0.17797600214179665,2018-08
2302701,Campos Sales,CE,2018,8,0.0,climatology_apa_intensity12,0.17797600214179665,2018-08
2304202,Crato,CE,2018,8,1.0,climatology_apa_intensity12,1.3644826830871077,2018-08
2304301,Farias Brito,CE,2018,8,1.0,climatology_apa_intensity12,0.1186506680945311,2018-08
2307106,Jardim,CE,2018,8,0.0,climatology_apa_intensity12,0.1186506680945311,2018-08
2307205,Jati,CE,2018,8,0.0,climatology_apa_intensity12,0.0,2018-08
2308401,Missão Velha,CE,2018,8,0.0,climatology_apa_intensity12,0.4152773383308589,2018-08
2309201,Nova Olinda,CE,2018,8,1.0,climatology_apa_intensity12,0.17797600214179665,2018-08
2310605,Penaforte,CE,2018,8,0.0,climatology_apa_intensity12,0.0,2018-08
2311108,Porteiras,CE,2018,8,0.0,climatology_apa_intensity12,0.0,2018-08
2311207,Potengi,CE,2018,8,0.0,climatology_apa_intensity12,0.0,2018-08
2311959,Salitre,CE,2018,8,0.0,climatology_apa_intensity12,0.17797600214179665,2018-08
2312106,Santana do Cariri,CE,2018,8,0.0,climatology_apa_intensity12,0.5932533404726555,2018-08
2601102,Araripina,PE,2018,8,6.0,climatology_apa_intensity12,1.0085306788035144,2018-08
2602001,Bodocó,PE,2018,8,0.0,climatology_apa_intensity12,0.2373013361890622,2018-08
2604304,Cedro,PE,2018,8,0.0,climatology_apa_intensity12,0.0,2018-08
2605301,Exu,PE,2018,8,0.0,climatology_apa_intensity12,0.4746026723781244,2018-08
2607307,Ipubi,PE,2018,8,2.0,climatology_apa_intensity12,0.5932533404726555,2018-08
2614006,Serrita,PE,2018,8,0.0,climatology_apa_intensity12,0.2373013361890622,2018-08
2614303,Moreilândia,PE,2018,8,0.0,climatology_apa_intensity12,0.0,2018-08
2615607,Trindade,PE,2018,8,0.0,climatology_apa_intensity12,0.2373013361890622,2018-08
2200277,Alegrete do Piauí,PI,2018,9,0.0,climatology_municipal,0.5,2018-09
2202091,Caldeirão Grande do Piauí,PI,2018,9,5.0,climatology_municipal,1.6428571428571428,2018-09
2202554,Caridade do Piauí,PI,2018,9,0.0,climatology_municipal,2.0714285714285716,2018-09
2203271,Curral Novo do Piauí,PI,2018,9,0.0,climatology_municipal,2.142857142857143,2018-09
2204154,Francisco Macedo,PI,2018,9,0.0,climatology_municipal,0.21428571428571427,2018-09
2204303,Fronteiras,PI,2018,9,2.0,climatology_municipal,2.642857142857143,2018-09
2205953,Marcolândia,PI,2018,9,0.0,climatology_municipal,0.8571428571428571,2018-09
2207207,Padre Marcos,PI,2018,9,0.0,climatology_municipal,0.14285714285714285,2018-09
2210300,São Julião,PI,2018,9,0.0,climatology_municipal,1.6428571428571428,2018-09
2210706,Simões,PI,2018,9,0.0,climatology_municipal,1.5714285714285714,2018-09
2300101,Abaiara,CE,2018,9,0.0,climatology_municipal,0.35714285714285715,2018-09
2300606,Altaneira,CE,2018,9,2.0,climatology_municipal,0.0,2018-09
2301307,Araripe,CE,2018,9,8.0,climatology_municipal,6.785714285714286,2018-09
2301604,Assaré,CE,2018,9,0.0,climatology_municipal,1.2857142857142858,2018-09
2301901,Barbalha,CE,2018,9,5.0,climatology_municipal,2.5714285714285716,2018-09
2302503,Brejo Santo,CE,2018,9,3.0,climatology_municipal,1.0714285714285714,2018-09
2302701,Campos Sales,CE,2018,9,0.0,climatology_municipal,1.6428571428571428,2018-09
2304202,Crato,CE,2018,9,4.0,climatology_municipal,3.7142857142857144,2018-09
2304301,Farias Brito,CE,2018,9,0.0,climatology_municipal,1.5,2018-09
2307106,Jardim,CE,2018,9,0.0,climatology_municipal,1.7142857142857142,2018-09
2307205,Jati,CE,2018,9,2.0,climatology_municipal,0.5,2018-09
2308401,Missão Velha,CE,2018,9,2.0,climatology_municipal,2.7857142857142856,2018-09
2309201,Nova Olinda,CE,2018,9,0.0,climatology_municipal,0.8571428571428571,2018-09
2310605,Penaforte,CE,2018,9,0.0,climatology_municipal,0.0,2018-09
2311108,Porteiras,CE,2018,9,1.0,climatology_municipal,1.0714285714285714,2018-09
2311207,Potengi,CE,2018,9,0.0,climatology_municipal,1.2857142857142858,2018-09
2311959,Salitre,CE,2018,9,0.0,climatology_municipal,1.5714285714285714,2018-09
2312106,Santana do Cariri,CE,2018,9,1.0,climatology_municipal,1.9285714285714286,2018-09
2601102,Araripina,PE,2018,9,7.0,climatology_municipal,8.642857142857142,2018-09
2602001,Bodocó,PE,2018,9,0.0,climatology_municipal,11.928571428571429,2018-09
2604304,Cedro,PE,2018,9,0.0,climatology_municipal,0.0,2018-09
2605301,Exu,PE,2018,9,2.0,climatology_municipal,3.0,2018-09
2607307,Ipubi,PE,2018,9,14.0,climatology_municipal,3.2857142857142856,2018-09
2614006,Serrita,PE,2018,9,0.0,climatology_municipal,5.142857142857143,2018-09
2614303,Moreilândia,PE,2018,9,0.0,climatology_municipal,1.3571428571428572,2018-09
2615607,Trindade,PE,2018,9,1.0,climatology_municipal,1.0714285714285714,2018-09
2200277,Alegrete do Piauí,PI,2018,9,0.0,climatology_apa_intensity12,0.4005268569273169,2018-09
2202091,Caldeirão Grande do Piauí,PI,2018,9,5.0,climatology_apa_intensity12,1.3160168156183267,2018-09
2202554,Caridade do Piauí,PI,2018,9,0.0,climatology_apa_intensity12,1.6593255501274558,2018-09
2203271,Curral Novo do Piauí,PI,2018,9,0.0,climatology_apa_intensity12,1.7165436725456438,2018-09
2204154,Francisco Macedo,PI,2018,9,0.0,climatology_apa_intensity12,0.17165436725456437,2018-09
2204303,Fronteiras,PI,2018,9,2.0,climatology_apa_intensity12,2.1170705294729606,2018-09
2205953,Marcolândia,PI,2018,9,0.0,climatology_apa_intensity12,0.6866174690182575,2018-09
2207207,Padre Marcos,PI,2018,9,0.0,climatology_apa_intensity12,0.11443624483637624,2018-09
2210300,São Julião,PI,2018,9,0.0,climatology_apa_intensity12,1.3160168156183267,2018-09
2210706,Simões,PI,2018,9,0.0,climatology_apa_intensity12,1.2587986932001387,2018-09
2300101,Abaiara,CE,2018,9,0.0,climatology_apa_intensity12,0.2860906120909406,2018-09
2300606,Altaneira,CE,2018,9,2.0,climatology_apa_intensity12,0.0,2018-09
2301307,Araripe,CE,2018,9,8.0,climatology_apa_intensity12,5.435721629727872,2018-09
2301604,Assaré,CE,2018,9,0.0,climatology_apa_intensity12,1.0299262035273864,2018-09
2301901,Barbalha,CE,2018,9,5.0,climatology_apa_intensity12,2.059852407054773,2018-09
2302503,Brejo Santo,CE,2018,9,3.0,climatology_apa_intensity12,0.8582718362728219,2018-09
2302701,Campos Sales,CE,2018,9,0.0,climatology_apa_intensity12,1.3160168156183267,2018-09
2304202,Crato,CE,2018,9,4.0,climatology_apa_intensity12,2.9753423657457825,2018-09
2304301,Farias Brito,CE,2018,9,0.0,climatology_apa_intensity12,1.2015805707819507,2018-09
2307106,Jardim,CE,2018,9,0.0,climatology_apa_intensity12,1.373234938036515,2018-09
2307205,Jati,CE,2018,9,2.0,climatology_apa_intensity12,0.4005268569273169,2018-09
2308401,Missão Velha,CE,2018,9,2.0,climatology_apa_intensity12,2.2315067743093366,2018-09
2309201,Nova Olinda,CE,2018,9,0.0,climatology_apa_intensity12,0.6866174690182575,2018-09
2310605,Penaforte,CE,2018,9,0.0,climatology_apa_intensity12,0.0,2018-09
2311108,Porteiras,CE,2018,9,1.0,climatology_apa_intensity12,0.8582718362728219,2018-09
2311207,Potengi,CE,2018,9,0.0,climatology_apa_intensity12,1.0299262035273864,2018-09
2311959,Salitre,CE,2018,9,0.0,climatology_apa_intensity12,1.2587986932001387,2018-09
2312106,Santana do Cariri,CE,2018,9,1.0,climatology_apa_intensity12,1.5448893052910795,2018-09
2601102,Araripina,PE,2018,9,7.0,climatology_apa_intensity12,6.9233928126007624,2018-09
2602001,Bodocó,PE,2018,9,0.0,climatology_apa_intensity12,9.555426443837417,2018-09
2604304,Cedro,PE,2018,9,0.0,climatology_apa_intensity12,0.0,2018-09
2605301,Exu,PE,2018,9,2.0,climatology_apa_intensity12,2.4031611415639014,2018-09
2607307,Ipubi,PE,2018,9,14.0,climatology_apa_intensity12,2.6320336312366535,2018-09
2614006,Serrita,PE,2018,9,0.0,climatology_apa_intensity12,4.119704814109546,2018-09
2614303,Moreilândia,PE,2018,9,0.0,climatology_apa_intensity12,1.0871443259455744,2018-09
2615607,Trindade,PE,2018,9,1.0,climatology_apa_intensity12,0.8582718362728219,2018-09
2200277,Alegrete do Piauí,PI,2018,10,0.0,climatology_municipal,1.0714285714285714,2018-10
2202091,Caldeirão Grande do Piauí,PI,2018,10,0.0,climatology_municipal,5.785714285714286,2018-10
2202554,Caridade do Piauí,PI,2018,10,3.0,climatology_municipal,9.785714285714286,2018-10
2203271,Curral Novo do Piauí,PI,2018,10,6.0,climatology_municipal,6.214285714285714,2018-10
2204154,Francisco Macedo,PI,2018,10,1.0,climatology_municipal,2.2142857142857144,2018-10
2204303,Fronteiras,PI,2018,10,0.0,climatology_municipal,7.0,2018-10
2205953,Marcolândia,PI,2018,10,4.0,climatology_municipal,0.7857142857142857,2018-10
2207207,Padre Marcos,PI,2018,10,1.0,climatology_municipal,2.142857142857143,2018-10
2210300,São Julião,PI,2018,10,0.0,climatology_municipal,1.0714285714285714,2018-10
2210706,Simões,PI,2018,10,2.0,climatology_municipal,8.285714285714286,2018-10
2300101,Abaiara,CE,2018,10,0.0,climatology_municipal,0.7857142857142857,2018-10
2300606,Altaneira,CE,2018,10,0.0,climatology_municipal,0.5,2018-10
2301307,Araripe,CE,2018,10,8.0,climatology_municipal,11.285714285714286,2018-10
2301604,Assaré,CE,2018,10,2.0,climatology_municipal,3.2857142857142856,2018-10
2301901,Barbalha,CE,2018,10,5.0,climatology_municipal,2.357142857142857,2018-10
2302503,Brejo Santo,CE,2018,10,1.0,climatology_municipal,2.9285714285714284,2018-10
2302701,Campos Sales,CE,2018,10,1.0,climatology_municipal,2.642857142857143,2018-10
2304202,Crato,CE,2018,10,6.0,climatology_municipal,8.357142857142858,2018-10
2304301,Farias Brito,CE,2018,10,1.0,climatology_municipal,3.2857142857142856,2018-10
2307106,Jardim,CE,2018,10,3.0,climatology_municipal,1.9285714285714286,2018-10
2307205,Jati,CE,2018,10,0.0,climatology_municipal,2.2857142857142856,2018-10
2308401,Missão Velha,CE,2018,10,8.0,climatology_municipal,4.5,2018-10
2309201,Nova Olinda,CE,2018,10,0.0,climatology_municipal,1.0,2018-10
2310605,Penaforte,CE,2018,10,0.0,climatology_municipal,0.21428571428571427,2018-10
2311108,Porteiras,CE,2018,10,0.0,climatology_municipal,0.5,2018-10
2311207,Potengi,CE,2018,10,4.0,climatology_municipal,1.6428571428571428,2018-10
2311959,Salitre,CE,2018,10,4.0,climatology_municipal,4.142857142857143,2018-10
2312106,Santana do Cariri,CE,2018,10,5.0,climatology_municipal,6.5,2018-10
2601102,Araripina,PE,2018,10,3.0,climatology_municipal,20.214285714285715,2018-10
2602001,Bodocó,PE,2018,10,12.0,climatology_municipal,36.5,2018-10
2604304,Cedro,PE,2018,10,0.0,climatology_municipal,0.21428571428571427,2018-10
2605301,Exu,PE,2018,10,13.0,climatology_municipal,12.5,2018-10
2607307,Ipubi,PE,2018,10,7.0,climatology_municipal,10.714285714285714,2018-10
2614006,Serrita,PE,2018,10,8.0,climatology_municipal,9.642857142857142,2018-10
2614303,Moreilândia,PE,2018,10,0.0,climatology_municipal,4.785714285714286,2018-10
2615607,Trindade,PE,2018,10,0.0,climatology_municipal,2.7857142857142856,2018-10
2200277,Alegrete do Piauí,PI,2018,10,0.0,climatology_apa_intensity12,0.862441955416885,2018-10
2202091,Caldeirão Grande do Piauí,PI,2018,10,0.0,climatology_apa_intensity12,4.657186559251179,2018-10
2202554,Caridade do Piauí,PI,2018,10,3.0,climatology_apa_intensity12,7.876969859474216,2018-10
2203271,Curral Novo do Piauí,PI,2018,10,6.0,climatology_apa_intensity12,5.0021633414179325,2018-10
2204154,Francisco Macedo,PI,2018,10,1.0,climatology_apa_intensity12,1.7823800411948956,2018-10
2204303,Fronteiras,PI,2018,10,0.0,climatology_apa_intensity12,5.6346207753903155,2018-10
2205953,Marcolândia,PI,2018,10,4.0,climatology_apa_intensity12,0.6324574339723823,2018-10
2207207,Padre Marcos,PI,2018,10,1.0,climatology_apa_intensity12,1.72488391083377,2018-10
2210300,São Julião,PI,2018,10,0.0,climatology_apa_intensity12,0.862441955416885,2018-10
2210706,Simões,PI,2018,10,2.0,climatology_apa_intensity12,6.669551121890578,2018-10
2300101,Abaiara,CE,2018,10,0.0,climatology_apa_intensity12,0.6324574339723823,2018-10
2300606,Altaneira,CE,2018,10,0.0,climatology_apa_intensity12,0.40247291252787964,2018-10
2301307,Araripe,CE,2018,10,8.0,climatology_apa_intensity12,9.084388597057856,2018-10
2301604,Assaré,CE,2018,10,2.0,climatology_apa_intensity12,2.6448219966117805,2018-10
2301901,Barbalha,CE,2018,10,5.0,climatology_apa_intensity12,1.897372301917147,2018-10
2302503,Brejo Santo,CE,2018,10,1.0,climatology_apa_intensity12,2.357341344806152,2018-10
2302701,Campos Sales,CE,2018,10,1.0,climatology_apa_intensity12,2.1273568233616493,2018-10
2304202,Crato,CE,2018,10,6.0,climatology_apa_intensity12,6.727047252251703,2018-10
2304301,Farias Brito,CE,2018,10,1.0,climatology_apa_intensity12,2.6448219966117805,2018-10
2307106,Jardim,CE,2018,10,3.0,climatology_apa_intensity12,1.552395519750393,2018-10
2307205,Jati,CE,2018,10,0.0,climatology_apa_intensity12,1.8398761715560212,2018-10
2308401,Missão Velha,CE,2018,10,8.0,climatology_apa_intensity12,3.6222562127509166,2018-10
2309201,Nova Olinda,CE,2018,10,0.0,climatology_apa_intensity12,0.8049458250557593,2018-10
2310605,Penaforte,CE,2018,10,0.0,climatology_apa_intensity12,0.172488391083377,2018-10
2311108,Porteiras,CE,2018,10,0.0,climatology_apa_intensity12,0.40247291252787964,2018-10
2311207,Potengi,CE,2018,10,4.0,climatology_apa_intensity12,1.3224109983058903,2018-10
2311959,Salitre,CE,2018,10,4.0,climatology_apa_intensity12,3.334775560945289,2018-10
2312106,Santana do Cariri,CE,2018,10,5.0,climatology_apa_intensity12,5.232147862862435,2018-10
2601102,Araripina,PE,2018,10,3.0,climatology_apa_intensity12,16.271404892198564,2018-10
2602001,Bodocó,PE,2018,10,12.0,climatology_apa_intensity12,29.380522614535213,2018-10
2604304,Cedro,PE,2018,10,0.0,climatology_apa_intensity12,0.172488391083377,2018-10
2605301,Exu,PE,2018,10,13.0,climatology_apa_intensity12,10.061822813196992,2018-10
2607307,Ipubi,PE,2018,10,7.0,climatology_apa_intensity12,8.624419554168849,2018-10
2614006,Serrita,PE,2018,10,8.0,climatology_apa_intensity12,7.761977598751964,2018-10
2614303,Moreilândia,PE,2018,10,0.0,climatology_apa_intensity12,3.8522407341954192,2018-10
2615607,Trindade,PE,2018,10,0.0,climatology_apa_intensity12,2.2423490840839007,2018-10
2200277,Alegrete do Piauí,PI,2018,11,2.0,climatology_municipal,1.2857142857142858,2018-11
2202091,Caldeirão Grande do Piauí,PI,2018,11,0.0,climatology_municipal,5.857142857142857,2018-11
2202554,Caridade do Piauí,PI,2018,11,3.0,climatology_municipal,3.9285714285714284,2018-11
2203271,Curral Novo do Piauí,PI,2018,11,2.0,climatology_municipal,2.4285714285714284,2018-11
2204154,Francisco Macedo,PI,2018,11,0.0,climatology_municipal,2.7857142857142856,2018-11
2204303,Fronteiras,PI,2018,11,0.0,climatology_municipal,8.571428571428571,2018-11
2205953,Marcolândia,PI,2018,11,0.0,climatology_municipal,1.3571428571428572,2018-11
2207207,Padre Marcos,PI,2018,11,3.0,climatology_municipal,3.357142857142857,2018-11
2210300,São Julião,PI,2018,11,1.0,climatology_municipal,1.6428571428571428,2018-11
2210706,Simões,PI,2018,11,8.0,climatology_municipal,8.785714285714286,2018-11
2300101,Abaiara,CE,2018,11,2.0,climatology_municipal,2.357142857142857,2018-11
2300606,Altaneira,CE,2018,11,0.0,climatology_municipal,0.2857142857142857,2018-11
2301307,Araripe,CE,2018,11,7.0,climatology_municipal,14.642857142857142,2018-11
2301604,Assaré,CE,2018,11,0.0,climatology_municipal,5.5,2018-11
2301901,Barbalha,CE,2018,11,0.0,climatology_municipal,5.0,2018-11
2302503,Brejo Santo,CE,2018,11,0.0,climatology_municipal,5.785714285714286,2018-11
2302701,Campos Sales,CE,2018,11,1.0,climatology_municipal,3.5714285714285716,2018-11
2304202,Crato,CE,2018,11,8.0,climatology_municipal,10.428571428571429,2018-11
2304301,Farias Brito,CE,2018,11,0.0,climatology_municipal,3.357142857142857,2018-11
2307106,Jardim,CE,2018,11,0.0,climatology_municipal,2.9285714285714284,2018-11
2307205,Jati,CE,2018,11,1.0,climatology_municipal,2.7142857142857144,2018-11
2308401,Missão Velha,CE,2018,11,4.0,climatology_municipal,9.642857142857142,2018-11
2309201,Nova Olinda,CE,2018,11,1.0,climatology_municipal,3.5,2018-11
2310605,Penaforte,CE,2018,11,0.0,climatology_municipal,0.21428571428571427,2018-11
2311108,Porteiras,CE,2018,11,1.0,climatology_municipal,1.6428571428571428,2018-11
2311207,Potengi,CE,2018,11,0.0,climatology_municipal,2.4285714285714284,2018-11
2311959,Salitre,CE,2018,11,1.0,climatology_municipal,9.714285714285714,2018-11
2312106,Santana do Cariri,CE,2018,11,3.0,climatology_municipal,13.071428571428571,2018-11
2601102,Araripina,PE,2018,11,10.0,climatology_municipal,14.5,2018-11
2602001,Bodocó,PE,2018,11,13.0,climatology_municipal,33.214285714285715,2018-11
2604304,Cedro,PE,2018,11,0.0,climatology_municipal,0.07142857142857142,2018-11
2605301,Exu,PE,2018,11,12.0,climatology_municipal,16.857142857142858,2018-11
2607307,Ipubi,PE,2018,11,3.0,climatology_municipal,9.357142857142858,2018-11
2614006,Serrita,PE,2018,11,6.0,climatology_municipal,11.214285714285714,2018-11
2614303,Moreilândia,PE,2018,11,2.0,climatology_municipal,6.428571428571429,2018-11
2615607,Trindade,PE,2018,11,1.0,climatology_municipal,1.0714285714285714,2018-11
2200277,Alegrete do Piauí,PI,2018,11,2.0,climatology_apa_intensity12,0.7993268309461219,2018-11
2202091,Caldeirão Grande do Piauí,PI,2018,11,0.0,climatology_apa_intensity12,3.6413777854212217,2018-11
2202554,Caridade do Piauí,PI,2018,11,3.0,climatology_apa_intensity12,2.442387539002039,2018-11
2203271,Curral Novo do Piauí,PI,2018,11,2.0,climatology_apa_intensity12,1.5098395695648967,2018-11
2204154,Francisco Macedo,PI,2018,11,0.0,climatology_apa_intensity12,1.731874800383264,2018-11
2204303,Fronteiras,PI,2018,11,0.0,climatology_apa_intensity12,5.328845539640812,2018-11
2205953,Marcolândia,PI,2018,11,0.0,climatology_apa_intensity12,0.8437338771097953,2018-11
2207207,Padre Marcos,PI,2018,11,3.0,climatology_apa_intensity12,2.0871311696926518,2018-11
2210300,São Julião,PI,2018,11,1.0,climatology_apa_intensity12,1.021362061764489,2018-11
2210706,Simões,PI,2018,11,8.0,climatology_apa_intensity12,5.462066678131833,2018-11
2300101,Abaiara,CE,2018,11,2.0,climatology_apa_intensity12,1.4654325234012235,2018-11
2300606,Altaneira,CE,2018,11,0.0,climatology_apa_intensity12,0.17762818465469374,2018-11
2301307,Araripe,CE,2018,11,7.0,climatology_apa_intensity12,9.103444463553055,2018-11
2301604,Assaré,CE,2018,11,0.0,climatology_apa_intensity12,3.4193425546028546,2018-11
2301901,Barbalha,CE,2018,11,0.0,climatology_apa_intensity12,3.1084932314571407,2018-11
2302503,Brejo Santo,CE,2018,11,0.0,climatology_apa_intensity12,3.5969707392575483,2018-11
2302701,Campos Sales,CE,2018,11,1.0,climatology_apa_intensity12,2.220352308183672,2018-11
2304202,Crato,CE,2018,11,8.0,climatology_apa_intensity12,6.483428739896322,2018-11
2304301,Farias Brito,CE,2018,11,0.0,climatology_apa_intensity12,2.0871311696926518,2018-11
2307106,Jardim,CE,2018,11,0.0,climatology_apa_intensity12,1.8206888927106109,2018-11
2307205,Jati,CE,2018,11,1.0,climatology_apa_intensity12,1.6874677542195906,2018-11
2308401,Missão Velha,CE,2018,11,4.0,climatology_apa_intensity12,5.9949512320959135,2018-11
2309201,Nova Olinda,CE,2018,11,1.0,climatology_apa_intensity12,2.1759452620199986,2018-11
2310605,Penaforte,CE,2018,11,0.0,climatology_apa_intensity12,0.1332211384910203,2018-11
2311108,Porteiras,CE,2018,11,1.0,climatology_apa_intensity12,1.021362061764489,2018-11
2311207,Potengi,CE,2018,11,0.0,climatology_apa_intensity12,1.5098395695648967,2018-11
2311959,Salitre,CE,2018,11,1.0,climatology_apa_intensity12,6.039358278259587,2018-11
2312106,Santana do Cariri,CE,2018,11,3.0,climatology_apa_intensity12,8.126489447952238,2018-11
2601102,Araripina,PE,2018,11,10.0,climatology_apa_intensity12,9.014630371225708,2018-11
2602001,Bodocó,PE,2018,11,13.0,climatology_apa_intensity12,20.649276466108148,2018-11
2604304,Cedro,PE,2018,11,0.0,climatology_apa_intensity12,0.044407046163673435,2018-11
2605301,Exu,PE,2018,11,12.0,climatology_apa_intensity12,10.480062894626931,2018-11
2607307,Ipubi,PE,2018,11,3.0,climatology_apa_intensity12,5.817323047441221,2018-11
2614006,Serrita,PE,2018,11,6.0,climatology_apa_intensity12,6.9719062476967295,2018-11
2614303,Moreilândia,PE,2018,11,2.0,climatology_apa_intensity12,3.9966341547306095,2018-11
2615607,Trindade,PE,2018,11,1.0,climatology_apa_intensity12,0.6661056924551015,2018-11
2200277,Alegrete do Piauí,PI,2018,12,0.0,climatology_municipal,0.6428571428571429,2018-12
2202091,Caldeirão Grande do Piauí,PI,2018,12,1.0,climatology_municipal,1.2857142857142858,2018-12
2202554,Caridade do Piauí,PI,2018,12,1.0,climatology_municipal,2.2142857142857144,2018-12
2203271,Curral Novo do Piauí,PI,2018,12,0.0,climatology_municipal,0.42857142857142855,2018-12
2204154,Francisco Macedo,PI,2018,12,0.0,climatology_municipal,1.0,2018-12
2204303,Fronteiras,PI,2018,12,0.0,climatology_municipal,2.357142857142857,2018-12
2205953,Marcolândia,PI,2018,12,2.0,climatology_municipal,1.5,2018-12
2207207,Padre Marcos,PI,2018,12,0.0,climatology_municipal,0.9285714285714286,2018-12
2210300,São Julião,PI,2018,12,0.0,climatology_municipal,0.2857142857142857,2018-12
2210706,Simões,PI,2018,12,0.0,climatology_municipal,1.9285714285714286,2018-12
2300101,Abaiara,CE,2018,12,1.0,climatology_municipal,2.2857142857142856,2018-12
2300606,Altaneira,CE,2018,12,0.0,climatology_municipal,0.6428571428571429,2018-12
2301307,Araripe,CE,2018,12,5.0,climatology_municipal,6.714285714285714,2018-12
2301604,Assaré,CE,2018,12,5.0,climatology_municipal,5.071428571428571,2018-12
2301901,Barbalha,CE,2018,12,0.0,climatology_municipal,2.357142857142857,2018-12
2302503,Brejo Santo,CE,2018,12,0.0,climatology_municipal,2.357142857142857,2018-12
2302701,Campos Sales,CE,2018,12,0.0,climatology_municipal,1.5714285714285714,2018-12
2304202,Crato,CE,2018,12,5.0,climatology_municipal,6.928571428571429,2018-12
2304301,Farias Brito,CE,2018,12,1.0,climatology_municipal,2.2142857142857144,2018-12
2307106,Jardim,CE,2018,12,0.0,climatology_municipal,3.9285714285714284,2018-12
2307205,Jati,CE,2018,12,0.0,climatology_municipal,0.7142857142857143,2018-12
2308401,Missão Velha,CE,2018,12,0.0,climatology_municipal,8.0,2018-12
2309201,Nova Olinda,CE,2018,12,0.0,climatology_municipal,3.5714285714285716,2018-12
2310605,Penaforte,CE,2018,12,0.0,climatology_municipal,0.35714285714285715,2018-12
2311108,Porteiras,CE,2018,12,0.0,climatology_municipal,1.8571428571428572,2018-12
2311207,Potengi,CE,2018,12,1.0,climatology_municipal,1.7142857142857142,2018-12
2311959,Salitre,CE,2018,12,0.0,climatology_municipal,4.5,2018-12
2312106,Santana do Cariri,CE,2018,12,0.0,climatology_municipal,12.428571428571429,2018-12
2601102,Araripina,PE,2018,12,0.0,climatology_municipal,4.642857142857143,2018-12
2602001,Bodocó,PE,2018,12,3.0,climatology_municipal,16.785714285714285,2018-12
2604304,Cedro,PE,2018,12,0.0,climatology_municipal,0.42857142857142855,2018-12
2605301,Exu,PE,2018,12,5.0,climatology_municipal,13.357142857142858,2018-12
2607307,Ipubi,PE,2018,12,0.0,climatology_municipal,4.571428571428571,2018-12
2614006,Serrita,PE,2018,12,0.0,climatology_municipal,6.214285714285714,2018-12
2614303,Moreilândia,PE,2018,12,0.0,climatology_municipal,2.7857142857142856,2018-12
2615607,Trindade,PE,2018,12,0.0,climatology_municipal,0.35714285714285715,2018-12
2200277,Alegrete do Piauí,PI,2018,12,0.0,climatology_apa_intensity12,0.3934343716794363,2018-12
2202091,Caldeirão Grande do Piauí,PI,2018,12,1.0,climatology_apa_intensity12,0.7868687433588726,2018-12
2202554,Caridade do Piauí,PI,2018,12,1.0,climatology_apa_intensity12,1.355162835784725,2018-12
2203271,Curral Novo do Piauí,PI,2018,12,0.0,climatology_apa_intensity12,0.26228958111962414,2018-12
2204154,Francisco Macedo,PI,2018,12,0.0,climatology_apa_intensity12,0.6120090226124564,2018-12
2204303,Fronteiras,PI,2018,12,0.0,climatology_apa_intensity12,1.442592696157933,2018-12
2205953,Marcolândia,PI,2018,12,2.0,climatology_apa_intensity12,0.9180135339186846,2018-12
2207207,Padre Marcos,PI,2018,12,0.0,climatology_apa_intensity12,0.5682940924258524,2018-12
2210300,São Julião,PI,2018,12,0.0,climatology_apa_intensity12,0.1748597207464161,2018-12
2210706,Simões,PI,2018,12,0.0,climatology_apa_intensity12,1.1803031150383088,2018-12
2300101,Abaiara,CE,2018,12,1.0,climatology_apa_intensity12,1.3988777659713287,2018-12
2300606,Altaneira,CE,2018,12,0.0,climatology_apa_intensity12,0.3934343716794363,2018-12
2301307,Araripe,CE,2018,12,5.0,climatology_apa_intensity12,4.109203437540779,2018-12
2301604,Assaré,CE,2018,12,5.0,climatology_apa_intensity12,3.1037600432488857,2018-12
2301901,Barbalha,CE,2018,12,0.0,climatology_apa_intensity12,1.442592696157933,2018-12
2302503,Brejo Santo,CE,2018,12,0.0,climatology_apa_intensity12,1.442592696157933,2018-12
2302701,Campos Sales,CE,2018,12,0.0,climatology_apa_intensity12,0.9617284641052886,2018-12
2304202,Crato,CE,2018,12,5.0,climatology_apa_intensity12,4.240348228100591,2018-12
2304301,Farias Brito,CE,2018,12,1.0,climatology_apa_intensity12,1.355162835784725,2018-12
2307106,Jardim,CE,2018,12,0.0,climatology_apa_intensity12,2.4043211602632213,2018-12
2307205,Jati,CE,2018,12,0.0,climatology_apa_intensity12,0.4371493018660403,2018-12
2308401,Missão Velha,CE,2018,12,0.0,climatology_apa_intensity12,4.896072180899651,2018-12
2309201,Nova Olinda,CE,2018,12,0.0,climatology_apa_intensity12,2.1857465093302015,2018-12
2310605,Penaforte,CE,2018,12,0.0,climatology_apa_intensity12,0.21857465093302014,2018-12
2311108,Porteiras,CE,2018,12,0.0,climatology_apa_intensity12,1.1365881848517048,2018-12
2311207,Potengi,CE,2018,12,1.0,climatology_apa_intensity12,1.0491583244784966,2018-12
2311959,Salitre,CE,2018,12,0.0,climatology_apa_intensity12,2.7540406017560537,2018-12
2312106,Santana do Cariri,CE,2018,12,0.0,climatology_apa_intensity12,7.606397852469101,2018-12
2601102,Araripina,PE,2018,12,0.0,climatology_apa_intensity12,2.841470462129262,2018-12
2602001,Bodocó,PE,2018,12,3.0,climatology_apa_intensity12,10.273008593851946,2018-12
2604304,Cedro,PE,2018,12,0.0,climatology_apa_intensity12,0.26228958111962414,2018-12
2605301,Exu,PE,2018,12,5.0,climatology_apa_intensity12,8.174691944894953,2018-12
2607307,Ipubi,PE,2018,12,0.0,climatology_apa_intensity12,2.7977555319426575,2018-12
2614006,Serrita,PE,2018,12,0.0,climatology_apa_intensity12,3.8031989262345505,2018-12
2614303,Moreilândia,PE,2018,12,0.0,climatology_apa_intensity12,1.704882277277557,2018-12
2615607,Trindade,PE,2018,12,0.0,climatology_apa_intensity12,0.21857465093302014,2018-12
2200277,Alegrete do Piauí,PI,2019,1,0.0,climatology_municipal,0.13333333333333333,2019-01
2202091,Caldeirão Grande do Piauí,PI,2019,1,0.0,climatology_municipal,0.2,2019-01
2202554,Caridade do Piauí,PI,2019,1,0.0,climatology_municipal,0.06666666666666667,2019-01
2203271,Curral Novo do Piauí,PI,2019,1,0.0,climatology_municipal,0.0,2019-01
2204154,Francisco Macedo,PI,2019,1,0.0,climatology_municipal,0.0,2019-01
2204303,Fronteiras,PI,2019,1,3.0,climatology_municipal,0.3333333333333333,2019-01
2205953,Marcolândia,PI,2019,1,0.0,climatology_municipal,0.13333333333333333,2019-01
2207207,Padre Marcos,PI,2019,1,0.0,climatology_municipal,0.4,2019-01
2210300,São Julião,PI,2019,1,0.0,climatology_municipal,0.06666666666666667,2019-01
2210706,Simões,PI,2019,1,0.0,climatology_municipal,0.2,2019-01
2300101,Abaiara,CE,2019,1,0.0,climatology_municipal,0.06666666666666667,2019-01
2300606,Altaneira,CE,2019,1,0.0,climatology_municipal,0.0,2019-01
2301307,Araripe,CE,2019,1,1.0,climatology_municipal,1.5333333333333334,2019-01
2301604,Assaré,CE,2019,1,0.0,climatology_municipal,2.1333333333333333,2019-01
2301901,Barbalha,CE,2019,1,0.0,climatology_municipal,0.5333333333333333,2019-01
2302503,Brejo Santo,CE,2019,1,0.0,climatology_municipal,0.4666666666666667,2019-01
2302701,Campos Sales,CE,2019,1,1.0,climatology_municipal,0.3333333333333333,2019-01
2304202,Crato,CE,2019,1,0.0,climatology_municipal,1.0,2019-01
2304301,Farias Brito,CE,2019,1,0.0,climatology_municipal,0.6666666666666666,2019-01
2307106,Jardim,CE,2019,1,0.0,climatology_municipal,0.4666666666666667,2019-01
2307205,Jati,CE,2019,1,0.0,climatology_municipal,0.3333333333333333,2019-01
2308401,Missão Velha,CE,2019,1,0.0,climatology_municipal,1.2666666666666666,2019-01
2309201,Nova Olinda,CE,2019,1,0.0,climatology_municipal,0.26666666666666666,2019-01
2310605,Penaforte,CE,2019,1,0.0,climatology_municipal,0.06666666666666667,2019-01
2311108,Porteiras,CE,2019,1,0.0,climatology_municipal,0.26666666666666666,2019-01
2311207,Potengi,CE,2019,1,0.0,climatology_municipal,0.9333333333333333,2019-01
2311959,Salitre,CE,2019,1,0.0,climatology_municipal,0.6666666666666666,2019-01
2312106,Santana do Cariri,CE,2019,1,2.0,climatology_municipal,3.933333333333333,2019-01
2601102,Araripina,PE,2019,1,0.0,climatology_municipal,0.5333333333333333,2019-01
2602001,Bodocó,PE,2019,1,2.0,climatology_municipal,1.6666666666666667,2019-01
2604304,Cedro,PE,2019,1,0.0,climatology_municipal,0.06666666666666667,2019-01
2605301,Exu,PE,2019,1,1.0,climatology_municipal,2.2,2019-01
2607307,Ipubi,PE,2019,1,2.0,climatology_municipal,0.4,2019-01
2614006,Serrita,PE,2019,1,0.0,climatology_municipal,1.5333333333333334,2019-01
2614303,Moreilândia,PE,2019,1,0.0,climatology_municipal,0.3333333333333333,2019-01
2615607,Trindade,PE,2019,1,0.0,climatology_municipal,0.06666666666666667,2019-01
2200277,Alegrete do Piauí,PI,2019,1,0.0,climatology_apa_intensity12,0.07511407511407511,2019-01
2202091,Caldeirão Grande do Piauí,PI,2019,1,0.0,climatology_apa_intensity12,0.11267111267111268,2019-01
2202554,Caridade do Piauí,PI,2019,1,0.0,climatology_apa_intensity12,0.037557037557037556,2019-01
2203271,Curral Novo do Piauí,PI,2019,1,0.0,climatology_apa_intensity12,0.0,2019-01
2204154,Francisco Macedo,PI,2019,1,0.0,climatology_apa_intensity12,0.0,2019-01
2204303,Fronteiras,PI,2019,1,3.0,climatology_apa_intensity12,0.18778518778518777,2019-01
2205953,Marcolândia,PI,2019,1,0.0,climatology_apa_intensity12,0.07511407511407511,2019-01
2207207,Padre Marcos,PI,2019,1,0.0,climatology_apa_intensity12,0.22534222534222537,2019-01
2210300,São Julião,PI,2019,1,0.0,climatology_apa_intensity12,0.037557037557037556,2019-01
2210706,Simões,PI,2019,1,0.0,climatology_apa_intensity12,0.11267111267111268,2019-01
2300101,Abaiara,CE,2019,1,0.0,climatology_apa_intensity12,0.037557037557037556,2019-01
2300606,Altaneira,CE,2019,1,0.0,climatology_apa_intensity12,0.0,2019-01
2301307,Araripe,CE,2019,1,1.0,climatology_apa_intensity12,0.8638118638118639,2019-01
2301604,Assaré,CE,2019,1,0.0,climatology_apa_intensity12,1.2018252018252018,2019-01
2301901,Barbalha,CE,2019,1,0.0,climatology_apa_intensity12,0.30045630045630045,2019-01
2302503,Brejo Santo,CE,2019,1,0.0,climatology_apa_intensity12,0.2628992628992629,2019-01
2302701,Campos Sales,CE,2019,1,1.0,climatology_apa_intensity12,0.18778518778518777,2019-01
2304202,Crato,CE,2019,1,0.0,climatology_apa_intensity12,0.5633555633555634,2019-01
2304301,Farias Brito,CE,2019,1,0.0,climatology_apa_intensity12,0.37557037557037554,2019-01
2307106,Jardim,CE,2019,1,0.0,climatology_apa_intensity12,0.2628992628992629,2019-01
2307205,Jati,CE,2019,1,0.0,climatology_apa_intensity12,0.18778518778518777,2019-01
2308401,Missão Velha,CE,2019,1,0.0,climatology_apa_intensity12,0.7135837135837135,2019-01
2309201,Nova Olinda,CE,2019,1,0.0,climatology_apa_intensity12,0.15022815022815023,2019-01
2310605,Penaforte,CE,2019,1,0.0,climatology_apa_intensity12,0.037557037557037556,2019-01
2311108,Porteiras,CE,2019,1,0.0,climatology_apa_intensity12,0.15022815022815023,2019-01
2311207,Potengi,CE,2019,1,0.0,climatology_apa_intensity12,0.5257985257985258,2019-01
2311959,Salitre,CE,2019,1,0.0,climatology_apa_intensity12,0.37557037557037554,2019-01
2312106,Santana do Cariri,CE,2019,1,2.0,climatology_apa_intensity12,2.215865215865216,2019-01
2601102,Araripina,PE,2019,1,0.0,climatology_apa_intensity12,0.30045630045630045,2019-01
2602001,Bodocó,PE,2019,1,2.0,climatology_apa_intensity12,0.938925938925939,2019-01
2604304,Cedro,PE,2019,1,0.0,climatology_apa_intensity12,0.037557037557037556,2019-01
2605301,Exu,PE,2019,1,1.0,climatology_apa_intensity12,1.2393822393822396,2019-01
2607307,Ipubi,PE,2019,1,2.0,climatology_apa_intensity12,0.22534222534222537,2019-01
2614006,Serrita,PE,2019,1,0.0,climatology_apa_intensity12,0.8638118638118639,2019-01
2614303,Moreilândia,PE,2019,1,0.0,climatology_apa_intensity12,0.18778518778518777,2019-01
2615607,Trindade,PE,2019,1,0.0,climatology_apa_intensity12,0.037557037557037556,2019-01
2200277,Alegrete do Piauí,PI,2019,2,0.0,climatology_municipal,0.0,2019-02
2202091,Caldeirão Grande do Piauí,PI,2019,2,0.0,climatology_municipal,0.06666666666666667,2019-02
2202554,Caridade do Piauí,PI,2019,2,0.0,climatology_municipal,0.0,2019-02
2203271,Curral Novo do Piauí,PI,2019,2,0.0,climatology_municipal,0.0,2019-02
2204154,Francisco Macedo,PI,2019,2,0.0,climatology_municipal,0.0,2019-02
2204303,Fronteiras,PI,2019,2,0.0,climatology_municipal,0.0,2019-02
2205953,Marcolândia,PI,2019,2,0.0,climatology_municipal,0.0,2019-02
2207207,Padre Marcos,PI,2019,2,0.0,climatology_municipal,0.06666666666666667,2019-02
2210300,São Julião,PI,2019,2,0.0,climatology_municipal,0.0,2019-02
2210706,Simões,PI,2019,2,0.0,climatology_municipal,0.06666666666666667,2019-02
2300101,Abaiara,CE,2019,2,0.0,climatology_municipal,0.0,2019-02
2300606,Altaneira,CE,2019,2,0.0,climatology_municipal,0.0,2019-02
2301307,Araripe,CE,2019,2,0.0,climatology_municipal,0.13333333333333333,2019-02
2301604,Assaré,CE,2019,2,0.0,climatology_municipal,0.3333333333333333,2019-02
2301901,Barbalha,CE,2019,2,0.0,climatology_municipal,0.2,2019-02
2302503,Brejo Santo,CE,2019,2,0.0,climatology_municipal,0.06666666666666667,2019-02
2302701,Campos Sales,CE,2019,2,1.0,climatology_municipal,0.0,2019-02
2304202,Crato,CE,2019,2,1.0,climatology_municipal,0.2,2019-02
2304301,Farias Brito,CE,2019,2,0.0,climatology_municipal,0.0,2019-02
2307106,Jardim,CE,2019,2,0.0,climatology_municipal,0.06666666666666667,2019-02
2307205,Jati,CE,2019,2,0.0,climatology_municipal,0.2,2019-02
2308401,Missão Velha,CE,2019,2,0.0,climatology_municipal,0.13333333333333333,2019-02
2309201,Nova Olinda,CE,2019,2,0.0,climatology_municipal,0.0,2019-02
2310605,Penaforte,CE,2019,2,0.0,climatology_municipal,0.13333333333333333,2019-02
2311108,Porteiras,CE,2019,2,0.0,climatology_municipal,0.13333333333333333,2019-02
2311207,Potengi,CE,2019,2,0.0,climatology_municipal,0.4,2019-02
2311959,Salitre,CE,2019,2,0.0,climatology_municipal,0.06666666666666667,2019-02
2312106,Santana do Cariri,CE,2019,2,0.0,climatology_municipal,0.3333333333333333,2019-02
2601102,Araripina,PE,2019,2,0.0,climatology_municipal,0.13333333333333333,2019-02
2602001,Bodocó,PE,2019,2,1.0,climatology_municipal,0.06666666666666667,2019-02
2604304,Cedro,PE,2019,2,0.0,climatology_municipal,0.0,2019-02
2605301,Exu,PE,2019,2,0.0,climatology_municipal,0.2,2019-02
2607307,Ipubi,PE,2019,2,0.0,climatology_municipal,0.06666666666666667,2019-02
2614006,Serrita,PE,2019,2,0.0,climatology_municipal,0.13333333333333333,2019-02
2614303,Moreilândia,PE,2019,2,0.0,climatology_municipal,0.2,2019-02
2615607,Trindade,PE,2019,2,0.0,climatology_municipal,0.06666666666666667,2019-02
2200277,Alegrete do Piauí,PI,2019,2,0.0,climatology_apa_intensity12,0.0,2019-02
2202091,Caldeirão Grande do Piauí,PI,2019,2,0.0,climatology_apa_intensity12,0.03724055399715646,2019-02
2202554,Caridade do Piauí,PI,2019,2,0.0,climatology_apa_intensity12,0.0,2019-02
2203271,Curral Novo do Piauí,PI,2019,2,0.0,climatology_apa_intensity12,0.0,2019-02
2204154,Francisco Macedo,PI,2019,2,0.0,climatology_apa_intensity12,0.0,2019-02
2204303,Fronteiras,PI,2019,2,0.0,climatology_apa_intensity12,0.0,2019-02
2205953,Marcolândia,PI,2019,2,0.0,climatology_apa_intensity12,0.0,2019-02
2207207,Padre Marcos,PI,2019,2,0.0,climatology_apa_intensity12,0.03724055399715646,2019-02
2210300,São Julião,PI,2019,2,0.0,climatology_apa_intensity12,0.0,2019-02
2210706,Simões,PI,2019,2,0.0,climatology_apa_intensity12,0.03724055399715646,2019-02
2300101,Abaiara,CE,2019,2,0.0,climatology_apa_intensity12,0.0,2019-02
2300606,Altaneira,CE,2019,2,0.0,climatology_apa_intensity12,0.0,2019-02
2301307,Araripe,CE,2019,2,0.0,climatology_apa_intensity12,0.07448110799431291,2019-02
2301604,Assaré,CE,2019,2,0.0,climatology_apa_intensity12,0.18620276998578228,2019-02
2301901,Barbalha,CE,2019,2,0.0,climatology_apa_intensity12,0.11172166199146938,2019-02
2302503,Brejo Santo,CE,2019,2,0.0,climatology_apa_intensity12,0.03724055399715646,2019-02
2302701,Campos Sales,CE,2019,2,1.0,climatology_apa_intensity12,0.0,2019-02
2304202,Crato,CE,2019,2,1.0,climatology_apa_intensity12,0.11172166199146938,2019-02
2304301,Farias Brito,CE,2019,2,0.0,climatology_apa_intensity12,0.0,2019-02
2307106,Jardim,CE,2019,2,0.0,climatology_apa_intensity12,0.03724055399715646,2019-02
2307205,Jati,CE,2019,2,0.0,climatology_apa_intensity12,0.11172166199146938,2019-02
2308401,Missão Velha,CE,2019,2,0.0,climatology_apa_intensity12,0.07448110799431291,2019-02
2309201,Nova Olinda,CE,2019,2,0.0,climatology_apa_intensity12,0.0,2019-02
2310605,Penaforte,CE,2019,2,0.0,climatology_apa_intensity12,0.07448110799431291,2019-02
2311108,Porteiras,CE,2019,2,0.0,climatology_apa_intensity12,0.07448110799431291,2019-02
2311207,Potengi,CE,2019,2,0.0,climatology_apa_intensity12,0.22344332398293876,2019-02
2311959,Salitre,CE,2019,2,0.0,climatology_apa_intensity12,0.03724055399715646,2019-02
2312106,Santana do Cariri,CE,2019,2,0.0,climatology_apa_intensity12,0.18620276998578228,2019-02
2601102,Araripina,PE,2019,2,0.0,climatology_apa_intensity12,0.07448110799431291,2019-02
2602001,Bodocó,PE,2019,2,1.0,climatology_apa_intensity12,0.03724055399715646,2019-02
2604304,Cedro,PE,2019,2,0.0,climatology_apa_intensity12,0.0,2019-02
2605301,Exu,PE,2019,2,0.0,climatology_apa_intensity12,0.11172166199146938,2019-02
2607307,Ipubi,PE,2019,2,0.0,climatology_apa_intensity12,0.03724055399715646,2019-02
2614006,Serrita,PE,2019,2,0.0,climatology_apa_intensity12,0.07448110799431291,2019-02
2614303,Moreilândia,PE,2019,2,0.0,climatology_apa_intensity12,0.11172166199146938,2019-02
2615607,Trindade,PE,2019,2,0.0,climatology_apa_intensity12,0.03724055399715646,2019-02
2200277,Alegrete do Piauí,PI,2019,3,0.0,climatology_municipal,0.0,2019-03
2202091,Caldeirão Grande do Piauí,PI,2019,3,0.0,climatology_municipal,0.0,2019-03
2202554,Caridade do Piauí,PI,2019,3,0.0,climatology_municipal,0.0,2019-03
2203271,Curral Novo do Piauí,PI,2019,3,0.0,climatology_municipal,0.0,2019-03
2204154,Francisco Macedo,PI,2019,3,0.0,climatology_municipal,0.0,2019-03
2204303,Fronteiras,PI,2019,3,0.0,climatology_municipal,0.0,2019-03
2205953,Marcolândia,PI,2019,3,0.0,climatology_municipal,0.0,2019-03
2207207,Padre Marcos,PI,2019,3,0.0,climatology_municipal,0.0,2019-03
2210300,São Julião,PI,2019,3,0.0,climatology_municipal,0.0,2019-03
2210706,Simões,PI,2019,3,0.0,climatology_municipal,0.0,2019-03
2300101,Abaiara,CE,2019,3,0.0,climatology_municipal,0.0,2019-03
2300606,Altaneira,CE,2019,3,0.0,climatology_municipal,0.0,2019-03
2301307,Araripe,CE,2019,3,0.0,climatology_municipal,0.0,2019-03
2301604,Assaré,CE,2019,3,0.0,climatology_municipal,0.0,2019-03
2301901,Barbalha,CE,2019,3,0.0,climatology_municipal,0.0,2019-03
2302503,Brejo Santo,CE,2019,3,0.0,climatology_municipal,0.0,2019-03
2302701,Campos Sales,CE,2019,3,0.0,climatology_municipal,0.0,2019-03
2304202,Crato,CE,2019,3,0.0,climatology_municipal,0.13333333333333333,2019-03
2304301,Farias Brito,CE,2019,3,0.0,climatology_municipal,0.06666666666666667,2019-03
2307106,Jardim,CE,2019,3,0.0,climatology_municipal,0.06666666666666667,2019-03
2307205,Jati,CE,2019,3,0.0,climatology_municipal,0.0,2019-03
2308401,Missão Velha,CE,2019,3,1.0,climatology_municipal,0.26666666666666666,2019-03
2309201,Nova Olinda,CE,2019,3,0.0,climatology_municipal,0.0,2019-03
2310605,Penaforte,CE,2019,3,0.0,climatology_municipal,0.0,2019-03
2311108,Porteiras,CE,2019,3,0.0,climatology_municipal,0.0,2019-03
2311207,Potengi,CE,2019,3,0.0,climatology_municipal,0.0,2019-03
2311959,Salitre,CE,2019,3,0.0,climatology_municipal,0.06666666666666667,2019-03
2312106,Santana do Cariri,CE,2019,3,0.0,climatology_municipal,0.0,2019-03
2601102,Araripina,PE,2019,3,0.0,climatology_municipal,0.06666666666666667,2019-03
2602001,Bodocó,PE,2019,3,0.0,climatology_municipal,0.3333333333333333,2019-03
2604304,Cedro,PE,2019,3,0.0,climatology_municipal,0.0,2019-03
2605301,Exu,PE,2019,3,0.0,climatology_municipal,0.0,2019-03
2607307,Ipubi,PE,2019,3,0.0,climatology_municipal,0.06666666666666667,2019-03
2614006,Serrita,PE,2019,3,0.0,climatology_municipal,0.0,2019-03
2614303,Moreilândia,PE,2019,3,0.0,climatology_municipal,0.0,2019-03
2615607,Trindade,PE,2019,3,0.0,climatology_municipal,0.0,2019-03
2200277,Alegrete do Piauí,PI,2019,3,0.0,climatology_apa_intensity12,0.0,2019-03
2202091,Caldeirão Grande do Piauí,PI,2019,3,0.0,climatology_apa_intensity12,0.0,2019-03
2202554,Caridade do Piauí,PI,2019,3,0.0,climatology_apa_intensity12,0.0,2019-03
2203271,Curral Novo do Piauí,PI,2019,3,0.0,climatology_apa_intensity12,0.0,2019-03
2204154,Francisco Macedo,PI,2019,3,0.0,climatology_apa_intensity12,0.0,2019-03
2204303,Fronteiras,PI,2019,3,0.0,climatology_apa_intensity12,0.0,2019-03
2205953,Marcolândia,PI,2019,3,0.0,climatology_apa_intensity12,0.0,2019-03
2207207,Padre Marcos,PI,2019,3,0.0,climatology_apa_intensity12,0.0,2019-03
2210300,São Julião,PI,2019,3,0.0,climatology_apa_intensity12,0.0,2019-03
2210706,Simões,PI,2019,3,0.0,climatology_apa_intensity12,0.0,2019-03
2300101,Abaiara,CE,2019,3,0.0,climatology_apa_intensity12,0.0,2019-03
2300606,Altaneira,CE,2019,3,0.0,climatology_apa_intensity12,0.0,2019-03
2301307,Araripe,CE,2019,3,0.0,climatology_apa_intensity12,0.0,2019-03
2301604,Assaré,CE,2019,3,0.0,climatology_apa_intensity12,0.0,2019-03
2301901,Barbalha,CE,2019,3,0.0,climatology_apa_intensity12,0.0,2019-03
2302503,Brejo Santo,CE,2019,3,0.0,climatology_apa_intensity12,0.0,2019-03
2302701,Campos Sales,CE,2019,3,0.0,climatology_apa_intensity12,0.0,2019-03
2304202,Crato,CE,2019,3,0.0,climatology_apa_intensity12,0.07483530961791832,2019-03
2304301,Farias Brito,CE,2019,3,0.0,climatology_apa_intensity12,0.03741765480895916,2019-03
2307106,Jardim,CE,2019,3,0.0,climatology_apa_intensity12,0.03741765480895916,2019-03
2307205,Jati,CE,2019,3,0.0,climatology_apa_intensity12,0.0,2019-03
2308401,Missão Velha,CE,2019,3,1.0,climatology_apa_intensity12,0.14967061923583663,2019-03
2309201,Nova Olinda,CE,2019,3,0.0,climatology_apa_intensity12,0.0,2019-03
2310605,Penaforte,CE,2019,3,0.0,climatology_apa_intensity12,0.0,2019-03
2311108,Porteiras,CE,2019,3,0.0,climatology_apa_intensity12,0.0,2019-03
2311207,Potengi,CE,2019,3,0.0,climatology_apa_intensity12,0.0,2019-03
2311959,Salitre,CE,2019,3,0.0,climatology_apa_intensity12,0.03741765480895916,2019-03
2312106,Santana do Cariri,CE,2019,3,0.0,climatology_apa_intensity12,0.0,2019-03
2601102,Araripina,PE,2019,3,0.0,climatology_apa_intensity12,0.03741765480895916,2019-03
2602001,Bodocó,PE,2019,3,0.0,climatology_apa_intensity12,0.18708827404479578,2019-03
2604304,Cedro,PE,2019,3,0.0,climatology_apa_intensity12,0.0,2019-03
2605301,Exu,PE,2019,3,0.0,climatology_apa_intensity12,0.0,2019-03
2607307,Ipubi,PE,2019,3,0.0,climatology_apa_intensity12,0.03741765480895916,2019-03
2614006,Serrita,PE,2019,3,0.0,climatology_apa_intensity12,0.0,2019-03
2614303,Moreilândia,PE,2019,3,0.0,climatology_apa_intensity12,0.0,2019-03
2615607,Trindade,PE,2019,3,0.0,climatology_apa_intensity12,0.0,2019-03
2200277,Alegrete do Piauí,PI,2019,4,0.0,climatology_municipal,0.0,2019-04
2202091,Caldeirão Grande do Piauí,PI,2019,4,0.0,climatology_municipal,0.0,2019-04
2202554,Caridade do Piauí,PI,2019,4,0.0,climatology_municipal,0.0,2019-04
2203271,Curral Novo do Piauí,PI,2019,4,0.0,climatology_municipal,0.0,2019-04
2204154,Francisco Macedo,PI,2019,4,0.0,climatology_municipal,0.0,2019-04
2204303,Fronteiras,PI,2019,4,0.0,climatology_municipal,0.0,2019-04
2205953,Marcolândia,PI,2019,4,0.0,climatology_municipal,0.0,2019-04
2207207,Padre Marcos,PI,2019,4,0.0,climatology_municipal,0.0,2019-04
2210300,São Julião,PI,2019,4,0.0,climatology_municipal,0.0,2019-04
2210706,Simões,PI,2019,4,0.0,climatology_municipal,0.0,2019-04
2300101,Abaiara,CE,2019,4,0.0,climatology_municipal,0.0,2019-04
2300606,Altaneira,CE,2019,4,0.0,climatology_municipal,0.0,2019-04
2301307,Araripe,CE,2019,4,0.0,climatology_municipal,0.0,2019-04
2301604,Assaré,CE,2019,4,0.0,climatology_municipal,0.0,2019-04
2301901,Barbalha,CE,2019,4,0.0,climatology_municipal,0.0,2019-04
2302503,Brejo Santo,CE,2019,4,0.0,climatology_municipal,0.0,2019-04
2302701,Campos Sales,CE,2019,4,0.0,climatology_municipal,0.0,2019-04
2304202,Crato,CE,2019,4,0.0,climatology_municipal,0.0,2019-04
2304301,Farias Brito,CE,2019,4,0.0,climatology_municipal,0.0,2019-04
2307106,Jardim,CE,2019,4,0.0,climatology_municipal,0.0,2019-04
2307205,Jati,CE,2019,4,0.0,climatology_municipal,0.0,2019-04
2308401,Missão Velha,CE,2019,4,0.0,climatology_municipal,0.26666666666666666,2019-04
2309201,Nova Olinda,CE,2019,4,0.0,climatology_municipal,0.0,2019-04
2310605,Penaforte,CE,2019,4,0.0,climatology_municipal,0.0,2019-04
2311108,Porteiras,CE,2019,4,0.0,climatology_municipal,0.0,2019-04
2311207,Potengi,CE,2019,4,0.0,climatology_municipal,0.0,2019-04
2311959,Salitre,CE,2019,4,0.0,climatology_municipal,0.06666666666666667,2019-04
2312106,Santana do Cariri,CE,2019,4,0.0,climatology_municipal,0.0,2019-04
2601102,Araripina,PE,2019,4,0.0,climatology_municipal,0.06666666666666667,2019-04
2602001,Bodocó,PE,2019,4,0.0,climatology_municipal,0.13333333333333333,2019-04
2604304,Cedro,PE,2019,4,0.0,climatology_municipal,0.0,2019-04
2605301,Exu,PE,2019,4,0.0,climatology_municipal,0.06666666666666667,2019-04
2607307,Ipubi,PE,2019,4,0.0,climatology_municipal,0.06666666666666667,2019-04
2614006,Serrita,PE,2019,4,0.0,climatology_municipal,0.06666666666666667,2019-04
2614303,Moreilândia,PE,2019,4,0.0,climatology_municipal,0.0,2019-04
2615607,Trindade,PE,2019,4,0.0,climatology_municipal,0.0,2019-04
2200277,Alegrete do Piauí,PI,2019,4,0.0,climatology_apa_intensity12,0.0,2019-04
2202091,Caldeirão Grande do Piauí,PI,2019,4,0.0,climatology_apa_intensity12,0.0,2019-04
2202554,Caridade do Piauí,PI,2019,4,0.0,climatology_apa_intensity12,0.0,2019-04
2203271,Curral Novo do Piauí,PI,2019,4,0.0,climatology_apa_intensity12,0.0,2019-04
2204154,Francisco Macedo,PI,2019,4,0.0,climatology_apa_intensity12,0.0,2019-04
2204303,Fronteiras,PI,2019,4,0.0,climatology_apa_intensity12,0.0,2019-04
2205953,Marcolândia,PI,2019,4,0.0,climatology_apa_intensity12,0.0,2019-04
2207207,Padre Marcos,PI,2019,4,0.0,climatology_apa_intensity12,0.0,2019-04
2210300,São Julião,PI,2019,4,0.0,climatology_apa_intensity12,0.0,2019-04
2210706,Simões,PI,2019,4,0.0,climatology_apa_intensity12,0.0,2019-04
2300101,Abaiara,CE,2019,4,0.0,climatology_apa_intensity12,0.0,2019-04
2300606,Altaneira,CE,2019,4,0.0,climatology_apa_intensity12,0.0,2019-04
2301307,Araripe,CE,2019,4,0.0,climatology_apa_intensity12,0.0,2019-04
2301604,Assaré,CE,2019,4,0.0,climatology_apa_intensity12,0.0,2019-04
2301901,Barbalha,CE,2019,4,0.0,climatology_apa_intensity12,0.0,2019-04
2302503,Brejo Santo,CE,2019,4,0.0,climatology_apa_intensity12,0.0,2019-04
2302701,Campos Sales,CE,2019,4,0.0,climatology_apa_intensity12,0.0,2019-04
2304202,Crato,CE,2019,4,0.0,climatology_apa_intensity12,0.0,2019-04
2304301,Farias Brito,CE,2019,4,0.0,climatology_apa_intensity12,0.0,2019-04
2307106,Jardim,CE,2019,4,0.0,climatology_apa_intensity12,0.0,2019-04
2307205,Jati,CE,2019,4,0.0,climatology_apa_intensity12,0.0,2019-04
2308401,Missão Velha,CE,2019,4,0.0,climatology_apa_intensity12,0.15002278229458876,2019-04
2309201,Nova Olinda,CE,2019,4,0.0,climatology_apa_intensity12,0.0,2019-04
2310605,Penaforte,CE,2019,4,0.0,climatology_apa_intensity12,0.0,2019-04
2311108,Porteiras,CE,2019,4,0.0,climatology_apa_intensity12,0.0,2019-04
2311207,Potengi,CE,2019,4,0.0,climatology_apa_intensity12,0.0,2019-04
2311959,Salitre,CE,2019,4,0.0,climatology_apa_intensity12,0.03750569557364719,2019-04
2312106,Santana do Cariri,CE,2019,4,0.0,climatology_apa_intensity12,0.0,2019-04
2601102,Araripina,PE,2019,4,0.0,climatology_apa_intensity12,0.03750569557364719,2019-04
2602001,Bodocó,PE,2019,4,0.0,climatology_apa_intensity12,0.07501139114729438,2019-04
2604304,Cedro,PE,2019,4,0.0,climatology_apa_intensity12,0.0,2019-04
2605301,Exu,PE,2019,4,0.0,climatology_apa_intensity12,0.03750569557364719,2019-04
2607307,Ipubi,PE,2019,4,0.0,climatology_apa_intensity12,0.03750569557364719,2019-04
2614006,Serrita,PE,2019,4,0.0,climatology_apa_intensity12,0.03750569557364719,2019-04
2614303,Moreilândia,PE,2019,4,0.0,climatology_apa_intensity12,0.0,2019-04
2615607,Trindade,PE,2019,4,0.0,climatology_apa_intensity12,0.0,2019-04
2200277,Alegrete do Piauí,PI,2019,5,0.0,climatology_municipal,0.0,2019-05
2202091,Caldeirão Grande do Piauí,PI,2019,5,0.0,climatology_municipal,0.0,2019-05
2202554,Caridade do Piauí,PI,2019,5,0.0,climatology_municipal,0.0,2019-05
2203271,Curral Novo do Piauí,PI,2019,5,0.0,climatology_municipal,0.0,2019-05
2204154,Francisco Macedo,PI,2019,5,0.0,climatology_municipal,0.0,2019-05
2204303,Fronteiras,PI,2019,5,0.0,climatology_municipal,0.0,2019-05
2205953,Marcolândia,PI,2019,5,0.0,climatology_municipal,0.0,2019-05
2207207,Padre Marcos,PI,2019,5,0.0,climatology_municipal,0.0,2019-05
2210300,São Julião,PI,2019,5,0.0,climatology_municipal,0.0,2019-05
2210706,Simões,PI,2019,5,0.0,climatology_municipal,0.0,2019-05
2300101,Abaiara,CE,2019,5,1.0,climatology_municipal,0.0,2019-05
2300606,Altaneira,CE,2019,5,0.0,climatology_municipal,0.0,2019-05
2301307,Araripe,CE,2019,5,0.0,climatology_municipal,0.0,2019-05
2301604,Assaré,CE,2019,5,0.0,climatology_municipal,0.0,2019-05
2301901,Barbalha,CE,2019,5,0.0,climatology_municipal,0.0,2019-05
2302503,Brejo Santo,CE,2019,5,0.0,climatology_municipal,0.06666666666666667,2019-05
2302701,Campos Sales,CE,2019,5,0.0,climatology_municipal,0.0,2019-05
2304202,Crato,CE,2019,5,0.0,climatology_municipal,0.06666666666666667,2019-05
2304301,Farias Brito,CE,2019,5,0.0,climatology_municipal,0.0,2019-05
2307106,Jardim,CE,2019,5,0.0,climatology_municipal,0.0,2019-05
2307205,Jati,CE,2019,5,0.0,climatology_municipal,0.0,2019-05
2308401,Missão Velha,CE,2019,5,0.0,climatology_municipal,0.0,2019-05
2309201,Nova Olinda,CE,2019,5,0.0,climatology_municipal,0.2,2019-05
2310605,Penaforte,CE,2019,5,0.0,climatology_municipal,0.0,2019-05
2311108,Porteiras,CE,2019,5,0.0,climatology_municipal,0.06666666666666667,2019-05
2311207,Potengi,CE,2019,5,0.0,climatology_municipal,0.06666666666666667,2019-05
2311959,Salitre,CE,2019,5,0.0,climatology_municipal,0.06666666666666667,2019-05
2312106,Santana do Cariri,CE,2019,5,0.0,climatology_municipal,0.0,2019-05
2601102,Araripina,PE,2019,5,0.0,climatology_municipal,0.06666666666666667,2019-05
2602001,Bodocó,PE,2019,5,0.0,climatology_municipal,0.0,2019-05
2604304,Cedro,PE,2019,5,0.0,climatology_municipal,0.0,2019-05
2605301,Exu,PE,2019,5,0.0,climatology_municipal,0.13333333333333333,2019-05
2607307,Ipubi,PE,2019,5,0.0,climatology_municipal,0.06666666666666667,2019-05
2614006,Serrita,PE,2019,5,0.0,climatology_municipal,0.0,2019-05
2614303,Moreilândia,PE,2019,5,0.0,climatology_municipal,0.0,2019-05
2615607,Trindade,PE,2019,5,0.0,climatology_municipal,0.0,2019-05
2200277,Alegrete do Piauí,PI,2019,5,0.0,climatology_apa_intensity12,0.0,2019-05
2202091,Caldeirão Grande do Piauí,PI,2019,5,0.0,climatology_apa_intensity12,0.0,2019-05
2202554,Caridade do Piauí,PI,2019,5,0.0,climatology_apa_intensity12,0.0,2019-05
2203271,Curral Novo do Piauí,PI,2019,5,0.0,climatology_apa_intensity12,0.0,2019-05
2204154,Francisco Macedo,PI,2019,5,0.0,climatology_apa_intensity12,0.0,2019-05
2204303,Fronteiras,PI,2019,5,0.0,climatology_apa_intensity12,0.0,2019-05
2205953,Marcolândia,PI,2019,5,0.0,climatology_apa_intensity12,0.0,2019-05
2207207,Padre Marcos,PI,2019,5,0.0,climatology_apa_intensity12,0.0,2019-05
2210300,São Julião,PI,2019,5,0.0,climatology_apa_intensity12,0.0,2019-05
2210706,Simões,PI,2019,5,0.0,climatology_apa_intensity12,0.0,2019-05
2300101,Abaiara,CE,2019,5,1.0,climatology_apa_intensity12,0.0,2019-05
2300606,Altaneira,CE,2019,5,0.0,climatology_apa_intensity12,0.0,2019-05
2301307,Araripe,CE,2019,5,0.0,climatology_apa_intensity12,0.0,2019-05
2301604,Assaré,CE,2019,5,0.0,climatology_apa_intensity12,0.0,2019-05
2301901,Barbalha,CE,2019,5,0.0,climatology_apa_intensity12,0.0,2019-05
2302503,Brejo Santo,CE,2019,5,0.0,climatology_apa_intensity12,0.037420119902496864,2019-05
2302701,Campos Sales,CE,2019,5,0.0,climatology_apa_intensity12,0.0,2019-05
2304202,Crato,CE,2019,5,0.0,climatology_apa_intensity12,0.037420119902496864,2019-05
2304301,Farias Brito,CE,2019,5,0.0,climatology_apa_intensity12,0.0,2019-05
2307106,Jardim,CE,2019,5,0.0,climatology_apa_intensity12,0.0,2019-05
2307205,Jati,CE,2019,5,0.0,climatology_apa_intensity12,0.0,2019-05
2308401,Missão Velha,CE,2019,5,0.0,climatology_apa_intensity12,0.0,2019-05
2309201,Nova Olinda,CE,2019,5,0.0,climatology_apa_intensity12,0.1122603597074906,2019-05
2310605,Penaforte,CE,2019,5,0.0,climatology_apa_intensity12,0.0,2019-05
2311108,Porteiras,CE,2019,5,0.0,climatology_apa_intensity12,0.037420119902496864,2019-05
2311207,Potengi,CE,2019,5,0.0,climatology_apa_intensity12,0.037420119902496864,2019-05
2311959,Salitre,CE,2019,5,0.0,climatology_apa_intensity12,0.037420119902496864,2019-05
2312106,Santana do Cariri,CE,2019,5,0.0,climatology_apa_intensity12,0.0,2019-05
2601102,Araripina,PE,2019,5,0.0,climatology_apa_intensity12,0.037420119902496864,2019-05
2602001,Bodocó,PE,2019,5,0.0,climatology_apa_intensity12,0.0,2019-05
2604304,Cedro,PE,2019,5,0.0,climatology_apa_intensity12,0.0,2019-05
2605301,Exu,PE,2019,5,0.0,climatology_apa_intensity12,0.07484023980499373,2019-05
2607307,Ipubi,PE,2019,5,0.0,climatology_apa_intensity12,0.037420119902496864,2019-05
2614006,Serrita,PE,2019,5,0.0,climatology_apa_intensity12,0.0,2019-05
2614303,Moreilândia,PE,2019,5,0.0,climatology_apa_intensity12,0.0,2019-05
2615607,Trindade,PE,2019,5,0.0,climatology_apa_intensity12,0.0,2019-05
2200277,Alegrete do Piauí,PI,2019,6,0.0,climatology_municipal,0.0,2019-06
2202091,Caldeirão Grande do Piauí,PI,2019,6,0.0,climatology_municipal,0.13333333333333333,2019-06
2202554,Caridade do Piauí,PI,2019,6,0.0,climatology_municipal,0.0,2019-06
2203271,Curral Novo do Piauí,PI,2019,6,0.0,climatology_municipal,0.0,2019-06
2204154,Francisco Macedo,PI,2019,6,0.0,climatology_municipal,0.0,2019-06
2204303,Fronteiras,PI,2019,6,0.0,climatology_municipal,0.0,2019-06
2205953,Marcolândia,PI,2019,6,0.0,climatology_municipal,0.0,2019-06
2207207,Padre Marcos,PI,2019,6,0.0,climatology_municipal,0.0,2019-06
2210300,São Julião,PI,2019,6,0.0,climatology_municipal,0.0,2019-06
2210706,Simões,PI,2019,6,0.0,climatology_municipal,0.06666666666666667,2019-06
2300101,Abaiara,CE,2019,6,0.0,climatology_municipal,0.0,2019-06
2300606,Altaneira,CE,2019,6,0.0,climatology_municipal,0.0,2019-06
2301307,Araripe,CE,2019,6,0.0,climatology_municipal,0.06666666666666667,2019-06
2301604,Assaré,CE,2019,6,0.0,climatology_municipal,0.0,2019-06
2301901,Barbalha,CE,2019,6,2.0,climatology_municipal,0.0,2019-06
2302503,Brejo Santo,CE,2019,6,0.0,climatology_municipal,0.0,2019-06
2302701,Campos Sales,CE,2019,6,0.0,climatology_municipal,0.0,2019-06
2304202,Crato,CE,2019,6,0.0,climatology_municipal,0.06666666666666667,2019-06
2304301,Farias Brito,CE,2019,6,0.0,climatology_municipal,0.0,2019-06
2307106,Jardim,CE,2019,6,0.0,climatology_municipal,0.0,2019-06
2307205,Jati,CE,2019,6,0.0,climatology_municipal,0.0,2019-06
2308401,Missão Velha,CE,2019,6,0.0,climatology_municipal,0.13333333333333333,2019-06
2309201,Nova Olinda,CE,2019,6,0.0,climatology_municipal,0.0,2019-06
2310605,Penaforte,CE,2019,6,0.0,climatology_municipal,0.0,2019-06
2311108,Porteiras,CE,2019,6,0.0,climatology_municipal,0.06666666666666667,2019-06
2311207,Potengi,CE,2019,6,0.0,climatology_municipal,0.0,2019-06
2311959,Salitre,CE,2019,6,0.0,climatology_municipal,0.13333333333333333,2019-06
2312106,Santana do Cariri,CE,2019,6,0.0,climatology_municipal,0.0,2019-06
2601102,Araripina,PE,2019,6,0.0,climatology_municipal,0.5333333333333333,2019-06
2602001,Bodocó,PE,2019,6,0.0,climatology_municipal,0.0,2019-06
2604304,Cedro,PE,2019,6,0.0,climatology_municipal,0.0,2019-06
2605301,Exu,PE,2019,6,1.0,climatology_municipal,0.06666666666666667,2019-06
2607307,Ipubi,PE,2019,6,0.0,climatology_municipal,0.0,2019-06
2614006,Serrita,PE,2019,6,0.0,climatology_municipal,0.0,2019-06
2614303,Moreilândia,PE,2019,6,0.0,climatology_municipal,0.0,2019-06
2615607,Trindade,PE,2019,6,0.0,climatology_municipal,0.0,2019-06
2200277,Alegrete do Piauí,PI,2019,6,0.0,climatology_apa_intensity12,0.0,2019-06
2202091,Caldeirão Grande do Piauí,PI,2019,6,0.0,climatology_apa_intensity12,0.0748390071973253,2019-06
2202554,Caridade do Piauí,PI,2019,6,0.0,climatology_apa_intensity12,0.0,2019-06
2203271,Curral Novo do Piauí,PI,2019,6,0.0,climatology_apa_intensity12,0.0,2019-06
2204154,Francisco Macedo,PI,2019,6,0.0,climatology_apa_intensity12,0.0,2019-06
2204303,Fronteiras,PI,2019,6,0.0,climatology_apa_intensity12,0.0,2019-06
2205953,Marcolândia,PI,2019,6,0.0,climatology_apa_intensity12,0.0,2019-06
2207207,Padre Marcos,PI,2019,6,0.0,climatology_apa_intensity12,0.0,2019-06
2210300,São Julião,PI,2019,6,0.0,climatology_apa_intensity12,0.0,2019-06
2210706,Simões,PI,2019,6,0.0,climatology_apa_intensity12,0.03741950359866265,2019-06
2300101,Abaiara,CE,2019,6,0.0,climatology_apa_intensity12,0.0,2019-06
2300606,Altaneira,CE,2019,6,0.0,climatology_apa_intensity12,0.0,2019-06
2301307,Araripe,CE,2019,6,0.0,climatology_apa_intensity12,0.03741950359866265,2019-06
2301604,Assaré,CE,2019,6,0.0,climatology_apa_intensity12,0.0,2019-06
2301901,Barbalha,CE,2019,6,2.0,climatology_apa_intensity12,0.0,2019-06
2302503,Brejo Santo,CE,2019,6,0.0,climatology_apa_intensity12,0.0,2019-06
2302701,Campos Sales,CE,2019,6,0.0,climatology_apa_intensity12,0.0,2019-06
2304202,Crato,CE,2019,6,0.0,climatology_apa_intensity12,0.03741950359866265,2019-06
2304301,Farias Brito,CE,2019,6,0.0,climatology_apa_intensity12,0.0,2019-06
2307106,Jardim,CE,2019,6,0.0,climatology_apa_intensity12,0.0,2019-06
2307205,Jati,CE,2019,6,0.0,climatology_apa_intensity12,0.0,2019-06
2308401,Missão Velha,CE,2019,6,0.0,climatology_apa_intensity12,0.0748390071973253,2019-06
2309201,Nova Olinda,CE,2019,6,0.0,climatology_apa_intensity12,0.0,2019-06
2310605,Penaforte,CE,2019,6,0.0,climatology_apa_intensity12,0.0,2019-06
2311108,Porteiras,CE,2019,6,0.0,climatology_apa_intensity12,0.03741950359866265,2019-06
2311207,Potengi,CE,2019,6,0.0,climatology_apa_intensity12,0.0,2019-06
2311959,Salitre,CE,2019,6,0.0,climatology_apa_intensity12,0.0748390071973253,2019-06
2312106,Santana do Cariri,CE,2019,6,0.0,climatology_apa_intensity12,0.0,2019-06
2601102,Araripina,PE,2019,6,0.0,climatology_apa_intensity12,0.2993560287893012,2019-06
2602001,Bodocó,PE,2019,6,0.0,climatology_apa_intensity12,0.0,2019-06
2604304,Cedro,PE,2019,6,0.0,climatology_apa_intensity12,0.0,2019-06
2605301,Exu,PE,2019,6,1.0,climatology_apa_intensity12,0.03741950359866265,2019-06
2607307,Ipubi,PE,2019,6,0.0,climatology_apa_intensity12,0.0,2019-06
2614006,Serrita,PE,2019,6,0.0,climatology_apa_intensity12,0.0,2019-06
2614303,Moreilândia,PE,2019,6,0.0,climatology_apa_intensity12,0.0,2019-06
2615607,Trindade,PE,2019,6,0.0,climatology_apa_intensity12,0.0,2019-06
2200277,Alegrete do Piauí,PI,2019,7,0.0,climatology_municipal,0.0,2019-07
2202091,Caldeirão Grande do Piauí,PI,2019,7,0.0,climatology_municipal,0.0,2019-07
2202554,Caridade do Piauí,PI,2019,7,0.0,climatology_municipal,0.0,2019-07
2203271,Curral Novo do Piauí,PI,2019,7,0.0,climatology_municipal,0.06666666666666667,2019-07
2204154,Francisco Macedo,PI,2019,7,0.0,climatology_municipal,0.0,2019-07
2204303,Fronteiras,PI,2019,7,1.0,climatology_municipal,0.0,2019-07
2205953,Marcolândia,PI,2019,7,0.0,climatology_municipal,0.0,2019-07
2207207,Padre Marcos,PI,2019,7,0.0,climatology_municipal,0.0,2019-07
2210300,São Julião,PI,2019,7,0.0,climatology_municipal,0.0,2019-07
2210706,Simões,PI,2019,7,0.0,climatology_municipal,0.0,2019-07
2300101,Abaiara,CE,2019,7,0.0,climatology_municipal,0.2,2019-07
2300606,Altaneira,CE,2019,7,0.0,climatology_municipal,0.0,2019-07
2301307,Araripe,CE,2019,7,1.0,climatology_municipal,0.3333333333333333,2019-07
2301604,Assaré,CE,2019,7,0.0,climatology_municipal,0.06666666666666667,2019-07
2301901,Barbalha,CE,2019,7,0.0,climatology_municipal,0.06666666666666667,2019-07
2302503,Brejo Santo,CE,2019,7,0.0,climatology_municipal,0.2,2019-07
2302701,Campos Sales,CE,2019,7,0.0,climatology_municipal,0.0,2019-07
2304202,Crato,CE,2019,7,0.0,climatology_municipal,0.0,2019-07
2304301,Farias Brito,CE,2019,7,0.0,climatology_municipal,0.26666666666666666,2019-07
2307106,Jardim,CE,2019,7,0.0,climatology_municipal,0.0,2019-07
2307205,Jati,CE,2019,7,0.0,climatology_municipal,0.0,2019-07
2308401,Missão Velha,CE,2019,7,0.0,climatology_municipal,0.13333333333333333,2019-07
2309201,Nova Olinda,CE,2019,7,0.0,climatology_municipal,0.4666666666666667,2019-07
2310605,Penaforte,CE,2019,7,0.0,climatology_municipal,0.0,2019-07
2311108,Porteiras,CE,2019,7,0.0,climatology_municipal,0.2,2019-07
2311207,Potengi,CE,2019,7,0.0,climatology_municipal,0.13333333333333333,2019-07
2311959,Salitre,CE,2019,7,0.0,climatology_municipal,0.0,2019-07
2312106,Santana do Cariri,CE,2019,7,0.0,climatology_municipal,0.26666666666666666,2019-07
2601102,Araripina,PE,2019,7,0.0,climatology_municipal,0.9333333333333333,2019-07
2602001,Bodocó,PE,2019,7,0.0,climatology_municipal,0.2,2019-07
2604304,Cedro,PE,2019,7,0.0,climatology_municipal,0.0,2019-07
2605301,Exu,PE,2019,7,0.0,climatology_municipal,0.06666666666666667,2019-07
2607307,Ipubi,PE,2019,7,0.0,climatology_municipal,0.13333333333333333,2019-07
2614006,Serrita,PE,2019,7,0.0,climatology_municipal,0.0,2019-07
2614303,Moreilândia,PE,2019,7,0.0,climatology_municipal,0.13333333333333333,2019-07
2615607,Trindade,PE,2019,7,0.0,climatology_municipal,0.0,2019-07
2200277,Alegrete do Piauí,PI,2019,7,0.0,climatology_apa_intensity12,0.0,2019-07
2202091,Caldeirão Grande do Piauí,PI,2019,7,0.0,climatology_apa_intensity12,0.0,2019-07
2202554,Caridade do Piauí,PI,2019,7,0.0,climatology_apa_intensity12,0.0,2019-07
2203271,Curral Novo do Piauí,PI,2019,7,0.0,climatology_apa_intensity12,0.037414163149025396,2019-07
2204154,Francisco Macedo,PI,2019,7,0.0,climatology_apa_intensity12,0.0,2019-07
2204303,Fronteiras,PI,2019,7,1.0,climatology_apa_intensity12,0.0,2019-07
2205953,Marcolândia,PI,2019,7,0.0,climatology_apa_intensity12,0.0,2019-07
2207207,Padre Marcos,PI,2019,7,0.0,climatology_apa_intensity12,0.0,2019-07
2210300,São Julião,PI,2019,7,0.0,climatology_apa_intensity12,0.0,2019-07
2210706,Simões,PI,2019,7,0.0,climatology_apa_intensity12,0.0,2019-07
2300101,Abaiara,CE,2019,7,0.0,climatology_apa_intensity12,0.11224248944707621,2019-07
2300606,Altaneira,CE,2019,7,0.0,climatology_apa_intensity12,0.0,2019-07
2301307,Araripe,CE,2019,7,1.0,climatology_apa_intensity12,0.187070815745127,2019-07
2301604,Assaré,CE,2019,7,0.0,climatology_apa_intensity12,0.037414163149025396,2019-07
2301901,Barbalha,CE,2019,7,0.0,climatology_apa_intensity12,0.037414163149025396,2019-07
2302503,Brejo Santo,CE,2019,7,0.0,climatology_apa_intensity12,0.11224248944707621,2019-07
2302701,Campos Sales,CE,2019,7,0.0,climatology_apa_intensity12,0.0,2019-07
2304202,Crato,CE,2019,7,0.0,climatology_apa_intensity12,0.0,2019-07
2304301,Farias Brito,CE,2019,7,0.0,climatology_apa_intensity12,0.14965665259610159,2019-07
2307106,Jardim,CE,2019,7,0.0,climatology_apa_intensity12,0.0,2019-07
2307205,Jati,CE,2019,7,0.0,climatology_apa_intensity12,0.0,2019-07
2308401,Missão Velha,CE,2019,7,0.0,climatology_apa_intensity12,0.07482832629805079,2019-07
2309201,Nova Olinda,CE,2019,7,0.0,climatology_apa_intensity12,0.2618991420431778,2019-07
2310605,Penaforte,CE,2019,7,0.0,climatology_apa_intensity12,0.0,2019-07
2311108,Porteiras,CE,2019,7,0.0,climatology_apa_intensity12,0.11224248944707621,2019-07
2311207,Potengi,CE,2019,7,0.0,climatology_apa_intensity12,0.07482832629805079,2019-07
2311959,Salitre,CE,2019,7,0.0,climatology_apa_intensity12,0.0,2019-07
2312106,Santana do Cariri,CE,2019,7,0.0,climatology_apa_intensity12,0.14965665259610159,2019-07
2601102,Araripina,PE,2019,7,0.0,climatology_apa_intensity12,0.5237982840863556,2019-07
2602001,Bodocó,PE,2019,7,0.0,climatology_apa_intensity12,0.11224248944707621,2019-07
2604304,Cedro,PE,2019,7,0.0,climatology_apa_intensity12,0.0,2019-07
2605301,Exu,PE,2019,7,0.0,climatology_apa_intensity12,0.037414163149025396,2019-07
2607307,Ipubi,PE,2019,7,0.0,climatology_apa_intensity12,0.07482832629805079,2019-07
2614006,Serrita,PE,2019,7,0.0,climatology_apa_intensity12,0.0,2019-07
2614303,Moreilândia,PE,2019,7,0.0,climatology_apa_intensity12,0.07482832629805079,2019-07
2615607,Trindade,PE,2019,7,0.0,climatology_apa_intensity12,0.0,2019-07
2200277,Alegrete do Piauí,PI,2019,8,0.0,climatology_municipal,0.06666666666666667,2019-08
2202091,Caldeirão Grande do Piauí,PI,2019,8,0.0,climatology_municipal,0.13333333333333333,2019-08
2202554,Caridade do Piauí,PI,2019,8,0.0,climatology_municipal,0.0,2019-08
2203271,Curral Novo do Piauí,PI,2019,8,0.0,climatology_municipal,0.0,2019-08
2204154,Francisco Macedo,PI,2019,8,0.0,climatology_municipal,0.0,2019-08
2204303,Fronteiras,PI,2019,8,1.0,climatology_municipal,0.13333333333333333,2019-08
2205953,Marcolândia,PI,2019,8,0.0,climatology_municipal,0.13333333333333333,2019-08
2207207,Padre Marcos,PI,2019,8,3.0,climatology_municipal,0.0,2019-08
2210300,São Julião,PI,2019,8,0.0,climatology_municipal,0.0,2019-08
2210706,Simões,PI,2019,8,2.0,climatology_municipal,0.2,2019-08
2300101,Abaiara,CE,2019,8,4.0,climatology_municipal,0.2,2019-08
2300606,Altaneira,CE,2019,8,0.0,climatology_municipal,0.0,2019-08
2301307,Araripe,CE,2019,8,1.0,climatology_municipal,1.0,2019-08
2301604,Assaré,CE,2019,8,4.0,climatology_municipal,0.9333333333333333,2019-08
2301901,Barbalha,CE,2019,8,3.0,climatology_municipal,1.0666666666666667,2019-08
2302503,Brejo Santo,CE,2019,8,0.0,climatology_municipal,0.2,2019-08
2302701,Campos Sales,CE,2019,8,0.0,climatology_municipal,0.2,2019-08
2304202,Crato,CE,2019,8,1.0,climatology_municipal,1.6,2019-08
2304301,Farias Brito,CE,2019,8,0.0,climatology_municipal,0.2,2019-08
2307106,Jardim,CE,2019,8,0.0,climatology_municipal,0.13333333333333333,2019-08
2307205,Jati,CE,2019,8,0.0,climatology_municipal,0.0,2019-08
2308401,Missão Velha,CE,2019,8,3.0,climatology_municipal,0.4666666666666667,2019-08
2309201,Nova Olinda,CE,2019,8,0.0,climatology_municipal,0.26666666666666666,2019-08
2310605,Penaforte,CE,2019,8,0.0,climatology_municipal,0.0,2019-08
2311108,Porteiras,CE,2019,8,0.0,climatology_municipal,0.0,2019-08
2311207,Potengi,CE,2019,8,0.0,climatology_municipal,0.0,2019-08
2311959,Salitre,CE,2019,8,0.0,climatology_municipal,0.2,2019-08
2312106,Santana do Cariri,CE,2019,8,0.0,climatology_municipal,0.6666666666666666,2019-08
2601102,Araripina,PE,2019,8,0.0,climatology_municipal,1.5333333333333334,2019-08
2602001,Bodocó,PE,2019,8,4.0,climatology_municipal,0.26666666666666666,2019-08
2604304,Cedro,PE,2019,8,0.0,climatology_municipal,0.0,2019-08
2605301,Exu,PE,2019,8,0.0,climatology_municipal,0.5333333333333333,2019-08
2607307,Ipubi,PE,2019,8,0.0,climatology_municipal,0.8,2019-08
2614006,Serrita,PE,2019,8,0.0,climatology_municipal,0.26666666666666666,2019-08
2614303,Moreilândia,PE,2019,8,0.0,climatology_municipal,0.0,2019-08
2615607,Trindade,PE,2019,8,0.0,climatology_municipal,0.26666666666666666,2019-08
2200277,Alegrete do Piauí,PI,2019,8,0.0,climatology_apa_intensity12,0.03750775464043174,2019-08
2202091,Caldeirão Grande do Piauí,PI,2019,8,0.0,climatology_apa_intensity12,0.07501550928086348,2019-08
2202554,Caridade do Piauí,PI,2019,8,0.0,climatology_apa_intensity12,0.0,2019-08
2203271,Curral Novo do Piauí,PI,2019,8,0.0,climatology_apa_intensity12,0.0,2019-08
2204154,Francisco Macedo,PI,2019,8,0.0,climatology_apa_intensity12,0.0,2019-08
2204303,Fronteiras,PI,2019,8,1.0,climatology_apa_intensity12,0.07501550928086348,2019-08
2205953,Marcolândia,PI,2019,8,0.0,climatology_apa_intensity12,0.07501550928086348,2019-08
2207207,Padre Marcos,PI,2019,8,3.0,climatology_apa_intensity12,0.0,2019-08
2210300,São Julião,PI,2019,8,0.0,climatology_apa_intensity12,0.0,2019-08
2210706,Simões,PI,2019,8,2.0,climatology_apa_intensity12,0.11252326392129522,2019-08
2300101,Abaiara,CE,2019,8,4.0,climatology_apa_intensity12,0.11252326392129522,2019-08
2300606,Altaneira,CE,2019,8,0.0,climatology_apa_intensity12,0.0,2019-08
2301307,Araripe,CE,2019,8,1.0,climatology_apa_intensity12,0.5626163196064761,2019-08
2301604,Assaré,CE,2019,8,4.0,climatology_apa_intensity12,0.5251085649660443,2019-08
2301901,Barbalha,CE,2019,8,3.0,climatology_apa_intensity12,0.6001240742469078,2019-08
2302503,Brejo Santo,CE,2019,8,0.0,climatology_apa_intensity12,0.11252326392129522,2019-08
2302701,Campos Sales,CE,2019,8,0.0,climatology_apa_intensity12,0.11252326392129522,2019-08
2304202,Crato,CE,2019,8,1.0,climatology_apa_intensity12,0.9001861113703618,2019-08
2304301,Farias Brito,CE,2019,8,0.0,climatology_apa_intensity12,0.11252326392129522,2019-08
2307106,Jardim,CE,2019,8,0.0,climatology_apa_intensity12,0.07501550928086348,2019-08
2307205,Jati,CE,2019,8,0.0,climatology_apa_intensity12,0.0,2019-08
2308401,Missão Velha,CE,2019,8,3.0,climatology_apa_intensity12,0.26255428248302215,2019-08
2309201,Nova Olinda,CE,2019,8,0.0,climatology_apa_intensity12,0.15003101856172696,2019-08
2310605,Penaforte,CE,2019,8,0.0,climatology_apa_intensity12,0.0,2019-08
2311108,Porteiras,CE,2019,8,0.0,climatology_apa_intensity12,0.0,2019-08
2311207,Potengi,CE,2019,8,0.0,climatology_apa_intensity12,0.0,2019-08
2311959,Salitre,CE,2019,8,0.0,climatology_apa_intensity12,0.11252326392129522,2019-08
2312106,Santana do Cariri,CE,2019,8,0.0,climatology_apa_intensity12,0.37507754640431734,2019-08
2601102,Araripina,PE,2019,8,0.0,climatology_apa_intensity12,0.86267835672993,2019-08
2602001,Bodocó,PE,2019,8,4.0,climatology_apa_intensity12,0.15003101856172696,2019-08
2604304,Cedro,PE,2019,8,0.0,climatology_apa_intensity12,0.0,2019-08
2605301,Exu,PE,2019,8,0.0,climatology_apa_intensity12,0.3000620371234539,2019-08
2607307,Ipubi,PE,2019,8,0.0,climatology_apa_intensity12,0.4500930556851809,2019-08
2614006,Serrita,PE,2019,8,0.0,climatology_apa_intensity12,0.15003101856172696,2019-08
2614303,Moreilândia,PE,2019,8,0.0,climatology_apa_intensity12,0.0,2019-08
2615607,Trindade,PE,2019,8,0.0,climatology_apa_intensity12,0.15003101856172696,2019-08
2200277,Alegrete do Piauí,PI,2019,9,3.0,climatology_municipal,0.4666666666666667,2019-09
2202091,Caldeirão Grande do Piauí,PI,2019,9,1.0,climatology_municipal,1.8666666666666667,2019-09
2202554,Caridade do Piauí,PI,2019,9,0.0,climatology_municipal,1.9333333333333333,2019-09
2203271,Curral Novo do Piauí,PI,2019,9,1.0,climatology_municipal,2.0,2019-09
2204154,Francisco Macedo,PI,2019,9,0.0,climatology_municipal,0.2,2019-09
2204303,Fronteiras,PI,2019,9,0.0,climatology_municipal,2.6,2019-09
2205953,Marcolândia,PI,2019,9,0.0,climatology_municipal,0.8,2019-09
2207207,Padre Marcos,PI,2019,9,0.0,climatology_municipal,0.13333333333333333,2019-09
2210300,São Julião,PI,2019,9,0.0,climatology_municipal,1.5333333333333334,2019-09
2210706,Simões,PI,2019,9,3.0,climatology_municipal,1.4666666666666666,2019-09
2300101,Abaiara,CE,2019,9,0.0,climatology_municipal,0.3333333333333333,2019-09
2300606,Altaneira,CE,2019,9,1.0,climatology_municipal,0.13333333333333333,2019-09
2301307,Araripe,CE,2019,9,9.0,climatology_municipal,6.866666666666666,2019-09
2301604,Assaré,CE,2019,9,0.0,climatology_municipal,1.2,2019-09
2301901,Barbalha,CE,2019,9,4.0,climatology_municipal,2.7333333333333334,2019-09
2302503,Brejo Santo,CE,2019,9,2.0,climatology_municipal,1.2,2019-09
2302701,Campos Sales,CE,2019,9,0.0,climatology_municipal,1.5333333333333334,2019-09
2304202,Crato,CE,2019,9,0.0,climatology_municipal,3.7333333333333334,2019-09
2304301,Farias Brito,CE,2019,9,26.0,climatology_municipal,1.4,2019-09
2307106,Jardim,CE,2019,9,0.0,climatology_municipal,1.6,2019-09
2307205,Jati,CE,2019,9,0.0,climatology_municipal,0.6,2019-09
2308401,Missão Velha,CE,2019,9,8.0,climatology_municipal,2.7333333333333334,2019-09
2309201,Nova Olinda,CE,2019,9,0.0,climatology_municipal,0.8,2019-09
2310605,Penaforte,CE,2019,9,0.0,climatology_municipal,0.0,2019-09
2311108,Porteiras,CE,2019,9,0.0,climatology_municipal,1.0666666666666667,2019-09
2311207,Potengi,CE,2019,9,0.0,climatology_municipal,1.2,2019-09
2311959,Salitre,CE,2019,9,0.0,climatology_municipal,1.4666666666666666,2019-09
2312106,Santana do Cariri,CE,2019,9,3.0,climatology_municipal,1.8666666666666667,2019-09
2601102,Araripina,PE,2019,9,5.0,climatology_municipal,8.533333333333333,2019-09
2602001,Bodocó,PE,2019,9,9.0,climatology_municipal,11.133333333333333,2019-09
2604304,Cedro,PE,2019,9,1.0,climatology_municipal,0.0,2019-09
2605301,Exu,PE,2019,9,4.0,climatology_municipal,2.933333333333333,2019-09
2607307,Ipubi,PE,2019,9,1.0,climatology_municipal,4.0,2019-09
2614006,Serrita,PE,2019,9,0.0,climatology_municipal,4.8,2019-09
2614303,Moreilândia,PE,2019,9,2.0,climatology_municipal,1.2666666666666666,2019-09
2615607,Trindade,PE,2019,9,1.0,climatology_municipal,1.0666666666666667,2019-09
2200277,Alegrete do Piauí,PI,2019,9,3.0,climatology_apa_intensity12,0.2702243278663355,2019-09
2202091,Caldeirão Grande do Piauí,PI,2019,9,1.0,climatology_apa_intensity12,1.080897311465342,2019-09
2202554,Caridade do Piauí,PI,2019,9,0.0,climatology_apa_intensity12,1.1195007868748186,2019-09
2203271,Curral Novo do Piauí,PI,2019,9,1.0,climatology_apa_intensity12,1.158104262284295,2019-09
2204154,Francisco Macedo,PI,2019,9,0.0,climatology_apa_intensity12,0.1158104262284295,2019-09
2204303,Fronteiras,PI,2019,9,0.0,climatology_apa_intensity12,1.5055355409695834,2019-09
2205953,Marcolândia,PI,2019,9,0.0,climatology_apa_intensity12,0.463241704913718,2019-09
2207207,Padre Marcos,PI,2019,9,0.0,climatology_apa_intensity12,0.077206950818953,2019-09
2210300,São Julião,PI,2019,9,0.0,climatology_apa_intensity12,0.8878799344179595,2019-09
2210706,Simões,PI,2019,9,3.0,climatology_apa_intensity12,0.8492764590084829,2019-09
2300101,Abaiara,CE,2019,9,0.0,climatology_apa_intensity12,0.19301737704738248,2019-09
2300606,Altaneira,CE,2019,9,1.0,climatology_apa_intensity12,0.077206950818953,2019-09
2301307,Araripe,CE,2019,9,9.0,climatology_apa_intensity12,3.976157967176079,2019-09
2301604,Assaré,CE,2019,9,0.0,climatology_apa_intensity12,0.694862557370577,2019-09
2301901,Barbalha,CE,2019,9,4.0,climatology_apa_intensity12,1.5827424917885364,2019-09
2302503,Brejo Santo,CE,2019,9,2.0,climatology_apa_intensity12,0.694862557370577,2019-09
2302701,Campos Sales,CE,2019,9,0.0,climatology_apa_intensity12,0.8878799344179595,2019-09
2304202,Crato,CE,2019,9,0.0,climatology_apa_intensity12,2.161794622930684,2019-09
2304301,Farias Brito,CE,2019,9,26.0,climatology_apa_intensity12,0.8106729835990064,2019-09
2307106,Jardim,CE,2019,9,0.0,climatology_apa_intensity12,0.926483409827436,2019-09
2307205,Jati,CE,2019,9,0.0,climatology_apa_intensity12,0.3474312786852885,2019-09
2308401,Missão Velha,CE,2019,9,8.0,climatology_apa_intensity12,1.5827424917885364,2019-09
2309201,Nova Olinda,CE,2019,9,0.0,climatology_apa_intensity12,0.463241704913718,2019-09
2310605,Penaforte,CE,2019,9,0.0,climatology_apa_intensity12,0.0,2019-09
2311108,Porteiras,CE,2019,9,0.0,climatology_apa_intensity12,0.617655606551624,2019-09
2311207,Potengi,CE,2019,9,0.0,climatology_apa_intensity12,0.694862557370577,2019-09
2311959,Salitre,CE,2019,9,0.0,climatology_apa_intensity12,0.8492764590084829,2019-09
2312106,Santana do Cariri,CE,2019,9,3.0,climatology_apa_intensity12,1.080897311465342,2019-09
2601102,Araripina,PE,2019,9,5.0,climatology_apa_intensity12,4.941244852412992,2019-09
2602001,Bodocó,PE,2019,9,9.0,climatology_apa_intensity12,6.446780393382575,2019-09
2604304,Cedro,PE,2019,9,1.0,climatology_apa_intensity12,0.0,2019-09
2605301,Exu,PE,2019,9,4.0,climatology_apa_intensity12,1.6985529180169658,2019-09
2607307,Ipubi,PE,2019,9,1.0,climatology_apa_intensity12,2.31620852456859,2019-09
2614006,Serrita,PE,2019,9,0.0,climatology_apa_intensity12,2.779450229482308,2019-09
2614303,Moreilândia,PE,2019,9,2.0,climatology_apa_intensity12,0.7334660327800534,2019-09
2615607,Trindade,PE,2019,9,1.0,climatology_apa_intensity12,0.617655606551624,2019-09
2200277,Alegrete do Piauí,PI,2019,10,0.0,climatology_municipal,1.0,2019-10
2202091,Caldeirão Grande do Piauí,PI,2019,10,5.0,climatology_municipal,5.4,2019-10
2202554,Caridade do Piauí,PI,2019,10,9.0,climatology_municipal,9.333333333333334,2019-10
2203271,Curral Novo do Piauí,PI,2019,10,4.0,climatology_municipal,6.2,2019-10
2204154,Francisco Macedo,PI,2019,10,0.0,climatology_municipal,2.1333333333333333,2019-10
2204303,Fronteiras,PI,2019,10,8.0,climatology_municipal,6.533333333333333,2019-10
2205953,Marcolândia,PI,2019,10,0.0,climatology_municipal,1.0,2019-10
2207207,Padre Marcos,PI,2019,10,3.0,climatology_municipal,2.066666666666667,2019-10
2210300,São Julião,PI,2019,10,2.0,climatology_municipal,1.0,2019-10
2210706,Simões,PI,2019,10,7.0,climatology_municipal,7.866666666666666,2019-10
2300101,Abaiara,CE,2019,10,5.0,climatology_municipal,0.7333333333333333,2019-10
2300606,Altaneira,CE,2019,10,0.0,climatology_municipal,0.4666666666666667,2019-10
2301307,Araripe,CE,2019,10,4.0,climatology_municipal,11.066666666666666,2019-10
2301604,Assaré,CE,2019,10,5.0,climatology_municipal,3.2,2019-10
2301901,Barbalha,CE,2019,10,11.0,climatology_municipal,2.533333333333333,2019-10
2302503,Brejo Santo,CE,2019,10,4.0,climatology_municipal,2.8,2019-10
2302701,Campos Sales,CE,2019,10,1.0,climatology_municipal,2.533333333333333,2019-10
2304202,Crato,CE,2019,10,9.0,climatology_municipal,8.2,2019-10
2304301,Farias Brito,CE,2019,10,3.0,climatology_municipal,3.1333333333333333,2019-10
2307106,Jardim,CE,2019,10,6.0,climatology_municipal,2.0,2019-10
2307205,Jati,CE,2019,10,5.0,climatology_municipal,2.1333333333333333,2019-10
2308401,Missão Velha,CE,2019,10,6.0,climatology_municipal,4.733333333333333,2019-10
2309201,Nova Olinda,CE,2019,10,1.0,climatology_municipal,0.9333333333333333,2019-10
2310605,Penaforte,CE,2019,10,0.0,climatology_municipal,0.2,2019-10
2311108,Porteiras,CE,2019,10,1.0,climatology_municipal,0.4666666666666667,2019-10
2311207,Potengi,CE,2019,10,8.0,climatology_municipal,1.8,2019-10
2311959,Salitre,CE,2019,10,1.0,climatology_municipal,4.133333333333334,2019-10
2312106,Santana do Cariri,CE,2019,10,9.0,climatology_municipal,6.4,2019-10
2601102,Araripina,PE,2019,10,12.0,climatology_municipal,19.066666666666666,2019-10
2602001,Bodocó,PE,2019,10,17.0,climatology_municipal,34.86666666666667,2019-10
2604304,Cedro,PE,2019,10,0.0,climatology_municipal,0.2,2019-10
2605301,Exu,PE,2019,10,10.0,climatology_municipal,12.533333333333333,2019-10
2607307,Ipubi,PE,2019,10,6.0,climatology_municipal,10.466666666666667,2019-10
2614006,Serrita,PE,2019,10,5.0,climatology_municipal,9.533333333333333,2019-10
2614303,Moreilândia,PE,2019,10,6.0,climatology_municipal,4.466666666666667,2019-10
2615607,Trindade,PE,2019,10,6.0,climatology_municipal,2.6,2019-10
2200277,Alegrete do Piauí,PI,2019,10,0.0,climatology_apa_intensity12,0.6116107393584664,2019-10
2202091,Caldeirão Grande do Piauí,PI,2019,10,5.0,climatology_apa_intensity12,3.302697992535719,2019-10
2202554,Caridade do Piauí,PI,2019,10,9.0,climatology_apa_intensity12,5.70836690067902,2019-10
2203271,Curral Novo do Piauí,PI,2019,10,4.0,climatology_apa_intensity12,3.7919865840224922,2019-10
2204154,Francisco Macedo,PI,2019,10,0.0,climatology_apa_intensity12,1.3047695772980616,2019-10
2204303,Fronteiras,PI,2019,10,8.0,climatology_apa_intensity12,3.995856830475314,2019-10
2205953,Marcolândia,PI,2019,10,0.0,climatology_apa_intensity12,0.6116107393584664,2019-10
2207207,Padre Marcos,PI,2019,10,3.0,climatology_apa_intensity12,1.2639955280074975,2019-10
2210300,São Julião,PI,2019,10,2.0,climatology_apa_intensity12,0.6116107393584664,2019-10
2210706,Simões,PI,2019,10,7.0,climatology_apa_intensity12,4.811337816286603,2019-10
2300101,Abaiara,CE,2019,10,5.0,climatology_apa_intensity12,0.4485145421962087,2019-10
2300606,Altaneira,CE,2019,10,0.0,climatology_apa_intensity12,0.285418345033951,2019-10
2301307,Araripe,CE,2019,10,4.0,climatology_apa_intensity12,6.768492182233695,2019-10
2301604,Assaré,CE,2019,10,5.0,climatology_apa_intensity12,1.9571543659470927,2019-10
2301901,Barbalha,CE,2019,10,11.0,climatology_apa_intensity12,1.5494138730414482,2019-10
2302503,Brejo Santo,CE,2019,10,4.0,climatology_apa_intensity12,1.712510070203706,2019-10
2302701,Campos Sales,CE,2019,10,1.0,climatology_apa_intensity12,1.5494138730414482,2019-10
2304202,Crato,CE,2019,10,9.0,climatology_apa_intensity12,5.015208062739425,2019-10
2304301,Farias Brito,CE,2019,10,3.0,climatology_apa_intensity12,1.916380316656528,2019-10
2307106,Jardim,CE,2019,10,6.0,climatology_apa_intensity12,1.2232214787169329,2019-10
2307205,Jati,CE,2019,10,5.0,climatology_apa_intensity12,1.3047695772980616,2019-10
2308401,Missão Velha,CE,2019,10,6.0,climatology_apa_intensity12,2.8949574996300744,2019-10
2309201,Nova Olinda,CE,2019,10,1.0,climatology_apa_intensity12,0.570836690067902,2019-10
2310605,Penaforte,CE,2019,10,0.0,climatology_apa_intensity12,0.1223221478716933,2019-10
2311108,Porteiras,CE,2019,10,1.0,climatology_apa_intensity12,0.285418345033951,2019-10
2311207,Potengi,CE,2019,10,8.0,climatology_apa_intensity12,1.1008993308452397,2019-10
2311959,Salitre,CE,2019,10,1.0,climatology_apa_intensity12,2.527991056014995,2019-10
2312106,Santana do Cariri,CE,2019,10,9.0,climatology_apa_intensity12,3.9143087318941854,2019-10
2601102,Araripina,PE,2019,10,12.0,climatology_apa_intensity12,11.661378097101426,2019-10
2602001,Bodocó,PE,2019,10,17.0,climatology_apa_intensity12,21.324827778965197,2019-10
2604304,Cedro,PE,2019,10,0.0,climatology_apa_intensity12,0.1223221478716933,2019-10
2605301,Exu,PE,2019,10,10.0,climatology_apa_intensity12,7.665521266626112,2019-10
2607307,Ipubi,PE,2019,10,6.0,climatology_apa_intensity12,6.4015257386186155,2019-10
2614006,Serrita,PE,2019,10,5.0,climatology_apa_intensity12,5.830689048550713,2019-10
2614303,Moreilândia,PE,2019,10,6.0,climatology_apa_intensity12,2.731861302467817,2019-10
2615607,Trindade,PE,2019,10,6.0,climatology_apa_intensity12,1.5901879223320128,2019-10
2200277,Alegrete do Piauí,PI,2019,11,2.0,climatology_municipal,1.3333333333333333,2019-11
2202091,Caldeirão Grande do Piauí,PI,2019,11,0.0,climatology_municipal,5.466666666666667,2019-11
2202554,Caridade do Piauí,PI,2019,11,2.0,climatology_municipal,3.8666666666666667,2019-11
2203271,Curral Novo do Piauí,PI,2019,11,6.0,climatology_municipal,2.4,2019-11
2204154,Francisco Macedo,PI,2019,11,0.0,climatology_municipal,2.6,2019-11
2204303,Fronteiras,PI,2019,11,3.0,climatology_municipal,8.0,2019-11
2205953,Marcolândia,PI,2019,11,3.0,climatology_municipal,1.2666666666666666,2019-11
2207207,Padre Marcos,PI,2019,11,1.0,climatology_municipal,3.3333333333333335,2019-11
2210300,São Julião,PI,2019,11,0.0,climatology_municipal,1.6,2019-11
2210706,Simões,PI,2019,11,4.0,climatology_municipal,8.733333333333333,2019-11
2300101,Abaiara,CE,2019,11,2.0,climatology_municipal,2.3333333333333335,2019-11
2300606,Altaneira,CE,2019,11,0.0,climatology_municipal,0.26666666666666666,2019-11
2301307,Araripe,CE,2019,11,9.0,climatology_municipal,14.133333333333333,2019-11
2301604,Assaré,CE,2019,11,3.0,climatology_municipal,5.133333333333334,2019-11
2301901,Barbalha,CE,2019,11,7.0,climatology_municipal,4.666666666666667,2019-11
2302503,Brejo Santo,CE,2019,11,1.0,climatology_municipal,5.4,2019-11
2302701,Campos Sales,CE,2019,11,1.0,climatology_municipal,3.4,2019-11
2304202,Crato,CE,2019,11,11.0,climatology_municipal,10.266666666666667,2019-11
2304301,Farias Brito,CE,2019,11,1.0,climatology_municipal,3.1333333333333333,2019-11
2307106,Jardim,CE,2019,11,3.0,climatology_municipal,2.7333333333333334,2019-11
2307205,Jati,CE,2019,11,0.0,climatology_municipal,2.6,2019-11
2308401,Missão Velha,CE,2019,11,4.0,climatology_municipal,9.266666666666667,2019-11
2309201,Nova Olinda,CE,2019,11,3.0,climatology_municipal,3.3333333333333335,2019-11
2310605,Penaforte,CE,2019,11,0.0,climatology_municipal,0.2,2019-11
2311108,Porteiras,CE,2019,11,0.0,climatology_municipal,1.6,2019-11
2311207,Potengi,CE,2019,11,1.0,climatology_municipal,2.2666666666666666,2019-11
2311959,Salitre,CE,2019,11,4.0,climatology_municipal,9.133333333333333,2019-11
2312106,Santana do Cariri,CE,2019,11,2.0,climatology_municipal,12.4,2019-11
2601102,Araripina,PE,2019,11,5.0,climatology_municipal,14.2,2019-11
2602001,Bodocó,PE,2019,11,15.0,climatology_municipal,31.866666666666667,2019-11
2604304,Cedro,PE,2019,11,0.0,climatology_municipal,0.06666666666666667,2019-11
2605301,Exu,PE,2019,11,15.0,climatology_municipal,16.533333333333335,2019-11
2607307,Ipubi,PE,2019,11,2.0,climatology_municipal,8.933333333333334,2019-11
2614006,Serrita,PE,2019,11,8.0,climatology_municipal,10.866666666666667,2019-11
2614303,Moreilândia,PE,2019,11,1.0,climatology_municipal,6.133333333333334,2019-11
2615607,Trindade,PE,2019,11,8.0,climatology_municipal,1.0666666666666667,2019-11
2200277,Alegrete do Piauí,PI,2019,11,2.0,climatology_apa_intensity12,0.9411351564900576,2019-11
2202091,Caldeirão Grande do Piauí,PI,2019,11,0.0,climatology_apa_intensity12,3.858654141609237,2019-11
2202554,Caridade do Piauí,PI,2019,11,2.0,climatology_apa_intensity12,2.7292919538211673,2019-11
2203271,Curral Novo do Piauí,PI,2019,11,6.0,climatology_apa_intensity12,1.6940432816821038,2019-11
2204154,Francisco Macedo,PI,2019,11,0.0,climatology_apa_intensity12,1.8352135551556126,2019-11
2204303,Fronteiras,PI,2019,11,3.0,climatology_apa_intensity12,5.646810938940346,2019-11
2205953,Marcolândia,PI,2019,11,3.0,climatology_apa_intensity12,0.8940783986655548,2019-11
2207207,Padre Marcos,PI,2019,11,1.0,climatology_apa_intensity12,2.3528378912251444,2019-11
2210300,São Julião,PI,2019,11,0.0,climatology_apa_intensity12,1.1293621877880693,2019-11
2210706,Simões,PI,2019,11,4.0,climatology_apa_intensity12,6.164435275009877,2019-11
2300101,Abaiara,CE,2019,11,2.0,climatology_apa_intensity12,1.6469865238576011,2019-11
2300606,Altaneira,CE,2019,11,0.0,climatology_apa_intensity12,0.18822703129801155,2019-11
2301307,Araripe,CE,2019,11,9.0,climatology_apa_intensity12,9.976032658794612,2019-11
2301604,Assaré,CE,2019,11,3.0,climatology_apa_intensity12,3.6233703524867225,2019-11
2301901,Barbalha,CE,2019,11,7.0,climatology_apa_intensity12,3.2939730477152023,2019-11
2302503,Brejo Santo,CE,2019,11,1.0,climatology_apa_intensity12,3.811597383784734,2019-11
2302701,Campos Sales,CE,2019,11,1.0,climatology_apa_intensity12,2.399894649049647,2019-11
2304202,Crato,CE,2019,11,11.0,climatology_apa_intensity12,7.246740704973445,2019-11
2304301,Farias Brito,CE,2019,11,1.0,climatology_apa_intensity12,2.2116676177516355,2019-11
2307106,Jardim,CE,2019,11,3.0,climatology_apa_intensity12,1.9293270708046184,2019-11
2307205,Jati,CE,2019,11,0.0,climatology_apa_intensity12,1.8352135551556126,2019-11
2308401,Missão Velha,CE,2019,11,4.0,climatology_apa_intensity12,6.540889337605901,2019-11
2309201,Nova Olinda,CE,2019,11,3.0,climatology_apa_intensity12,2.3528378912251444,2019-11
2310605,Penaforte,CE,2019,11,0.0,climatology_apa_intensity12,0.14117027347350866,2019-11
2311108,Porteiras,CE,2019,11,0.0,climatology_apa_intensity12,1.1293621877880693,2019-11
2311207,Potengi,CE,2019,11,1.0,climatology_apa_intensity12,1.599929766033098,2019-11
2311959,Salitre,CE,2019,11,4.0,climatology_apa_intensity12,6.446775821956895,2019-11
2312106,Santana do Cariri,CE,2019,11,2.0,climatology_apa_intensity12,8.752556955357537,2019-11
2601102,Araripina,PE,2019,11,5.0,climatology_apa_intensity12,10.023089416619115,2019-11
2602001,Bodocó,PE,2019,11,15.0,climatology_apa_intensity12,22.49313024011238,2019-11
2604304,Cedro,PE,2019,11,0.0,climatology_apa_intensity12,0.04705675782450289,2019-11
2605301,Exu,PE,2019,11,15.0,climatology_apa_intensity12,11.670075940476718,2019-11
2607307,Ipubi,PE,2019,11,2.0,climatology_apa_intensity12,6.305605548483387,2019-11
2614006,Serrita,PE,2019,11,8.0,climatology_apa_intensity12,7.6702515253939705,2019-11
2614303,Moreilândia,PE,2019,11,1.0,climatology_apa_intensity12,4.3292217198542655,2019-11
2615607,Trindade,PE,2019,11,8.0,climatology_apa_intensity12,0.7529081251920462,2019-11
2200277,Alegrete do Piauí,PI,2019,12,0.0,climatology_municipal,0.6,2019-12
2202091,Caldeirão Grande do Piauí,PI,2019,12,2.0,climatology_municipal,1.2666666666666666,2019-12
2202554,Caridade do Piauí,PI,2019,12,0.0,climatology_municipal,2.1333333333333333,2019-12
2203271,Curral Novo do Piauí,PI,2019,12,4.0,climatology_municipal,0.4,2019-12
2204154,Francisco Macedo,PI,2019,12,2.0,climatology_municipal,0.9333333333333333,2019-12
2204303,Fronteiras,PI,2019,12,0.0,climatology_municipal,2.2,2019-12
2205953,Marcolândia,PI,2019,12,0.0,climatology_municipal,1.5333333333333334,2019-12
2207207,Padre Marcos,PI,2019,12,0.0,climatology_municipal,0.8666666666666667,2019-12
2210300,São Julião,PI,2019,12,0.0,climatology_municipal,0.26666666666666666,2019-12
2210706,Simões,PI,2019,12,2.0,climatology_municipal,1.8,2019-12
2300101,Abaiara,CE,2019,12,1.0,climatology_municipal,2.2,2019-12
2300606,Altaneira,CE,2019,12,0.0,climatology_municipal,0.6,2019-12
2301307,Araripe,CE,2019,12,4.0,climatology_municipal,6.6,2019-12
2301604,Assaré,CE,2019,12,1.0,climatology_municipal,5.066666666666666,2019-12
2301901,Barbalha,CE,2019,12,8.0,climatology_municipal,2.2,2019-12
2302503,Brejo Santo,CE,2019,12,3.0,climatology_municipal,2.2,2019-12
2302701,Campos Sales,CE,2019,12,0.0,climatology_municipal,1.4666666666666666,2019-12
2304202,Crato,CE,2019,12,6.0,climatology_municipal,6.8,2019-12
2304301,Farias Brito,CE,2019,12,2.0,climatology_municipal,2.1333333333333333,2019-12
2307106,Jardim,CE,2019,12,5.0,climatology_municipal,3.6666666666666665,2019-12
2307205,Jati,CE,2019,12,0.0,climatology_municipal,0.6666666666666666,2019-12
2308401,Missão Velha,CE,2019,12,10.0,climatology_municipal,7.466666666666667,2019-12
2309201,Nova Olinda,CE,2019,12,1.0,climatology_municipal,3.3333333333333335,2019-12
2310605,Penaforte,CE,2019,12,0.0,climatology_municipal,0.3333333333333333,2019-12
2311108,Porteiras,CE,2019,12,8.0,climatology_municipal,1.7333333333333334,2019-12
2311207,Potengi,CE,2019,12,0.0,climatology_municipal,1.6666666666666667,2019-12
2311959,Salitre,CE,2019,12,0.0,climatology_municipal,4.2,2019-12
2312106,Santana do Cariri,CE,2019,12,6.0,climatology_municipal,11.6,2019-12
2601102,Araripina,PE,2019,12,5.0,climatology_municipal,4.333333333333333,2019-12
2602001,Bodocó,PE,2019,12,8.0,climatology_municipal,15.866666666666667,2019-12
2604304,Cedro,PE,2019,12,0.0,climatology_municipal,0.4,2019-12
2605301,Exu,PE,2019,12,15.0,climatology_municipal,12.8,2019-12
2607307,Ipubi,PE,2019,12,3.0,climatology_municipal,4.266666666666667,2019-12
2614006,Serrita,PE,2019,12,1.0,climatology_municipal,5.8,2019-12
2614303,Moreilândia,PE,2019,12,0.0,climatology_municipal,2.6,2019-12
2615607,Trindade,PE,2019,12,1.0,climatology_municipal,0.3333333333333333,2019-12
2200277,Alegrete do Piauí,PI,2019,12,0.0,climatology_apa_intensity12,0.45227681163427247,2019-12
2202091,Caldeirão Grande do Piauí,PI,2019,12,2.0,climatology_apa_intensity12,0.9548066023390197,2019-12
2202554,Caridade do Piauí,PI,2019,12,0.0,climatology_apa_intensity12,1.608095330255191,2019-12
2203271,Curral Novo do Piauí,PI,2019,12,4.0,climatology_apa_intensity12,0.3015178744228484,2019-12
2204154,Francisco Macedo,PI,2019,12,2.0,climatology_apa_intensity12,0.7035417069866462,2019-12
2204303,Fronteiras,PI,2019,12,0.0,climatology_apa_intensity12,1.6583483093256661,2019-12
2205953,Marcolândia,PI,2019,12,0.0,climatology_apa_intensity12,1.1558185186209187,2019-12
2207207,Padre Marcos,PI,2019,12,0.0,climatology_apa_intensity12,0.6532887279161714,2019-12
2210300,São Julião,PI,2019,12,0.0,climatology_apa_intensity12,0.20101191628189888,2019-12
2210706,Simões,PI,2019,12,2.0,climatology_apa_intensity12,1.3568304349028175,2019-12
2300101,Abaiara,CE,2019,12,1.0,climatology_apa_intensity12,1.6583483093256661,2019-12
2300606,Altaneira,CE,2019,12,0.0,climatology_apa_intensity12,0.45227681163427247,2019-12
2301307,Araripe,CE,2019,12,4.0,climatology_apa_intensity12,4.975044927976997,2019-12
2301604,Assaré,CE,2019,12,1.0,climatology_apa_intensity12,3.819226409356079,2019-12
2301901,Barbalha,CE,2019,12,8.0,climatology_apa_intensity12,1.6583483093256661,2019-12
2302503,Brejo Santo,CE,2019,12,3.0,climatology_apa_intensity12,1.6583483093256661,2019-12
2302701,Campos Sales,CE,2019,12,0.0,climatology_apa_intensity12,1.1055655395504438,2019-12
2304202,Crato,CE,2019,12,6.0,climatology_apa_intensity12,5.125803865188422,2019-12
2304301,Farias Brito,CE,2019,12,2.0,climatology_apa_intensity12,1.608095330255191,2019-12
2307106,Jardim,CE,2019,12,5.0,climatology_apa_intensity12,2.7639138488761095,2019-12
2307205,Jati,CE,2019,12,0.0,climatology_apa_intensity12,0.5025297907047472,2019-12
2308401,Missão Velha,CE,2019,12,10.0,climatology_apa_intensity12,5.62833365589317,2019-12
2309201,Nova Olinda,CE,2019,12,1.0,climatology_apa_intensity12,2.5126489535237364,2019-12
2310605,Penaforte,CE,2019,12,0.0,climatology_apa_intensity12,0.2512648953523736,2019-12
2311108,Porteiras,CE,2019,12,8.0,climatology_apa_intensity12,1.3065774558323429,2019-12
2311207,Potengi,CE,2019,12,0.0,climatology_apa_intensity12,1.2563244767618682,2019-12
2311959,Salitre,CE,2019,12,0.0,climatology_apa_intensity12,3.1659376814399076,2019-12
2312106,Santana do Cariri,CE,2019,12,6.0,climatology_apa_intensity12,8.744018358262602,2019-12
2601102,Araripina,PE,2019,12,5.0,climatology_apa_intensity12,3.266443639580857,2019-12
2602001,Bodocó,PE,2019,12,8.0,climatology_apa_intensity12,11.960209018772984,2019-12
2604304,Cedro,PE,2019,12,0.0,climatology_apa_intensity12,0.3015178744228484,2019-12
2605301,Exu,PE,2019,12,15.0,climatology_apa_intensity12,9.648571981531148,2019-12
2607307,Ipubi,PE,2019,12,3.0,climatology_apa_intensity12,3.216190660510382,2019-12
2614006,Serrita,PE,2019,12,1.0,climatology_apa_intensity12,4.372009179131301,2019-12
2614303,Moreilândia,PE,2019,12,0.0,climatology_apa_intensity12,1.9598661837485143,2019-12
2615607,Trindade,PE,2019,12,1.0,climatology_apa_intensity12,0.2512648953523736,2019-12
2200277,Alegrete do Piauí,PI,2020,1,0.0,climatology_municipal,0.125,2020-01
2202091,Caldeirão Grande do Piauí,PI,2020,1,0.0,climatology_municipal,0.1875,2020-01
2202554,Caridade do Piauí,PI,2020,1,0.0,climatology_municipal,0.0625,2020-01
2203271,Curral Novo do Piauí,PI,2020,1,0.0,climatology_municipal,0.0,2020-01
2204154,Francisco Macedo,PI,2020,1,0.0,climatology_municipal,0.0,2020-01
2204303,Fronteiras,PI,2020,1,0.0,climatology_municipal,0.5,2020-01
2205953,Marcolândia,PI,2020,1,0.0,climatology_municipal,0.125,2020-01
2207207,Padre Marcos,PI,2020,1,0.0,climatology_municipal,0.375,2020-01
2210300,São Julião,PI,2020,1,0.0,climatology_municipal,0.0625,2020-01
2210706,Simões,PI,2020,1,0.0,climatology_municipal,0.1875,2020-01
2300101,Abaiara,CE,2020,1,0.0,climatology_municipal,0.0625,2020-01
2300606,Altaneira,CE,2020,1,0.0,climatology_municipal,0.0,2020-01
2301307,Araripe,CE,2020,1,0.0,climatology_municipal,1.5,2020-01
2301604,Assaré,CE,2020,1,5.0,climatology_municipal,2.0,2020-01
2301901,Barbalha,CE,2020,1,0.0,climatology_municipal,0.5,2020-01
2302503,Brejo Santo,CE,2020,1,0.0,climatology_municipal,0.4375,2020-01
2302701,Campos Sales,CE,2020,1,0.0,climatology_municipal,0.375,2020-01
2304202,Crato,CE,2020,1,0.0,climatology_municipal,0.9375,2020-01
2304301,Farias Brito,CE,2020,1,1.0,climatology_municipal,0.625,2020-01
2307106,Jardim,CE,2020,1,1.0,climatology_municipal,0.4375,2020-01
2307205,Jati,CE,2020,1,0.0,climatology_municipal,0.3125,2020-01
2308401,Missão Velha,CE,2020,1,0.0,climatology_municipal,1.1875,2020-01
2309201,Nova Olinda,CE,2020,1,0.0,climatology_municipal,0.25,2020-01
2310605,Penaforte,CE,2020,1,0.0,climatology_municipal,0.0625,2020-01
2311108,Porteiras,CE,2020,1,0.0,climatology_municipal,0.25,2020-01
2311207,Potengi,CE,2020,1,0.0,climatology_municipal,0.875,2020-01
2311959,Salitre,CE,2020,1,0.0,climatology_municipal,0.625,2020-01
2312106,Santana do Cariri,CE,2020,1,4.0,climatology_municipal,3.8125,2020-01
2601102,Araripina,PE,2020,1,0.0,climatology_municipal,0.5,2020-01
2602001,Bodocó,PE,2020,1,2.0,climatology_municipal,1.6875,2020-01
2604304,Cedro,PE,2020,1,0.0,climatology_municipal,0.0625,2020-01
2605301,Exu,PE,2020,1,1.0,climatology_municipal,2.125,2020-01
2607307,Ipubi,PE,2020,1,0.0,climatology_municipal,0.5,2020-01
2614006,Serrita,PE,2020,1,0.0,climatology_municipal,1.4375,2020-01
2614303,Moreilândia,PE,2020,1,0.0,climatology_municipal,0.3125,2020-01
2615607,Trindade,PE,2020,1,0.0,climatology_municipal,0.0625,2020-01
2200277,Alegrete do Piauí,PI,2020,1,0.0,climatology_apa_intensity12,0.10571808510638298,2020-01
2202091,Caldeirão Grande do Piauí,PI,2020,1,0.0,climatology_apa_intensity12,0.15857712765957446,2020-01
2202554,Caridade do Piauí,PI,2020,1,0.0,climatology_apa_intensity12,0.05285904255319149,2020-01
2203271,Curral Novo do Piauí,PI,2020,1,0.0,climatology_apa_intensity12,0.0,2020-01
2204154,Francisco Macedo,PI,2020,1,0.0,climatology_apa_intensity12,0.0,2020-01
2204303,Fronteiras,PI,2020,1,0.0,climatology_apa_intensity12,0.4228723404255319,2020-01
2205953,Marcolândia,PI,2020,1,0.0,climatology_apa_intensity12,0.10571808510638298,2020-01
2207207,Padre Marcos,PI,2020,1,0.0,climatology_apa_intensity12,0.3171542553191489,2020-01
2210300,São Julião,PI,2020,1,0.0,climatology_apa_intensity12,0.05285904255319149,2020-01
2210706,Simões,PI,2020,1,0.0,climatology_apa_intensity12,0.15857712765957446,2020-01
2300101,Abaiara,CE,2020,1,0.0,climatology_apa_intensity12,0.05285904255319149,2020-01
2300606,Altaneira,CE,2020,1,0.0,climatology_apa_intensity12,0.0,2020-01
2301307,Araripe,CE,2020,1,0.0,climatology_apa_intensity12,1.2686170212765957,2020-01
2301604,Assaré,CE,2020,1,5.0,climatology_apa_intensity12,1.6914893617021276,2020-01
2301901,Barbalha,CE,2020,1,0.0,climatology_apa_intensity12,0.4228723404255319,2020-01
2302503,Brejo Santo,CE,2020,1,0.0,climatology_apa_intensity12,0.3700132978723404,2020-01
2302701,Campos Sales,CE,2020,1,0.0,climatology_apa_intensity12,0.3171542553191489,2020-01
2304202,Crato,CE,2020,1,0.0,climatology_apa_intensity12,0.7928856382978723,2020-01
2304301,Farias Brito,CE,2020,1,1.0,climatology_apa_intensity12,0.5285904255319149,2020-01
2307106,Jardim,CE,2020,1,1.0,climatology_apa_intensity12,0.3700132978723404,2020-01
2307205,Jati,CE,2020,1,0.0,climatology_apa_intensity12,0.26429521276595747,2020-01
2308401,Missão Velha,CE,2020,1,0.0,climatology_apa_intensity12,1.0043218085106382,2020-01
2309201,Nova Olinda,CE,2020,1,0.0,climatology_apa_intensity12,0.21143617021276595,2020-01
2310605,Penaforte,CE,2020,1,0.0,climatology_apa_intensity12,0.05285904255319149,2020-01
2311108,Porteiras,CE,2020,1,0.0,climatology_apa_intensity12,0.21143617021276595,2020-01
2311207,Potengi,CE,2020,1,0.0,climatology_apa_intensity12,0.7400265957446808,2020-01
2311959,Salitre,CE,2020,1,0.0,climatology_apa_intensity12,0.5285904255319149,2020-01
2312106,Santana do Cariri,CE,2020,1,4.0,climatology_apa_intensity12,3.2244015957446805,2020-01
2601102,Araripina,PE,2020,1,0.0,climatology_apa_intensity12,0.4228723404255319,2020-01
2602001,Bodocó,PE,2020,1,2.0,climatology_apa_intensity12,1.4271941489361701,2020-01
2604304,Cedro,PE,2020,1,0.0,climatology_apa_intensity12,0.05285904255319149,2020-01
2605301,Exu,PE,2020,1,1.0,climatology_apa_intensity12,1.7972074468085106,2020-01
2607307,Ipubi,PE,2020,1,0.0,climatology_apa_intensity12,0.4228723404255319,2020-01
2614006,Serrita,PE,2020,1,0.0,climatology_apa_intensity12,1.2157579787234043,2020-01
2614303,Moreilândia,PE,2020,1,0.0,climatology_apa_intensity12,0.26429521276595747,2020-01
2615607,Trindade,PE,2020,1,0.0,climatology_apa_intensity12,0.05285904255319149,2020-01
2200277,Alegrete do Piauí,PI,2020,2,0.0,climatology_municipal,0.0,2020-02
2202091,Caldeirão Grande do Piauí,PI,2020,2,0.0,climatology_municipal,0.0625,2020-02
2202554,Caridade do Piauí,PI,2020,2,0.0,climatology_municipal,0.0,2020-02
2203271,Curral Novo do Piauí,PI,2020,2,0.0,climatology_municipal,0.0,2020-02
2204154,Francisco Macedo,PI,2020,2,0.0,climatology_municipal,0.0,2020-02
2204303,Fronteiras,PI,2020,2,0.0,climatology_municipal,0.0,2020-02
2205953,Marcolândia,PI,2020,2,0.0,climatology_municipal,0.0,2020-02
2207207,Padre Marcos,PI,2020,2,0.0,climatology_municipal,0.0625,2020-02
2210300,São Julião,PI,2020,2,0.0,climatology_municipal,0.0,2020-02
2210706,Simões,PI,2020,2,0.0,climatology_municipal,0.0625,2020-02
2300101,Abaiara,CE,2020,2,0.0,climatology_municipal,0.0,2020-02
2300606,Altaneira,CE,2020,2,0.0,climatology_municipal,0.0,2020-02
2301307,Araripe,CE,2020,2,0.0,climatology_municipal,0.125,2020-02
2301604,Assaré,CE,2020,2,0.0,climatology_municipal,0.3125,2020-02
2301901,Barbalha,CE,2020,2,0.0,climatology_municipal,0.1875,2020-02
2302503,Brejo Santo,CE,2020,2,0.0,climatology_municipal,0.0625,2020-02
2302701,Campos Sales,CE,2020,2,0.0,climatology_municipal,0.0625,2020-02
2304202,Crato,CE,2020,2,0.0,climatology_municipal,0.25,2020-02
2304301,Farias Brito,CE,2020,2,0.0,climatology_municipal,0.0,2020-02
2307106,Jardim,CE,2020,2,0.0,climatology_municipal,0.0625,2020-02
2307205,Jati,CE,2020,2,0.0,climatology_municipal,0.1875,2020-02
2308401,Missão Velha,CE,2020,2,0.0,climatology_municipal,0.125,2020-02
2309201,Nova Olinda,CE,2020,2,0.0,climatology_municipal,0.0,2020-02
2310605,Penaforte,CE,2020,2,0.0,climatology_municipal,0.125,2020-02
2311108,Porteiras,CE,2020,2,0.0,climatology_municipal,0.125,2020-02
2311207,Potengi,CE,2020,2,0.0,climatology_municipal,0.375,2020-02
2311959,Salitre,CE,2020,2,0.0,climatology_municipal,0.0625,2020-02
2312106,Santana do Cariri,CE,2020,2,0.0,climatology_municipal,0.3125,2020-02
2601102,Araripina,PE,2020,2,0.0,climatology_municipal,0.125,2020-02
2602001,Bodocó,PE,2020,2,0.0,climatology_municipal,0.125,2020-02
2604304,Cedro,PE,2020,2,0.0,climatology_municipal,0.0,2020-02
2605301,Exu,PE,2020,2,0.0,climatology_municipal,0.1875,2020-02
2607307,Ipubi,PE,2020,2,1.0,climatology_municipal,0.0625,2020-02
2614006,Serrita,PE,2020,2,0.0,climatology_municipal,0.125,2020-02
2614303,Moreilândia,PE,2020,2,0.0,climatology_municipal,0.1875,2020-02
2615607,Trindade,PE,2020,2,0.0,climatology_municipal,0.0625,2020-02
2200277,Alegrete do Piauí,PI,2020,2,0.0,climatology_apa_intensity12,0.0,2020-02
2202091,Caldeirão Grande do Piauí,PI,2020,2,0.0,climatology_apa_intensity12,0.05306080515833607,2020-02
2202554,Caridade do Piauí,PI,2020,2,0.0,climatology_apa_intensity12,0.0,2020-02
2203271,Curral Novo do Piauí,PI,2020,2,0.0,climatology_apa_intensity12,0.0,2020-02
2204154,Francisco Macedo,PI,2020,2,0.0,climatology_apa_intensity12,0.0,2020-02
2204303,Fronteiras,PI,2020,2,0.0,climatology_apa_intensity12,0.0,2020-02
2205953,Marcolândia,PI,2020,2,0.0,climatology_apa_intensity12,0.0,2020-02
2207207,Padre Marcos,PI,2020,2,0.0,climatology_apa_intensity12,0.05306080515833607,2020-02
2210300,São Julião,PI,2020,2,0.0,climatology_apa_intensity12,0.0,2020-02
2210706,Simões,PI,2020,2,0.0,climatology_apa_intensity12,0.05306080515833607,2020-02
2300101,Abaiara,CE,2020,2,0.0,climatology_apa_intensity12,0.0,2020-02
2300606,Altaneira,CE,2020,2,0.0,climatology_apa_intensity12,0.0,2020-02
2301307,Araripe,CE,2020,2,0.0,climatology_apa_intensity12,0.10612161031667214,2020-02
2301604,Assaré,CE,2020,2,0.0,climatology_apa_intensity12,0.26530402579168033,2020-02
2301901,Barbalha,CE,2020,2,0.0,climatology_apa_intensity12,0.15918241547500822,2020-02
2302503,Brejo Santo,CE,2020,2,0.0,climatology_apa_intensity12,0.05306080515833607,2020-02
2302701,Campos Sales,CE,2020,2,0.0,climatology_apa_intensity12,0.05306080515833607,2020-02
2304202,Crato,CE,2020,2,0.0,climatology_apa_intensity12,0.21224322063334428,2020-02
2304301,Farias Brito,CE,2020,2,0.0,climatology_apa_intensity12,0.0,2020-02
2307106,Jardim,CE,2020,2,0.0,climatology_apa_intensity12,0.05306080515833607,2020-02
2307205,Jati,CE,2020,2,0.0,climatology_apa_intensity12,0.15918241547500822,2020-02
2308401,Missão Velha,CE,2020,2,0.0,climatology_apa_intensity12,0.10612161031667214,2020-02
2309201,Nova Olinda,CE,2020,2,0.0,climatology_apa_intensity12,0.0,2020-02
2310605,Penaforte,CE,2020,2,0.0,climatology_apa_intensity12,0.10612161031667214,2020-02
2311108,Porteiras,CE,2020,2,0.0,climatology_apa_intensity12,0.10612161031667214,2020-02
2311207,Potengi,CE,2020,2,0.0,climatology_apa_intensity12,0.31836483095001644,2020-02
2311959,Salitre,CE,2020,2,0.0,climatology_apa_intensity12,0.05306080515833607,2020-02
2312106,Santana do Cariri,CE,2020,2,0.0,climatology_apa_intensity12,0.26530402579168033,2020-02
2601102,Araripina,PE,2020,2,0.0,climatology_apa_intensity12,0.10612161031667214,2020-02
2602001,Bodocó,PE,2020,2,0.0,climatology_apa_intensity12,0.10612161031667214,2020-02
2604304,Cedro,PE,2020,2,0.0,climatology_apa_intensity12,0.0,2020-02
2605301,Exu,PE,2020,2,0.0,climatology_apa_intensity12,0.15918241547500822,2020-02
2607307,Ipubi,PE,2020,2,1.0,climatology_apa_intensity12,0.05306080515833607,2020-02
2614006,Serrita,PE,2020,2,0.0,climatology_apa_intensity12,0.10612161031667214,2020-02
2614303,Moreilândia,PE,2020,2,0.0,climatology_apa_intensity12,0.15918241547500822,2020-02
2615607,Trindade,PE,2020,2,0.0,climatology_apa_intensity12,0.05306080515833607,2020-02
2200277,Alegrete do Piauí,PI,2020,3,0.0,climatology_municipal,0.0,2020-03
2202091,Caldeirão Grande do Piauí,PI,2020,3,0.0,climatology_municipal,0.0,2020-03
2202554,Caridade do Piauí,PI,2020,3,0.0,climatology_municipal,0.0,2020-03
2203271,Curral Novo do Piauí,PI,2020,3,0.0,climatology_municipal,0.0,2020-03
2204154,Francisco Macedo,PI,2020,3,0.0,climatology_municipal,0.0,2020-03
2204303,Fronteiras,PI,2020,3,0.0,climatology_municipal,0.0,2020-03
2205953,Marcolândia,PI,2020,3,0.0,climatology_municipal,0.0,2020-03
2207207,Padre Marcos,PI,2020,3,0.0,climatology_municipal,0.0,2020-03
2210300,São Julião,PI,2020,3,0.0,climatology_municipal,0.0,2020-03
2210706,Simões,PI,2020,3,0.0,climatology_municipal,0.0,2020-03
2300101,Abaiara,CE,2020,3,0.0,climatology_municipal,0.0,2020-03
2300606,Altaneira,CE,2020,3,0.0,climatology_municipal,0.0,2020-03
2301307,Araripe,CE,2020,3,0.0,climatology_municipal,0.0,2020-03
2301604,Assaré,CE,2020,3,0.0,climatology_municipal,0.0,2020-03
2301901,Barbalha,CE,2020,3,0.0,climatology_municipal,0.0,2020-03
2302503,Brejo Santo,CE,2020,3,0.0,climatology_municipal,0.0,2020-03
2302701,Campos Sales,CE,2020,3,0.0,climatology_municipal,0.0,2020-03
2304202,Crato,CE,2020,3,0.0,climatology_municipal,0.125,2020-03
2304301,Farias Brito,CE,2020,3,0.0,climatology_municipal,0.0625,2020-03
2307106,Jardim,CE,2020,3,0.0,climatology_municipal,0.0625,2020-03
2307205,Jati,CE,2020,3,0.0,climatology_municipal,0.0,2020-03
2308401,Missão Velha,CE,2020,3,0.0,climatology_municipal,0.3125,2020-03
2309201,Nova Olinda,CE,2020,3,0.0,climatology_municipal,0.0,2020-03
2310605,Penaforte,CE,2020,3,0.0,climatology_municipal,0.0,2020-03
2311108,Porteiras,CE,2020,3,0.0,climatology_municipal,0.0,2020-03
2311207,Potengi,CE,2020,3,0.0,climatology_municipal,0.0,2020-03
2311959,Salitre,CE,2020,3,0.0,climatology_municipal,0.0625,2020-03
2312106,Santana do Cariri,CE,2020,3,0.0,climatology_municipal,0.0,2020-03
2601102,Araripina,PE,2020,3,0.0,climatology_municipal,0.0625,2020-03
2602001,Bodocó,PE,2020,3,0.0,climatology_municipal,0.3125,2020-03
2604304,Cedro,PE,2020,3,0.0,climatology_municipal,0.0,2020-03
2605301,Exu,PE,2020,3,0.0,climatology_municipal,0.0,2020-03
2607307,Ipubi,PE,2020,3,0.0,climatology_municipal,0.0625,2020-03
2614006,Serrita,PE,2020,3,0.0,climatology_municipal,0.0,2020-03
2614303,Moreilândia,PE,2020,3,0.0,climatology_municipal,0.0,2020-03
2615607,Trindade,PE,2020,3,0.0,climatology_municipal,0.0,2020-03
2200277,Alegrete do Piauí,PI,2020,3,0.0,climatology_apa_intensity12,0.0,2020-03
2202091,Caldeirão Grande do Piauí,PI,2020,3,0.0,climatology_apa_intensity12,0.0,2020-03
2202554,Caridade do Piauí,PI,2020,3,0.0,climatology_apa_intensity12,0.0,2020-03
2203271,Curral Novo do Piauí,PI,2020,3,0.0,climatology_apa_intensity12,0.0,2020-03
2204154,Francisco Macedo,PI,2020,3,0.0,climatology_apa_intensity12,0.0,2020-03
2204303,Fronteiras,PI,2020,3,0.0,climatology_apa_intensity12,0.0,2020-03
2205953,Marcolândia,PI,2020,3,0.0,climatology_apa_intensity12,0.0,2020-03
2207207,Padre Marcos,PI,2020,3,0.0,climatology_apa_intensity12,0.0,2020-03
2210300,São Julião,PI,2020,3,0.0,climatology_apa_intensity12,0.0,2020-03
2210706,Simões,PI,2020,3,0.0,climatology_apa_intensity12,0.0,2020-03
2300101,Abaiara,CE,2020,3,0.0,climatology_apa_intensity12,0.0,2020-03
2300606,Altaneira,CE,2020,3,0.0,climatology_apa_intensity12,0.0,2020-03
2301307,Araripe,CE,2020,3,0.0,climatology_apa_intensity12,0.0,2020-03
2301604,Assaré,CE,2020,3,0.0,climatology_apa_intensity12,0.0,2020-03
2301901,Barbalha,CE,2020,3,0.0,climatology_apa_intensity12,0.0,2020-03
2302503,Brejo Santo,CE,2020,3,0.0,climatology_apa_intensity12,0.0,2020-03
2302701,Campos Sales,CE,2020,3,0.0,climatology_apa_intensity12,0.0,2020-03
2304202,Crato,CE,2020,3,0.0,climatology_apa_intensity12,0.10580912863070539,2020-03
2304301,Farias Brito,CE,2020,3,0.0,climatology_apa_intensity12,0.052904564315352696,2020-03
2307106,Jardim,CE,2020,3,0.0,climatology_apa_intensity12,0.052904564315352696,2020-03
2307205,Jati,CE,2020,3,0.0,climatology_apa_intensity12,0.0,2020-03
2308401,Missão Velha,CE,2020,3,0.0,climatology_apa_intensity12,0.2645228215767635,2020-03
2309201,Nova Olinda,CE,2020,3,0.0,climatology_apa_intensity12,0.0,2020-03
2310605,Penaforte,CE,2020,3,0.0,climatology_apa_intensity12,0.0,2020-03
2311108,Porteiras,CE,2020,3,0.0,climatology_apa_intensity12,0.0,2020-03
2311207,Potengi,CE,2020,3,0.0,climatology_apa_intensity12,0.0,2020-03
2311959,Salitre,CE,2020,3,0.0,climatology_apa_intensity12,0.052904564315352696,2020-03
2312106,Santana do Cariri,CE,2020,3,0.0,climatology_apa_intensity12,0.0,2020-03
2601102,Araripina,PE,2020,3,0.0,climatology_apa_intensity12,0.052904564315352696,2020-03
2602001,Bodocó,PE,2020,3,0.0,climatology_apa_intensity12,0.2645228215767635,2020-03
2604304,Cedro,PE,2020,3,0.0,climatology_apa_intensity12,0.0,2020-03
2605301,Exu,PE,2020,3,0.0,climatology_apa_intensity12,0.0,2020-03
2607307,Ipubi,PE,2020,3,0.0,climatology_apa_intensity12,0.052904564315352696,2020-03
2614006,Serrita,PE,2020,3,0.0,climatology_apa_intensity12,0.0,2020-03
2614303,Moreilândia,PE,2020,3,0.0,climatology_apa_intensity12,0.0,2020-03
2615607,Trindade,PE,2020,3,0.0,climatology_apa_intensity12,0.0,2020-03
2200277,Alegrete do Piauí,PI,2020,4,0.0,climatology_municipal,0.0,2020-04
2202091,Caldeirão Grande do Piauí,PI,2020,4,0.0,climatology_municipal,0.0,2020-04
2202554,Caridade do Piauí,PI,2020,4,0.0,climatology_municipal,0.0,2020-04
2203271,Curral Novo do Piauí,PI,2020,4,0.0,climatology_municipal,0.0,2020-04
2204154,Francisco Macedo,PI,2020,4,0.0,climatology_municipal,0.0,2020-04
2204303,Fronteiras,PI,2020,4,0.0,climatology_municipal,0.0,2020-04
2205953,Marcolândia,PI,2020,4,0.0,climatology_municipal,0.0,2020-04
2207207,Padre Marcos,PI,2020,4,0.0,climatology_municipal,0.0,2020-04
2210300,São Julião,PI,2020,4,0.0,climatology_municipal,0.0,2020-04
2210706,Simões,PI,2020,4,0.0,climatology_municipal,0.0,2020-04
2300101,Abaiara,CE,2020,4,0.0,climatology_municipal,0.0,2020-04
2300606,Altaneira,CE,2020,4,0.0,climatology_municipal,0.0,2020-04
2301307,Araripe,CE,2020,4,0.0,climatology_municipal,0.0,2020-04
2301604,Assaré,CE,2020,4,0.0,climatology_municipal,0.0,2020-04
2301901,Barbalha,CE,2020,4,0.0,climatology_municipal,0.0,2020-04
2302503,Brejo Santo,CE,2020,4,0.0,climatology_municipal,0.0,2020-04
2302701,Campos Sales,CE,2020,4,0.0,climatology_municipal,0.0,2020-04
2304202,Crato,CE,2020,4,0.0,climatology_municipal,0.0,2020-04
2304301,Farias Brito,CE,2020,4,0.0,climatology_municipal,0.0,2020-04
2307106,Jardim,CE,2020,4,0.0,climatology_municipal,0.0,2020-04
2307205,Jati,CE,2020,4,0.0,climatology_municipal,0.0,2020-04
2308401,Missão Velha,CE,2020,4,0.0,climatology_municipal,0.25,2020-04
2309201,Nova Olinda,CE,2020,4,0.0,climatology_municipal,0.0,2020-04
2310605,Penaforte,CE,2020,4,0.0,climatology_municipal,0.0,2020-04
2311108,Porteiras,CE,2020,4,0.0,climatology_municipal,0.0,2020-04
2311207,Potengi,CE,2020,4,0.0,climatology_municipal,0.0,2020-04
2311959,Salitre,CE,2020,4,0.0,climatology_municipal,0.0625,2020-04
2312106,Santana do Cariri,CE,2020,4,0.0,climatology_municipal,0.0,2020-04
2601102,Araripina,PE,2020,4,0.0,climatology_municipal,0.0625,2020-04
2602001,Bodocó,PE,2020,4,0.0,climatology_municipal,0.125,2020-04
2604304,Cedro,PE,2020,4,0.0,climatology_municipal,0.0,2020-04
2605301,Exu,PE,2020,4,0.0,climatology_municipal,0.0625,2020-04
2607307,Ipubi,PE,2020,4,0.0,climatology_municipal,0.0625,2020-04
2614006,Serrita,PE,2020,4,0.0,climatology_municipal,0.0625,2020-04
2614303,Moreilândia,PE,2020,4,0.0,climatology_municipal,0.0,2020-04
2615607,Trindade,PE,2020,4,0.0,climatology_municipal,0.0,2020-04
2200277,Alegrete do Piauí,PI,2020,4,0.0,climatology_apa_intensity12,0.0,2020-04
2202091,Caldeirão Grande do Piauí,PI,2020,4,0.0,climatology_apa_intensity12,0.0,2020-04
2202554,Caridade do Piauí,PI,2020,4,0.0,climatology_apa_intensity12,0.0,2020-04
2203271,Curral Novo do Piauí,PI,2020,4,0.0,climatology_apa_intensity12,0.0,2020-04
2204154,Francisco Macedo,PI,2020,4,0.0,climatology_apa_intensity12,0.0,2020-04
2204303,Fronteiras,PI,2020,4,0.0,climatology_apa_intensity12,0.0,2020-04
2205953,Marcolândia,PI,2020,4,0.0,climatology_apa_intensity12,0.0,2020-04
2207207,Padre Marcos,PI,2020,4,0.0,climatology_apa_intensity12,0.0,2020-04
2210300,São Julião,PI,2020,4,0.0,climatology_apa_intensity12,0.0,2020-04
2210706,Simões,PI,2020,4,0.0,climatology_apa_intensity12,0.0,2020-04
2300101,Abaiara,CE,2020,4,0.0,climatology_apa_intensity12,0.0,2020-04
2300606,Altaneira,CE,2020,4,0.0,climatology_apa_intensity12,0.0,2020-04
2301307,Araripe,CE,2020,4,0.0,climatology_apa_intensity12,0.0,2020-04
2301604,Assaré,CE,2020,4,0.0,climatology_apa_intensity12,0.0,2020-04
2301901,Barbalha,CE,2020,4,0.0,climatology_apa_intensity12,0.0,2020-04
2302503,Brejo Santo,CE,2020,4,0.0,climatology_apa_intensity12,0.0,2020-04
2302701,Campos Sales,CE,2020,4,0.0,climatology_apa_intensity12,0.0,2020-04
2304202,Crato,CE,2020,4,0.0,climatology_apa_intensity12,0.0,2020-04
2304301,Farias Brito,CE,2020,4,0.0,climatology_apa_intensity12,0.0,2020-04
2307106,Jardim,CE,2020,4,0.0,climatology_apa_intensity12,0.0,2020-04
2307205,Jati,CE,2020,4,0.0,climatology_apa_intensity12,0.0,2020-04
2308401,Missão Velha,CE,2020,4,0.0,climatology_apa_intensity12,0.21130310103694133,2020-04
2309201,Nova Olinda,CE,2020,4,0.0,climatology_apa_intensity12,0.0,2020-04
2310605,Penaforte,CE,2020,4,0.0,climatology_apa_intensity12,0.0,2020-04
2311108,Porteiras,CE,2020,4,0.0,climatology_apa_intensity12,0.0,2020-04
2311207,Potengi,CE,2020,4,0.0,climatology_apa_intensity12,0.0,2020-04
2311959,Salitre,CE,2020,4,0.0,climatology_apa_intensity12,0.05282577525923533,2020-04
2312106,Santana do Cariri,CE,2020,4,0.0,climatology_apa_intensity12,0.0,2020-04
2601102,Araripina,PE,2020,4,0.0,climatology_apa_intensity12,0.05282577525923533,2020-04
2602001,Bodocó,PE,2020,4,0.0,climatology_apa_intensity12,0.10565155051847067,2020-04
2604304,Cedro,PE,2020,4,0.0,climatology_apa_intensity12,0.0,2020-04
2605301,Exu,PE,2020,4,0.0,climatology_apa_intensity12,0.05282577525923533,2020-04
2607307,Ipubi,PE,2020,4,0.0,climatology_apa_intensity12,0.05282577525923533,2020-04
2614006,Serrita,PE,2020,4,0.0,climatology_apa_intensity12,0.05282577525923533,2020-04
2614303,Moreilândia,PE,2020,4,0.0,climatology_apa_intensity12,0.0,2020-04
2615607,Trindade,PE,2020,4,0.0,climatology_apa_intensity12,0.0,2020-04
2200277,Alegrete do Piauí,PI,2020,5,0.0,climatology_municipal,0.0,2020-05
2202091,Caldeirão Grande do Piauí,PI,2020,5,0.0,climatology_municipal,0.0,2020-05
2202554,Caridade do Piauí,PI,2020,5,0.0,climatology_municipal,0.0,2020-05
2203271,Curral Novo do Piauí,PI,2020,5,0.0,climatology_municipal,0.0,2020-05
2204154,Francisco Macedo,PI,2020,5,0.0,climatology_municipal,0.0,2020-05
2204303,Fronteiras,PI,2020,5,0.0,climatology_municipal,0.0,2020-05
2205953,Marcolândia,PI,2020,5,0.0,climatology_municipal,0.0,2020-05
2207207,Padre Marcos,PI,2020,5,0.0,climatology_municipal,0.0,2020-05
2210300,São Julião,PI,2020,5,0.0,climatology_municipal,0.0,2020-05
2210706,Simões,PI,2020,5,0.0,climatology_municipal,0.0,2020-05
2300101,Abaiara,CE,2020,5,0.0,climatology_municipal,0.0625,2020-05
2300606,Altaneira,CE,2020,5,0.0,climatology_municipal,0.0,2020-05
2301307,Araripe,CE,2020,5,0.0,climatology_municipal,0.0,2020-05
2301604,Assaré,CE,2020,5,0.0,climatology_municipal,0.0,2020-05
2301901,Barbalha,CE,2020,5,0.0,climatology_municipal,0.0,2020-05
2302503,Brejo Santo,CE,2020,5,0.0,climatology_municipal,0.0625,2020-05
2302701,Campos Sales,CE,2020,5,0.0,climatology_municipal,0.0,2020-05
2304202,Crato,CE,2020,5,0.0,climatology_municipal,0.0625,2020-05
2304301,Farias Brito,CE,2020,5,0.0,climatology_municipal,0.0,2020-05
2307106,Jardim,CE,2020,5,3.0,climatology_municipal,0.0,2020-05
2307205,Jati,CE,2020,5,0.0,climatology_municipal,0.0,2020-05
2308401,Missão Velha,CE,2020,5,0.0,climatology_municipal,0.0,2020-05
2309201,Nova Olinda,CE,2020,5,0.0,climatology_municipal,0.1875,2020-05
2310605,Penaforte,CE,2020,5,0.0,climatology_municipal,0.0,2020-05
2311108,Porteiras,CE,2020,5,0.0,climatology_municipal,0.0625,2020-05
2311207,Potengi,CE,2020,5,0.0,climatology_municipal,0.0625,2020-05
2311959,Salitre,CE,2020,5,0.0,climatology_municipal,0.0625,2020-05
2312106,Santana do Cariri,CE,2020,5,0.0,climatology_municipal,0.0,2020-05
2601102,Araripina,PE,2020,5,0.0,climatology_municipal,0.0625,2020-05
2602001,Bodocó,PE,2020,5,0.0,climatology_municipal,0.0,2020-05
2604304,Cedro,PE,2020,5,0.0,climatology_municipal,0.0,2020-05
2605301,Exu,PE,2020,5,0.0,climatology_municipal,0.125,2020-05
2607307,Ipubi,PE,2020,5,0.0,climatology_municipal,0.0625,2020-05
2614006,Serrita,PE,2020,5,0.0,climatology_municipal,0.0,2020-05
2614303,Moreilândia,PE,2020,5,0.0,climatology_municipal,0.0,2020-05
2615607,Trindade,PE,2020,5,0.0,climatology_municipal,0.0,2020-05
2200277,Alegrete do Piauí,PI,2020,5,0.0,climatology_apa_intensity12,0.0,2020-05
2202091,Caldeirão Grande do Piauí,PI,2020,5,0.0,climatology_apa_intensity12,0.0,2020-05
2202554,Caridade do Piauí,PI,2020,5,0.0,climatology_apa_intensity12,0.0,2020-05
2203271,Curral Novo do Piauí,PI,2020,5,0.0,climatology_apa_intensity12,0.0,2020-05
2204154,Francisco Macedo,PI,2020,5,0.0,climatology_apa_intensity12,0.0,2020-05
2204303,Fronteiras,PI,2020,5,0.0,climatology_apa_intensity12,0.0,2020-05
2205953,Marcolândia,PI,2020,5,0.0,climatology_apa_intensity12,0.0,2020-05
2207207,Padre Marcos,PI,2020,5,0.0,climatology_apa_intensity12,0.0,2020-05
2210300,São Julião,PI,2020,5,0.0,climatology_apa_intensity12,0.0,2020-05
2210706,Simões,PI,2020,5,0.0,climatology_apa_intensity12,0.0,2020-05
2300101,Abaiara,CE,2020,5,0.0,climatology_apa_intensity12,0.052828618968386025,2020-05
2300606,Altaneira,CE,2020,5,0.0,climatology_apa_intensity12,0.0,2020-05
2301307,Araripe,CE,2020,5,0.0,climatology_apa_intensity12,0.0,2020-05
2301604,Assaré,CE,2020,5,0.0,climatology_apa_intensity12,0.0,2020-05
2301901,Barbalha,CE,2020,5,0.0,climatology_apa_intensity12,0.0,2020-05
2302503,Brejo Santo,CE,2020,5,0.0,climatology_apa_intensity12,0.052828618968386025,2020-05
2302701,Campos Sales,CE,2020,5,0.0,climatology_apa_intensity12,0.0,2020-05
2304202,Crato,CE,2020,5,0.0,climatology_apa_intensity12,0.052828618968386025,2020-05
2304301,Farias Brito,CE,2020,5,0.0,climatology_apa_intensity12,0.0,2020-05
2307106,Jardim,CE,2020,5,3.0,climatology_apa_intensity12,0.0,2020-05
2307205,Jati,CE,2020,5,0.0,climatology_apa_intensity12,0.0,2020-05
2308401,Missão Velha,CE,2020,5,0.0,climatology_apa_intensity12,0.0,2020-05
2309201,Nova Olinda,CE,2020,5,0.0,climatology_apa_intensity12,0.15848585690515807,2020-05
2310605,Penaforte,CE,2020,5,0.0,climatology_apa_intensity12,0.0,2020-05
2311108,Porteiras,CE,2020,5,0.0,climatology_apa_intensity12,0.052828618968386025,2020-05
2311207,Potengi,CE,2020,5,0.0,climatology_apa_intensity12,0.052828618968386025,2020-05
2311959,Salitre,CE,2020,5,0.0,climatology_apa_intensity12,0.052828618968386025,2020-05
2312106,Santana do Cariri,CE,2020,5,0.0,climatology_apa_intensity12,0.0,2020-05
2601102,Araripina,PE,2020,5,0.0,climatology_apa_intensity12,0.052828618968386025,2020-05
2602001,Bodocó,PE,2020,5,0.0,climatology_apa_intensity12,0.0,2020-05
2604304,Cedro,PE,2020,5,0.0,climatology_apa_intensity12,0.0,2020-05
2605301,Exu,PE,2020,5,0.0,climatology_apa_intensity12,0.10565723793677205,2020-05
2607307,Ipubi,PE,2020,5,0.0,climatology_apa_intensity12,0.052828618968386025,2020-05
2614006,Serrita,PE,2020,5,0.0,climatology_apa_intensity12,0.0,2020-05
2614303,Moreilândia,PE,2020,5,0.0,climatology_apa_intensity12,0.0,2020-05
2615607,Trindade,PE,2020,5,0.0,climatology_apa_intensity12,0.0,2020-05
2200277,Alegrete do Piauí,PI,2020,6,0.0,climatology_municipal,0.0,2020-06
2202091,Caldeirão Grande do Piauí,PI,2020,6,0.0,climatology_municipal,0.125,2020-06
2202554,Caridade do Piauí,PI,2020,6,0.0,climatology_municipal,0.0,2020-06
2203271,Curral Novo do Piauí,PI,2020,6,0.0,climatology_municipal,0.0,2020-06
2204154,Francisco Macedo,PI,2020,6,0.0,climatology_municipal,0.0,2020-06
2204303,Fronteiras,PI,2020,6,0.0,climatology_municipal,0.0,2020-06
2205953,Marcolândia,PI,2020,6,0.0,climatology_municipal,0.0,2020-06
2207207,Padre Marcos,PI,2020,6,0.0,climatology_municipal,0.0,2020-06
2210300,São Julião,PI,2020,6,0.0,climatology_municipal,0.0,2020-06
2210706,Simões,PI,2020,6,0.0,climatology_municipal,0.0625,2020-06
2300101,Abaiara,CE,2020,6,0.0,climatology_municipal,0.0,2020-06
2300606,Altaneira,CE,2020,6,0.0,climatology_municipal,0.0,2020-06
2301307,Araripe,CE,2020,6,0.0,climatology_municipal,0.0625,2020-06
2301604,Assaré,CE,2020,6,0.0,climatology_municipal,0.0,2020-06
2301901,Barbalha,CE,2020,6,1.0,climatology_municipal,0.125,2020-06
2302503,Brejo Santo,CE,2020,6,0.0,climatology_municipal,0.0,2020-06
2302701,Campos Sales,CE,2020,6,0.0,climatology_municipal,0.0,2020-06
2304202,Crato,CE,2020,6,0.0,climatology_municipal,0.0625,2020-06
2304301,Farias Brito,CE,2020,6,0.0,climatology_municipal,0.0,2020-06
2307106,Jardim,CE,2020,6,1.0,climatology_municipal,0.0,2020-06
2307205,Jati,CE,2020,6,0.0,climatology_municipal,0.0,2020-06
2308401,Missão Velha,CE,2020,6,0.0,climatology_municipal,0.125,2020-06
2309201,Nova Olinda,CE,2020,6,0.0,climatology_municipal,0.0,2020-06
2310605,Penaforte,CE,2020,6,0.0,climatology_municipal,0.0,2020-06
2311108,Porteiras,CE,2020,6,0.0,climatology_municipal,0.0625,2020-06
2311207,Potengi,CE,2020,6,0.0,climatology_municipal,0.0,2020-06
2311959,Salitre,CE,2020,6,0.0,climatology_municipal,0.125,2020-06
2312106,Santana do Cariri,CE,2020,6,0.0,climatology_municipal,0.0,2020-06
2601102,Araripina,PE,2020,6,0.0,climatology_municipal,0.5,2020-06
2602001,Bodocó,PE,2020,6,0.0,climatology_municipal,0.0,2020-06
2604304,Cedro,PE,2020,6,4.0,climatology_municipal,0.0,2020-06
2605301,Exu,PE,2020,6,0.0,climatology_municipal,0.125,2020-06
2607307,Ipubi,PE,2020,6,0.0,climatology_municipal,0.0,2020-06
2614006,Serrita,PE,2020,6,0.0,climatology_municipal,0.0,2020-06
2614303,Moreilândia,PE,2020,6,2.0,climatology_municipal,0.0,2020-06
2615607,Trindade,PE,2020,6,0.0,climatology_municipal,0.0,2020-06
2200277,Alegrete do Piauí,PI,2020,6,0.0,climatology_apa_intensity12,0.0,2020-06
2202091,Caldeirão Grande do Piauí,PI,2020,6,0.0,climatology_apa_intensity12,0.10597186544342507,2020-06
2202554,Caridade do Piauí,PI,2020,6,0.0,climatology_apa_intensity12,0.0,2020-06
2203271,Curral Novo do Piauí,PI,2020,6,0.0,climatology_apa_intensity12,0.0,2020-06
2204154,Francisco Macedo,PI,2020,6,0.0,climatology_apa_intensity12,0.0,2020-06
2204303,Fronteiras,PI,2020,6,0.0,climatology_apa_intensity12,0.0,2020-06
2205953,Marcolândia,PI,2020,6,0.0,climatology_apa_intensity12,0.0,2020-06
2207207,Padre Marcos,PI,2020,6,0.0,climatology_apa_intensity12,0.0,2020-06
2210300,São Julião,PI,2020,6,0.0,climatology_apa_intensity12,0.0,2020-06
2210706,Simões,PI,2020,6,0.0,climatology_apa_intensity12,0.052985932721712536,2020-06
2300101,Abaiara,CE,2020,6,0.0,climatology_apa_intensity12,0.0,2020-06
2300606,Altaneira,CE,2020,6,0.0,climatology_apa_intensity12,0.0,2020-06
2301307,Araripe,CE,2020,6,0.0,climatology_apa_intensity12,0.052985932721712536,2020-06
2301604,Assaré,CE,2020,6,0.0,climatology_apa_intensity12,0.0,2020-06
2301901,Barbalha,CE,2020,6,1.0,climatology_apa_intensity12,0.10597186544342507,2020-06
2302503,Brejo Santo,CE,2020,6,0.0,climatology_apa_intensity12,0.0,2020-06
2302701,Campos Sales,CE,2020,6,0.0,climatology_apa_intensity12,0.0,2020-06
2304202,Crato,CE,2020,6,0.0,climatology_apa_intensity12,0.052985932721712536,2020-06
2304301,Farias Brito,CE,2020,6,0.0,climatology_apa_intensity12,0.0,2020-06
2307106,Jardim,CE,2020,6,1.0,climatology_apa_intensity12,0.0,2020-06
2307205,Jati,CE,2020,6,0.0,climatology_apa_intensity12,0.0,2020-06
2308401,Missão Velha,CE,2020,6,0.0,climatology_apa_intensity12,0.10597186544342507,2020-06
2309201,Nova Olinda,CE,2020,6,0.0,climatology_apa_intensity12,0.0,2020-06
2310605,Penaforte,CE,2020,6,0.0,climatology_apa_intensity12,0.0,2020-06
2311108,Porteiras,CE,2020,6,0.0,climatology_apa_intensity12,0.052985932721712536,2020-06
2311207,Potengi,CE,2020,6,0.0,climatology_apa_intensity12,0.0,2020-06
2311959,Salitre,CE,2020,6,0.0,climatology_apa_intensity12,0.10597186544342507,2020-06
2312106,Santana do Cariri,CE,2020,6,0.0,climatology_apa_intensity12,0.0,2020-06
2601102,Araripina,PE,2020,6,0.0,climatology_apa_intensity12,0.4238874617737003,2020-06
2602001,Bodocó,PE,2020,6,0.0,climatology_apa_intensity12,0.0,2020-06
2604304,Cedro,PE,2020,6,4.0,climatology_apa_intensity12,0.0,2020-06
2605301,Exu,PE,2020,6,0.0,climatology_apa_intensity12,0.10597186544342507,2020-06
2607307,Ipubi,PE,2020,6,0.0,climatology_apa_intensity12,0.0,2020-06
2614006,Serrita,PE,2020,6,0.0,climatology_apa_intensity12,0.0,2020-06
2614303,Moreilândia,PE,2020,6,2.0,climatology_apa_intensity12,0.0,2020-06
2615607,Trindade,PE,2020,6,0.0,climatology_apa_intensity12,0.0,2020-06
2200277,Alegrete do Piauí,PI,2020,7,0.0,climatology_municipal,0.0,2020-07
2202091,Caldeirão Grande do Piauí,PI,2020,7,0.0,climatology_municipal,0.0,2020-07
2202554,Caridade do Piauí,PI,2020,7,0.0,climatology_municipal,0.0,2020-07
2203271,Curral Novo do Piauí,PI,2020,7,0.0,climatology_municipal,0.0625,2020-07
2204154,Francisco Macedo,PI,2020,7,0.0,climatology_municipal,0.0,2020-07
2204303,Fronteiras,PI,2020,7,1.0,climatology_municipal,0.0625,2020-07
2205953,Marcolândia,PI,2020,7,0.0,climatology_municipal,0.0,2020-07
2207207,Padre Marcos,PI,2020,7,0.0,climatology_municipal,0.0,2020-07
2210300,São Julião,PI,2020,7,0.0,climatology_municipal,0.0,2020-07
2210706,Simões,PI,2020,7,0.0,climatology_municipal,0.0,2020-07
2300101,Abaiara,CE,2020,7,0.0,climatology_municipal,0.1875,2020-07
2300606,Altaneira,CE,2020,7,0.0,climatology_municipal,0.0,2020-07
2301307,Araripe,CE,2020,7,0.0,climatology_municipal,0.375,2020-07
2301604,Assaré,CE,2020,7,0.0,climatology_municipal,0.0625,2020-07
2301901,Barbalha,CE,2020,7,3.0,climatology_municipal,0.0625,2020-07
2302503,Brejo Santo,CE,2020,7,1.0,climatology_municipal,0.1875,2020-07
2302701,Campos Sales,CE,2020,7,0.0,climatology_municipal,0.0,2020-07
2304202,Crato,CE,2020,7,0.0,climatology_municipal,0.0,2020-07
2304301,Farias Brito,CE,2020,7,0.0,climatology_municipal,0.25,2020-07
2307106,Jardim,CE,2020,7,1.0,climatology_municipal,0.0,2020-07
2307205,Jati,CE,2020,7,0.0,climatology_municipal,0.0,2020-07
2308401,Missão Velha,CE,2020,7,0.0,climatology_municipal,0.125,2020-07
2309201,Nova Olinda,CE,2020,7,1.0,climatology_municipal,0.4375,2020-07
2310605,Penaforte,CE,2020,7,0.0,climatology_municipal,0.0,2020-07
2311108,Porteiras,CE,2020,7,0.0,climatology_municipal,0.1875,2020-07
2311207,Potengi,CE,2020,7,0.0,climatology_municipal,0.125,2020-07
2311959,Salitre,CE,2020,7,1.0,climatology_municipal,0.0,2020-07
2312106,Santana do Cariri,CE,2020,7,2.0,climatology_municipal,0.25,2020-07
2601102,Araripina,PE,2020,7,0.0,climatology_municipal,0.875,2020-07
2602001,Bodocó,PE,2020,7,1.0,climatology_municipal,0.1875,2020-07
2604304,Cedro,PE,2020,7,0.0,climatology_municipal,0.0,2020-07
2605301,Exu,PE,2020,7,0.0,climatology_municipal,0.0625,2020-07
2607307,Ipubi,PE,2020,7,0.0,climatology_municipal,0.125,2020-07
2614006,Serrita,PE,2020,7,0.0,climatology_municipal,0.0,2020-07
2614303,Moreilândia,PE,2020,7,0.0,climatology_municipal,0.125,2020-07
2615607,Trindade,PE,2020,7,0.0,climatology_municipal,0.0,2020-07
2200277,Alegrete do Piauí,PI,2020,7,0.0,climatology_apa_intensity12,0.0,2020-07
2202091,Caldeirão Grande do Piauí,PI,2020,7,0.0,climatology_apa_intensity12,0.0,2020-07
2202554,Caridade do Piauí,PI,2020,7,0.0,climatology_apa_intensity12,0.0,2020-07
2203271,Curral Novo do Piauí,PI,2020,7,0.0,climatology_apa_intensity12,0.053374152121713016,2020-07
2204154,Francisco Macedo,PI,2020,7,0.0,climatology_apa_intensity12,0.0,2020-07
2204303,Fronteiras,PI,2020,7,1.0,climatology_apa_intensity12,0.053374152121713016,2020-07
2205953,Marcolândia,PI,2020,7,0.0,climatology_apa_intensity12,0.0,2020-07
2207207,Padre Marcos,PI,2020,7,0.0,climatology_apa_intensity12,0.0,2020-07
2210300,São Julião,PI,2020,7,0.0,climatology_apa_intensity12,0.0,2020-07
2210706,Simões,PI,2020,7,0.0,climatology_apa_intensity12,0.0,2020-07
2300101,Abaiara,CE,2020,7,0.0,climatology_apa_intensity12,0.16012245636513905,2020-07
2300606,Altaneira,CE,2020,7,0.0,climatology_apa_intensity12,0.0,2020-07
2301307,Araripe,CE,2020,7,0.0,climatology_apa_intensity12,0.3202449127302781,2020-07
2301604,Assaré,CE,2020,7,0.0,climatology_apa_intensity12,0.053374152121713016,2020-07
2301901,Barbalha,CE,2020,7,3.0,climatology_apa_intensity12,0.053374152121713016,2020-07
2302503,Brejo Santo,CE,2020,7,1.0,climatology_apa_intensity12,0.16012245636513905,2020-07
2302701,Campos Sales,CE,2020,7,0.0,climatology_apa_intensity12,0.0,2020-07
2304202,Crato,CE,2020,7,0.0,climatology_apa_intensity12,0.0,2020-07
2304301,Farias Brito,CE,2020,7,0.0,climatology_apa_intensity12,0.21349660848685206,2020-07
2307106,Jardim,CE,2020,7,1.0,climatology_apa_intensity12,0.0,2020-07
2307205,Jati,CE,2020,7,0.0,climatology_apa_intensity12,0.0,2020-07
2308401,Missão Velha,CE,2020,7,0.0,climatology_apa_intensity12,0.10674830424342603,2020-07
2309201,Nova Olinda,CE,2020,7,1.0,climatology_apa_intensity12,0.3736190648519911,2020-07
2310605,Penaforte,CE,2020,7,0.0,climatology_apa_intensity12,0.0,2020-07
2311108,Porteiras,CE,2020,7,0.0,climatology_apa_intensity12,0.16012245636513905,2020-07
2311207,Potengi,CE,2020,7,0.0,climatology_apa_intensity12,0.10674830424342603,2020-07
2311959,Salitre,CE,2020,7,1.0,climatology_apa_intensity12,0.0,2020-07
2312106,Santana do Cariri,CE,2020,7,2.0,climatology_apa_intensity12,0.21349660848685206,2020-07
2601102,Araripina,PE,2020,7,0.0,climatology_apa_intensity12,0.7472381297039822,2020-07
2602001,Bodocó,PE,2020,7,1.0,climatology_apa_intensity12,0.16012245636513905,2020-07
2604304,Cedro,PE,2020,7,0.0,climatology_apa_intensity12,0.0,2020-07
2605301,Exu,PE,2020,7,0.0,climatology_apa_intensity12,0.053374152121713016,2020-07
2607307,Ipubi,PE,2020,7,0.0,climatology_apa_intensity12,0.10674830424342603,2020-07
2614006,Serrita,PE,2020,7,0.0,climatology_apa_intensity12,0.0,2020-07
2614303,Moreilândia,PE,2020,7,0.0,climatology_apa_intensity12,0.10674830424342603,2020-07
2615607,Trindade,PE,2020,7,0.0,climatology_apa_intensity12,0.0,2020-07
2200277,Alegrete do Piauí,PI,2020,8,0.0,climatology_municipal,0.0625,2020-08
2202091,Caldeirão Grande do Piauí,PI,2020,8,0.0,climatology_municipal,0.125,2020-08
2202554,Caridade do Piauí,PI,2020,8,0.0,climatology_municipal,0.0,2020-08
2203271,Curral Novo do Piauí,PI,2020,8,0.0,climatology_municipal,0.0,2020-08
2204154,Francisco Macedo,PI,2020,8,0.0,climatology_municipal,0.0,2020-08
2204303,Fronteiras,PI,2020,8,1.0,climatology_municipal,0.1875,2020-08
2205953,Marcolândia,PI,2020,8,0.0,climatology_municipal,0.125,2020-08
2207207,Padre Marcos,PI,2020,8,0.0,climatology_municipal,0.1875,2020-08
2210300,São Julião,PI,2020,8,0.0,climatology_municipal,0.0,2020-08
2210706,Simões,PI,2020,8,0.0,climatology_municipal,0.3125,2020-08
2300101,Abaiara,CE,2020,8,0.0,climatology_municipal,0.4375,2020-08
2300606,Altaneira,CE,2020,8,0.0,climatology_municipal,0.0,2020-08
2301307,Araripe,CE,2020,8,0.0,climatology_municipal,1.0,2020-08
2301604,Assaré,CE,2020,8,0.0,climatology_municipal,1.125,2020-08
2301901,Barbalha,CE,2020,8,1.0,climatology_municipal,1.1875,2020-08
2302503,Brejo Santo,CE,2020,8,0.0,climatology_municipal,0.1875,2020-08
2302701,Campos Sales,CE,2020,8,2.0,climatology_municipal,0.1875,2020-08
2304202,Crato,CE,2020,8,2.0,climatology_municipal,1.5625,2020-08
2304301,Farias Brito,CE,2020,8,0.0,climatology_municipal,0.1875,2020-08
2307106,Jardim,CE,2020,8,1.0,climatology_municipal,0.125,2020-08
2307205,Jati,CE,2020,8,0.0,climatology_municipal,0.0,2020-08
2308401,Missão Velha,CE,2020,8,0.0,climatology_municipal,0.625,2020-08
2309201,Nova Olinda,CE,2020,8,0.0,climatology_municipal,0.25,2020-08
2310605,Penaforte,CE,2020,8,0.0,climatology_municipal,0.0,2020-08
2311108,Porteiras,CE,2020,8,1.0,climatology_municipal,0.0,2020-08
2311207,Potengi,CE,2020,8,0.0,climatology_municipal,0.0,2020-08
2311959,Salitre,CE,2020,8,1.0,climatology_municipal,0.1875,2020-08
2312106,Santana do Cariri,CE,2020,8,2.0,climatology_municipal,0.625,2020-08
2601102,Araripina,PE,2020,8,0.0,climatology_municipal,1.4375,2020-08
2602001,Bodocó,PE,2020,8,0.0,climatology_municipal,0.5,2020-08
2604304,Cedro,PE,2020,8,0.0,climatology_municipal,0.0,2020-08
2605301,Exu,PE,2020,8,2.0,climatology_municipal,0.5,2020-08
2607307,Ipubi,PE,2020,8,1.0,climatology_municipal,0.75,2020-08
2614006,Serrita,PE,2020,8,0.0,climatology_municipal,0.25,2020-08
2614303,Moreilândia,PE,2020,8,0.0,climatology_municipal,0.0,2020-08
2615607,Trindade,PE,2020,8,0.0,climatology_municipal,0.25,2020-08
2200277,Alegrete do Piauí,PI,2020,8,0.0,climatology_apa_intensity12,0.054091702224372804,2020-08
2202091,Caldeirão Grande do Piauí,PI,2020,8,0.0,climatology_apa_intensity12,0.10818340444874561,2020-08
2202554,Caridade do Piauí,PI,2020,8,0.0,climatology_apa_intensity12,0.0,2020-08
2203271,Curral Novo do Piauí,PI,2020,8,0.0,climatology_apa_intensity12,0.0,2020-08
2204154,Francisco Macedo,PI,2020,8,0.0,climatology_apa_intensity12,0.0,2020-08
2204303,Fronteiras,PI,2020,8,1.0,climatology_apa_intensity12,0.1622751066731184,2020-08
2205953,Marcolândia,PI,2020,8,0.0,climatology_apa_intensity12,0.10818340444874561,2020-08
2207207,Padre Marcos,PI,2020,8,0.0,climatology_apa_intensity12,0.1622751066731184,2020-08
2210300,São Julião,PI,2020,8,0.0,climatology_apa_intensity12,0.0,2020-08
2210706,Simões,PI,2020,8,0.0,climatology_apa_intensity12,0.27045851112186403,2020-08
2300101,Abaiara,CE,2020,8,0.0,climatology_apa_intensity12,0.3786419155706096,2020-08
2300606,Altaneira,CE,2020,8,0.0,climatology_apa_intensity12,0.0,2020-08
2301307,Araripe,CE,2020,8,0.0,climatology_apa_intensity12,0.8654672355899649,2020-08
2301604,Assaré,CE,2020,8,0.0,climatology_apa_intensity12,0.9736506400387105,2020-08
2301901,Barbalha,CE,2020,8,1.0,climatology_apa_intensity12,1.0277423422630834,2020-08
2302503,Brejo Santo,CE,2020,8,0.0,climatology_apa_intensity12,0.1622751066731184,2020-08
2302701,Campos Sales,CE,2020,8,2.0,climatology_apa_intensity12,0.1622751066731184,2020-08
2304202,Crato,CE,2020,8,2.0,climatology_apa_intensity12,1.3522925556093202,2020-08
2304301,Farias Brito,CE,2020,8,0.0,climatology_apa_intensity12,0.1622751066731184,2020-08
2307106,Jardim,CE,2020,8,1.0,climatology_apa_intensity12,0.10818340444874561,2020-08
2307205,Jati,CE,2020,8,0.0,climatology_apa_intensity12,0.0,2020-08
2308401,Missão Velha,CE,2020,8,0.0,climatology_apa_intensity12,0.5409170222437281,2020-08
2309201,Nova Olinda,CE,2020,8,0.0,climatology_apa_intensity12,0.21636680889749121,2020-08
2310605,Penaforte,CE,2020,8,0.0,climatology_apa_intensity12,0.0,2020-08
2311108,Porteiras,CE,2020,8,1.0,climatology_apa_intensity12,0.0,2020-08
2311207,Potengi,CE,2020,8,0.0,climatology_apa_intensity12,0.0,2020-08
2311959,Salitre,CE,2020,8,1.0,climatology_apa_intensity12,0.1622751066731184,2020-08
2312106,Santana do Cariri,CE,2020,8,2.0,climatology_apa_intensity12,0.5409170222437281,2020-08
2601102,Araripina,PE,2020,8,0.0,climatology_apa_intensity12,1.2441091511605744,2020-08
2602001,Bodocó,PE,2020,8,0.0,climatology_apa_intensity12,0.43273361779498243,2020-08
2604304,Cedro,PE,2020,8,0.0,climatology_apa_intensity12,0.0,2020-08
2605301,Exu,PE,2020,8,2.0,climatology_apa_intensity12,0.43273361779498243,2020-08
2607307,Ipubi,PE,2020,8,1.0,climatology_apa_intensity12,0.6491004266924736,2020-08
2614006,Serrita,PE,2020,8,0.0,climatology_apa_intensity12,0.21636680889749121,2020-08
2614303,Moreilândia,PE,2020,8,0.0,climatology_apa_intensity12,0.0,2020-08
2615607,Trindade,PE,2020,8,0.0,climatology_apa_intensity12,0.21636680889749121,2020-08
2200277,Alegrete do Piauí,PI,2020,9,0.0,climatology_municipal,0.625,2020-09
2202091,Caldeirão Grande do Piauí,PI,2020,9,0.0,climatology_municipal,1.8125,2020-09
2202554,Caridade do Piauí,PI,2020,9,1.0,climatology_municipal,1.8125,2020-09
2203271,Curral Novo do Piauí,PI,2020,9,1.0,climatology_municipal,1.9375,2020-09
2204154,Francisco Macedo,PI,2020,9,0.0,climatology_municipal,0.1875,2020-09
2204303,Fronteiras,PI,2020,9,2.0,climatology_municipal,2.4375,2020-09
2205953,Marcolândia,PI,2020,9,0.0,climatology_municipal,0.75,2020-09
2207207,Padre Marcos,PI,2020,9,0.0,climatology_municipal,0.125,2020-09
2210300,São Julião,PI,2020,9,0.0,climatology_municipal,1.4375,2020-09
2210706,Simões,PI,2020,9,0.0,climatology_municipal,1.5625,2020-09
2300101,Abaiara,CE,2020,9,0.0,climatology_municipal,0.3125,2020-09
2300606,Altaneira,CE,2020,9,0.0,climatology_municipal,0.1875,2020-09
2301307,Araripe,CE,2020,9,5.0,climatology_municipal,7.0,2020-09
2301604,Assaré,CE,2020,9,5.0,climatology_municipal,1.125,2020-09
2301901,Barbalha,CE,2020,9,2.0,climatology_municipal,2.8125,2020-09
2302503,Brejo Santo,CE,2020,9,3.0,climatology_municipal,1.25,2020-09
2302701,Campos Sales,CE,2020,9,1.0,climatology_municipal,1.4375,2020-09
2304202,Crato,CE,2020,9,5.0,climatology_municipal,3.5,2020-09
2304301,Farias Brito,CE,2020,9,12.0,climatology_municipal,2.9375,2020-09
2307106,Jardim,CE,2020,9,1.0,climatology_municipal,1.5,2020-09
2307205,Jati,CE,2020,9,0.0,climatology_municipal,0.5625,2020-09
2308401,Missão Velha,CE,2020,9,5.0,climatology_municipal,3.0625,2020-09
2309201,Nova Olinda,CE,2020,9,1.0,climatology_municipal,0.75,2020-09
2310605,Penaforte,CE,2020,9,0.0,climatology_municipal,0.0,2020-09
2311108,Porteiras,CE,2020,9,0.0,climatology_municipal,1.0,2020-09
2311207,Potengi,CE,2020,9,3.0,climatology_municipal,1.125,2020-09
2311959,Salitre,CE,2020,9,6.0,climatology_municipal,1.375,2020-09
2312106,Santana do Cariri,CE,2020,9,1.0,climatology_municipal,1.9375,2020-09
2601102,Araripina,PE,2020,9,14.0,climatology_municipal,8.3125,2020-09
2602001,Bodocó,PE,2020,9,14.0,climatology_municipal,11.0,2020-09
2604304,Cedro,PE,2020,9,2.0,climatology_municipal,0.0625,2020-09
2605301,Exu,PE,2020,9,4.0,climatology_municipal,3.0,2020-09
2607307,Ipubi,PE,2020,9,4.0,climatology_municipal,3.8125,2020-09
2614006,Serrita,PE,2020,9,0.0,climatology_municipal,4.5,2020-09
2614303,Moreilândia,PE,2020,9,0.0,climatology_municipal,1.3125,2020-09
2615607,Trindade,PE,2020,9,0.0,climatology_municipal,1.0625,2020-09
2200277,Alegrete do Piauí,PI,2020,9,0.0,climatology_apa_intensity12,0.5308787379717823,2020-09
2202091,Caldeirão Grande do Piauí,PI,2020,9,0.0,climatology_apa_intensity12,1.5395483401181689,2020-09
2202554,Caridade do Piauí,PI,2020,9,1.0,climatology_apa_intensity12,1.5395483401181689,2020-09
2203271,Curral Novo do Piauí,PI,2020,9,1.0,climatology_apa_intensity12,1.6457240877125252,2020-09
2204154,Francisco Macedo,PI,2020,9,0.0,climatology_apa_intensity12,0.15926362139153472,2020-09
2204303,Fronteiras,PI,2020,9,2.0,climatology_apa_intensity12,2.070427078089951,2020-09
2205953,Marcolândia,PI,2020,9,0.0,climatology_apa_intensity12,0.6370544855661389,2020-09
2207207,Padre Marcos,PI,2020,9,0.0,climatology_apa_intensity12,0.10617574759435647,2020-09
2210300,São Julião,PI,2020,9,0.0,climatology_apa_intensity12,1.2210210973350994,2020-09
2210706,Simões,PI,2020,9,0.0,climatology_apa_intensity12,1.3271968449294558,2020-09
2300101,Abaiara,CE,2020,9,0.0,climatology_apa_intensity12,0.26543936898589116,2020-09
2300606,Altaneira,CE,2020,9,0.0,climatology_apa_intensity12,0.15926362139153472,2020-09
2301307,Araripe,CE,2020,9,5.0,climatology_apa_intensity12,5.945841865283962,2020-09
2301604,Assaré,CE,2020,9,5.0,climatology_apa_intensity12,0.9555817283492082,2020-09
2301901,Barbalha,CE,2020,9,2.0,climatology_apa_intensity12,2.3889543208730206,2020-09
2302503,Brejo Santo,CE,2020,9,3.0,climatology_apa_intensity12,1.0617574759435646,2020-09
2302701,Campos Sales,CE,2020,9,1.0,climatology_apa_intensity12,1.2210210973350994,2020-09
2304202,Crato,CE,2020,9,5.0,climatology_apa_intensity12,2.972920932641981,2020-09
2304301,Farias Brito,CE,2020,9,12.0,climatology_apa_intensity12,2.495130068467377,2020-09
2307106,Jardim,CE,2020,9,1.0,climatology_apa_intensity12,1.2741089711322777,2020-09
2307205,Jati,CE,2020,9,0.0,climatology_apa_intensity12,0.4777908641746041,2020-09
2308401,Missão Velha,CE,2020,9,5.0,climatology_apa_intensity12,2.6013058160617333,2020-09
2309201,Nova Olinda,CE,2020,9,1.0,climatology_apa_intensity12,0.6370544855661389,2020-09
2310605,Penaforte,CE,2020,9,0.0,climatology_apa_intensity12,0.0,2020-09
2311108,Porteiras,CE,2020,9,0.0,climatology_apa_intensity12,0.8494059807548517,2020-09
2311207,Potengi,CE,2020,9,3.0,climatology_apa_intensity12,0.9555817283492082,2020-09
2311959,Salitre,CE,2020,9,6.0,climatology_apa_intensity12,1.1679332235379212,2020-09
2312106,Santana do Cariri,CE,2020,9,1.0,climatology_apa_intensity12,1.6457240877125252,2020-09
2601102,Araripina,PE,2020,9,14.0,climatology_apa_intensity12,7.060687215024705,2020-09
2602001,Bodocó,PE,2020,9,14.0,climatology_apa_intensity12,9.34346578830337,2020-09
2604304,Cedro,PE,2020,9,2.0,climatology_apa_intensity12,0.053087873797178234,2020-09
2605301,Exu,PE,2020,9,4.0,climatology_apa_intensity12,2.5482179422645554,2020-09
2607307,Ipubi,PE,2020,9,4.0,climatology_apa_intensity12,3.238360301627872,2020-09
2614006,Serrita,PE,2020,9,0.0,climatology_apa_intensity12,3.8223269133968327,2020-09
2614303,Moreilândia,PE,2020,9,0.0,climatology_apa_intensity12,1.114845349740743,2020-09
2615607,Trindade,PE,2020,9,0.0,climatology_apa_intensity12,0.90249385455203,2020-09
2200277,Alegrete do Piauí,PI,2020,10,0.0,climatology_municipal,0.9375,2020-10
2202091,Caldeirão Grande do Piauí,PI,2020,10,11.0,climatology_municipal,5.375,2020-10
2202554,Caridade do Piauí,PI,2020,10,2.0,climatology_municipal,9.3125,2020-10
2203271,Curral Novo do Piauí,PI,2020,10,2.0,climatology_municipal,6.0625,2020-10
2204154,Francisco Macedo,PI,2020,10,0.0,climatology_municipal,2.0,2020-10
2204303,Fronteiras,PI,2020,10,2.0,climatology_municipal,6.625,2020-10
2205953,Marcolândia,PI,2020,10,0.0,climatology_municipal,0.9375,2020-10
2207207,Padre Marcos,PI,2020,10,0.0,climatology_municipal,2.125,2020-10
2210300,São Julião,PI,2020,10,0.0,climatology_municipal,1.0625,2020-10
2210706,Simões,PI,2020,10,5.0,climatology_municipal,7.8125,2020-10
2300101,Abaiara,CE,2020,10,4.0,climatology_municipal,1.0,2020-10
2300606,Altaneira,CE,2020,10,0.0,climatology_municipal,0.4375,2020-10
2301307,Araripe,CE,2020,10,10.0,climatology_municipal,10.625,2020-10
2301604,Assaré,CE,2020,10,0.0,climatology_municipal,3.3125,2020-10
2301901,Barbalha,CE,2020,10,5.0,climatology_municipal,3.0625,2020-10
2302503,Brejo Santo,CE,2020,10,2.0,climatology_municipal,2.875,2020-10
2302701,Campos Sales,CE,2020,10,2.0,climatology_municipal,2.4375,2020-10
2304202,Crato,CE,2020,10,15.0,climatology_municipal,8.25,2020-10
2304301,Farias Brito,CE,2020,10,5.0,climatology_municipal,3.125,2020-10
2307106,Jardim,CE,2020,10,9.0,climatology_municipal,2.25,2020-10
2307205,Jati,CE,2020,10,5.0,climatology_municipal,2.3125,2020-10
2308401,Missão Velha,CE,2020,10,6.0,climatology_municipal,4.8125,2020-10
2309201,Nova Olinda,CE,2020,10,0.0,climatology_municipal,0.9375,2020-10
2310605,Penaforte,CE,2020,10,0.0,climatology_municipal,0.1875,2020-10
2311108,Porteiras,CE,2020,10,0.0,climatology_municipal,0.5,2020-10
2311207,Potengi,CE,2020,10,0.0,climatology_municipal,2.1875,2020-10
2311959,Salitre,CE,2020,10,0.0,climatology_municipal,3.9375,2020-10
2312106,Santana do Cariri,CE,2020,10,4.0,climatology_municipal,6.5625,2020-10
2601102,Araripina,PE,2020,10,17.0,climatology_municipal,18.625,2020-10
2602001,Bodocó,PE,2020,10,37.0,climatology_municipal,33.75,2020-10
2604304,Cedro,PE,2020,10,0.0,climatology_municipal,0.1875,2020-10
2605301,Exu,PE,2020,10,6.0,climatology_municipal,12.375,2020-10
2607307,Ipubi,PE,2020,10,14.0,climatology_municipal,10.1875,2020-10
2614006,Serrita,PE,2020,10,9.0,climatology_municipal,9.25,2020-10
2614303,Moreilândia,PE,2020,10,4.0,climatology_municipal,4.5625,2020-10
2615607,Trindade,PE,2020,10,4.0,climatology_municipal,2.8125,2020-10
2200277,Alegrete do Piauí,PI,2020,10,0.0,climatology_apa_intensity12,0.8053823961572446,2020-10
2202091,Caldeirão Grande do Piauí,PI,2020,10,11.0,climatology_apa_intensity12,4.617525737968202,2020-10
2202554,Caridade do Piauí,PI,2020,10,2.0,climatology_apa_intensity12,8.00013180182863,2020-10
2203271,Curral Novo do Piauí,PI,2020,10,2.0,climatology_apa_intensity12,5.208139495150181,2020-10
2204154,Francisco Macedo,PI,2020,10,0.0,climatology_apa_intensity12,1.7181491118021217,2020-10
2204303,Fronteiras,PI,2020,10,2.0,climatology_apa_intensity12,5.6913689328445285,2020-10
2205953,Marcolândia,PI,2020,10,0.0,climatology_apa_intensity12,0.8053823961572446,2020-10
2207207,Padre Marcos,PI,2020,10,0.0,climatology_apa_intensity12,1.8255334312897542,2020-10
2210300,São Julião,PI,2020,10,0.0,climatology_apa_intensity12,0.9127667156448771,2020-10
2210706,Simões,PI,2020,10,5.0,climatology_apa_intensity12,6.711519967977038,2020-10
2300101,Abaiara,CE,2020,10,4.0,climatology_apa_intensity12,0.8590745559010609,2020-10
2300606,Altaneira,CE,2020,10,0.0,climatology_apa_intensity12,0.3758451182067141,2020-10
2301307,Araripe,CE,2020,10,10.0,climatology_apa_intensity12,9.127667156448771,2020-10
2301604,Assaré,CE,2020,10,0.0,climatology_apa_intensity12,2.8456844664222642,2020-10
2301901,Barbalha,CE,2020,10,5.0,climatology_apa_intensity12,2.630915827446999,2020-10
2302503,Brejo Santo,CE,2020,10,2.0,climatology_apa_intensity12,2.46983934821555,2020-10
2302701,Campos Sales,CE,2020,10,2.0,climatology_apa_intensity12,2.093994230008836,2020-10
2304202,Crato,CE,2020,10,15.0,climatology_apa_intensity12,7.087365086183752,2020-10
2304301,Farias Brito,CE,2020,10,5.0,climatology_apa_intensity12,2.684607987190815,2020-10
2307106,Jardim,CE,2020,10,9.0,climatology_apa_intensity12,1.932917750777387,2020-10
2307205,Jati,CE,2020,10,5.0,climatology_apa_intensity12,1.9866099105212032,2020-10
2308401,Missão Velha,CE,2020,10,6.0,climatology_apa_intensity12,4.1342963002738555,2020-10
2309201,Nova Olinda,CE,2020,10,0.0,climatology_apa_intensity12,0.8053823961572446,2020-10
2310605,Penaforte,CE,2020,10,0.0,climatology_apa_intensity12,0.1610764792314489,2020-10
2311108,Porteiras,CE,2020,10,0.0,climatology_apa_intensity12,0.4295372779505304,2020-10
2311207,Potengi,CE,2020,10,0.0,climatology_apa_intensity12,1.8792255910335707,2020-10
2311959,Salitre,CE,2020,10,0.0,climatology_apa_intensity12,3.382606063860427,2020-10
2312106,Santana do Cariri,CE,2020,10,4.0,climatology_apa_intensity12,5.637676773100712,2020-10
2601102,Araripina,PE,2020,10,17.0,climatology_apa_intensity12,16.00026360365726,2020-10
2602001,Bodocó,PE,2020,10,37.0,climatology_apa_intensity12,28.993766261660802,2020-10
2604304,Cedro,PE,2020,10,0.0,climatology_apa_intensity12,0.1610764792314489,2020-10
2605301,Exu,PE,2020,10,6.0,climatology_apa_intensity12,10.631047629275628,2020-10
2607307,Ipubi,PE,2020,10,14.0,climatology_apa_intensity12,8.751822038242057,2020-10
2614006,Serrita,PE,2020,10,9.0,climatology_apa_intensity12,7.946439642084813,2020-10
2614303,Moreilândia,PE,2020,10,4.0,climatology_apa_intensity12,3.91952766129859,2020-10
2615607,Trindade,PE,2020,10,4.0,climatology_apa_intensity12,2.416147188471734,2020-10
2200277,Alegrete do Piauí,PI,2020,11,0.0,climatology_municipal,1.375,2020-11
2202091,Caldeirão Grande do Piauí,PI,2020,11,3.0,climatology_municipal,5.125,2020-11
2202554,Caridade do Piauí,PI,2020,11,3.0,climatology_municipal,3.75,2020-11
2203271,Curral Novo do Piauí,PI,2020,11,2.0,climatology_municipal,2.625,2020-11
2204154,Francisco Macedo,PI,2020,11,0.0,climatology_municipal,2.4375,2020-11
2204303,Fronteiras,PI,2020,11,1.0,climatology_municipal,7.6875,2020-11
2205953,Marcolândia,PI,2020,11,1.0,climatology_municipal,1.375,2020-11
2207207,Padre Marcos,PI,2020,11,4.0,climatology_municipal,3.1875,2020-11
2210300,São Julião,PI,2020,11,0.0,climatology_municipal,1.5,2020-11
2210706,Simões,PI,2020,11,4.0,climatology_municipal,8.4375,2020-11
2300101,Abaiara,CE,2020,11,0.0,climatology_municipal,2.3125,2020-11
2300606,Altaneira,CE,2020,11,0.0,climatology_municipal,0.25,2020-11
2301307,Araripe,CE,2020,11,11.0,climatology_municipal,13.8125,2020-11
2301604,Assaré,CE,2020,11,6.0,climatology_municipal,5.0,2020-11
2301901,Barbalha,CE,2020,11,3.0,climatology_municipal,4.8125,2020-11
2302503,Brejo Santo,CE,2020,11,0.0,climatology_municipal,5.125,2020-11
2302701,Campos Sales,CE,2020,11,0.0,climatology_municipal,3.25,2020-11
2304202,Crato,CE,2020,11,6.0,climatology_municipal,10.3125,2020-11
2304301,Farias Brito,CE,2020,11,0.0,climatology_municipal,3.0,2020-11
2307106,Jardim,CE,2020,11,4.0,climatology_municipal,2.75,2020-11
2307205,Jati,CE,2020,11,0.0,climatology_municipal,2.4375,2020-11
2308401,Missão Velha,CE,2020,11,7.0,climatology_municipal,8.9375,2020-11
2309201,Nova Olinda,CE,2020,11,9.0,climatology_municipal,3.3125,2020-11
2310605,Penaforte,CE,2020,11,0.0,climatology_municipal,0.1875,2020-11
2311108,Porteiras,CE,2020,11,0.0,climatology_municipal,1.5,2020-11
2311207,Potengi,CE,2020,11,0.0,climatology_municipal,2.1875,2020-11
2311959,Salitre,CE,2020,11,6.0,climatology_municipal,8.8125,2020-11
2312106,Santana do Cariri,CE,2020,11,10.0,climatology_municipal,11.75,2020-11
2601102,Araripina,PE,2020,11,8.0,climatology_municipal,13.625,2020-11
2602001,Bodocó,PE,2020,11,25.0,climatology_municipal,30.8125,2020-11
2604304,Cedro,PE,2020,11,1.0,climatology_municipal,0.0625,2020-11
2605301,Exu,PE,2020,11,6.0,climatology_municipal,16.4375,2020-11
2607307,Ipubi,PE,2020,11,8.0,climatology_municipal,8.5,2020-11
2614006,Serrita,PE,2020,11,0.0,climatology_municipal,10.6875,2020-11
2614303,Moreilândia,PE,2020,11,1.0,climatology_municipal,5.8125,2020-11
2615607,Trindade,PE,2020,11,1.0,climatology_municipal,1.5,2020-11
2200277,Alegrete do Piauí,PI,2020,11,0.0,climatology_apa_intensity12,1.1842383018646652,2020-11
2202091,Caldeirão Grande do Piauí,PI,2020,11,3.0,climatology_apa_intensity12,4.413979125131934,2020-11
2202554,Caridade do Piauí,PI,2020,11,3.0,climatology_apa_intensity12,3.2297408232672686,2020-11
2203271,Curral Novo do Piauí,PI,2020,11,2.0,climatology_apa_intensity12,2.260818576287088,2020-11
2204154,Francisco Macedo,PI,2020,11,0.0,climatology_apa_intensity12,2.0993315351237247,2020-11
2204303,Fronteiras,PI,2020,11,1.0,climatology_apa_intensity12,6.620968687697901,2020-11
2205953,Marcolândia,PI,2020,11,1.0,climatology_apa_intensity12,1.1842383018646652,2020-11
2207207,Padre Marcos,PI,2020,11,4.0,climatology_apa_intensity12,2.7452796997771785,2020-11
2210300,São Julião,PI,2020,11,0.0,climatology_apa_intensity12,1.2918963293069075,2020-11
2210706,Simões,PI,2020,11,4.0,climatology_apa_intensity12,7.266916852351354,2020-11
2300101,Abaiara,CE,2020,11,0.0,climatology_apa_intensity12,1.9916735076814822,2020-11
2300606,Altaneira,CE,2020,11,0.0,climatology_apa_intensity12,0.21531605488448458,2020-11
2301307,Araripe,CE,2020,11,11.0,climatology_apa_intensity12,11.896212032367773,2020-11
2301604,Assaré,CE,2020,11,6.0,climatology_apa_intensity12,4.3063210976896915,2020-11
2301901,Barbalha,CE,2020,11,3.0,climatology_apa_intensity12,4.144834056526328,2020-11
2302503,Brejo Santo,CE,2020,11,0.0,climatology_apa_intensity12,4.413979125131934,2020-11
2302701,Campos Sales,CE,2020,11,0.0,climatology_apa_intensity12,2.7991087134982995,2020-11
2304202,Crato,CE,2020,11,6.0,climatology_apa_intensity12,8.88178726398499,2020-11
2304301,Farias Brito,CE,2020,11,0.0,climatology_apa_intensity12,2.583792658613815,2020-11
2307106,Jardim,CE,2020,11,4.0,climatology_apa_intensity12,2.3684766037293303,2020-11
2307205,Jati,CE,2020,11,0.0,climatology_apa_intensity12,2.0993315351237247,2020-11
2308401,Missão Velha,CE,2020,11,7.0,climatology_apa_intensity12,7.697548962120323,2020-11
2309201,Nova Olinda,CE,2020,11,9.0,climatology_apa_intensity12,2.8529377272194205,2020-11
2310605,Penaforte,CE,2020,11,0.0,climatology_apa_intensity12,0.16148704116336343,2020-11
2311108,Porteiras,CE,2020,11,0.0,climatology_apa_intensity12,1.2918963293069075,2020-11
2311207,Potengi,CE,2020,11,0.0,climatology_apa_intensity12,1.8840154802392401,2020-11
2311959,Salitre,CE,2020,11,6.0,climatology_apa_intensity12,7.589890934678081,2020-11
2312106,Santana do Cariri,CE,2020,11,10.0,climatology_apa_intensity12,10.119854579570775,2020-11
2601102,Araripina,PE,2020,11,8.0,climatology_apa_intensity12,11.73472499120441,2020-11
2602001,Bodocó,PE,2020,11,25.0,climatology_apa_intensity12,26.537703764512724,2020-11
2604304,Cedro,PE,2020,11,1.0,climatology_apa_intensity12,0.053829013721121144,2020-11
2605301,Exu,PE,2020,11,6.0,climatology_apa_intensity12,14.15703060865486,2020-11
2607307,Ipubi,PE,2020,11,8.0,climatology_apa_intensity12,7.320745866072476,2020-11
2614006,Serrita,PE,2020,11,0.0,climatology_apa_intensity12,9.204761346311715,2020-11
2614303,Moreilândia,PE,2020,11,1.0,climatology_apa_intensity12,5.006098276064266,2020-11
2615607,Trindade,PE,2020,11,1.0,climatology_apa_intensity12,1.2918963293069075,2020-11
2200277,Alegrete do Piauí,PI,2020,12,0.0,climatology_municipal,0.5625,2020-12
2202091,Caldeirão Grande do Piauí,PI,2020,12,0.0,climatology_municipal,1.3125,2020-12
2202554,Caridade do Piauí,PI,2020,12,1.0,climatology_municipal,2.0,2020-12
2203271,Curral Novo do Piauí,PI,2020,12,1.0,climatology_municipal,0.625,2020-12
2204154,Francisco Macedo,PI,2020,12,1.0,climatology_municipal,1.0,2020-12
2204303,Fronteiras,PI,2020,12,2.0,climatology_municipal,2.0625,2020-12
2205953,Marcolândia,PI,2020,12,0.0,climatology_municipal,1.4375,2020-12
2207207,Padre Marcos,PI,2020,12,1.0,climatology_municipal,0.8125,2020-12
2210300,São Julião,PI,2020,12,1.0,climatology_municipal,0.25,2020-12
2210706,Simões,PI,2020,12,2.0,climatology_municipal,1.8125,2020-12
2300101,Abaiara,CE,2020,12,0.0,climatology_municipal,2.125,2020-12
2300606,Altaneira,CE,2020,12,0.0,climatology_municipal,0.5625,2020-12
2301307,Araripe,CE,2020,12,6.0,climatology_municipal,6.4375,2020-12
2301604,Assaré,CE,2020,12,8.0,climatology_municipal,4.8125,2020-12
2301901,Barbalha,CE,2020,12,2.0,climatology_municipal,2.5625,2020-12
2302503,Brejo Santo,CE,2020,12,3.0,climatology_municipal,2.25,2020-12
2302701,Campos Sales,CE,2020,12,1.0,climatology_municipal,1.375,2020-12
2304202,Crato,CE,2020,12,4.0,climatology_municipal,6.75,2020-12
2304301,Farias Brito,CE,2020,12,1.0,climatology_municipal,2.125,2020-12
2307106,Jardim,CE,2020,12,1.0,climatology_municipal,3.75,2020-12
2307205,Jati,CE,2020,12,2.0,climatology_municipal,0.625,2020-12
2308401,Missão Velha,CE,2020,12,3.0,climatology_municipal,7.625,2020-12
2309201,Nova Olinda,CE,2020,12,3.0,climatology_municipal,3.1875,2020-12
2310605,Penaforte,CE,2020,12,1.0,climatology_municipal,0.3125,2020-12
2311108,Porteiras,CE,2020,12,0.0,climatology_municipal,2.125,2020-12
2311207,Potengi,CE,2020,12,0.0,climatology_municipal,1.5625,2020-12
2311959,Salitre,CE,2020,12,1.0,climatology_municipal,3.9375,2020-12
2312106,Santana do Cariri,CE,2020,12,13.0,climatology_municipal,11.25,2020-12
2601102,Araripina,PE,2020,12,2.0,climatology_municipal,4.375,2020-12
2602001,Bodocó,PE,2020,12,13.0,climatology_municipal,15.375,2020-12
2604304,Cedro,PE,2020,12,0.0,climatology_municipal,0.375,2020-12
2605301,Exu,PE,2020,12,14.0,climatology_municipal,12.9375,2020-12
2607307,Ipubi,PE,2020,12,7.0,climatology_municipal,4.1875,2020-12
2614006,Serrita,PE,2020,12,3.0,climatology_municipal,5.5,2020-12
2614303,Moreilândia,PE,2020,12,1.0,climatology_municipal,2.4375,2020-12
2615607,Trindade,PE,2020,12,0.0,climatology_municipal,0.375,2020-12
2200277,Alegrete do Piauí,PI,2020,12,0.0,climatology_apa_intensity12,0.48994800607989464,2020-12
2202091,Caldeirão Grande do Piauí,PI,2020,12,0.0,climatology_apa_intensity12,1.1432120141864208,2020-12
2202554,Caridade do Piauí,PI,2020,12,1.0,climatology_apa_intensity12,1.7420373549507364,2020-12
2203271,Curral Novo do Piauí,PI,2020,12,1.0,climatology_apa_intensity12,0.5443866734221051,2020-12
2204154,Francisco Macedo,PI,2020,12,1.0,climatology_apa_intensity12,0.8710186774753682,2020-12
2204303,Fronteiras,PI,2020,12,2.0,climatology_apa_intensity12,1.796476022292947,2020-12
2205953,Marcolândia,PI,2020,12,0.0,climatology_apa_intensity12,1.2520893488708418,2020-12
2207207,Padre Marcos,PI,2020,12,1.0,climatology_apa_intensity12,0.7077026754487367,2020-12
2210300,São Julião,PI,2020,12,1.0,climatology_apa_intensity12,0.21775466936884205,2020-12
2210706,Simões,PI,2020,12,2.0,climatology_apa_intensity12,1.5787213529241049,2020-12
2300101,Abaiara,CE,2020,12,0.0,climatology_apa_intensity12,1.8509146896351574,2020-12
2300606,Altaneira,CE,2020,12,0.0,climatology_apa_intensity12,0.48994800607989464,2020-12
2301307,Araripe,CE,2020,12,6.0,climatology_apa_intensity12,5.607182736247683,2020-12
2301604,Assaré,CE,2020,12,8.0,climatology_apa_intensity12,4.19177738535021,2020-12
2301901,Barbalha,CE,2020,12,2.0,climatology_apa_intensity12,2.231985361030631,2020-12
2302503,Brejo Santo,CE,2020,12,3.0,climatology_apa_intensity12,1.9597920243195786,2020-12
2302701,Campos Sales,CE,2020,12,1.0,climatology_apa_intensity12,1.1976506815286312,2020-12
2304202,Crato,CE,2020,12,4.0,climatology_apa_intensity12,5.879376072958736,2020-12
2304301,Farias Brito,CE,2020,12,1.0,climatology_apa_intensity12,1.8509146896351574,2020-12
2307106,Jardim,CE,2020,12,1.0,climatology_apa_intensity12,3.266320040532631,2020-12
2307205,Jati,CE,2020,12,2.0,climatology_apa_intensity12,0.5443866734221051,2020-12
2308401,Missão Velha,CE,2020,12,3.0,climatology_apa_intensity12,6.641517415749683,2020-12
2309201,Nova Olinda,CE,2020,12,3.0,climatology_apa_intensity12,2.776372034452736,2020-12
2310605,Penaforte,CE,2020,12,1.0,climatology_apa_intensity12,0.27219333671105256,2020-12
2311108,Porteiras,CE,2020,12,0.0,climatology_apa_intensity12,1.8509146896351574,2020-12
2311207,Potengi,CE,2020,12,0.0,climatology_apa_intensity12,1.3609666835552627,2020-12
2311959,Salitre,CE,2020,12,1.0,climatology_apa_intensity12,3.4296360425592622,2020-12
2312106,Santana do Cariri,CE,2020,12,13.0,climatology_apa_intensity12,9.798960121597892,2020-12
2601102,Araripina,PE,2020,12,2.0,climatology_apa_intensity12,3.810706713954736,2020-12
2602001,Bodocó,PE,2020,12,13.0,climatology_apa_intensity12,13.391912166183786,2020-12
2604304,Cedro,PE,2020,12,0.0,climatology_apa_intensity12,0.3266320040532631,2020-12
2605301,Exu,PE,2020,12,14.0,climatology_apa_intensity12,11.268804139837576,2020-12
2607307,Ipubi,PE,2020,12,7.0,climatology_apa_intensity12,3.647390711928104,2020-12
2614006,Serrita,PE,2020,12,3.0,climatology_apa_intensity12,4.790602726114525,2020-12
2614303,Moreilândia,PE,2020,12,1.0,climatology_apa_intensity12,2.12310802634621,2020-12
2615607,Trindade,PE,2020,12,0.0,climatology_apa_intensity12,0.3266320040532631,2020-12
2200277,Alegrete do Piauí,PI,2021,1,0.0,climatology_municipal,0.11764705882352941,2021-01
2202091,Caldeirão Grande do Piauí,PI,2021,1,0.0,climatology_municipal,0.17647058823529413,2021-01
2202554,Caridade do Piauí,PI,2021,1,0.0,climatology_municipal,0.058823529411764705,2021-01
2203271,Curral Novo do Piauí,PI,2021,1,0.0,climatology_municipal,0.0,2021-01
2204154,Francisco Macedo,PI,2021,1,0.0,climatology_municipal,0.0,2021-01
2204303,Fronteiras,PI,2021,1,0.0,climatology_municipal,0.47058823529411764,2021-01
2205953,Marcolândia,PI,2021,1,1.0,climatology_municipal,0.11764705882352941,2021-01
2207207,Padre Marcos,PI,2021,1,0.0,climatology_municipal,0.35294117647058826,2021-01
2210300,São Julião,PI,2021,1,0.0,climatology_municipal,0.058823529411764705,2021-01
2210706,Simões,PI,2021,1,0.0,climatology_municipal,0.17647058823529413,2021-01
2300101,Abaiara,CE,2021,1,0.0,climatology_municipal,0.058823529411764705,2021-01
2300606,Altaneira,CE,2021,1,0.0,climatology_municipal,0.0,2021-01
2301307,Araripe,CE,2021,1,2.0,climatology_municipal,1.411764705882353,2021-01
2301604,Assaré,CE,2021,1,0.0,climatology_municipal,2.176470588235294,2021-01
2301901,Barbalha,CE,2021,1,0.0,climatology_municipal,0.47058823529411764,2021-01
2302503,Brejo Santo,CE,2021,1,0.0,climatology_municipal,0.4117647058823529,2021-01
2302701,Campos Sales,CE,2021,1,1.0,climatology_municipal,0.35294117647058826,2021-01
2304202,Crato,CE,2021,1,0.0,climatology_municipal,0.8823529411764706,2021-01
2304301,Farias Brito,CE,2021,1,0.0,climatology_municipal,0.6470588235294118,2021-01
2307106,Jardim,CE,2021,1,0.0,climatology_municipal,0.47058823529411764,2021-01
2307205,Jati,CE,2021,1,2.0,climatology_municipal,0.29411764705882354,2021-01
2308401,Missão Velha,CE,2021,1,2.0,climatology_municipal,1.1176470588235294,2021-01
2309201,Nova Olinda,CE,2021,1,1.0,climatology_municipal,0.23529411764705882,2021-01
2310605,Penaforte,CE,2021,1,0.0,climatology_municipal,0.058823529411764705,2021-01
2311108,Porteiras,CE,2021,1,0.0,climatology_municipal,0.23529411764705882,2021-01
2311207,Potengi,CE,2021,1,0.0,climatology_municipal,0.8235294117647058,2021-01
2311959,Salitre,CE,2021,1,0.0,climatology_municipal,0.5882352941176471,2021-01
2312106,Santana do Cariri,CE,2021,1,3.0,climatology_municipal,3.823529411764706,2021-01
2601102,Araripina,PE,2021,1,0.0,climatology_municipal,0.47058823529411764,2021-01
2602001,Bodocó,PE,2021,1,3.0,climatology_municipal,1.7058823529411764,2021-01
2604304,Cedro,PE,2021,1,0.0,climatology_municipal,0.058823529411764705,2021-01
2605301,Exu,PE,2021,1,4.0,climatology_municipal,2.0588235294117645,2021-01
2607307,Ipubi,PE,2021,1,1.0,climatology_municipal,0.47058823529411764,2021-01
2614006,Serrita,PE,2021,1,3.0,climatology_municipal,1.3529411764705883,2021-01
2614303,Moreilândia,PE,2021,1,1.0,climatology_municipal,0.29411764705882354,2021-01
2615607,Trindade,PE,2021,1,0.0,climatology_municipal,0.058823529411764705,2021-01
2200277,Alegrete do Piauí,PI,2021,1,0.0,climatology_apa_intensity12,0.10265710005519199,2021-01
2202091,Caldeirão Grande do Piauí,PI,2021,1,0.0,climatology_apa_intensity12,0.153985650082788,2021-01
2202554,Caridade do Piauí,PI,2021,1,0.0,climatology_apa_intensity12,0.051328550027595995,2021-01
2203271,Curral Novo do Piauí,PI,2021,1,0.0,climatology_apa_intensity12,0.0,2021-01
2204154,Francisco Macedo,PI,2021,1,0.0,climatology_apa_intensity12,0.0,2021-01
2204303,Fronteiras,PI,2021,1,0.0,climatology_apa_intensity12,0.41062840022076796,2021-01
2205953,Marcolândia,PI,2021,1,1.0,climatology_apa_intensity12,0.10265710005519199,2021-01
2207207,Padre Marcos,PI,2021,1,0.0,climatology_apa_intensity12,0.307971300165576,2021-01
2210300,São Julião,PI,2021,1,0.0,climatology_apa_intensity12,0.051328550027595995,2021-01
2210706,Simões,PI,2021,1,0.0,climatology_apa_intensity12,0.153985650082788,2021-01
2300101,Abaiara,CE,2021,1,0.0,climatology_apa_intensity12,0.051328550027595995,2021-01
2300606,Altaneira,CE,2021,1,0.0,climatology_apa_intensity12,0.0,2021-01
2301307,Araripe,CE,2021,1,2.0,climatology_apa_intensity12,1.231885200662304,2021-01
2301604,Assaré,CE,2021,1,0.0,climatology_apa_intensity12,1.8991563510210518,2021-01
2301901,Barbalha,CE,2021,1,0.0,climatology_apa_intensity12,0.41062840022076796,2021-01
2302503,Brejo Santo,CE,2021,1,0.0,climatology_apa_intensity12,0.35929985019317195,2021-01
2302701,Campos Sales,CE,2021,1,1.0,climatology_apa_intensity12,0.307971300165576,2021-01
2304202,Crato,CE,2021,1,0.0,climatology_apa_intensity12,0.76992825041394,2021-01
2304301,Farias Brito,CE,2021,1,0.0,climatology_apa_intensity12,0.564614050303556,2021-01
2307106,Jardim,CE,2021,1,0.0,climatology_apa_intensity12,0.41062840022076796,2021-01
2307205,Jati,CE,2021,1,2.0,climatology_apa_intensity12,0.25664275013798,2021-01
2308401,Missão Velha,CE,2021,1,2.0,climatology_apa_intensity12,0.975242450524324,2021-01
2309201,Nova Olinda,CE,2021,1,1.0,climatology_apa_intensity12,0.20531420011038398,2021-01
2310605,Penaforte,CE,2021,1,0.0,climatology_apa_intensity12,0.051328550027595995,2021-01
2311108,Porteiras,CE,2021,1,0.0,climatology_apa_intensity12,0.20531420011038398,2021-01
2311207,Potengi,CE,2021,1,0.0,climatology_apa_intensity12,0.7185997003863439,2021-01
2311959,Salitre,CE,2021,1,0.0,climatology_apa_intensity12,0.51328550027596,2021-01
2312106,Santana do Cariri,CE,2021,1,3.0,climatology_apa_intensity12,3.3363557517937403,2021-01
2601102,Araripina,PE,2021,1,0.0,climatology_apa_intensity12,0.41062840022076796,2021-01
2602001,Bodocó,PE,2021,1,3.0,climatology_apa_intensity12,1.488527950800284,2021-01
2604304,Cedro,PE,2021,1,0.0,climatology_apa_intensity12,0.051328550027595995,2021-01
2605301,Exu,PE,2021,1,4.0,climatology_apa_intensity12,1.7964992509658597,2021-01
2607307,Ipubi,PE,2021,1,1.0,climatology_apa_intensity12,0.41062840022076796,2021-01
2614006,Serrita,PE,2021,1,3.0,climatology_apa_intensity12,1.180556650634708,2021-01
2614303,Moreilândia,PE,2021,1,1.0,climatology_apa_intensity12,0.25664275013798,2021-01
2615607,Trindade,PE,2021,1,0.0,climatology_apa_intensity12,0.051328550027595995,2021-01
2200277,Alegrete do Piauí,PI,2021,2,0.0,climatology_municipal,0.0,2021-02
2202091,Caldeirão Grande do Piauí,PI,2021,2,0.0,climatology_municipal,0.058823529411764705,2021-02
2202554,Caridade do Piauí,PI,2021,2,0.0,climatology_municipal,0.0,2021-02
2203271,Curral Novo do Piauí,PI,2021,2,0.0,climatology_municipal,0.0,2021-02
2204154,Francisco Macedo,PI,2021,2,0.0,climatology_municipal,0.0,2021-02
2204303,Fronteiras,PI,2021,2,0.0,climatology_municipal,0.0,2021-02
2205953,Marcolândia,PI,2021,2,0.0,climatology_municipal,0.0,2021-02
2207207,Padre Marcos,PI,2021,2,0.0,climatology_municipal,0.058823529411764705,2021-02
2210300,São Julião,PI,2021,2,0.0,climatology_municipal,0.0,2021-02
2210706,Simões,PI,2021,2,0.0,climatology_municipal,0.058823529411764705,2021-02
2300101,Abaiara,CE,2021,2,0.0,climatology_municipal,0.0,2021-02
2300606,Altaneira,CE,2021,2,0.0,climatology_municipal,0.0,2021-02
2301307,Araripe,CE,2021,2,0.0,climatology_municipal,0.11764705882352941,2021-02
2301604,Assaré,CE,2021,2,0.0,climatology_municipal,0.29411764705882354,2021-02
2301901,Barbalha,CE,2021,2,0.0,climatology_municipal,0.17647058823529413,2021-02
2302503,Brejo Santo,CE,2021,2,0.0,climatology_municipal,0.058823529411764705,2021-02
2302701,Campos Sales,CE,2021,2,0.0,climatology_municipal,0.058823529411764705,2021-02
2304202,Crato,CE,2021,2,1.0,climatology_municipal,0.23529411764705882,2021-02
2304301,Farias Brito,CE,2021,2,0.0,climatology_municipal,0.0,2021-02
2307106,Jardim,CE,2021,2,1.0,climatology_municipal,0.058823529411764705,2021-02
2307205,Jati,CE,2021,2,0.0,climatology_municipal,0.17647058823529413,2021-02
2308401,Missão Velha,CE,2021,2,0.0,climatology_municipal,0.11764705882352941,2021-02
2309201,Nova Olinda,CE,2021,2,0.0,climatology_municipal,0.0,2021-02
2310605,Penaforte,CE,2021,2,0.0,climatology_municipal,0.11764705882352941,2021-02
2311108,Porteiras,CE,2021,2,0.0,climatology_municipal,0.11764705882352941,2021-02
2311207,Potengi,CE,2021,2,0.0,climatology_municipal,0.35294117647058826,2021-02
2311959,Salitre,CE,2021,2,0.0,climatology_municipal,0.058823529411764705,2021-02
2312106,Santana do Cariri,CE,2021,2,0.0,climatology_municipal,0.29411764705882354,2021-02
2601102,Araripina,PE,2021,2,0.0,climatology_municipal,0.11764705882352941,2021-02
2602001,Bodocó,PE,2021,2,3.0,climatology_municipal,0.11764705882352941,2021-02
2604304,Cedro,PE,2021,2,0.0,climatology_municipal,0.0,2021-02
2605301,Exu,PE,2021,2,1.0,climatology_municipal,0.17647058823529413,2021-02
2607307,Ipubi,PE,2021,2,0.0,climatology_municipal,0.11764705882352941,2021-02
2614006,Serrita,PE,2021,2,0.0,climatology_municipal,0.11764705882352941,2021-02
2614303,Moreilândia,PE,2021,2,0.0,climatology_municipal,0.17647058823529413,2021-02
2615607,Trindade,PE,2021,2,0.0,climatology_municipal,0.058823529411764705,2021-02
2200277,Alegrete do Piauí,PI,2021,2,0.0,climatology_apa_intensity12,0.0,2021-02
2202091,Caldeirão Grande do Piauí,PI,2021,2,0.0,climatology_apa_intensity12,0.05210947456936762,2021-02
2202554,Caridade do Piauí,PI,2021,2,0.0,climatology_apa_intensity12,0.0,2021-02
2203271,Curral Novo do Piauí,PI,2021,2,0.0,climatology_apa_intensity12,0.0,2021-02
2204154,Francisco Macedo,PI,2021,2,0.0,climatology_apa_intensity12,0.0,2021-02
2204303,Fronteiras,PI,2021,2,0.0,climatology_apa_intensity12,0.0,2021-02
2205953,Marcolândia,PI,2021,2,0.0,climatology_apa_intensity12,0.0,2021-02
2207207,Padre Marcos,PI,2021,2,0.0,climatology_apa_intensity12,0.05210947456936762,2021-02
2210300,São Julião,PI,2021,2,0.0,climatology_apa_intensity12,0.0,2021-02
2210706,Simões,PI,2021,2,0.0,climatology_apa_intensity12,0.05210947456936762,2021-02
2300101,Abaiara,CE,2021,2,0.0,climatology_apa_intensity12,0.0,2021-02
2300606,Altaneira,CE,2021,2,0.0,climatology_apa_intensity12,0.0,2021-02
2301307,Araripe,CE,2021,2,0.0,climatology_apa_intensity12,0.10421894913873524,2021-02
2301604,Assaré,CE,2021,2,0.0,climatology_apa_intensity12,0.2605473728468381,2021-02
2301901,Barbalha,CE,2021,2,0.0,climatology_apa_intensity12,0.15632842370810288,2021-02
2302503,Brejo Santo,CE,2021,2,0.0,climatology_apa_intensity12,0.05210947456936762,2021-02
2302701,Campos Sales,CE,2021,2,0.0,climatology_apa_intensity12,0.05210947456936762,2021-02
2304202,Crato,CE,2021,2,1.0,climatology_apa_intensity12,0.20843789827747047,2021-02
2304301,Farias Brito,CE,2021,2,0.0,climatology_apa_intensity12,0.0,2021-02
2307106,Jardim,CE,2021,2,1.0,climatology_apa_intensity12,0.05210947456936762,2021-02
2307205,Jati,CE,2021,2,0.0,climatology_apa_intensity12,0.15632842370810288,2021-02
2308401,Missão Velha,CE,2021,2,0.0,climatology_apa_intensity12,0.10421894913873524,2021-02
2309201,Nova Olinda,CE,2021,2,0.0,climatology_apa_intensity12,0.0,2021-02
2310605,Penaforte,CE,2021,2,0.0,climatology_apa_intensity12,0.10421894913873524,2021-02
2311108,Porteiras,CE,2021,2,0.0,climatology_apa_intensity12,0.10421894913873524,2021-02
2311207,Potengi,CE,2021,2,0.0,climatology_apa_intensity12,0.31265684741620575,2021-02
2311959,Salitre,CE,2021,2,0.0,climatology_apa_intensity12,0.05210947456936762,2021-02
2312106,Santana do Cariri,CE,2021,2,0.0,climatology_apa_intensity12,0.2605473728468381,2021-02
2601102,Araripina,PE,2021,2,0.0,climatology_apa_intensity12,0.10421894913873524,2021-02
2602001,Bodocó,PE,2021,2,3.0,climatology_apa_intensity12,0.10421894913873524,2021-02
2604304,Cedro,PE,2021,2,0.0,climatology_apa_intensity12,0.0,2021-02
2605301,Exu,PE,2021,2,1.0,climatology_apa_intensity12,0.15632842370810288,2021-02
2607307,Ipubi,PE,2021,2,0.0,climatology_apa_intensity12,0.10421894913873524,2021-02
2614006,Serrita,PE,2021,2,0.0,climatology_apa_intensity12,0.10421894913873524,2021-02
2614303,Moreilândia,PE,2021,2,0.0,climatology_apa_intensity12,0.15632842370810288,2021-02
2615607,Trindade,PE,2021,2,0.0,climatology_apa_intensity12,0.05210947456936762,2021-02
2200277,Alegrete do Piauí,PI,2021,3,0.0,climatology_municipal,0.0,2021-03
2202091,Caldeirão Grande do Piauí,PI,2021,3,0.0,climatology_municipal,0.0,2021-03
2202554,Caridade do Piauí,PI,2021,3,0.0,climatology_municipal,0.0,2021-03
2203271,Curral Novo do Piauí,PI,2021,3,0.0,climatology_municipal,0.0,2021-03
2204154,Francisco Macedo,PI,2021,3,0.0,climatology_municipal,0.0,2021-03
2204303,Fronteiras,PI,2021,3,0.0,climatology_municipal,0.0,2021-03
2205953,Marcolândia,PI,2021,3,0.0,climatology_municipal,0.0,2021-03
2207207,Padre Marcos,PI,2021,3,0.0,climatology_municipal,0.0,2021-03
2210300,São Julião,PI,2021,3,0.0,climatology_municipal,0.0,2021-03
2210706,Simões,PI,2021,3,0.0,climatology_municipal,0.0,2021-03
2300101,Abaiara,CE,2021,3,0.0,climatology_municipal,0.0,2021-03
2300606,Altaneira,CE,2021,3,0.0,climatology_municipal,0.0,2021-03
2301307,Araripe,CE,2021,3,0.0,climatology_municipal,0.0,2021-03
2301604,Assaré,CE,2021,3,0.0,climatology_municipal,0.0,2021-03
2301901,Barbalha,CE,2021,3,0.0,climatology_municipal,0.0,2021-03
2302503,Brejo Santo,CE,2021,3,0.0,climatology_municipal,0.0,2021-03
2302701,Campos Sales,CE,2021,3,0.0,climatology_municipal,0.0,2021-03
2304202,Crato,CE,2021,3,0.0,climatology_municipal,0.11764705882352941,2021-03
2304301,Farias Brito,CE,2021,3,0.0,climatology_municipal,0.058823529411764705,2021-03
2307106,Jardim,CE,2021,3,0.0,climatology_municipal,0.058823529411764705,2021-03
2307205,Jati,CE,2021,3,0.0,climatology_municipal,0.0,2021-03
2308401,Missão Velha,CE,2021,3,1.0,climatology_municipal,0.29411764705882354,2021-03
2309201,Nova Olinda,CE,2021,3,0.0,climatology_municipal,0.0,2021-03
2310605,Penaforte,CE,2021,3,0.0,climatology_municipal,0.0,2021-03
2311108,Porteiras,CE,2021,3,0.0,climatology_municipal,0.0,2021-03
2311207,Potengi,CE,2021,3,0.0,climatology_municipal,0.0,2021-03
2311959,Salitre,CE,2021,3,0.0,climatology_municipal,0.058823529411764705,2021-03
2312106,Santana do Cariri,CE,2021,3,0.0,climatology_municipal,0.0,2021-03
2601102,Araripina,PE,2021,3,0.0,climatology_municipal,0.058823529411764705,2021-03
2602001,Bodocó,PE,2021,3,0.0,climatology_municipal,0.29411764705882354,2021-03
2604304,Cedro,PE,2021,3,0.0,climatology_municipal,0.0,2021-03
2605301,Exu,PE,2021,3,1.0,climatology_municipal,0.0,2021-03
2607307,Ipubi,PE,2021,3,0.0,climatology_municipal,0.058823529411764705,2021-03
2614006,Serrita,PE,2021,3,0.0,climatology_municipal,0.0,2021-03
2614303,Moreilândia,PE,2021,3,0.0,climatology_municipal,0.0,2021-03
2615607,Trindade,PE,2021,3,0.0,climatology_municipal,0.0,2021-03
2200277,Alegrete do Piauí,PI,2021,3,0.0,climatology_apa_intensity12,0.0,2021-03
2202091,Caldeirão Grande do Piauí,PI,2021,3,0.0,climatology_apa_intensity12,0.0,2021-03
2202554,Caridade do Piauí,PI,2021,3,0.0,climatology_apa_intensity12,0.0,2021-03
2203271,Curral Novo do Piauí,PI,2021,3,0.0,climatology_apa_intensity12,0.0,2021-03
2204154,Francisco Macedo,PI,2021,3,0.0,climatology_apa_intensity12,0.0,2021-03
2204303,Fronteiras,PI,2021,3,0.0,climatology_apa_intensity12,0.0,2021-03
2205953,Marcolândia,PI,2021,3,0.0,climatology_apa_intensity12,0.0,2021-03
2207207,Padre Marcos,PI,2021,3,0.0,climatology_apa_intensity12,0.0,2021-03
2210300,São Julião,PI,2021,3,0.0,climatology_apa_intensity12,0.0,2021-03
2210706,Simões,PI,2021,3,0.0,climatology_apa_intensity12,0.0,2021-03
2300101,Abaiara,CE,2021,3,0.0,climatology_apa_intensity12,0.0,2021-03
2300606,Altaneira,CE,2021,3,0.0,climatology_apa_intensity12,0.0,2021-03
2301307,Araripe,CE,2021,3,0.0,climatology_apa_intensity12,0.0,2021-03
2301604,Assaré,CE,2021,3,0.0,climatology_apa_intensity12,0.0,2021-03
2301901,Barbalha,CE,2021,3,0.0,climatology_apa_intensity12,0.0,2021-03
2302503,Brejo Santo,CE,2021,3,0.0,climatology_apa_intensity12,0.0,2021-03
2302701,Campos Sales,CE,2021,3,0.0,climatology_apa_intensity12,0.0,2021-03
2304202,Crato,CE,2021,3,0.0,climatology_apa_intensity12,0.104986141093737,2021-03
2304301,Farias Brito,CE,2021,3,0.0,climatology_apa_intensity12,0.0524930705468685,2021-03
2307106,Jardim,CE,2021,3,0.0,climatology_apa_intensity12,0.0524930705468685,2021-03
2307205,Jati,CE,2021,3,0.0,climatology_apa_intensity12,0.0,2021-03
2308401,Missão Velha,CE,2021,3,1.0,climatology_apa_intensity12,0.2624653527343425,2021-03
2309201,Nova Olinda,CE,2021,3,0.0,climatology_apa_intensity12,0.0,2021-03
2310605,Penaforte,CE,2021,3,0.0,climatology_apa_intensity12,0.0,2021-03
2311108,Porteiras,CE,2021,3,0.0,climatology_apa_intensity12,0.0,2021-03
2311207,Potengi,CE,2021,3,0.0,climatology_apa_intensity12,0.0,2021-03
2311959,Salitre,CE,2021,3,0.0,climatology_apa_intensity12,0.0524930705468685,2021-03
2312106,Santana do Cariri,CE,2021,3,0.0,climatology_apa_intensity12,0.0,2021-03
2601102,Araripina,PE,2021,3,0.0,climatology_apa_intensity12,0.0524930705468685,2021-03
2602001,Bodocó,PE,2021,3,0.0,climatology_apa_intensity12,0.2624653527343425,2021-03
2604304,Cedro,PE,2021,3,0.0,climatology_apa_intensity12,0.0,2021-03
2605301,Exu,PE,2021,3,1.0,climatology_apa_intensity12,0.0,2021-03
2607307,Ipubi,PE,2021,3,0.0,climatology_apa_intensity12,0.0524930705468685,2021-03
2614006,Serrita,PE,2021,3,0.0,climatology_apa_intensity12,0.0,2021-03
2614303,Moreilândia,PE,2021,3,0.0,climatology_apa_intensity12,0.0,2021-03
2615607,Trindade,PE,2021,3,0.0,climatology_apa_intensity12,0.0,2021-03
2200277,Alegrete do Piauí,PI,2021,4,0.0,climatology_municipal,0.0,2021-04
2202091,Caldeirão Grande do Piauí,PI,2021,4,0.0,climatology_municipal,0.0,2021-04
2202554,Caridade do Piauí,PI,2021,4,0.0,climatology_municipal,0.0,2021-04
2203271,Curral Novo do Piauí,PI,2021,4,0.0,climatology_municipal,0.0,2021-04
2204154,Francisco Macedo,PI,2021,4,0.0,climatology_municipal,0.0,2021-04
2204303,Fronteiras,PI,2021,4,0.0,climatology_municipal,0.0,2021-04
2205953,Marcolândia,PI,2021,4,0.0,climatology_municipal,0.0,2021-04
2207207,Padre Marcos,PI,2021,4,0.0,climatology_municipal,0.0,2021-04
2210300,São Julião,PI,2021,4,0.0,climatology_municipal,0.0,2021-04
2210706,Simões,PI,2021,4,0.0,climatology_municipal,0.0,2021-04
2300101,Abaiara,CE,2021,4,0.0,climatology_municipal,0.0,2021-04
2300606,Altaneira,CE,2021,4,0.0,climatology_municipal,0.0,2021-04
2301307,Araripe,CE,2021,4,0.0,climatology_municipal,0.0,2021-04
2301604,Assaré,CE,2021,4,0.0,climatology_municipal,0.0,2021-04
2301901,Barbalha,CE,2021,4,0.0,climatology_municipal,0.0,2021-04
2302503,Brejo Santo,CE,2021,4,0.0,climatology_municipal,0.0,2021-04
2302701,Campos Sales,CE,2021,4,0.0,climatology_municipal,0.0,2021-04
2304202,Crato,CE,2021,4,0.0,climatology_municipal,0.0,2021-04
2304301,Farias Brito,CE,2021,4,0.0,climatology_municipal,0.0,2021-04
2307106,Jardim,CE,2021,4,0.0,climatology_municipal,0.0,2021-04
2307205,Jati,CE,2021,4,0.0,climatology_municipal,0.0,2021-04
2308401,Missão Velha,CE,2021,4,0.0,climatology_municipal,0.23529411764705882,2021-04
2309201,Nova Olinda,CE,2021,4,0.0,climatology_municipal,0.0,2021-04
2310605,Penaforte,CE,2021,4,0.0,climatology_municipal,0.0,2021-04
2311108,Porteiras,CE,2021,4,0.0,climatology_municipal,0.0,2021-04
2311207,Potengi,CE,2021,4,0.0,climatology_municipal,0.0,2021-04
2311959,Salitre,CE,2021,4,0.0,climatology_municipal,0.058823529411764705,2021-04
2312106,Santana do Cariri,CE,2021,4,0.0,climatology_municipal,0.0,2021-04
2601102,Araripina,PE,2021,4,0.0,climatology_municipal,0.058823529411764705,2021-04
2602001,Bodocó,PE,2021,4,0.0,climatology_municipal,0.11764705882352941,2021-04
2604304,Cedro,PE,2021,4,0.0,climatology_municipal,0.0,2021-04
2605301,Exu,PE,2021,4,0.0,climatology_municipal,0.058823529411764705,2021-04
2607307,Ipubi,PE,2021,4,0.0,climatology_municipal,0.058823529411764705,2021-04
2614006,Serrita,PE,2021,4,0.0,climatology_municipal,0.058823529411764705,2021-04
2614303,Moreilândia,PE,2021,4,0.0,climatology_municipal,0.0,2021-04
2615607,Trindade,PE,2021,4,0.0,climatology_municipal,0.0,2021-04
2200277,Alegrete do Piauí,PI,2021,4,0.0,climatology_apa_intensity12,0.0,2021-04
2202091,Caldeirão Grande do Piauí,PI,2021,4,0.0,climatology_apa_intensity12,0.0,2021-04
2202554,Caridade do Piauí,PI,2021,4,0.0,climatology_apa_intensity12,0.0,2021-04
2203271,Curral Novo do Piauí,PI,2021,4,0.0,climatology_apa_intensity12,0.0,2021-04
2204154,Francisco Macedo,PI,2021,4,0.0,climatology_apa_intensity12,0.0,2021-04
2204303,Fronteiras,PI,2021,4,0.0,climatology_apa_intensity12,0.0,2021-04
2205953,Marcolândia,PI,2021,4,0.0,climatology_apa_intensity12,0.0,2021-04
2207207,Padre Marcos,PI,2021,4,0.0,climatology_apa_intensity12,0.0,2021-04
2210300,São Julião,PI,2021,4,0.0,climatology_apa_intensity12,0.0,2021-04
2210706,Simões,PI,2021,4,0.0,climatology_apa_intensity12,0.0,2021-04
2300101,Abaiara,CE,2021,4,0.0,climatology_apa_intensity12,0.0,2021-04
2300606,Altaneira,CE,2021,4,0.0,climatology_apa_intensity12,0.0,2021-04
2301307,Araripe,CE,2021,4,0.0,climatology_apa_intensity12,0.0,2021-04
2301604,Assaré,CE,2021,4,0.0,climatology_apa_intensity12,0.0,2021-04
2301901,Barbalha,CE,2021,4,0.0,climatology_apa_intensity12,0.0,2021-04
2302503,Brejo Santo,CE,2021,4,0.0,climatology_apa_intensity12,0.0,2021-04
2302701,Campos Sales,CE,2021,4,0.0,climatology_apa_intensity12,0.0,2021-04
2304202,Crato,CE,2021,4,0.0,climatology_apa_intensity12,0.0,2021-04
2304301,Farias Brito,CE,2021,4,0.0,climatology_apa_intensity12,0.0,2021-04
2307106,Jardim,CE,2021,4,0.0,climatology_apa_intensity12,0.0,2021-04
2307205,Jati,CE,2021,4,0.0,climatology_apa_intensity12,0.0,2021-04
2308401,Missão Velha,CE,2021,4,0.0,climatology_apa_intensity12,0.21058715355313284,2021-04
2309201,Nova Olinda,CE,2021,4,0.0,climatology_apa_intensity12,0.0,2021-04
2310605,Penaforte,CE,2021,4,0.0,climatology_apa_intensity12,0.0,2021-04
2311108,Porteiras,CE,2021,4,0.0,climatology_apa_intensity12,0.0,2021-04
2311207,Potengi,CE,2021,4,0.0,climatology_apa_intensity12,0.0,2021-04
2311959,Salitre,CE,2021,4,0.0,climatology_apa_intensity12,0.05264678838828321,2021-04
2312106,Santana do Cariri,CE,2021,4,0.0,climatology_apa_intensity12,0.0,2021-04
2601102,Araripina,PE,2021,4,0.0,climatology_apa_intensity12,0.05264678838828321,2021-04
2602001,Bodocó,PE,2021,4,0.0,climatology_apa_intensity12,0.10529357677656642,2021-04
2604304,Cedro,PE,2021,4,0.0,climatology_apa_intensity12,0.0,2021-04
2605301,Exu,PE,2021,4,0.0,climatology_apa_intensity12,0.05264678838828321,2021-04
2607307,Ipubi,PE,2021,4,0.0,climatology_apa_intensity12,0.05264678838828321,2021-04
2614006,Serrita,PE,2021,4,0.0,climatology_apa_intensity12,0.05264678838828321,2021-04
2614303,Moreilândia,PE,2021,4,0.0,climatology_apa_intensity12,0.0,2021-04
2615607,Trindade,PE,2021,4,0.0,climatology_apa_intensity12,0.0,2021-04
2200277,Alegrete do Piauí,PI,2021,5,0.0,climatology_municipal,0.0,2021-05
2202091,Caldeirão Grande do Piauí,PI,2021,5,0.0,climatology_municipal,0.0,2021-05
2202554,Caridade do Piauí,PI,2021,5,0.0,climatology_municipal,0.0,2021-05
2203271,Curral Novo do Piauí,PI,2021,5,0.0,climatology_municipal,0.0,2021-05
2204154,Francisco Macedo,PI,2021,5,0.0,climatology_municipal,0.0,2021-05
2204303,Fronteiras,PI,2021,5,0.0,climatology_municipal,0.0,2021-05
2205953,Marcolândia,PI,2021,5,0.0,climatology_municipal,0.0,2021-05
2207207,Padre Marcos,PI,2021,5,0.0,climatology_municipal,0.0,2021-05
2210300,São Julião,PI,2021,5,0.0,climatology_municipal,0.0,2021-05
2210706,Simões,PI,2021,5,0.0,climatology_municipal,0.0,2021-05
2300101,Abaiara,CE,2021,5,0.0,climatology_municipal,0.058823529411764705,2021-05
2300606,Altaneira,CE,2021,5,0.0,climatology_municipal,0.0,2021-05
2301307,Araripe,CE,2021,5,5.0,climatology_municipal,0.0,2021-05
2301604,Assaré,CE,2021,5,0.0,climatology_municipal,0.0,2021-05
2301901,Barbalha,CE,2021,5,0.0,climatology_municipal,0.0,2021-05
2302503,Brejo Santo,CE,2021,5,0.0,climatology_municipal,0.058823529411764705,2021-05
2302701,Campos Sales,CE,2021,5,0.0,climatology_municipal,0.0,2021-05
2304202,Crato,CE,2021,5,0.0,climatology_municipal,0.058823529411764705,2021-05
2304301,Farias Brito,CE,2021,5,0.0,climatology_municipal,0.0,2021-05
2307106,Jardim,CE,2021,5,0.0,climatology_municipal,0.17647058823529413,2021-05
2307205,Jati,CE,2021,5,0.0,climatology_municipal,0.0,2021-05
2308401,Missão Velha,CE,2021,5,0.0,climatology_municipal,0.0,2021-05
2309201,Nova Olinda,CE,2021,5,0.0,climatology_municipal,0.17647058823529413,2021-05
2310605,Penaforte,CE,2021,5,0.0,climatology_municipal,0.0,2021-05
2311108,Porteiras,CE,2021,5,0.0,climatology_municipal,0.058823529411764705,2021-05
2311207,Potengi,CE,2021,5,0.0,climatology_municipal,0.058823529411764705,2021-05
2311959,Salitre,CE,2021,5,0.0,climatology_municipal,0.058823529411764705,2021-05
2312106,Santana do Cariri,CE,2021,5,0.0,climatology_municipal,0.0,2021-05
2601102,Araripina,PE,2021,5,0.0,climatology_municipal,0.058823529411764705,2021-05
2602001,Bodocó,PE,2021,5,0.0,climatology_municipal,0.0,2021-05
2604304,Cedro,PE,2021,5,0.0,climatology_municipal,0.0,2021-05
2605301,Exu,PE,2021,5,1.0,climatology_municipal,0.11764705882352941,2021-05
2607307,Ipubi,PE,2021,5,0.0,climatology_municipal,0.058823529411764705,2021-05
2614006,Serrita,PE,2021,5,0.0,climatology_municipal,0.0,2021-05
2614303,Moreilândia,PE,2021,5,0.0,climatology_municipal,0.0,2021-05
2615607,Trindade,PE,2021,5,0.0,climatology_municipal,0.0,2021-05
2200277,Alegrete do Piauí,PI,2021,5,0.0,climatology_apa_intensity12,0.0,2021-05
2202091,Caldeirão Grande do Piauí,PI,2021,5,0.0,climatology_apa_intensity12,0.0,2021-05
2202554,Caridade do Piauí,PI,2021,5,0.0,climatology_apa_intensity12,0.0,2021-05
2203271,Curral Novo do Piauí,PI,2021,5,0.0,climatology_apa_intensity12,0.0,2021-05
2204154,Francisco Macedo,PI,2021,5,0.0,climatology_apa_intensity12,0.0,2021-05
2204303,Fronteiras,PI,2021,5,0.0,climatology_apa_intensity12,0.0,2021-05
2205953,Marcolândia,PI,2021,5,0.0,climatology_apa_intensity12,0.0,2021-05
2207207,Padre Marcos,PI,2021,5,0.0,climatology_apa_intensity12,0.0,2021-05
2210300,São Julião,PI,2021,5,0.0,climatology_apa_intensity12,0.0,2021-05
2210706,Simões,PI,2021,5,0.0,climatology_apa_intensity12,0.0,2021-05
2300101,Abaiara,CE,2021,5,0.0,climatology_apa_intensity12,0.05264932414976859,2021-05
2300606,Altaneira,CE,2021,5,0.0,climatology_apa_intensity12,0.0,2021-05
2301307,Araripe,CE,2021,5,5.0,climatology_apa_intensity12,0.0,2021-05
2301604,Assaré,CE,2021,5,0.0,climatology_apa_intensity12,0.0,2021-05
2301901,Barbalha,CE,2021,5,0.0,climatology_apa_intensity12,0.0,2021-05
2302503,Brejo Santo,CE,2021,5,0.0,climatology_apa_intensity12,0.05264932414976859,2021-05
2302701,Campos Sales,CE,2021,5,0.0,climatology_apa_intensity12,0.0,2021-05
2304202,Crato,CE,2021,5,0.0,climatology_apa_intensity12,0.05264932414976859,2021-05
2304301,Farias Brito,CE,2021,5,0.0,climatology_apa_intensity12,0.0,2021-05
2307106,Jardim,CE,2021,5,0.0,climatology_apa_intensity12,0.15794797244930578,2021-05
2307205,Jati,CE,2021,5,0.0,climatology_apa_intensity12,0.0,2021-05
2308401,Missão Velha,CE,2021,5,0.0,climatology_apa_intensity12,0.0,2021-05
2309201,Nova Olinda,CE,2021,5,0.0,climatology_apa_intensity12,0.15794797244930578,2021-05
2310605,Penaforte,CE,2021,5,0.0,climatology_apa_intensity12,0.0,2021-05
2311108,Porteiras,CE,2021,5,0.0,climatology_apa_intensity12,0.05264932414976859,2021-05
2311207,Potengi,CE,2021,5,0.0,climatology_apa_intensity12,0.05264932414976859,2021-05
2311959,Salitre,CE,2021,5,0.0,climatology_apa_intensity12,0.05264932414976859,2021-05
2312106,Santana do Cariri,CE,2021,5,0.0,climatology_apa_intensity12,0.0,2021-05
2601102,Araripina,PE,2021,5,0.0,climatology_apa_intensity12,0.05264932414976859,2021-05
2602001,Bodocó,PE,2021,5,0.0,climatology_apa_intensity12,0.0,2021-05
2604304,Cedro,PE,2021,5,0.0,climatology_apa_intensity12,0.0,2021-05
2605301,Exu,PE,2021,5,1.0,climatology_apa_intensity12,0.10529864829953718,2021-05
2607307,Ipubi,PE,2021,5,0.0,climatology_apa_intensity12,0.05264932414976859,2021-05
2614006,Serrita,PE,2021,5,0.0,climatology_apa_intensity12,0.0,2021-05
2614303,Moreilândia,PE,2021,5,0.0,climatology_apa_intensity12,0.0,2021-05
2615607,Trindade,PE,2021,5,0.0,climatology_apa_intensity12,0.0,2021-05
2200277,Alegrete do Piauí,PI,2021,6,0.0,climatology_municipal,0.0,2021-06
2202091,Caldeirão Grande do Piauí,PI,2021,6,0.0,climatology_municipal,0.11764705882352941,2021-06
2202554,Caridade do Piauí,PI,2021,6,0.0,climatology_municipal,0.0,2021-06
2203271,Curral Novo do Piauí,PI,2021,6,0.0,climatology_municipal,0.0,2021-06
2204154,Francisco Macedo,PI,2021,6,0.0,climatology_municipal,0.0,2021-06
2204303,Fronteiras,PI,2021,6,0.0,climatology_municipal,0.0,2021-06
2205953,Marcolândia,PI,2021,6,0.0,climatology_municipal,0.0,2021-06
2207207,Padre Marcos,PI,2021,6,0.0,climatology_municipal,0.0,2021-06
2210300,São Julião,PI,2021,6,0.0,climatology_municipal,0.0,2021-06
2210706,Simões,PI,2021,6,0.0,climatology_municipal,0.058823529411764705,2021-06
2300101,Abaiara,CE,2021,6,3.0,climatology_municipal,0.0,2021-06
2300606,Altaneira,CE,2021,6,0.0,climatology_municipal,0.0,2021-06
2301307,Araripe,CE,2021,6,1.0,climatology_municipal,0.058823529411764705,2021-06
2301604,Assaré,CE,2021,6,0.0,climatology_municipal,0.0,2021-06
2301901,Barbalha,CE,2021,6,0.0,climatology_municipal,0.17647058823529413,2021-06
2302503,Brejo Santo,CE,2021,6,4.0,climatology_municipal,0.0,2021-06
2302701,Campos Sales,CE,2021,6,0.0,climatology_municipal,0.0,2021-06
2304202,Crato,CE,2021,6,0.0,climatology_municipal,0.058823529411764705,2021-06
2304301,Farias Brito,CE,2021,6,0.0,climatology_municipal,0.0,2021-06
2307106,Jardim,CE,2021,6,0.0,climatology_municipal,0.058823529411764705,2021-06
2307205,Jati,CE,2021,6,0.0,climatology_municipal,0.0,2021-06
2308401,Missão Velha,CE,2021,6,0.0,climatology_municipal,0.11764705882352941,2021-06
2309201,Nova Olinda,CE,2021,6,0.0,climatology_municipal,0.0,2021-06
2310605,Penaforte,CE,2021,6,0.0,climatology_municipal,0.0,2021-06
2311108,Porteiras,CE,2021,6,0.0,climatology_municipal,0.058823529411764705,2021-06
2311207,Potengi,CE,2021,6,0.0,climatology_municipal,0.0,2021-06
2311959,Salitre,CE,2021,6,0.0,climatology_municipal,0.11764705882352941,2021-06
2312106,Santana do Cariri,CE,2021,6,0.0,climatology_municipal,0.0,2021-06
2601102,Araripina,PE,2021,6,0.0,climatology_municipal,0.47058823529411764,2021-06
2602001,Bodocó,PE,2021,6,1.0,climatology_municipal,0.0,2021-06
2604304,Cedro,PE,2021,6,0.0,climatology_municipal,0.23529411764705882,2021-06
2605301,Exu,PE,2021,6,0.0,climatology_municipal,0.11764705882352941,2021-06
2607307,Ipubi,PE,2021,6,4.0,climatology_municipal,0.0,2021-06
2614006,Serrita,PE,2021,6,0.0,climatology_municipal,0.0,2021-06
2614303,Moreilândia,PE,2021,6,0.0,climatology_municipal,0.11764705882352941,2021-06
2615607,Trindade,PE,2021,6,0.0,climatology_municipal,0.0,2021-06
2200277,Alegrete do Piauí,PI,2021,6,0.0,climatology_apa_intensity12,0.0,2021-06
2202091,Caldeirão Grande do Piauí,PI,2021,6,0.0,climatology_apa_intensity12,0.10573173133740398,2021-06
2202554,Caridade do Piauí,PI,2021,6,0.0,climatology_apa_intensity12,0.0,2021-06
2203271,Curral Novo do Piauí,PI,2021,6,0.0,climatology_apa_intensity12,0.0,2021-06
2204154,Francisco Macedo,PI,2021,6,0.0,climatology_apa_intensity12,0.0,2021-06
2204303,Fronteiras,PI,2021,6,0.0,climatology_apa_intensity12,0.0,2021-06
2205953,Marcolândia,PI,2021,6,0.0,climatology_apa_intensity12,0.0,2021-06
2207207,Padre Marcos,PI,2021,6,0.0,climatology_apa_intensity12,0.0,2021-06
2210300,São Julião,PI,2021,6,0.0,climatology_apa_intensity12,0.0,2021-06
2210706,Simões,PI,2021,6,0.0,climatology_apa_intensity12,0.05286586566870199,2021-06
2300101,Abaiara,CE,2021,6,3.0,climatology_apa_intensity12,0.0,2021-06
2300606,Altaneira,CE,2021,6,0.0,climatology_apa_intensity12,0.0,2021-06
2301307,Araripe,CE,2021,6,1.0,climatology_apa_intensity12,0.05286586566870199,2021-06
2301604,Assaré,CE,2021,6,0.0,climatology_apa_intensity12,0.0,2021-06
2301901,Barbalha,CE,2021,6,0.0,climatology_apa_intensity12,0.15859759700610598,2021-06
2302503,Brejo Santo,CE,2021,6,4.0,climatology_apa_intensity12,0.0,2021-06
2302701,Campos Sales,CE,2021,6,0.0,climatology_apa_intensity12,0.0,2021-06
2304202,Crato,CE,2021,6,0.0,climatology_apa_intensity12,0.05286586566870199,2021-06
2304301,Farias Brito,CE,2021,6,0.0,climatology_apa_intensity12,0.0,2021-06
2307106,Jardim,CE,2021,6,0.0,climatology_apa_intensity12,0.05286586566870199,2021-06
2307205,Jati,CE,2021,6,0.0,climatology_apa_intensity12,0.0,2021-06
2308401,Missão Velha,CE,2021,6,0.0,climatology_apa_intensity12,0.10573173133740398,2021-06
2309201,Nova Olinda,CE,2021,6,0.0,climatology_apa_intensity12,0.0,2021-06
2310605,Penaforte,CE,2021,6,0.0,climatology_apa_intensity12,0.0,2021-06
2311108,Porteiras,CE,2021,6,0.0,climatology_apa_intensity12,0.05286586566870199,2021-06
2311207,Potengi,CE,2021,6,0.0,climatology_apa_intensity12,0.0,2021-06
2311959,Salitre,CE,2021,6,0.0,climatology_apa_intensity12,0.10573173133740398,2021-06
2312106,Santana do Cariri,CE,2021,6,0.0,climatology_apa_intensity12,0.0,2021-06
2601102,Araripina,PE,2021,6,0.0,climatology_apa_intensity12,0.4229269253496159,2021-06
2602001,Bodocó,PE,2021,6,1.0,climatology_apa_intensity12,0.0,2021-06
2604304,Cedro,PE,2021,6,0.0,climatology_apa_intensity12,0.21146346267480795,2021-06
2605301,Exu,PE,2021,6,0.0,climatology_apa_intensity12,0.10573173133740398,2021-06
2607307,Ipubi,PE,2021,6,4.0,climatology_apa_intensity12,0.0,2021-06
2614006,Serrita,PE,2021,6,0.0,climatology_apa_intensity12,0.0,2021-06
2614303,Moreilândia,PE,2021,6,0.0,climatology_apa_intensity12,0.10573173133740398,2021-06
2615607,Trindade,PE,2021,6,0.0,climatology_apa_intensity12,0.0,2021-06
2200277,Alegrete do Piauí,PI,2021,7,0.0,climatology_municipal,0.0,2021-07
2202091,Caldeirão Grande do Piauí,PI,2021,7,0.0,climatology_municipal,0.0,2021-07
2202554,Caridade do Piauí,PI,2021,7,0.0,climatology_municipal,0.0,2021-07
2203271,Curral Novo do Piauí,PI,2021,7,0.0,climatology_municipal,0.058823529411764705,2021-07
2204154,Francisco Macedo,PI,2021,7,0.0,climatology_municipal,0.0,2021-07
2204303,Fronteiras,PI,2021,7,0.0,climatology_municipal,0.11764705882352941,2021-07
2205953,Marcolândia,PI,2021,7,0.0,climatology_municipal,0.0,2021-07
2207207,Padre Marcos,PI,2021,7,0.0,climatology_municipal,0.0,2021-07
2210300,São Julião,PI,2021,7,0.0,climatology_municipal,0.0,2021-07
2210706,Simões,PI,2021,7,0.0,climatology_municipal,0.0,2021-07
2300101,Abaiara,CE,2021,7,0.0,climatology_municipal,0.17647058823529413,2021-07
2300606,Altaneira,CE,2021,7,0.0,climatology_municipal,0.0,2021-07
2301307,Araripe,CE,2021,7,0.0,climatology_municipal,0.35294117647058826,2021-07
2301604,Assaré,CE,2021,7,0.0,climatology_municipal,0.058823529411764705,2021-07
2301901,Barbalha,CE,2021,7,0.0,climatology_municipal,0.23529411764705882,2021-07
2302503,Brejo Santo,CE,2021,7,0.0,climatology_municipal,0.23529411764705882,2021-07
2302701,Campos Sales,CE,2021,7,1.0,climatology_municipal,0.0,2021-07
2304202,Crato,CE,2021,7,0.0,climatology_municipal,0.0,2021-07
2304301,Farias Brito,CE,2021,7,0.0,climatology_municipal,0.23529411764705882,2021-07
2307106,Jardim,CE,2021,7,0.0,climatology_municipal,0.058823529411764705,2021-07
2307205,Jati,CE,2021,7,0.0,climatology_municipal,0.0,2021-07
2308401,Missão Velha,CE,2021,7,0.0,climatology_municipal,0.11764705882352941,2021-07
2309201,Nova Olinda,CE,2021,7,0.0,climatology_municipal,0.47058823529411764,2021-07
2310605,Penaforte,CE,2021,7,0.0,climatology_municipal,0.0,2021-07
2311108,Porteiras,CE,2021,7,0.0,climatology_municipal,0.17647058823529413,2021-07
2311207,Potengi,CE,2021,7,0.0,climatology_municipal,0.11764705882352941,2021-07
2311959,Salitre,CE,2021,7,0.0,climatology_municipal,0.058823529411764705,2021-07
2312106,Santana do Cariri,CE,2021,7,0.0,climatology_municipal,0.35294117647058826,2021-07
2601102,Araripina,PE,2021,7,6.0,climatology_municipal,0.8235294117647058,2021-07
2602001,Bodocó,PE,2021,7,1.0,climatology_municipal,0.23529411764705882,2021-07
2604304,Cedro,PE,2021,7,0.0,climatology_municipal,0.0,2021-07
2605301,Exu,PE,2021,7,0.0,climatology_municipal,0.058823529411764705,2021-07
2607307,Ipubi,PE,2021,7,0.0,climatology_municipal,0.11764705882352941,2021-07
2614006,Serrita,PE,2021,7,0.0,climatology_municipal,0.0,2021-07
2614303,Moreilândia,PE,2021,7,0.0,climatology_municipal,0.11764705882352941,2021-07
2615607,Trindade,PE,2021,7,0.0,climatology_municipal,0.0,2021-07
2200277,Alegrete do Piauí,PI,2021,7,0.0,climatology_apa_intensity12,0.0,2021-07
2202091,Caldeirão Grande do Piauí,PI,2021,7,0.0,climatology_apa_intensity12,0.0,2021-07
2202554,Caridade do Piauí,PI,2021,7,0.0,climatology_apa_intensity12,0.0,2021-07
2203271,Curral Novo do Piauí,PI,2021,7,0.0,climatology_apa_intensity12,0.05321531033517598,2021-07
2204154,Francisco Macedo,PI,2021,7,0.0,climatology_apa_intensity12,0.0,2021-07
2204303,Fronteiras,PI,2021,7,0.0,climatology_apa_intensity12,0.10643062067035196,2021-07
2205953,Marcolândia,PI,2021,7,0.0,climatology_apa_intensity12,0.0,2021-07
2207207,Padre Marcos,PI,2021,7,0.0,climatology_apa_intensity12,0.0,2021-07
2210300,São Julião,PI,2021,7,0.0,climatology_apa_intensity12,0.0,2021-07
2210706,Simões,PI,2021,7,0.0,climatology_apa_intensity12,0.0,2021-07
2300101,Abaiara,CE,2021,7,0.0,climatology_apa_intensity12,0.15964593100552796,2021-07
2300606,Altaneira,CE,2021,7,0.0,climatology_apa_intensity12,0.0,2021-07
2301307,Araripe,CE,2021,7,0.0,climatology_apa_intensity12,0.3192918620110559,2021-07
2301604,Assaré,CE,2021,7,0.0,climatology_apa_intensity12,0.05321531033517598,2021-07
2301901,Barbalha,CE,2021,7,0.0,climatology_apa_intensity12,0.21286124134070392,2021-07
2302503,Brejo Santo,CE,2021,7,0.0,climatology_apa_intensity12,0.21286124134070392,2021-07
2302701,Campos Sales,CE,2021,7,1.0,climatology_apa_intensity12,0.0,2021-07
2304202,Crato,CE,2021,7,0.0,climatology_apa_intensity12,0.0,2021-07
2304301,Farias Brito,CE,2021,7,0.0,climatology_apa_intensity12,0.21286124134070392,2021-07
2307106,Jardim,CE,2021,7,0.0,climatology_apa_intensity12,0.05321531033517598,2021-07
2307205,Jati,CE,2021,7,0.0,climatology_apa_intensity12,0.0,2021-07
2308401,Missão Velha,CE,2021,7,0.0,climatology_apa_intensity12,0.10643062067035196,2021-07
2309201,Nova Olinda,CE,2021,7,0.0,climatology_apa_intensity12,0.42572248268140783,2021-07
2310605,Penaforte,CE,2021,7,0.0,climatology_apa_intensity12,0.0,2021-07
2311108,Porteiras,CE,2021,7,0.0,climatology_apa_intensity12,0.15964593100552796,2021-07
2311207,Potengi,CE,2021,7,0.0,climatology_apa_intensity12,0.10643062067035196,2021-07
2311959,Salitre,CE,2021,7,0.0,climatology_apa_intensity12,0.05321531033517598,2021-07
2312106,Santana do Cariri,CE,2021,7,0.0,climatology_apa_intensity12,0.3192918620110559,2021-07
2601102,Araripina,PE,2021,7,6.0,climatology_apa_intensity12,0.7450143446924637,2021-07
2602001,Bodocó,PE,2021,7,1.0,climatology_apa_intensity12,0.21286124134070392,2021-07
2604304,Cedro,PE,2021,7,0.0,climatology_apa_intensity12,0.0,2021-07
2605301,Exu,PE,2021,7,0.0,climatology_apa_intensity12,0.05321531033517598,2021-07
2607307,Ipubi,PE,2021,7,0.0,climatology_apa_intensity12,0.10643062067035196,2021-07
2614006,Serrita,PE,2021,7,0.0,climatology_apa_intensity12,0.0,2021-07
2614303,Moreilândia,PE,2021,7,0.0,climatology_apa_intensity12,0.10643062067035196,2021-07
2615607,Trindade,PE,2021,7,0.0,climatology_apa_intensity12,0.0,2021-07
2200277,Alegrete do Piauí,PI,2021,8,0.0,climatology_municipal,0.058823529411764705,2021-08
2202091,Caldeirão Grande do Piauí,PI,2021,8,0.0,climatology_municipal,0.11764705882352941,2021-08
2202554,Caridade do Piauí,PI,2021,8,0.0,climatology_municipal,0.0,2021-08
2203271,Curral Novo do Piauí,PI,2021,8,1.0,climatology_municipal,0.0,2021-08
2204154,Francisco Macedo,PI,2021,8,0.0,climatology_municipal,0.0,2021-08
2204303,Fronteiras,PI,2021,8,0.0,climatology_municipal,0.23529411764705882,2021-08
2205953,Marcolândia,PI,2021,8,0.0,climatology_municipal,0.11764705882352941,2021-08
2207207,Padre Marcos,PI,2021,8,0.0,climatology_municipal,0.17647058823529413,2021-08
2210300,São Julião,PI,2021,8,0.0,climatology_municipal,0.0,2021-08
2210706,Simões,PI,2021,8,0.0,climatology_municipal,0.29411764705882354,2021-08
2300101,Abaiara,CE,2021,8,0.0,climatology_municipal,0.4117647058823529,2021-08
2300606,Altaneira,CE,2021,8,0.0,climatology_municipal,0.0,2021-08
2301307,Araripe,CE,2021,8,1.0,climatology_municipal,0.9411764705882353,2021-08
2301604,Assaré,CE,2021,8,0.0,climatology_municipal,1.0588235294117647,2021-08
2301901,Barbalha,CE,2021,8,2.0,climatology_municipal,1.1764705882352942,2021-08
2302503,Brejo Santo,CE,2021,8,0.0,climatology_municipal,0.17647058823529413,2021-08
2302701,Campos Sales,CE,2021,8,0.0,climatology_municipal,0.29411764705882354,2021-08
2304202,Crato,CE,2021,8,0.0,climatology_municipal,1.588235294117647,2021-08
2304301,Farias Brito,CE,2021,8,0.0,climatology_municipal,0.17647058823529413,2021-08
2307106,Jardim,CE,2021,8,0.0,climatology_municipal,0.17647058823529413,2021-08
2307205,Jati,CE,2021,8,0.0,climatology_municipal,0.0,2021-08
2308401,Missão Velha,CE,2021,8,1.0,climatology_municipal,0.5882352941176471,2021-08
2309201,Nova Olinda,CE,2021,8,0.0,climatology_municipal,0.23529411764705882,2021-08
2310605,Penaforte,CE,2021,8,0.0,climatology_municipal,0.0,2021-08
2311108,Porteiras,CE,2021,8,0.0,climatology_municipal,0.058823529411764705,2021-08
2311207,Potengi,CE,2021,8,0.0,climatology_municipal,0.0,2021-08
2311959,Salitre,CE,2021,8,1.0,climatology_municipal,0.23529411764705882,2021-08
2312106,Santana do Cariri,CE,2021,8,0.0,climatology_municipal,0.7058823529411765,2021-08
2601102,Araripina,PE,2021,8,0.0,climatology_municipal,1.3529411764705883,2021-08
2602001,Bodocó,PE,2021,8,3.0,climatology_municipal,0.47058823529411764,2021-08
2604304,Cedro,PE,2021,8,0.0,climatology_municipal,0.0,2021-08
2605301,Exu,PE,2021,8,0.0,climatology_municipal,0.5882352941176471,2021-08
2607307,Ipubi,PE,2021,8,6.0,climatology_municipal,0.7647058823529411,2021-08
2614006,Serrita,PE,2021,8,0.0,climatology_municipal,0.23529411764705882,2021-08
2614303,Moreilândia,PE,2021,8,0.0,climatology_municipal,0.0,2021-08
2615607,Trindade,PE,2021,8,8.0,climatology_municipal,0.23529411764705882,2021-08
2200277,Alegrete do Piauí,PI,2021,8,0.0,climatology_apa_intensity12,0.0529640916225445,2021-08
2202091,Caldeirão Grande do Piauí,PI,2021,8,0.0,climatology_apa_intensity12,0.105928183245089,2021-08
2202554,Caridade do Piauí,PI,2021,8,0.0,climatology_apa_intensity12,0.0,2021-08
2203271,Curral Novo do Piauí,PI,2021,8,1.0,climatology_apa_intensity12,0.0,2021-08
2204154,Francisco Macedo,PI,2021,8,0.0,climatology_apa_intensity12,0.0,2021-08
2204303,Fronteiras,PI,2021,8,0.0,climatology_apa_intensity12,0.211856366490178,2021-08
2205953,Marcolândia,PI,2021,8,0.0,climatology_apa_intensity12,0.105928183245089,2021-08
2207207,Padre Marcos,PI,2021,8,0.0,climatology_apa_intensity12,0.15889227486763352,2021-08
2210300,São Julião,PI,2021,8,0.0,climatology_apa_intensity12,0.0,2021-08
2210706,Simões,PI,2021,8,0.0,climatology_apa_intensity12,0.26482045811272253,2021-08
2300101,Abaiara,CE,2021,8,0.0,climatology_apa_intensity12,0.3707486413578115,2021-08
2300606,Altaneira,CE,2021,8,0.0,climatology_apa_intensity12,0.0,2021-08
2301307,Araripe,CE,2021,8,1.0,climatology_apa_intensity12,0.847425465960712,2021-08
2301604,Assaré,CE,2021,8,0.0,climatology_apa_intensity12,0.9533536492058011,2021-08
2301901,Barbalha,CE,2021,8,2.0,climatology_apa_intensity12,1.0592818324508901,2021-08
2302503,Brejo Santo,CE,2021,8,0.0,climatology_apa_intensity12,0.15889227486763352,2021-08
2302701,Campos Sales,CE,2021,8,0.0,climatology_apa_intensity12,0.26482045811272253,2021-08
2304202,Crato,CE,2021,8,0.0,climatology_apa_intensity12,1.4300304738087015,2021-08
2304301,Farias Brito,CE,2021,8,0.0,climatology_apa_intensity12,0.15889227486763352,2021-08
2307106,Jardim,CE,2021,8,0.0,climatology_apa_intensity12,0.15889227486763352,2021-08
2307205,Jati,CE,2021,8,0.0,climatology_apa_intensity12,0.0,2021-08
2308401,Missão Velha,CE,2021,8,1.0,climatology_apa_intensity12,0.5296409162254451,2021-08
2309201,Nova Olinda,CE,2021,8,0.0,climatology_apa_intensity12,0.211856366490178,2021-08
2310605,Penaforte,CE,2021,8,0.0,climatology_apa_intensity12,0.0,2021-08
2311108,Porteiras,CE,2021,8,0.0,climatology_apa_intensity12,0.0529640916225445,2021-08
2311207,Potengi,CE,2021,8,0.0,climatology_apa_intensity12,0.0,2021-08
2311959,Salitre,CE,2021,8,1.0,climatology_apa_intensity12,0.211856366490178,2021-08
2312106,Santana do Cariri,CE,2021,8,0.0,climatology_apa_intensity12,0.6355690994705341,2021-08
2601102,Araripina,PE,2021,8,0.0,climatology_apa_intensity12,1.2181741073185237,2021-08
2602001,Bodocó,PE,2021,8,3.0,climatology_apa_intensity12,0.423712732980356,2021-08
2604304,Cedro,PE,2021,8,0.0,climatology_apa_intensity12,0.0,2021-08
2605301,Exu,PE,2021,8,0.0,climatology_apa_intensity12,0.5296409162254451,2021-08
2607307,Ipubi,PE,2021,8,6.0,climatology_apa_intensity12,0.6885331910930785,2021-08
2614006,Serrita,PE,2021,8,0.0,climatology_apa_intensity12,0.211856366490178,2021-08
2614303,Moreilândia,PE,2021,8,0.0,climatology_apa_intensity12,0.0,2021-08
2615607,Trindade,PE,2021,8,8.0,climatology_apa_intensity12,0.211856366490178,2021-08
2200277,Alegrete do Piauí,PI,2021,9,0.0,climatology_municipal,0.5882352941176471,2021-09
2202091,Caldeirão Grande do Piauí,PI,2021,9,7.0,climatology_municipal,1.7058823529411764,2021-09
2202554,Caridade do Piauí,PI,2021,9,1.0,climatology_municipal,1.7647058823529411,2021-09
2203271,Curral Novo do Piauí,PI,2021,9,7.0,climatology_municipal,1.8823529411764706,2021-09
2204154,Francisco Macedo,PI,2021,9,0.0,climatology_municipal,0.17647058823529413,2021-09
2204303,Fronteiras,PI,2021,9,7.0,climatology_municipal,2.411764705882353,2021-09
2205953,Marcolândia,PI,2021,9,0.0,climatology_municipal,0.7058823529411765,2021-09
2207207,Padre Marcos,PI,2021,9,0.0,climatology_municipal,0.11764705882352941,2021-09
2210300,São Julião,PI,2021,9,3.0,climatology_municipal,1.3529411764705883,2021-09
2210706,Simões,PI,2021,9,6.0,climatology_municipal,1.4705882352941178,2021-09
2300101,Abaiara,CE,2021,9,0.0,climatology_municipal,0.29411764705882354,2021-09
2300606,Altaneira,CE,2021,9,3.0,climatology_municipal,0.17647058823529413,2021-09
2301307,Araripe,CE,2021,9,9.0,climatology_municipal,6.882352941176471,2021-09
2301604,Assaré,CE,2021,9,0.0,climatology_municipal,1.3529411764705883,2021-09
2301901,Barbalha,CE,2021,9,3.0,climatology_municipal,2.764705882352941,2021-09
2302503,Brejo Santo,CE,2021,9,1.0,climatology_municipal,1.3529411764705883,2021-09
2302701,Campos Sales,CE,2021,9,2.0,climatology_municipal,1.411764705882353,2021-09
2304202,Crato,CE,2021,9,11.0,climatology_municipal,3.588235294117647,2021-09
2304301,Farias Brito,CE,2021,9,0.0,climatology_municipal,3.4705882352941178,2021-09
2307106,Jardim,CE,2021,9,3.0,climatology_municipal,1.4705882352941178,2021-09
2307205,Jati,CE,2021,9,0.0,climatology_municipal,0.5294117647058824,2021-09
2308401,Missão Velha,CE,2021,9,1.0,climatology_municipal,3.176470588235294,2021-09
2309201,Nova Olinda,CE,2021,9,2.0,climatology_municipal,0.7647058823529411,2021-09
2310605,Penaforte,CE,2021,9,0.0,climatology_municipal,0.0,2021-09
2311108,Porteiras,CE,2021,9,0.0,climatology_municipal,0.9411764705882353,2021-09
2311207,Potengi,CE,2021,9,1.0,climatology_municipal,1.2352941176470589,2021-09
2311959,Salitre,CE,2021,9,0.0,climatology_municipal,1.6470588235294117,2021-09
2312106,Santana do Cariri,CE,2021,9,6.0,climatology_municipal,1.8823529411764706,2021-09
2601102,Araripina,PE,2021,9,11.0,climatology_municipal,8.647058823529411,2021-09
2602001,Bodocó,PE,2021,9,24.0,climatology_municipal,11.176470588235293,2021-09
2604304,Cedro,PE,2021,9,0.0,climatology_municipal,0.17647058823529413,2021-09
2605301,Exu,PE,2021,9,5.0,climatology_municipal,3.0588235294117645,2021-09
2607307,Ipubi,PE,2021,9,7.0,climatology_municipal,3.823529411764706,2021-09
2614006,Serrita,PE,2021,9,3.0,climatology_municipal,4.235294117647059,2021-09
2614303,Moreilândia,PE,2021,9,0.0,climatology_municipal,1.2352941176470589,2021-09
2615607,Trindade,PE,2021,9,3.0,climatology_municipal,1.0,2021-09
2200277,Alegrete do Piauí,PI,2021,9,0.0,climatology_apa_intensity12,0.5363040629095676,2021-09
2202091,Caldeirão Grande do Piauí,PI,2021,9,7.0,climatology_apa_intensity12,1.5552817824377458,2021-09
2202554,Caridade do Piauí,PI,2021,9,1.0,climatology_apa_intensity12,1.6089121887287026,2021-09
2203271,Curral Novo do Piauí,PI,2021,9,7.0,climatology_apa_intensity12,1.7161730013106162,2021-09
2204154,Francisco Macedo,PI,2021,9,0.0,climatology_apa_intensity12,0.16089121887287028,2021-09
2204303,Fronteiras,PI,2021,9,7.0,climatology_apa_intensity12,2.1988466579292267,2021-09
2205953,Marcolândia,PI,2021,9,0.0,climatology_apa_intensity12,0.6435648754914811,2021-09
2207207,Padre Marcos,PI,2021,9,0.0,climatology_apa_intensity12,0.10726081258191351,2021-09
2210300,São Julião,PI,2021,9,3.0,climatology_apa_intensity12,1.2334993446920055,2021-09
2210706,Simões,PI,2021,9,6.0,climatology_apa_intensity12,1.340760157273919,2021-09
2300101,Abaiara,CE,2021,9,0.0,climatology_apa_intensity12,0.2681520314547838,2021-09
2300606,Altaneira,CE,2021,9,3.0,climatology_apa_intensity12,0.16089121887287028,2021-09
2301307,Araripe,CE,2021,9,9.0,climatology_apa_intensity12,6.274757536041941,2021-09
2301604,Assaré,CE,2021,9,0.0,climatology_apa_intensity12,1.2334993446920055,2021-09
2301901,Barbalha,CE,2021,9,3.0,climatology_apa_intensity12,2.5206290956749675,2021-09
2302503,Brejo Santo,CE,2021,9,1.0,climatology_apa_intensity12,1.2334993446920055,2021-09
2302701,Campos Sales,CE,2021,9,2.0,climatology_apa_intensity12,1.2871297509829622,2021-09
2304202,Crato,CE,2021,9,11.0,climatology_apa_intensity12,3.271454783748362,2021-09
2304301,Farias Brito,CE,2021,9,0.0,climatology_apa_intensity12,3.1641939711664486,2021-09
2307106,Jardim,CE,2021,9,3.0,climatology_apa_intensity12,1.340760157273919,2021-09
2307205,Jati,CE,2021,9,0.0,climatology_apa_intensity12,0.4826736566186108,2021-09
2308401,Missão Velha,CE,2021,9,1.0,climatology_apa_intensity12,2.896041939711665,2021-09
2309201,Nova Olinda,CE,2021,9,2.0,climatology_apa_intensity12,0.6971952817824377,2021-09
2310605,Penaforte,CE,2021,9,0.0,climatology_apa_intensity12,0.0,2021-09
2311108,Porteiras,CE,2021,9,0.0,climatology_apa_intensity12,0.8580865006553081,2021-09
2311207,Potengi,CE,2021,9,1.0,climatology_apa_intensity12,1.1262385321100918,2021-09
2311959,Salitre,CE,2021,9,0.0,climatology_apa_intensity12,1.5016513761467891,2021-09
2312106,Santana do Cariri,CE,2021,9,6.0,climatology_apa_intensity12,1.7161730013106162,2021-09
2601102,Araripina,PE,2021,9,11.0,climatology_apa_intensity12,7.883669724770643,2021-09
2602001,Bodocó,PE,2021,9,24.0,climatology_apa_intensity12,10.189777195281783,2021-09
2604304,Cedro,PE,2021,9,0.0,climatology_apa_intensity12,0.16089121887287028,2021-09
2605301,Exu,PE,2021,9,5.0,climatology_apa_intensity12,2.788781127129751,2021-09
2607307,Ipubi,PE,2021,9,7.0,climatology_apa_intensity12,3.4859764089121894,2021-09
2614006,Serrita,PE,2021,9,3.0,climatology_apa_intensity12,3.8613892529488862,2021-09
2614303,Moreilândia,PE,2021,9,0.0,climatology_apa_intensity12,1.1262385321100918,2021-09
2615607,Trindade,PE,2021,9,3.0,climatology_apa_intensity12,0.9117169069462648,2021-09
2200277,Alegrete do Piauí,PI,2021,10,6.0,climatology_municipal,0.8823529411764706,2021-10
2202091,Caldeirão Grande do Piauí,PI,2021,10,14.0,climatology_municipal,5.705882352941177,2021-10
2202554,Caridade do Piauí,PI,2021,10,6.0,climatology_municipal,8.882352941176471,2021-10
2203271,Curral Novo do Piauí,PI,2021,10,4.0,climatology_municipal,5.823529411764706,2021-10
2204154,Francisco Macedo,PI,2021,10,6.0,climatology_municipal,1.8823529411764706,2021-10
2204303,Fronteiras,PI,2021,10,12.0,climatology_municipal,6.352941176470588,2021-10
2205953,Marcolândia,PI,2021,10,0.0,climatology_municipal,0.8823529411764706,2021-10
2207207,Padre Marcos,PI,2021,10,5.0,climatology_municipal,2.0,2021-10
2210300,São Julião,PI,2021,10,4.0,climatology_municipal,1.0,2021-10
2210706,Simões,PI,2021,10,7.0,climatology_municipal,7.647058823529412,2021-10
2300101,Abaiara,CE,2021,10,3.0,climatology_municipal,1.1764705882352942,2021-10
2300606,Altaneira,CE,2021,10,1.0,climatology_municipal,0.4117647058823529,2021-10
2301307,Araripe,CE,2021,10,14.0,climatology_municipal,10.588235294117647,2021-10
2301604,Assaré,CE,2021,10,4.0,climatology_municipal,3.1176470588235294,2021-10
2301901,Barbalha,CE,2021,10,6.0,climatology_municipal,3.176470588235294,2021-10
2302503,Brejo Santo,CE,2021,10,0.0,climatology_municipal,2.823529411764706,2021-10
2302701,Campos Sales,CE,2021,10,3.0,climatology_municipal,2.411764705882353,2021-10
2304202,Crato,CE,2021,10,5.0,climatology_municipal,8.647058823529411,2021-10
2304301,Farias Brito,CE,2021,10,1.0,climatology_municipal,3.235294117647059,2021-10
2307106,Jardim,CE,2021,10,2.0,climatology_municipal,2.6470588235294117,2021-10
2307205,Jati,CE,2021,10,5.0,climatology_municipal,2.4705882352941178,2021-10
2308401,Missão Velha,CE,2021,10,4.0,climatology_municipal,4.882352941176471,2021-10
2309201,Nova Olinda,CE,2021,10,0.0,climatology_municipal,0.8823529411764706,2021-10
2310605,Penaforte,CE,2021,10,0.0,climatology_municipal,0.17647058823529413,2021-10
2311108,Porteiras,CE,2021,10,1.0,climatology_municipal,0.47058823529411764,2021-10
2311207,Potengi,CE,2021,10,0.0,climatology_municipal,2.0588235294117645,2021-10
2311959,Salitre,CE,2021,10,6.0,climatology_municipal,3.7058823529411766,2021-10
2312106,Santana do Cariri,CE,2021,10,5.0,climatology_municipal,6.411764705882353,2021-10
2601102,Araripina,PE,2021,10,19.0,climatology_municipal,18.529411764705884,2021-10
2602001,Bodocó,PE,2021,10,47.0,climatology_municipal,33.94117647058823,2021-10
2604304,Cedro,PE,2021,10,1.0,climatology_municipal,0.17647058823529413,2021-10
2605301,Exu,PE,2021,10,16.0,climatology_municipal,12.0,2021-10
2607307,Ipubi,PE,2021,10,9.0,climatology_municipal,10.411764705882353,2021-10
2614006,Serrita,PE,2021,10,24.0,climatology_municipal,9.235294117647058,2021-10
2614303,Moreilândia,PE,2021,10,7.0,climatology_municipal,4.529411764705882,2021-10
2615607,Trindade,PE,2021,10,0.0,climatology_municipal,2.8823529411764706,2021-10
2200277,Alegrete do Piauí,PI,2021,10,6.0,climatology_apa_intensity12,0.8415901927664686,2021-10
2202091,Caldeirão Grande do Piauí,PI,2021,10,14.0,climatology_apa_intensity12,5.442283246556498,2021-10
2202554,Caridade do Piauí,PI,2021,10,6.0,climatology_apa_intensity12,8.472007940515786,2021-10
2203271,Curral Novo do Piauí,PI,2021,10,4.0,climatology_apa_intensity12,5.554495272258693,2021-10
2204154,Francisco Macedo,PI,2021,10,6.0,climatology_apa_intensity12,1.7953924112351332,2021-10
2204303,Fronteiras,PI,2021,10,12.0,climatology_apa_intensity12,6.0594493879185745,2021-10
2205953,Marcolândia,PI,2021,10,0.0,climatology_apa_intensity12,0.8415901927664686,2021-10
2207207,Padre Marcos,PI,2021,10,5.0,climatology_apa_intensity12,1.907604436937329,2021-10
2210300,São Julião,PI,2021,10,4.0,climatology_apa_intensity12,0.9538022184686645,2021-10
2210706,Simões,PI,2021,10,7.0,climatology_apa_intensity12,7.293781670642729,2021-10
2300101,Abaiara,CE,2021,10,3.0,climatology_apa_intensity12,1.1221202570219584,2021-10
2300606,Altaneira,CE,2021,10,1.0,climatology_apa_intensity12,0.3927420899576854,2021-10
2301307,Araripe,CE,2021,10,14.0,climatology_apa_intensity12,10.099082313197624,2021-10
2301604,Assaré,CE,2021,10,4.0,climatology_apa_intensity12,2.9736186811081895,2021-10
2301901,Barbalha,CE,2021,10,6.0,climatology_apa_intensity12,3.0297246939592872,2021-10
2302503,Brejo Santo,CE,2021,10,0.0,climatology_apa_intensity12,2.6930886168527,2021-10
2302701,Campos Sales,CE,2021,10,3.0,climatology_apa_intensity12,2.3003465268950145,2021-10
2304202,Crato,CE,2021,10,5.0,climatology_apa_intensity12,8.247583889111393,2021-10
2304301,Farias Brito,CE,2021,10,1.0,climatology_apa_intensity12,3.0858307068103854,2021-10
2307106,Jardim,CE,2021,10,2.0,climatology_apa_intensity12,2.524770578299406,2021-10
2307205,Jati,CE,2021,10,5.0,climatology_apa_intensity12,2.3564525397461127,2021-10
2308401,Missão Velha,CE,2021,10,4.0,climatology_apa_intensity12,4.656799066641128,2021-10
2309201,Nova Olinda,CE,2021,10,0.0,climatology_apa_intensity12,0.8415901927664686,2021-10
2310605,Penaforte,CE,2021,10,0.0,climatology_apa_intensity12,0.16831803855329375,2021-10
2311108,Porteiras,CE,2021,10,1.0,climatology_apa_intensity12,0.4488481028087833,2021-10
2311207,Potengi,CE,2021,10,0.0,climatology_apa_intensity12,1.9637104497884268,2021-10
2311959,Salitre,CE,2021,10,6.0,climatology_apa_intensity12,3.5346788096191686,2021-10
2312106,Santana do Cariri,CE,2021,10,5.0,climatology_apa_intensity12,6.115555400769673,2021-10
2601102,Araripina,PE,2021,10,19.0,climatology_apa_intensity12,17.673394048095844,2021-10
2602001,Bodocó,PE,2021,10,47.0,climatology_apa_intensity12,32.373169415083495,2021-10
2604304,Cedro,PE,2021,10,1.0,climatology_apa_intensity12,0.16831803855329375,2021-10
2605301,Exu,PE,2021,10,16.0,climatology_apa_intensity12,11.445626621623974,2021-10
2607307,Ipubi,PE,2021,10,9.0,climatology_apa_intensity12,9.93076427464433,2021-10
2614006,Serrita,PE,2021,10,24.0,climatology_apa_intensity12,8.808644017622372,2021-10
2614303,Moreilândia,PE,2021,10,7.0,climatology_apa_intensity12,4.3201629895345395,2021-10
2615607,Trindade,PE,2021,10,0.0,climatology_apa_intensity12,2.7491946297037977,2021-10
2200277,Alegrete do Piauí,PI,2021,11,2.0,climatology_municipal,1.2941176470588236,2021-11
2202091,Caldeirão Grande do Piauí,PI,2021,11,2.0,climatology_municipal,5.0,2021-11
2202554,Caridade do Piauí,PI,2021,11,1.0,climatology_municipal,3.7058823529411766,2021-11
2203271,Curral Novo do Piauí,PI,2021,11,2.0,climatology_municipal,2.588235294117647,2021-11
2204154,Francisco Macedo,PI,2021,11,5.0,climatology_municipal,2.2941176470588234,2021-11
2204303,Fronteiras,PI,2021,11,6.0,climatology_municipal,7.294117647058823,2021-11
2205953,Marcolândia,PI,2021,11,0.0,climatology_municipal,1.3529411764705883,2021-11
2207207,Padre Marcos,PI,2021,11,1.0,climatology_municipal,3.235294117647059,2021-11
2210300,São Julião,PI,2021,11,1.0,climatology_municipal,1.411764705882353,2021-11
2210706,Simões,PI,2021,11,9.0,climatology_municipal,8.176470588235293,2021-11
2300101,Abaiara,CE,2021,11,5.0,climatology_municipal,2.176470588235294,2021-11
2300606,Altaneira,CE,2021,11,1.0,climatology_municipal,0.23529411764705882,2021-11
2301307,Araripe,CE,2021,11,3.0,climatology_municipal,13.647058823529411,2021-11
2301604,Assaré,CE,2021,11,6.0,climatology_municipal,5.0588235294117645,2021-11
2301901,Barbalha,CE,2021,11,0.0,climatology_municipal,4.705882352941177,2021-11
2302503,Brejo Santo,CE,2021,11,6.0,climatology_municipal,4.823529411764706,2021-11
2302701,Campos Sales,CE,2021,11,2.0,climatology_municipal,3.0588235294117645,2021-11
2304202,Crato,CE,2021,11,5.0,climatology_municipal,10.058823529411764,2021-11
2304301,Farias Brito,CE,2021,11,3.0,climatology_municipal,2.823529411764706,2021-11
2307106,Jardim,CE,2021,11,2.0,climatology_municipal,2.823529411764706,2021-11
2307205,Jati,CE,2021,11,0.0,climatology_municipal,2.2941176470588234,2021-11
2308401,Missão Velha,CE,2021,11,11.0,climatology_municipal,8.823529411764707,2021-11
2309201,Nova Olinda,CE,2021,11,5.0,climatology_municipal,3.6470588235294117,2021-11
2310605,Penaforte,CE,2021,11,0.0,climatology_municipal,0.17647058823529413,2021-11
2311108,Porteiras,CE,2021,11,10.0,climatology_municipal,1.411764705882353,2021-11
2311207,Potengi,CE,2021,11,3.0,climatology_municipal,2.0588235294117645,2021-11
2311959,Salitre,CE,2021,11,4.0,climatology_municipal,8.647058823529411,2021-11
2312106,Santana do Cariri,CE,2021,11,16.0,climatology_municipal,11.647058823529411,2021-11
2601102,Araripina,PE,2021,11,10.0,climatology_municipal,13.294117647058824,2021-11
2602001,Bodocó,PE,2021,11,15.0,climatology_municipal,30.470588235294116,2021-11
2604304,Cedro,PE,2021,11,1.0,climatology_municipal,0.11764705882352941,2021-11
2605301,Exu,PE,2021,11,20.0,climatology_municipal,15.823529411764707,2021-11
2607307,Ipubi,PE,2021,11,7.0,climatology_municipal,8.470588235294118,2021-11
2614006,Serrita,PE,2021,11,2.0,climatology_municipal,10.058823529411764,2021-11
2614303,Moreilândia,PE,2021,11,0.0,climatology_municipal,5.529411764705882,2021-11
2615607,Trindade,PE,2021,11,0.0,climatology_municipal,1.4705882352941178,2021-11
2200277,Alegrete do Piauí,PI,2021,11,2.0,climatology_apa_intensity12,1.3443691955498134,2021-11
2202091,Caldeirão Grande do Piauí,PI,2021,11,2.0,climatology_apa_intensity12,5.194153710078824,2021-11
2202554,Caridade do Piauí,PI,2021,11,1.0,climatology_apa_intensity12,3.8497845145290106,2021-11
2203271,Curral Novo do Piauí,PI,2021,11,2.0,climatology_apa_intensity12,2.6887383910996268,2021-11
2204154,Francisco Macedo,PI,2021,11,5.0,climatology_apa_intensity12,2.383199937565578,2021-11
2204303,Fronteiras,PI,2021,11,6.0,climatology_apa_intensity12,7.577353647644402,2021-11
2205953,Marcolândia,PI,2021,11,0.0,climatology_apa_intensity12,1.405476886256623,2021-11
2207207,Padre Marcos,PI,2021,11,1.0,climatology_apa_intensity12,3.360922988874533,2021-11
2210300,São Julião,PI,2021,11,1.0,climatology_apa_intensity12,1.4665845769634327,2021-11
2210706,Simões,PI,2021,11,9.0,climatology_apa_intensity12,8.493969008246546,2021-11
2300101,Abaiara,CE,2021,11,5.0,climatology_apa_intensity12,2.2609845561519584,2021-11
2300606,Altaneira,CE,2021,11,1.0,climatology_apa_intensity12,0.24443076282723877,2021-11
2301307,Araripe,CE,2021,11,3.0,climatology_apa_intensity12,14.176984243979847,2021-11
2301604,Assaré,CE,2021,11,6.0,climatology_apa_intensity12,5.255261400785633,2021-11
2301901,Barbalha,CE,2021,11,0.0,climatology_apa_intensity12,4.888615256544775,2021-11
2302503,Brejo Santo,CE,2021,11,6.0,climatology_apa_intensity12,5.010830637958394,2021-11
2302701,Campos Sales,CE,2021,11,2.0,climatology_apa_intensity12,3.1775999167541036,2021-11
2304202,Crato,CE,2021,11,5.0,climatology_apa_intensity12,10.449415110864457,2021-11
2304301,Farias Brito,CE,2021,11,3.0,climatology_apa_intensity12,2.9331691539268654,2021-11
2307106,Jardim,CE,2021,11,2.0,climatology_apa_intensity12,2.9331691539268654,2021-11
2307205,Jati,CE,2021,11,0.0,climatology_apa_intensity12,2.383199937565578,2021-11
2308401,Missão Velha,CE,2021,11,11.0,climatology_apa_intensity12,9.166153606021455,2021-11
2309201,Nova Olinda,CE,2021,11,5.0,climatology_apa_intensity12,3.788676823822201,2021-11
2310605,Penaforte,CE,2021,11,0.0,climatology_apa_intensity12,0.1833230721204291,2021-11
2311108,Porteiras,CE,2021,11,10.0,climatology_apa_intensity12,1.4665845769634327,2021-11
2311207,Potengi,CE,2021,11,3.0,climatology_apa_intensity12,2.138769174738339,2021-11
2311959,Salitre,CE,2021,11,4.0,climatology_apa_intensity12,8.982830533901025,2021-11
2312106,Santana do Cariri,CE,2021,11,16.0,climatology_apa_intensity12,12.099322759948318,2021-11
2601102,Araripina,PE,2021,11,10.0,climatology_apa_intensity12,13.81033809973899,2021-11
2602001,Bodocó,PE,2021,11,15.0,climatology_apa_intensity12,31.65378378612742,2021-11
2604304,Cedro,PE,2021,11,1.0,climatology_apa_intensity12,0.12221538141361939,2021-11
2605301,Exu,PE,2021,11,20.0,climatology_apa_intensity12,16.437968800131806,2021-11
2607307,Ipubi,PE,2021,11,7.0,climatology_apa_intensity12,8.799507461780596,2021-11
2614006,Serrita,PE,2021,11,2.0,climatology_apa_intensity12,10.449415110864457,2021-11
2614303,Moreilândia,PE,2021,11,0.0,climatology_apa_intensity12,5.744122926440111,2021-11
2615607,Trindade,PE,2021,11,0.0,climatology_apa_intensity12,1.5276922676702425,2021-11
2200277,Alegrete do Piauí,PI,2021,12,1.0,climatology_municipal,0.5294117647058824,2021-12
2202091,Caldeirão Grande do Piauí,PI,2021,12,0.0,climatology_municipal,1.2352941176470589,2021-12
2202554,Caridade do Piauí,PI,2021,12,0.0,climatology_municipal,1.9411764705882353,2021-12
2203271,Curral Novo do Piauí,PI,2021,12,0.0,climatology_municipal,0.6470588235294118,2021-12
2204154,Francisco Macedo,PI,2021,12,1.0,climatology_municipal,1.0,2021-12
2204303,Fronteiras,PI,2021,12,0.0,climatology_municipal,2.0588235294117645,2021-12
2205953,Marcolândia,PI,2021,12,0.0,climatology_municipal,1.3529411764705883,2021-12
2207207,Padre Marcos,PI,2021,12,0.0,climatology_municipal,0.8235294117647058,2021-12
2210300,São Julião,PI,2021,12,0.0,climatology_municipal,0.29411764705882354,2021-12
2210706,Simões,PI,2021,12,0.0,climatology_municipal,1.8235294117647058,2021-12
2300101,Abaiara,CE,2021,12,0.0,climatology_municipal,2.0,2021-12
2300606,Altaneira,CE,2021,12,0.0,climatology_municipal,0.5294117647058824,2021-12
2301307,Araripe,CE,2021,12,3.0,climatology_municipal,6.411764705882353,2021-12
2301604,Assaré,CE,2021,12,1.0,climatology_municipal,5.0,2021-12
2301901,Barbalha,CE,2021,12,0.0,climatology_municipal,2.5294117647058822,2021-12
2302503,Brejo Santo,CE,2021,12,0.0,climatology_municipal,2.2941176470588234,2021-12
2302701,Campos Sales,CE,2021,12,3.0,climatology_municipal,1.3529411764705883,2021-12
2304202,Crato,CE,2021,12,2.0,climatology_municipal,6.588235294117647,2021-12
2304301,Farias Brito,CE,2021,12,3.0,climatology_municipal,2.0588235294117645,2021-12
2307106,Jardim,CE,2021,12,2.0,climatology_municipal,3.588235294117647,2021-12
2307205,Jati,CE,2021,12,5.0,climatology_municipal,0.7058823529411765,2021-12
2308401,Missão Velha,CE,2021,12,4.0,climatology_municipal,7.352941176470588,2021-12
2309201,Nova Olinda,CE,2021,12,0.0,climatology_municipal,3.176470588235294,2021-12
2310605,Penaforte,CE,2021,12,0.0,climatology_municipal,0.35294117647058826,2021-12
2311108,Porteiras,CE,2021,12,0.0,climatology_municipal,2.0,2021-12
2311207,Potengi,CE,2021,12,0.0,climatology_municipal,1.4705882352941178,2021-12
2311959,Salitre,CE,2021,12,2.0,climatology_municipal,3.764705882352941,2021-12
2312106,Santana do Cariri,CE,2021,12,0.0,climatology_municipal,11.352941176470589,2021-12
2601102,Araripina,PE,2021,12,2.0,climatology_municipal,4.235294117647059,2021-12
2602001,Bodocó,PE,2021,12,2.0,climatology_municipal,15.235294117647058,2021-12
2604304,Cedro,PE,2021,12,0.0,climatology_municipal,0.35294117647058826,2021-12
2605301,Exu,PE,2021,12,2.0,climatology_municipal,13.0,2021-12
2607307,Ipubi,PE,2021,12,3.0,climatology_municipal,4.352941176470588,2021-12
2614006,Serrita,PE,2021,12,7.0,climatology_municipal,5.352941176470588,2021-12
2614303,Moreilândia,PE,2021,12,1.0,climatology_municipal,2.3529411764705883,2021-12
2615607,Trindade,PE,2021,12,0.0,climatology_municipal,0.35294117647058826,2021-12
2200277,Alegrete do Piauí,PI,2021,12,1.0,climatology_apa_intensity12,0.5771142980178252,2021-12
2202091,Caldeirão Grande do Piauí,PI,2021,12,0.0,climatology_apa_intensity12,1.346600028708259,2021-12
2202554,Caridade do Piauí,PI,2021,12,0.0,climatology_apa_intensity12,2.1160857593986924,2021-12
2203271,Curral Novo do Piauí,PI,2021,12,0.0,climatology_apa_intensity12,0.7053619197995642,2021-12
2204154,Francisco Macedo,PI,2021,12,1.0,climatology_apa_intensity12,1.090104785144781,2021-12
2204303,Fronteiras,PI,2021,12,0.0,climatology_apa_intensity12,2.244333381180431,2021-12
2205953,Marcolândia,PI,2021,12,0.0,climatology_apa_intensity12,1.4748476504899979,2021-12
2207207,Padre Marcos,PI,2021,12,0.0,climatology_apa_intensity12,0.8977333524721725,2021-12
2210300,São Julião,PI,2021,12,0.0,climatology_apa_intensity12,0.32061905445434735,2021-12
2210706,Simões,PI,2021,12,0.0,climatology_apa_intensity12,1.9878381376169534,2021-12
2300101,Abaiara,CE,2021,12,0.0,climatology_apa_intensity12,2.180209570289562,2021-12
2300606,Altaneira,CE,2021,12,0.0,climatology_apa_intensity12,0.5771142980178252,2021-12
2301307,Araripe,CE,2021,12,3.0,climatology_apa_intensity12,6.989495387104772,2021-12
2301604,Assaré,CE,2021,12,1.0,climatology_apa_intensity12,5.450523925723905,2021-12
2301901,Barbalha,CE,2021,12,0.0,climatology_apa_intensity12,2.757323868307387,2021-12
2302503,Brejo Santo,CE,2021,12,0.0,climatology_apa_intensity12,2.500828624743909,2021-12
2302701,Campos Sales,CE,2021,12,3.0,climatology_apa_intensity12,1.4748476504899979,2021-12
2304202,Crato,CE,2021,12,2.0,climatology_apa_intensity12,7.18186681977738,2021-12
2304301,Farias Brito,CE,2021,12,3.0,climatology_apa_intensity12,2.244333381180431,2021-12
2307106,Jardim,CE,2021,12,2.0,climatology_apa_intensity12,3.9115524643430377,2021-12
2307205,Jati,CE,2021,12,5.0,climatology_apa_intensity12,0.7694857306904337,2021-12
2308401,Missão Velha,CE,2021,12,4.0,climatology_apa_intensity12,8.015476361358683,2021-12
2309201,Nova Olinda,CE,2021,12,0.0,climatology_apa_intensity12,3.462685788106951,2021-12
2310605,Penaforte,CE,2021,12,0.0,climatology_apa_intensity12,0.38474286534521684,2021-12
2311108,Porteiras,CE,2021,12,0.0,climatology_apa_intensity12,2.180209570289562,2021-12
2311207,Potengi,CE,2021,12,0.0,climatology_apa_intensity12,1.6030952722717369,2021-12
2311959,Salitre,CE,2021,12,2.0,climatology_apa_intensity12,4.103923897015646,2021-12
2312106,Santana do Cariri,CE,2021,12,0.0,climatology_apa_intensity12,12.375895501937807,2021-12
2601102,Araripina,PE,2021,12,2.0,climatology_apa_intensity12,4.616914384142602,2021-12
2602001,Bodocó,PE,2021,12,2.0,climatology_apa_intensity12,16.60806702073519,2021-12
2604304,Cedro,PE,2021,12,0.0,climatology_apa_intensity12,0.38474286534521684,2021-12
2605301,Exu,PE,2021,12,2.0,climatology_apa_intensity12,14.171362206882153,2021-12
2607307,Ipubi,PE,2021,12,3.0,climatology_apa_intensity12,4.74516200592434,2021-12
2614006,Serrita,PE,2021,12,7.0,climatology_apa_intensity12,5.835266791069121,2021-12
2614303,Moreilândia,PE,2021,12,1.0,climatology_apa_intensity12,2.564952435634779,2021-12
2615607,Trindade,PE,2021,12,0.0,climatology_apa_intensity12,0.38474286534521684,2021-12
2200277,Alegrete do Piauí,PI,2022,1,0.0,climatology_municipal,0.1111111111111111,2022-01
2202091,Caldeirão Grande do Piauí,PI,2022,1,0.0,climatology_municipal,0.16666666666666666,2022-01
2202554,Caridade do Piauí,PI,2022,1,0.0,climatology_municipal,0.05555555555555555,2022-01
2203271,Curral Novo do Piauí,PI,2022,1,0.0,climatology_municipal,0.0,2022-01
2204154,Francisco Macedo,PI,2022,1,0.0,climatology_municipal,0.0,2022-01
2204303,Fronteiras,PI,2022,1,0.0,climatology_municipal,0.4444444444444444,2022-01
2205953,Marcolândia,PI,2022,1,0.0,climatology_municipal,0.16666666666666666,2022-01
2207207,Padre Marcos,PI,2022,1,0.0,climatology_municipal,0.3333333333333333,2022-01
2210300,São Julião,PI,2022,1,0.0,climatology_municipal,0.05555555555555555,2022-01
2210706,Simões,PI,2022,1,0.0,climatology_municipal,0.16666666666666666,2022-01
2300101,Abaiara,CE,2022,1,0.0,climatology_municipal,0.05555555555555555,2022-01
2300606,Altaneira,CE,2022,1,0.0,climatology_municipal,0.0,2022-01
2301307,Araripe,CE,2022,1,0.0,climatology_municipal,1.4444444444444444,2022-01
2301604,Assaré,CE,2022,1,0.0,climatology_municipal,2.0555555555555554,2022-01
2301901,Barbalha,CE,2022,1,0.0,climatology_municipal,0.4444444444444444,2022-01
2302503,Brejo Santo,CE,2022,1,0.0,climatology_municipal,0.3888888888888889,2022-01
2302701,Campos Sales,CE,2022,1,0.0,climatology_municipal,0.3888888888888889,2022-01
2304202,Crato,CE,2022,1,0.0,climatology_municipal,0.8333333333333334,2022-01
2304301,Farias Brito,CE,2022,1,0.0,climatology_municipal,0.6111111111111112,2022-01
2307106,Jardim,CE,2022,1,1.0,climatology_municipal,0.4444444444444444,2022-01
2307205,Jati,CE,2022,1,0.0,climatology_municipal,0.3888888888888889,2022-01
2308401,Missão Velha,CE,2022,1,0.0,climatology_municipal,1.1666666666666667,2022-01
2309201,Nova Olinda,CE,2022,1,0.0,climatology_municipal,0.2777777777777778,2022-01
2310605,Penaforte,CE,2022,1,0.0,climatology_municipal,0.05555555555555555,2022-01
2311108,Porteiras,CE,2022,1,0.0,climatology_municipal,0.2222222222222222,2022-01
2311207,Potengi,CE,2022,1,0.0,climatology_municipal,0.7777777777777778,2022-01
2311959,Salitre,CE,2022,1,0.0,climatology_municipal,0.5555555555555556,2022-01
2312106,Santana do Cariri,CE,2022,1,0.0,climatology_municipal,3.7777777777777777,2022-01
2601102,Araripina,PE,2022,1,0.0,climatology_municipal,0.4444444444444444,2022-01
2602001,Bodocó,PE,2022,1,1.0,climatology_municipal,1.7777777777777777,2022-01
2604304,Cedro,PE,2022,1,0.0,climatology_municipal,0.05555555555555555,2022-01
2605301,Exu,PE,2022,1,0.0,climatology_municipal,2.1666666666666665,2022-01
2607307,Ipubi,PE,2022,1,0.0,climatology_municipal,0.5,2022-01
2614006,Serrita,PE,2022,1,0.0,climatology_municipal,1.4444444444444444,2022-01
2614303,Moreilândia,PE,2022,1,0.0,climatology_municipal,0.3333333333333333,2022-01
2615607,Trindade,PE,2022,1,0.0,climatology_municipal,0.05555555555555555,2022-01
2200277,Alegrete do Piauí,PI,2022,1,0.0,climatology_apa_intensity12,0.11377156454491372,2022-01
2202091,Caldeirão Grande do Piauí,PI,2022,1,0.0,climatology_apa_intensity12,0.17065734681737058,2022-01
2202554,Caridade do Piauí,PI,2022,1,0.0,climatology_apa_intensity12,0.05688578227245686,2022-01
2203271,Curral Novo do Piauí,PI,2022,1,0.0,climatology_apa_intensity12,0.0,2022-01
2204154,Francisco Macedo,PI,2022,1,0.0,climatology_apa_intensity12,0.0,2022-01
2204303,Fronteiras,PI,2022,1,0.0,climatology_apa_intensity12,0.45508625817965487,2022-01
2205953,Marcolândia,PI,2022,1,0.0,climatology_apa_intensity12,0.17065734681737058,2022-01
2207207,Padre Marcos,PI,2022,1,0.0,climatology_apa_intensity12,0.34131469363474115,2022-01
2210300,São Julião,PI,2022,1,0.0,climatology_apa_intensity12,0.05688578227245686,2022-01
2210706,Simões,PI,2022,1,0.0,climatology_apa_intensity12,0.17065734681737058,2022-01
2300101,Abaiara,CE,2022,1,0.0,climatology_apa_intensity12,0.05688578227245686,2022-01
2300606,Altaneira,CE,2022,1,0.0,climatology_apa_intensity12,0.0,2022-01
2301307,Araripe,CE,2022,1,0.0,climatology_apa_intensity12,1.4790303390838784,2022-01
2301604,Assaré,CE,2022,1,0.0,climatology_apa_intensity12,2.1047739440809035,2022-01
2301901,Barbalha,CE,2022,1,0.0,climatology_apa_intensity12,0.45508625817965487,2022-01
2302503,Brejo Santo,CE,2022,1,0.0,climatology_apa_intensity12,0.39820047590719804,2022-01
2302701,Campos Sales,CE,2022,1,0.0,climatology_apa_intensity12,0.39820047590719804,2022-01
2304202,Crato,CE,2022,1,0.0,climatology_apa_intensity12,0.853286734086853,2022-01
2304301,Farias Brito,CE,2022,1,0.0,climatology_apa_intensity12,0.6257436049970255,2022-01
2307106,Jardim,CE,2022,1,1.0,climatology_apa_intensity12,0.45508625817965487,2022-01
2307205,Jati,CE,2022,1,0.0,climatology_apa_intensity12,0.39820047590719804,2022-01
2308401,Missão Velha,CE,2022,1,0.0,climatology_apa_intensity12,1.1946014277215942,2022-01
2309201,Nova Olinda,CE,2022,1,0.0,climatology_apa_intensity12,0.2844289113622843,2022-01
2310605,Penaforte,CE,2022,1,0.0,climatology_apa_intensity12,0.05688578227245686,2022-01
2311108,Porteiras,CE,2022,1,0.0,climatology_apa_intensity12,0.22754312908982743,2022-01
2311207,Potengi,CE,2022,1,0.0,climatology_apa_intensity12,0.7964009518143961,2022-01
2311959,Salitre,CE,2022,1,0.0,climatology_apa_intensity12,0.5688578227245686,2022-01
2312106,Santana do Cariri,CE,2022,1,0.0,climatology_apa_intensity12,3.8682331945270665,2022-01
2601102,Araripina,PE,2022,1,0.0,climatology_apa_intensity12,0.45508625817965487,2022-01
2602001,Bodocó,PE,2022,1,1.0,climatology_apa_intensity12,1.8203450327186195,2022-01
2604304,Cedro,PE,2022,1,0.0,climatology_apa_intensity12,0.05688578227245686,2022-01
2605301,Exu,PE,2022,1,0.0,climatology_apa_intensity12,2.2185455086258172,2022-01
2607307,Ipubi,PE,2022,1,0.0,climatology_apa_intensity12,0.5119720404521118,2022-01
2614006,Serrita,PE,2022,1,0.0,climatology_apa_intensity12,1.4790303390838784,2022-01
2614303,Moreilândia,PE,2022,1,0.0,climatology_apa_intensity12,0.34131469363474115,2022-01
2615607,Trindade,PE,2022,1,0.0,climatology_apa_intensity12,0.05688578227245686,2022-01
2200277,Alegrete do Piauí,PI,2022,2,0.0,climatology_municipal,0.0,2022-02
2202091,Caldeirão Grande do Piauí,PI,2022,2,0.0,climatology_municipal,0.05555555555555555,2022-02
2202554,Caridade do Piauí,PI,2022,2,0.0,climatology_municipal,0.0,2022-02
2203271,Curral Novo do Piauí,PI,2022,2,0.0,climatology_municipal,0.0,2022-02
2204154,Francisco Macedo,PI,2022,2,0.0,climatology_municipal,0.0,2022-02
2204303,Fronteiras,PI,2022,2,0.0,climatology_municipal,0.0,2022-02
2205953,Marcolândia,PI,2022,2,0.0,climatology_municipal,0.0,2022-02
2207207,Padre Marcos,PI,2022,2,0.0,climatology_municipal,0.05555555555555555,2022-02
2210300,São Julião,PI,2022,2,0.0,climatology_municipal,0.0,2022-02
2210706,Simões,PI,2022,2,1.0,climatology_municipal,0.05555555555555555,2022-02
2300101,Abaiara,CE,2022,2,0.0,climatology_municipal,0.0,2022-02
2300606,Altaneira,CE,2022,2,0.0,climatology_municipal,0.0,2022-02
2301307,Araripe,CE,2022,2,0.0,climatology_municipal,0.1111111111111111,2022-02
2301604,Assaré,CE,2022,2,0.0,climatology_municipal,0.2777777777777778,2022-02
2301901,Barbalha,CE,2022,2,0.0,climatology_municipal,0.16666666666666666,2022-02
2302503,Brejo Santo,CE,2022,2,0.0,climatology_municipal,0.05555555555555555,2022-02
2302701,Campos Sales,CE,2022,2,0.0,climatology_municipal,0.05555555555555555,2022-02
2304202,Crato,CE,2022,2,0.0,climatology_municipal,0.2777777777777778,2022-02
2304301,Farias Brito,CE,2022,2,0.0,climatology_municipal,0.0,2022-02
2307106,Jardim,CE,2022,2,0.0,climatology_municipal,0.1111111111111111,2022-02
2307205,Jati,CE,2022,2,0.0,climatology_municipal,0.16666666666666666,2022-02
2308401,Missão Velha,CE,2022,2,0.0,climatology_municipal,0.1111111111111111,2022-02
2309201,Nova Olinda,CE,2022,2,0.0,climatology_municipal,0.0,2022-02
2310605,Penaforte,CE,2022,2,0.0,climatology_municipal,0.1111111111111111,2022-02
2311108,Porteiras,CE,2022,2,0.0,climatology_municipal,0.1111111111111111,2022-02
2311207,Potengi,CE,2022,2,0.0,climatology_municipal,0.3333333333333333,2022-02
2311959,Salitre,CE,2022,2,0.0,climatology_municipal,0.05555555555555555,2022-02
2312106,Santana do Cariri,CE,2022,2,0.0,climatology_municipal,0.2777777777777778,2022-02
2601102,Araripina,PE,2022,2,1.0,climatology_municipal,0.1111111111111111,2022-02
2602001,Bodocó,PE,2022,2,0.0,climatology_municipal,0.2777777777777778,2022-02
2604304,Cedro,PE,2022,2,0.0,climatology_municipal,0.0,2022-02
2605301,Exu,PE,2022,2,0.0,climatology_municipal,0.2222222222222222,2022-02
2607307,Ipubi,PE,2022,2,0.0,climatology_municipal,0.1111111111111111,2022-02
2614006,Serrita,PE,2022,2,0.0,climatology_municipal,0.1111111111111111,2022-02
2614303,Moreilândia,PE,2022,2,0.0,climatology_municipal,0.16666666666666666,2022-02
2615607,Trindade,PE,2022,2,0.0,climatology_municipal,0.05555555555555555,2022-02
2200277,Alegrete do Piauí,PI,2022,2,0.0,climatology_apa_intensity12,0.0,2022-02
2202091,Caldeirão Grande do Piauí,PI,2022,2,0.0,climatology_apa_intensity12,0.0553284551379782,2022-02
2202554,Caridade do Piauí,PI,2022,2,0.0,climatology_apa_intensity12,0.0,2022-02
2203271,Curral Novo do Piauí,PI,2022,2,0.0,climatology_apa_intensity12,0.0,2022-02
2204154,Francisco Macedo,PI,2022,2,0.0,climatology_apa_intensity12,0.0,2022-02
2204303,Fronteiras,PI,2022,2,0.0,climatology_apa_intensity12,0.0,2022-02
2205953,Marcolândia,PI,2022,2,0.0,climatology_apa_intensity12,0.0,2022-02
2207207,Padre Marcos,PI,2022,2,0.0,climatology_apa_intensity12,0.0553284551379782,2022-02
2210300,São Julião,PI,2022,2,0.0,climatology_apa_intensity12,0.0,2022-02
2210706,Simões,PI,2022,2,1.0,climatology_apa_intensity12,0.0553284551379782,2022-02
2300101,Abaiara,CE,2022,2,0.0,climatology_apa_intensity12,0.0,2022-02
2300606,Altaneira,CE,2022,2,0.0,climatology_apa_intensity12,0.0,2022-02
2301307,Araripe,CE,2022,2,0.0,climatology_apa_intensity12,0.1106569102759564,2022-02
2301604,Assaré,CE,2022,2,0.0,climatology_apa_intensity12,0.276642275689891,2022-02
2301901,Barbalha,CE,2022,2,0.0,climatology_apa_intensity12,0.1659853654139346,2022-02
2302503,Brejo Santo,CE,2022,2,0.0,climatology_apa_intensity12,0.0553284551379782,2022-02
2302701,Campos Sales,CE,2022,2,0.0,climatology_apa_intensity12,0.0553284551379782,2022-02
2304202,Crato,CE,2022,2,0.0,climatology_apa_intensity12,0.276642275689891,2022-02
2304301,Farias Brito,CE,2022,2,0.0,climatology_apa_intensity12,0.0,2022-02
2307106,Jardim,CE,2022,2,0.0,climatology_apa_intensity12,0.1106569102759564,2022-02
2307205,Jati,CE,2022,2,0.0,climatology_apa_intensity12,0.1659853654139346,2022-02
2308401,Missão Velha,CE,2022,2,0.0,climatology_apa_intensity12,0.1106569102759564,2022-02
2309201,Nova Olinda,CE,2022,2,0.0,climatology_apa_intensity12,0.0,2022-02
2310605,Penaforte,CE,2022,2,0.0,climatology_apa_intensity12,0.1106569102759564,2022-02
2311108,Porteiras,CE,2022,2,0.0,climatology_apa_intensity12,0.1106569102759564,2022-02
2311207,Potengi,CE,2022,2,0.0,climatology_apa_intensity12,0.3319707308278692,2022-02
2311959,Salitre,CE,2022,2,0.0,climatology_apa_intensity12,0.0553284551379782,2022-02
2312106,Santana do Cariri,CE,2022,2,0.0,climatology_apa_intensity12,0.276642275689891,2022-02
2601102,Araripina,PE,2022,2,1.0,climatology_apa_intensity12,0.1106569102759564,2022-02
2602001,Bodocó,PE,2022,2,0.0,climatology_apa_intensity12,0.276642275689891,2022-02
2604304,Cedro,PE,2022,2,0.0,climatology_apa_intensity12,0.0,2022-02
2605301,Exu,PE,2022,2,0.0,climatology_apa_intensity12,0.2213138205519128,2022-02
2607307,Ipubi,PE,2022,2,0.0,climatology_apa_intensity12,0.1106569102759564,2022-02
2614006,Serrita,PE,2022,2,0.0,climatology_apa_intensity12,0.1106569102759564,2022-02
2614303,Moreilândia,PE,2022,2,0.0,climatology_apa_intensity12,0.1659853654139346,2022-02
2615607,Trindade,PE,2022,2,0.0,climatology_apa_intensity12,0.0553284551379782,2022-02
2200277,Alegrete do Piauí,PI,2022,3,0.0,climatology_municipal,0.0,2022-03
2202091,Caldeirão Grande do Piauí,PI,2022,3,0.0,climatology_municipal,0.0,2022-03
2202554,Caridade do Piauí,PI,2022,3,0.0,climatology_municipal,0.0,2022-03
2203271,Curral Novo do Piauí,PI,2022,3,0.0,climatology_municipal,0.0,2022-03
2204154,Francisco Macedo,PI,2022,3,0.0,climatology_municipal,0.0,2022-03
2204303,Fronteiras,PI,2022,3,0.0,climatology_municipal,0.0,2022-03
2205953,Marcolândia,PI,2022,3,0.0,climatology_municipal,0.0,2022-03
2207207,Padre Marcos,PI,2022,3,0.0,climatology_municipal,0.0,2022-03
2210300,São Julião,PI,2022,3,0.0,climatology_municipal,0.0,2022-03
2210706,Simões,PI,2022,3,0.0,climatology_municipal,0.0,2022-03
2300101,Abaiara,CE,2022,3,0.0,climatology_municipal,0.0,2022-03
2300606,Altaneira,CE,2022,3,0.0,climatology_municipal,0.0,2022-03
2301307,Araripe,CE,2022,3,0.0,climatology_municipal,0.0,2022-03
2301604,Assaré,CE,2022,3,0.0,climatology_municipal,0.0,2022-03
2301901,Barbalha,CE,2022,3,0.0,climatology_municipal,0.0,2022-03
2302503,Brejo Santo,CE,2022,3,0.0,climatology_municipal,0.0,2022-03
2302701,Campos Sales,CE,2022,3,0.0,climatology_municipal,0.0,2022-03
2304202,Crato,CE,2022,3,0.0,climatology_municipal,0.1111111111111111,2022-03
2304301,Farias Brito,CE,2022,3,0.0,climatology_municipal,0.05555555555555555,2022-03
2307106,Jardim,CE,2022,3,0.0,climatology_municipal,0.05555555555555555,2022-03
2307205,Jati,CE,2022,3,0.0,climatology_municipal,0.0,2022-03
2308401,Missão Velha,CE,2022,3,0.0,climatology_municipal,0.3333333333333333,2022-03
2309201,Nova Olinda,CE,2022,3,0.0,climatology_municipal,0.0,2022-03
2310605,Penaforte,CE,2022,3,0.0,climatology_municipal,0.0,2022-03
2311108,Porteiras,CE,2022,3,0.0,climatology_municipal,0.0,2022-03
2311207,Potengi,CE,2022,3,0.0,climatology_municipal,0.0,2022-03
2311959,Salitre,CE,2022,3,0.0,climatology_municipal,0.05555555555555555,2022-03
2312106,Santana do Cariri,CE,2022,3,0.0,climatology_municipal,0.0,2022-03
2601102,Araripina,PE,2022,3,0.0,climatology_municipal,0.05555555555555555,2022-03
2602001,Bodocó,PE,2022,3,0.0,climatology_municipal,0.2777777777777778,2022-03
2604304,Cedro,PE,2022,3,0.0,climatology_municipal,0.0,2022-03
2605301,Exu,PE,2022,3,0.0,climatology_municipal,0.05555555555555555,2022-03
2607307,Ipubi,PE,2022,3,0.0,climatology_municipal,0.05555555555555555,2022-03
2614006,Serrita,PE,2022,3,0.0,climatology_municipal,0.0,2022-03
2614303,Moreilândia,PE,2022,3,0.0,climatology_municipal,0.0,2022-03
2615607,Trindade,PE,2022,3,0.0,climatology_municipal,0.0,2022-03
2200277,Alegrete do Piauí,PI,2022,3,0.0,climatology_apa_intensity12,0.0,2022-03
2202091,Caldeirão Grande do Piauí,PI,2022,3,0.0,climatology_apa_intensity12,0.0,2022-03
2202554,Caridade do Piauí,PI,2022,3,0.0,climatology_apa_intensity12,0.0,2022-03
2203271,Curral Novo do Piauí,PI,2022,3,0.0,climatology_apa_intensity12,0.0,2022-03
2204154,Francisco Macedo,PI,2022,3,0.0,climatology_apa_intensity12,0.0,2022-03
2204303,Fronteiras,PI,2022,3,0.0,climatology_apa_intensity12,0.0,2022-03
2205953,Marcolândia,PI,2022,3,0.0,climatology_apa_intensity12,0.0,2022-03
2207207,Padre Marcos,PI,2022,3,0.0,climatology_apa_intensity12,0.0,2022-03
2210300,São Julião,PI,2022,3,0.0,climatology_apa_intensity12,0.0,2022-03
2210706,Simões,PI,2022,3,0.0,climatology_apa_intensity12,0.0,2022-03
2300101,Abaiara,CE,2022,3,0.0,climatology_apa_intensity12,0.0,2022-03
2300606,Altaneira,CE,2022,3,0.0,climatology_apa_intensity12,0.0,2022-03
2301307,Araripe,CE,2022,3,0.0,climatology_apa_intensity12,0.0,2022-03
2301604,Assaré,CE,2022,3,0.0,climatology_apa_intensity12,0.0,2022-03
2301901,Barbalha,CE,2022,3,0.0,climatology_apa_intensity12,0.0,2022-03
2302503,Brejo Santo,CE,2022,3,0.0,climatology_apa_intensity12,0.0,2022-03
2302701,Campos Sales,CE,2022,3,0.0,climatology_apa_intensity12,0.0,2022-03
2304202,Crato,CE,2022,3,0.0,climatology_apa_intensity12,0.1100723964519075,2022-03
2304301,Farias Brito,CE,2022,3,0.0,climatology_apa_intensity12,0.05503619822595375,2022-03
2307106,Jardim,CE,2022,3,0.0,climatology_apa_intensity12,0.05503619822595375,2022-03
2307205,Jati,CE,2022,3,0.0,climatology_apa_intensity12,0.0,2022-03
2308401,Missão Velha,CE,2022,3,0.0,climatology_apa_intensity12,0.33021718935572253,2022-03
2309201,Nova Olinda,CE,2022,3,0.0,climatology_apa_intensity12,0.0,2022-03
2310605,Penaforte,CE,2022,3,0.0,climatology_apa_intensity12,0.0,2022-03
2311108,Porteiras,CE,2022,3,0.0,climatology_apa_intensity12,0.0,2022-03
2311207,Potengi,CE,2022,3,0.0,climatology_apa_intensity12,0.0,2022-03
2311959,Salitre,CE,2022,3,0.0,climatology_apa_intensity12,0.05503619822595375,2022-03
2312106,Santana do Cariri,CE,2022,3,0.0,climatology_apa_intensity12,0.0,2022-03
2601102,Araripina,PE,2022,3,0.0,climatology_apa_intensity12,0.05503619822595375,2022-03
2602001,Bodocó,PE,2022,3,0.0,climatology_apa_intensity12,0.2751809911297688,2022-03
2604304,Cedro,PE,2022,3,0.0,climatology_apa_intensity12,0.0,2022-03
2605301,Exu,PE,2022,3,0.0,climatology_apa_intensity12,0.05503619822595375,2022-03
2607307,Ipubi,PE,2022,3,0.0,climatology_apa_intensity12,0.05503619822595375,2022-03
2614006,Serrita,PE,2022,3,0.0,climatology_apa_intensity12,0.0,2022-03
2614303,Moreilândia,PE,2022,3,0.0,climatology_apa_intensity12,0.0,2022-03
2615607,Trindade,PE,2022,3,0.0,climatology_apa_intensity12,0.0,2022-03
2200277,Alegrete do Piauí,PI,2022,4,0.0,climatology_municipal,0.0,2022-04
2202091,Caldeirão Grande do Piauí,PI,2022,4,0.0,climatology_municipal,0.0,2022-04
2202554,Caridade do Piauí,PI,2022,4,0.0,climatology_municipal,0.0,2022-04
2203271,Curral Novo do Piauí,PI,2022,4,0.0,climatology_municipal,0.0,2022-04
2204154,Francisco Macedo,PI,2022,4,0.0,climatology_municipal,0.0,2022-04
2204303,Fronteiras,PI,2022,4,0.0,climatology_municipal,0.0,2022-04
2205953,Marcolândia,PI,2022,4,0.0,climatology_municipal,0.0,2022-04
2207207,Padre Marcos,PI,2022,4,0.0,climatology_municipal,0.0,2022-04
2210300,São Julião,PI,2022,4,0.0,climatology_municipal,0.0,2022-04
2210706,Simões,PI,2022,4,0.0,climatology_municipal,0.0,2022-04
2300101,Abaiara,CE,2022,4,0.0,climatology_municipal,0.0,2022-04
2300606,Altaneira,CE,2022,4,0.0,climatology_municipal,0.0,2022-04
2301307,Araripe,CE,2022,4,0.0,climatology_municipal,0.0,2022-04
2301604,Assaré,CE,2022,4,0.0,climatology_municipal,0.0,2022-04
2301901,Barbalha,CE,2022,4,0.0,climatology_municipal,0.0,2022-04
2302503,Brejo Santo,CE,2022,4,0.0,climatology_municipal,0.0,2022-04
2302701,Campos Sales,CE,2022,4,0.0,climatology_municipal,0.0,2022-04
2304202,Crato,CE,2022,4,0.0,climatology_municipal,0.0,2022-04
2304301,Farias Brito,CE,2022,4,0.0,climatology_municipal,0.0,2022-04
2307106,Jardim,CE,2022,4,0.0,climatology_municipal,0.0,2022-04
2307205,Jati,CE,2022,4,0.0,climatology_municipal,0.0,2022-04
2308401,Missão Velha,CE,2022,4,0.0,climatology_municipal,0.2222222222222222,2022-04
2309201,Nova Olinda,CE,2022,4,0.0,climatology_municipal,0.0,2022-04
2310605,Penaforte,CE,2022,4,0.0,climatology_municipal,0.0,2022-04
2311108,Porteiras,CE,2022,4,0.0,climatology_municipal,0.0,2022-04
2311207,Potengi,CE,2022,4,0.0,climatology_municipal,0.0,2022-04
2311959,Salitre,CE,2022,4,0.0,climatology_municipal,0.05555555555555555,2022-04
2312106,Santana do Cariri,CE,2022,4,0.0,climatology_municipal,0.0,2022-04
2601102,Araripina,PE,2022,4,0.0,climatology_municipal,0.05555555555555555,2022-04
2602001,Bodocó,PE,2022,4,0.0,climatology_municipal,0.1111111111111111,2022-04
2604304,Cedro,PE,2022,4,0.0,climatology_municipal,0.0,2022-04
2605301,Exu,PE,2022,4,0.0,climatology_municipal,0.05555555555555555,2022-04
2607307,Ipubi,PE,2022,4,0.0,climatology_municipal,0.05555555555555555,2022-04
2614006,Serrita,PE,2022,4,0.0,climatology_municipal,0.05555555555555555,2022-04
2614303,Moreilândia,PE,2022,4,0.0,climatology_municipal,0.0,2022-04
2615607,Trindade,PE,2022,4,0.0,climatology_municipal,0.0,2022-04
2200277,Alegrete do Piauí,PI,2022,4,0.0,climatology_apa_intensity12,0.0,2022-04
2202091,Caldeirão Grande do Piauí,PI,2022,4,0.0,climatology_apa_intensity12,0.0,2022-04
2202554,Caridade do Piauí,PI,2022,4,0.0,climatology_apa_intensity12,0.0,2022-04
2203271,Curral Novo do Piauí,PI,2022,4,0.0,climatology_apa_intensity12,0.0,2022-04
2204154,Francisco Macedo,PI,2022,4,0.0,climatology_apa_intensity12,0.0,2022-04
2204303,Fronteiras,PI,2022,4,0.0,climatology_apa_intensity12,0.0,2022-04
2205953,Marcolândia,PI,2022,4,0.0,climatology_apa_intensity12,0.0,2022-04
2207207,Padre Marcos,PI,2022,4,0.0,climatology_apa_intensity12,0.0,2022-04
2210300,São Julião,PI,2022,4,0.0,climatology_apa_intensity12,0.0,2022-04
2210706,Simões,PI,2022,4,0.0,climatology_apa_intensity12,0.0,2022-04
2300101,Abaiara,CE,2022,4,0.0,climatology_apa_intensity12,0.0,2022-04
2300606,Altaneira,CE,2022,4,0.0,climatology_apa_intensity12,0.0,2022-04
2301307,Araripe,CE,2022,4,0.0,climatology_apa_intensity12,0.0,2022-04
2301604,Assaré,CE,2022,4,0.0,climatology_apa_intensity12,0.0,2022-04
2301901,Barbalha,CE,2022,4,0.0,climatology_apa_intensity12,0.0,2022-04
2302503,Brejo Santo,CE,2022,4,0.0,climatology_apa_intensity12,0.0,2022-04
2302701,Campos Sales,CE,2022,4,0.0,climatology_apa_intensity12,0.0,2022-04
2304202,Crato,CE,2022,4,0.0,climatology_apa_intensity12,0.0,2022-04
2304301,Farias Brito,CE,2022,4,0.0,climatology_apa_intensity12,0.0,2022-04
2307106,Jardim,CE,2022,4,0.0,climatology_apa_intensity12,0.0,2022-04
2307205,Jati,CE,2022,4,0.0,climatology_apa_intensity12,0.0,2022-04
2308401,Missão Velha,CE,2022,4,0.0,climatology_apa_intensity12,0.21956535373808328,2022-04
2309201,Nova Olinda,CE,2022,4,0.0,climatology_apa_intensity12,0.0,2022-04
2310605,Penaforte,CE,2022,4,0.0,climatology_apa_intensity12,0.0,2022-04
2311108,Porteiras,CE,2022,4,0.0,climatology_apa_intensity12,0.0,2022-04
2311207,Potengi,CE,2022,4,0.0,climatology_apa_intensity12,0.0,2022-04
2311959,Salitre,CE,2022,4,0.0,climatology_apa_intensity12,0.05489133843452082,2022-04
2312106,Santana do Cariri,CE,2022,4,0.0,climatology_apa_intensity12,0.0,2022-04
2601102,Araripina,PE,2022,4,0.0,climatology_apa_intensity12,0.05489133843452082,2022-04
2602001,Bodocó,PE,2022,4,0.0,climatology_apa_intensity12,0.10978267686904164,2022-04
2604304,Cedro,PE,2022,4,0.0,climatology_apa_intensity12,0.0,2022-04
2605301,Exu,PE,2022,4,0.0,climatology_apa_intensity12,0.05489133843452082,2022-04
2607307,Ipubi,PE,2022,4,0.0,climatology_apa_intensity12,0.05489133843452082,2022-04
2614006,Serrita,PE,2022,4,0.0,climatology_apa_intensity12,0.05489133843452082,2022-04
2614303,Moreilândia,PE,2022,4,0.0,climatology_apa_intensity12,0.0,2022-04
2615607,Trindade,PE,2022,4,0.0,climatology_apa_intensity12,0.0,2022-04
2200277,Alegrete do Piauí,PI,2022,5,0.0,climatology_municipal,0.0,2022-05
2202091,Caldeirão Grande do Piauí,PI,2022,5,0.0,climatology_municipal,0.0,2022-05
2202554,Caridade do Piauí,PI,2022,5,0.0,climatology_municipal,0.0,2022-05
2203271,Curral Novo do Piauí,PI,2022,5,4.0,climatology_municipal,0.0,2022-05
2204154,Francisco Macedo,PI,2022,5,0.0,climatology_municipal,0.0,2022-05
2204303,Fronteiras,PI,2022,5,0.0,climatology_municipal,0.0,2022-05
2205953,Marcolândia,PI,2022,5,0.0,climatology_municipal,0.0,2022-05
2207207,Padre Marcos,PI,2022,5,0.0,climatology_municipal,0.0,2022-05
2210300,São Julião,PI,2022,5,0.0,climatology_municipal,0.0,2022-05
2210706,Simões,PI,2022,5,0.0,climatology_municipal,0.0,2022-05
2300101,Abaiara,CE,2022,5,0.0,climatology_municipal,0.05555555555555555,2022-05
2300606,Altaneira,CE,2022,5,0.0,climatology_municipal,0.0,2022-05
2301307,Araripe,CE,2022,5,0.0,climatology_municipal,0.2777777777777778,2022-05
2301604,Assaré,CE,2022,5,0.0,climatology_municipal,0.0,2022-05
2301901,Barbalha,CE,2022,5,0.0,climatology_municipal,0.0,2022-05
2302503,Brejo Santo,CE,2022,5,1.0,climatology_municipal,0.05555555555555555,2022-05
2302701,Campos Sales,CE,2022,5,0.0,climatology_municipal,0.0,2022-05
2304202,Crato,CE,2022,5,0.0,climatology_municipal,0.05555555555555555,2022-05
2304301,Farias Brito,CE,2022,5,0.0,climatology_municipal,0.0,2022-05
2307106,Jardim,CE,2022,5,0.0,climatology_municipal,0.16666666666666666,2022-05
2307205,Jati,CE,2022,5,0.0,climatology_municipal,0.0,2022-05
2308401,Missão Velha,CE,2022,5,0.0,climatology_municipal,0.0,2022-05
2309201,Nova Olinda,CE,2022,5,0.0,climatology_municipal,0.16666666666666666,2022-05
2310605,Penaforte,CE,2022,5,0.0,climatology_municipal,0.0,2022-05
2311108,Porteiras,CE,2022,5,0.0,climatology_municipal,0.05555555555555555,2022-05
2311207,Potengi,CE,2022,5,0.0,climatology_municipal,0.05555555555555555,2022-05
2311959,Salitre,CE,2022,5,0.0,climatology_municipal,0.05555555555555555,2022-05
2312106,Santana do Cariri,CE,2022,5,0.0,climatology_municipal,0.0,2022-05
2601102,Araripina,PE,2022,5,0.0,climatology_municipal,0.05555555555555555,2022-05
2602001,Bodocó,PE,2022,5,2.0,climatology_municipal,0.0,2022-05
2604304,Cedro,PE,2022,5,0.0,climatology_municipal,0.0,2022-05
2605301,Exu,PE,2022,5,0.0,climatology_municipal,0.16666666666666666,2022-05
2607307,Ipubi,PE,2022,5,0.0,climatology_municipal,0.05555555555555555,2022-05
2614006,Serrita,PE,2022,5,0.0,climatology_municipal,0.0,2022-05
2614303,Moreilândia,PE,2022,5,0.0,climatology_municipal,0.0,2022-05
2615607,Trindade,PE,2022,5,0.0,climatology_municipal,0.0,2022-05
2200277,Alegrete do Piauí,PI,2022,5,0.0,climatology_apa_intensity12,0.0,2022-05
2202091,Caldeirão Grande do Piauí,PI,2022,5,0.0,climatology_apa_intensity12,0.0,2022-05
2202554,Caridade do Piauí,PI,2022,5,0.0,climatology_apa_intensity12,0.0,2022-05
2203271,Curral Novo do Piauí,PI,2022,5,4.0,climatology_apa_intensity12,0.0,2022-05
2204154,Francisco Macedo,PI,2022,5,0.0,climatology_apa_intensity12,0.0,2022-05
2204303,Fronteiras,PI,2022,5,0.0,climatology_apa_intensity12,0.0,2022-05
2205953,Marcolândia,PI,2022,5,0.0,climatology_apa_intensity12,0.0,2022-05
2207207,Padre Marcos,PI,2022,5,0.0,climatology_apa_intensity12,0.0,2022-05
2210300,São Julião,PI,2022,5,0.0,climatology_apa_intensity12,0.0,2022-05
2210706,Simões,PI,2022,5,0.0,climatology_apa_intensity12,0.0,2022-05
2300101,Abaiara,CE,2022,5,0.0,climatology_apa_intensity12,0.054893705432920534,2022-05
2300606,Altaneira,CE,2022,5,0.0,climatology_apa_intensity12,0.0,2022-05
2301307,Araripe,CE,2022,5,0.0,climatology_apa_intensity12,0.2744685271646027,2022-05
2301604,Assaré,CE,2022,5,0.0,climatology_apa_intensity12,0.0,2022-05
2301901,Barbalha,CE,2022,5,0.0,climatology_apa_intensity12,0.0,2022-05
2302503,Brejo Santo,CE,2022,5,1.0,climatology_apa_intensity12,0.054893705432920534,2022-05
2302701,Campos Sales,CE,2022,5,0.0,climatology_apa_intensity12,0.0,2022-05
2304202,Crato,CE,2022,5,0.0,climatology_apa_intensity12,0.054893705432920534,2022-05
2304301,Farias Brito,CE,2022,5,0.0,climatology_apa_intensity12,0.0,2022-05
2307106,Jardim,CE,2022,5,0.0,climatology_apa_intensity12,0.1646811162987616,2022-05
2307205,Jati,CE,2022,5,0.0,climatology_apa_intensity12,0.0,2022-05
2308401,Missão Velha,CE,2022,5,0.0,climatology_apa_intensity12,0.0,2022-05
2309201,Nova Olinda,CE,2022,5,0.0,climatology_apa_intensity12,0.1646811162987616,2022-05
2310605,Penaforte,CE,2022,5,0.0,climatology_apa_intensity12,0.0,2022-05
2311108,Porteiras,CE,2022,5,0.0,climatology_apa_intensity12,0.054893705432920534,2022-05
2311207,Potengi,CE,2022,5,0.0,climatology_apa_intensity12,0.054893705432920534,2022-05
2311959,Salitre,CE,2022,5,0.0,climatology_apa_intensity12,0.054893705432920534,2022-05
2312106,Santana do Cariri,CE,2022,5,0.0,climatology_apa_intensity12,0.0,2022-05
2601102,Araripina,PE,2022,5,0.0,climatology_apa_intensity12,0.054893705432920534,2022-05
2602001,Bodocó,PE,2022,5,2.0,climatology_apa_intensity12,0.0,2022-05
2604304,Cedro,PE,2022,5,0.0,climatology_apa_intensity12,0.0,2022-05
2605301,Exu,PE,2022,5,0.0,climatology_apa_intensity12,0.1646811162987616,2022-05
2607307,Ipubi,PE,2022,5,0.0,climatology_apa_intensity12,0.054893705432920534,2022-05
2614006,Serrita,PE,2022,5,0.0,climatology_apa_intensity12,0.0,2022-05
2614303,Moreilândia,PE,2022,5,0.0,climatology_apa_intensity12,0.0,2022-05
2615607,Trindade,PE,2022,5,0.0,climatology_apa_intensity12,0.0,2022-05
2200277,Alegrete do Piauí,PI,2022,6,0.0,climatology_municipal,0.0,2022-06
2202091,Caldeirão Grande do Piauí,PI,2022,6,0.0,climatology_municipal,0.1111111111111111,2022-06
2202554,Caridade do Piauí,PI,2022,6,0.0,climatology_municipal,0.0,2022-06
2203271,Curral Novo do Piauí,PI,2022,6,0.0,climatology_municipal,0.0,2022-06
2204154,Francisco Macedo,PI,2022,6,0.0,climatology_municipal,0.0,2022-06
2204303,Fronteiras,PI,2022,6,0.0,climatology_municipal,0.0,2022-06
2205953,Marcolândia,PI,2022,6,0.0,climatology_municipal,0.0,2022-06
2207207,Padre Marcos,PI,2022,6,0.0,climatology_municipal,0.0,2022-06
2210300,São Julião,PI,2022,6,0.0,climatology_municipal,0.0,2022-06
2210706,Simões,PI,2022,6,0.0,climatology_municipal,0.05555555555555555,2022-06
2300101,Abaiara,CE,2022,6,0.0,climatology_municipal,0.16666666666666666,2022-06
2300606,Altaneira,CE,2022,6,0.0,climatology_municipal,0.0,2022-06
2301307,Araripe,CE,2022,6,1.0,climatology_municipal,0.1111111111111111,2022-06
2301604,Assaré,CE,2022,6,0.0,climatology_municipal,0.0,2022-06
2301901,Barbalha,CE,2022,6,0.0,climatology_municipal,0.16666666666666666,2022-06
2302503,Brejo Santo,CE,2022,6,1.0,climatology_municipal,0.2222222222222222,2022-06
2302701,Campos Sales,CE,2022,6,0.0,climatology_municipal,0.0,2022-06
2304202,Crato,CE,2022,6,0.0,climatology_municipal,0.05555555555555555,2022-06
2304301,Farias Brito,CE,2022,6,0.0,climatology_municipal,0.0,2022-06
2307106,Jardim,CE,2022,6,0.0,climatology_municipal,0.05555555555555555,2022-06
2307205,Jati,CE,2022,6,0.0,climatology_municipal,0.0,2022-06
2308401,Missão Velha,CE,2022,6,0.0,climatology_municipal,0.1111111111111111,2022-06
2309201,Nova Olinda,CE,2022,6,0.0,climatology_municipal,0.0,2022-06
2310605,Penaforte,CE,2022,6,0.0,climatology_municipal,0.0,2022-06
2311108,Porteiras,CE,2022,6,0.0,climatology_municipal,0.05555555555555555,2022-06
2311207,Potengi,CE,2022,6,0.0,climatology_municipal,0.0,2022-06
2311959,Salitre,CE,2022,6,0.0,climatology_municipal,0.1111111111111111,2022-06
2312106,Santana do Cariri,CE,2022,6,0.0,climatology_municipal,0.0,2022-06
2601102,Araripina,PE,2022,6,0.0,climatology_municipal,0.4444444444444444,2022-06
2602001,Bodocó,PE,2022,6,0.0,climatology_municipal,0.05555555555555555,2022-06
2604304,Cedro,PE,2022,6,0.0,climatology_municipal,0.2222222222222222,2022-06
2605301,Exu,PE,2022,6,0.0,climatology_municipal,0.1111111111111111,2022-06
2607307,Ipubi,PE,2022,6,0.0,climatology_municipal,0.2222222222222222,2022-06
2614006,Serrita,PE,2022,6,0.0,climatology_municipal,0.0,2022-06
2614303,Moreilândia,PE,2022,6,0.0,climatology_municipal,0.1111111111111111,2022-06
2615607,Trindade,PE,2022,6,0.0,climatology_municipal,0.0,2022-06
2200277,Alegrete do Piauí,PI,2022,6,0.0,climatology_apa_intensity12,0.0,2022-06
2202091,Caldeirão Grande do Piauí,PI,2022,6,0.0,climatology_apa_intensity12,0.10989157396050894,2022-06
2202554,Caridade do Piauí,PI,2022,6,0.0,climatology_apa_intensity12,0.0,2022-06
2203271,Curral Novo do Piauí,PI,2022,6,0.0,climatology_apa_intensity12,0.0,2022-06
2204154,Francisco Macedo,PI,2022,6,0.0,climatology_apa_intensity12,0.0,2022-06
2204303,Fronteiras,PI,2022,6,0.0,climatology_apa_intensity12,0.0,2022-06
2205953,Marcolândia,PI,2022,6,0.0,climatology_apa_intensity12,0.0,2022-06
2207207,Padre Marcos,PI,2022,6,0.0,climatology_apa_intensity12,0.0,2022-06
2210300,São Julião,PI,2022,6,0.0,climatology_apa_intensity12,0.0,2022-06
2210706,Simões,PI,2022,6,0.0,climatology_apa_intensity12,0.05494578698025447,2022-06
2300101,Abaiara,CE,2022,6,0.0,climatology_apa_intensity12,0.1648373609407634,2022-06
2300606,Altaneira,CE,2022,6,0.0,climatology_apa_intensity12,0.0,2022-06
2301307,Araripe,CE,2022,6,1.0,climatology_apa_intensity12,0.10989157396050894,2022-06
2301604,Assaré,CE,2022,6,0.0,climatology_apa_intensity12,0.0,2022-06
2301901,Barbalha,CE,2022,6,0.0,climatology_apa_intensity12,0.1648373609407634,2022-06
2302503,Brejo Santo,CE,2022,6,1.0,climatology_apa_intensity12,0.21978314792101789,2022-06
2302701,Campos Sales,CE,2022,6,0.0,climatology_apa_intensity12,0.0,2022-06
2304202,Crato,CE,2022,6,0.0,climatology_apa_intensity12,0.05494578698025447,2022-06
2304301,Farias Brito,CE,2022,6,0.0,climatology_apa_intensity12,0.0,2022-06
2307106,Jardim,CE,2022,6,0.0,climatology_apa_intensity12,0.05494578698025447,2022-06
2307205,Jati,CE,2022,6,0.0,climatology_apa_intensity12,0.0,2022-06
2308401,Missão Velha,CE,2022,6,0.0,climatology_apa_intensity12,0.10989157396050894,2022-06
2309201,Nova Olinda,CE,2022,6,0.0,climatology_apa_intensity12,0.0,2022-06
2310605,Penaforte,CE,2022,6,0.0,climatology_apa_intensity12,0.0,2022-06
2311108,Porteiras,CE,2022,6,0.0,climatology_apa_intensity12,0.05494578698025447,2022-06
2311207,Potengi,CE,2022,6,0.0,climatology_apa_intensity12,0.0,2022-06
2311959,Salitre,CE,2022,6,0.0,climatology_apa_intensity12,0.10989157396050894,2022-06
2312106,Santana do Cariri,CE,2022,6,0.0,climatology_apa_intensity12,0.0,2022-06
2601102,Araripina,PE,2022,6,0.0,climatology_apa_intensity12,0.43956629584203577,2022-06
2602001,Bodocó,PE,2022,6,0.0,climatology_apa_intensity12,0.05494578698025447,2022-06
2604304,Cedro,PE,2022,6,0.0,climatology_apa_intensity12,0.21978314792101789,2022-06
2605301,Exu,PE,2022,6,0.0,climatology_apa_intensity12,0.10989157396050894,2022-06
2607307,Ipubi,PE,2022,6,0.0,climatology_apa_intensity12,0.21978314792101789,2022-06
2614006,Serrita,PE,2022,6,0.0,climatology_apa_intensity12,0.0,2022-06
2614303,Moreilândia,PE,2022,6,0.0,climatology_apa_intensity12,0.10989157396050894,2022-06
2615607,Trindade,PE,2022,6,0.0,climatology_apa_intensity12,0.0,2022-06
2200277,Alegrete do Piauí,PI,2022,7,0.0,climatology_municipal,0.0,2022-07
2202091,Caldeirão Grande do Piauí,PI,2022,7,0.0,climatology_municipal,0.0,2022-07
2202554,Caridade do Piauí,PI,2022,7,0.0,climatology_municipal,0.0,2022-07
2203271,Curral Novo do Piauí,PI,2022,7,0.0,climatology_municipal,0.05555555555555555,2022-07
2204154,Francisco Macedo,PI,2022,7,1.0,climatology_municipal,0.0,2022-07
2204303,Fronteiras,PI,2022,7,0.0,climatology_municipal,0.1111111111111111,2022-07
2205953,Marcolândia,PI,2022,7,0.0,climatology_municipal,0.0,2022-07
2207207,Padre Marcos,PI,2022,7,0.0,climatology_municipal,0.0,2022-07
2210300,São Julião,PI,2022,7,0.0,climatology_municipal,0.0,2022-07
2210706,Simões,PI,2022,7,1.0,climatology_municipal,0.0,2022-07
2300101,Abaiara,CE,2022,7,0.0,climatology_municipal,0.16666666666666666,2022-07
2300606,Altaneira,CE,2022,7,0.0,climatology_municipal,0.0,2022-07
2301307,Araripe,CE,2022,7,0.0,climatology_municipal,0.3333333333333333,2022-07
2301604,Assaré,CE,2022,7,0.0,climatology_municipal,0.05555555555555555,2022-07
2301901,Barbalha,CE,2022,7,2.0,climatology_municipal,0.2222222222222222,2022-07
2302503,Brejo Santo,CE,2022,7,0.0,climatology_municipal,0.2222222222222222,2022-07
2302701,Campos Sales,CE,2022,7,0.0,climatology_municipal,0.05555555555555555,2022-07
2304202,Crato,CE,2022,7,0.0,climatology_municipal,0.0,2022-07
2304301,Farias Brito,CE,2022,7,0.0,climatology_municipal,0.2222222222222222,2022-07
2307106,Jardim,CE,2022,7,0.0,climatology_municipal,0.05555555555555555,2022-07
2307205,Jati,CE,2022,7,0.0,climatology_municipal,0.0,2022-07
2308401,Missão Velha,CE,2022,7,0.0,climatology_municipal,0.1111111111111111,2022-07
2309201,Nova Olinda,CE,2022,7,0.0,climatology_municipal,0.4444444444444444,2022-07
2310605,Penaforte,CE,2022,7,0.0,climatology_municipal,0.0,2022-07
2311108,Porteiras,CE,2022,7,0.0,climatology_municipal,0.16666666666666666,2022-07
2311207,Potengi,CE,2022,7,0.0,climatology_municipal,0.1111111111111111,2022-07
2311959,Salitre,CE,2022,7,3.0,climatology_municipal,0.05555555555555555,2022-07
2312106,Santana do Cariri,CE,2022,7,3.0,climatology_municipal,0.3333333333333333,2022-07
2601102,Araripina,PE,2022,7,1.0,climatology_municipal,1.1111111111111112,2022-07
2602001,Bodocó,PE,2022,7,0.0,climatology_municipal,0.2777777777777778,2022-07
2604304,Cedro,PE,2022,7,0.0,climatology_municipal,0.0,2022-07
2605301,Exu,PE,2022,7,0.0,climatology_municipal,0.05555555555555555,2022-07
2607307,Ipubi,PE,2022,7,0.0,climatology_municipal,0.1111111111111111,2022-07
2614006,Serrita,PE,2022,7,0.0,climatology_municipal,0.0,2022-07
2614303,Moreilândia,PE,2022,7,0.0,climatology_municipal,0.1111111111111111,2022-07
2615607,Trindade,PE,2022,7,0.0,climatology_municipal,0.0,2022-07
2200277,Alegrete do Piauí,PI,2022,7,0.0,climatology_apa_intensity12,0.0,2022-07
2202091,Caldeirão Grande do Piauí,PI,2022,7,0.0,climatology_apa_intensity12,0.0,2022-07
2202554,Caridade do Piauí,PI,2022,7,0.0,climatology_apa_intensity12,0.0,2022-07
2203271,Curral Novo do Piauí,PI,2022,7,0.0,climatology_apa_intensity12,0.05412829656334495,2022-07
2204154,Francisco Macedo,PI,2022,7,1.0,climatology_apa_intensity12,0.0,2022-07
2204303,Fronteiras,PI,2022,7,0.0,climatology_apa_intensity12,0.1082565931266899,2022-07
2205953,Marcolândia,PI,2022,7,0.0,climatology_apa_intensity12,0.0,2022-07
2207207,Padre Marcos,PI,2022,7,0.0,climatology_apa_intensity12,0.0,2022-07
2210300,São Julião,PI,2022,7,0.0,climatology_apa_intensity12,0.0,2022-07
2210706,Simões,PI,2022,7,1.0,climatology_apa_intensity12,0.0,2022-07
2300101,Abaiara,CE,2022,7,0.0,climatology_apa_intensity12,0.16238488969003487,2022-07
2300606,Altaneira,CE,2022,7,0.0,climatology_apa_intensity12,0.0,2022-07
2301307,Araripe,CE,2022,7,0.0,climatology_apa_intensity12,0.32476977938006973,2022-07
2301604,Assaré,CE,2022,7,0.0,climatology_apa_intensity12,0.05412829656334495,2022-07
2301901,Barbalha,CE,2022,7,2.0,climatology_apa_intensity12,0.2165131862533798,2022-07
2302503,Brejo Santo,CE,2022,7,0.0,climatology_apa_intensity12,0.2165131862533798,2022-07
2302701,Campos Sales,CE,2022,7,0.0,climatology_apa_intensity12,0.05412829656334495,2022-07
2304202,Crato,CE,2022,7,0.0,climatology_apa_intensity12,0.0,2022-07
2304301,Farias Brito,CE,2022,7,0.0,climatology_apa_intensity12,0.2165131862533798,2022-07
2307106,Jardim,CE,2022,7,0.0,climatology_apa_intensity12,0.05412829656334495,2022-07
2307205,Jati,CE,2022,7,0.0,climatology_apa_intensity12,0.0,2022-07
2308401,Missão Velha,CE,2022,7,0.0,climatology_apa_intensity12,0.1082565931266899,2022-07
2309201,Nova Olinda,CE,2022,7,0.0,climatology_apa_intensity12,0.4330263725067596,2022-07
2310605,Penaforte,CE,2022,7,0.0,climatology_apa_intensity12,0.0,2022-07
2311108,Porteiras,CE,2022,7,0.0,climatology_apa_intensity12,0.16238488969003487,2022-07
2311207,Potengi,CE,2022,7,0.0,climatology_apa_intensity12,0.1082565931266899,2022-07
2311959,Salitre,CE,2022,7,3.0,climatology_apa_intensity12,0.05412829656334495,2022-07
2312106,Santana do Cariri,CE,2022,7,3.0,climatology_apa_intensity12,0.32476977938006973,2022-07
2601102,Araripina,PE,2022,7,1.0,climatology_apa_intensity12,1.0825659312668992,2022-07
2602001,Bodocó,PE,2022,7,0.0,climatology_apa_intensity12,0.2706414828167248,2022-07
2604304,Cedro,PE,2022,7,0.0,climatology_apa_intensity12,0.0,2022-07
2605301,Exu,PE,2022,7,0.0,climatology_apa_intensity12,0.05412829656334495,2022-07
2607307,Ipubi,PE,2022,7,0.0,climatology_apa_intensity12,0.1082565931266899,2022-07
2614006,Serrita,PE,2022,7,0.0,climatology_apa_intensity12,0.0,2022-07
2614303,Moreilândia,PE,2022,7,0.0,climatology_apa_intensity12,0.1082565931266899,2022-07
2615607,Trindade,PE,2022,7,0.0,climatology_apa_intensity12,0.0,2022-07
2200277,Alegrete do Piauí,PI,2022,8,0.0,climatology_municipal,0.05555555555555555,2022-08
2202091,Caldeirão Grande do Piauí,PI,2022,8,0.0,climatology_municipal,0.1111111111111111,2022-08
2202554,Caridade do Piauí,PI,2022,8,1.0,climatology_municipal,0.0,2022-08
2203271,Curral Novo do Piauí,PI,2022,8,0.0,climatology_municipal,0.05555555555555555,2022-08
2204154,Francisco Macedo,PI,2022,8,0.0,climatology_municipal,0.0,2022-08
2204303,Fronteiras,PI,2022,8,0.0,climatology_municipal,0.2222222222222222,2022-08
2205953,Marcolândia,PI,2022,8,0.0,climatology_municipal,0.1111111111111111,2022-08
2207207,Padre Marcos,PI,2022,8,0.0,climatology_municipal,0.16666666666666666,2022-08
2210300,São Julião,PI,2022,8,0.0,climatology_municipal,0.0,2022-08
2210706,Simões,PI,2022,8,0.0,climatology_municipal,0.2777777777777778,2022-08
2300101,Abaiara,CE,2022,8,0.0,climatology_municipal,0.3888888888888889,2022-08
2300606,Altaneira,CE,2022,8,0.0,climatology_municipal,0.0,2022-08
2301307,Araripe,CE,2022,8,0.0,climatology_municipal,0.9444444444444444,2022-08
2301604,Assaré,CE,2022,8,0.0,climatology_municipal,1.0,2022-08
2301901,Barbalha,CE,2022,8,0.0,climatology_municipal,1.2222222222222223,2022-08
2302503,Brejo Santo,CE,2022,8,0.0,climatology_municipal,0.16666666666666666,2022-08
2302701,Campos Sales,CE,2022,8,1.0,climatology_municipal,0.2777777777777778,2022-08
2304202,Crato,CE,2022,8,4.0,climatology_municipal,1.5,2022-08
2304301,Farias Brito,CE,2022,8,0.0,climatology_municipal,0.16666666666666666,2022-08
2307106,Jardim,CE,2022,8,0.0,climatology_municipal,0.16666666666666666,2022-08
2307205,Jati,CE,2022,8,0.0,climatology_municipal,0.0,2022-08
2308401,Missão Velha,CE,2022,8,3.0,climatology_municipal,0.6111111111111112,2022-08
2309201,Nova Olinda,CE,2022,8,0.0,climatology_municipal,0.2222222222222222,2022-08
2310605,Penaforte,CE,2022,8,0.0,climatology_municipal,0.0,2022-08
2311108,Porteiras,CE,2022,8,2.0,climatology_municipal,0.05555555555555555,2022-08
2311207,Potengi,CE,2022,8,0.0,climatology_municipal,0.0,2022-08
2311959,Salitre,CE,2022,8,0.0,climatology_municipal,0.2777777777777778,2022-08
2312106,Santana do Cariri,CE,2022,8,2.0,climatology_municipal,0.6666666666666666,2022-08
2601102,Araripina,PE,2022,8,9.0,climatology_municipal,1.2777777777777777,2022-08
2602001,Bodocó,PE,2022,8,0.0,climatology_municipal,0.6111111111111112,2022-08
2604304,Cedro,PE,2022,8,0.0,climatology_municipal,0.0,2022-08
2605301,Exu,PE,2022,8,0.0,climatology_municipal,0.5555555555555556,2022-08
2607307,Ipubi,PE,2022,8,0.0,climatology_municipal,1.0555555555555556,2022-08
2614006,Serrita,PE,2022,8,0.0,climatology_municipal,0.2222222222222222,2022-08
2614303,Moreilândia,PE,2022,8,0.0,climatology_municipal,0.0,2022-08
2615607,Trindade,PE,2022,8,0.0,climatology_municipal,0.6666666666666666,2022-08
2200277,Alegrete do Piauí,PI,2022,8,0.0,climatology_apa_intensity12,0.054326326138130654,2022-08
2202091,Caldeirão Grande do Piauí,PI,2022,8,0.0,climatology_apa_intensity12,0.10865265227626131,2022-08
2202554,Caridade do Piauí,PI,2022,8,1.0,climatology_apa_intensity12,0.0,2022-08
2203271,Curral Novo do Piauí,PI,2022,8,0.0,climatology_apa_intensity12,0.054326326138130654,2022-08
2204154,Francisco Macedo,PI,2022,8,0.0,climatology_apa_intensity12,0.0,2022-08
2204303,Fronteiras,PI,2022,8,0.0,climatology_apa_intensity12,0.21730530455252262,2022-08
2205953,Marcolândia,PI,2022,8,0.0,climatology_apa_intensity12,0.10865265227626131,2022-08
2207207,Padre Marcos,PI,2022,8,0.0,climatology_apa_intensity12,0.16297897841439196,2022-08
2210300,São Julião,PI,2022,8,0.0,climatology_apa_intensity12,0.0,2022-08
2210706,Simões,PI,2022,8,0.0,climatology_apa_intensity12,0.2716316306906533,2022-08
2300101,Abaiara,CE,2022,8,0.0,climatology_apa_intensity12,0.38028428296691463,2022-08
2300606,Altaneira,CE,2022,8,0.0,climatology_apa_intensity12,0.0,2022-08
2301307,Araripe,CE,2022,8,0.0,climatology_apa_intensity12,0.9235475443482212,2022-08
2301604,Assaré,CE,2022,8,0.0,climatology_apa_intensity12,0.9778738704863519,2022-08
2301901,Barbalha,CE,2022,8,0.0,climatology_apa_intensity12,1.1951791750388747,2022-08
2302503,Brejo Santo,CE,2022,8,0.0,climatology_apa_intensity12,0.16297897841439196,2022-08
2302701,Campos Sales,CE,2022,8,1.0,climatology_apa_intensity12,0.2716316306906533,2022-08
2304202,Crato,CE,2022,8,4.0,climatology_apa_intensity12,1.4668108057295277,2022-08
2304301,Farias Brito,CE,2022,8,0.0,climatology_apa_intensity12,0.16297897841439196,2022-08
2307106,Jardim,CE,2022,8,0.0,climatology_apa_intensity12,0.16297897841439196,2022-08
2307205,Jati,CE,2022,8,0.0,climatology_apa_intensity12,0.0,2022-08
2308401,Missão Velha,CE,2022,8,3.0,climatology_apa_intensity12,0.5975895875194374,2022-08
2309201,Nova Olinda,CE,2022,8,0.0,climatology_apa_intensity12,0.21730530455252262,2022-08
2310605,Penaforte,CE,2022,8,0.0,climatology_apa_intensity12,0.0,2022-08
2311108,Porteiras,CE,2022,8,2.0,climatology_apa_intensity12,0.054326326138130654,2022-08
2311207,Potengi,CE,2022,8,0.0,climatology_apa_intensity12,0.0,2022-08
2311959,Salitre,CE,2022,8,0.0,climatology_apa_intensity12,0.2716316306906533,2022-08
2312106,Santana do Cariri,CE,2022,8,2.0,climatology_apa_intensity12,0.6519159136575678,2022-08
2601102,Araripina,PE,2022,8,9.0,climatology_apa_intensity12,1.249505501177005,2022-08
2602001,Bodocó,PE,2022,8,0.0,climatology_apa_intensity12,0.5975895875194374,2022-08
2604304,Cedro,PE,2022,8,0.0,climatology_apa_intensity12,0.0,2022-08
2605301,Exu,PE,2022,8,0.0,climatology_apa_intensity12,0.5432632613813067,2022-08
2607307,Ipubi,PE,2022,8,0.0,climatology_apa_intensity12,1.0322001966244825,2022-08
2614006,Serrita,PE,2022,8,0.0,climatology_apa_intensity12,0.21730530455252262,2022-08
2614303,Moreilândia,PE,2022,8,0.0,climatology_apa_intensity12,0.0,2022-08
2615607,Trindade,PE,2022,8,0.0,climatology_apa_intensity12,0.6519159136575678,2022-08
2200277,Alegrete do Piauí,PI,2022,9,1.0,climatology_municipal,0.5555555555555556,2022-09
2202091,Caldeirão Grande do Piauí,PI,2022,9,0.0,climatology_municipal,2.0,2022-09
2202554,Caridade do Piauí,PI,2022,9,0.0,climatology_municipal,1.7222222222222223,2022-09
2203271,Curral Novo do Piauí,PI,2022,9,4.0,climatology_municipal,2.1666666666666665,2022-09
2204154,Francisco Macedo,PI,2022,9,0.0,climatology_municipal,0.16666666666666666,2022-09
2204303,Fronteiras,PI,2022,9,0.0,climatology_municipal,2.6666666666666665,2022-09
2205953,Marcolândia,PI,2022,9,0.0,climatology_municipal,0.6666666666666666,2022-09
2207207,Padre Marcos,PI,2022,9,0.0,climatology_municipal,0.1111111111111111,2022-09
2210300,São Julião,PI,2022,9,0.0,climatology_municipal,1.4444444444444444,2022-09
2210706,Simões,PI,2022,9,0.0,climatology_municipal,1.7222222222222223,2022-09
2300101,Abaiara,CE,2022,9,2.0,climatology_municipal,0.2777777777777778,2022-09
2300606,Altaneira,CE,2022,9,0.0,climatology_municipal,0.3333333333333333,2022-09
2301307,Araripe,CE,2022,9,8.0,climatology_municipal,7.0,2022-09
2301604,Assaré,CE,2022,9,0.0,climatology_municipal,1.2777777777777777,2022-09
2301901,Barbalha,CE,2022,9,7.0,climatology_municipal,2.7777777777777777,2022-09
2302503,Brejo Santo,CE,2022,9,4.0,climatology_municipal,1.3333333333333333,2022-09
2302701,Campos Sales,CE,2022,9,2.0,climatology_municipal,1.4444444444444444,2022-09
2304202,Crato,CE,2022,9,2.0,climatology_municipal,4.0,2022-09
2304301,Farias Brito,CE,2022,9,0.0,climatology_municipal,3.2777777777777777,2022-09
2307106,Jardim,CE,2022,9,3.0,climatology_municipal,1.5555555555555556,2022-09
2307205,Jati,CE,2022,9,0.0,climatology_municipal,0.5,2022-09
2308401,Missão Velha,CE,2022,9,4.0,climatology_municipal,3.0555555555555554,2022-09
2309201,Nova Olinda,CE,2022,9,0.0,climatology_municipal,0.8333333333333334,2022-09
2310605,Penaforte,CE,2022,9,0.0,climatology_municipal,0.0,2022-09
2311108,Porteiras,CE,2022,9,1.0,climatology_municipal,0.8888888888888888,2022-09
2311207,Potengi,CE,2022,9,4.0,climatology_municipal,1.2222222222222223,2022-09
2311959,Salitre,CE,2022,9,2.0,climatology_municipal,1.5555555555555556,2022-09
2312106,Santana do Cariri,CE,2022,9,2.0,climatology_municipal,2.111111111111111,2022-09
2601102,Araripina,PE,2022,9,25.0,climatology_municipal,8.777777777777779,2022-09
2602001,Bodocó,PE,2022,9,4.0,climatology_municipal,11.88888888888889,2022-09
2604304,Cedro,PE,2022,9,0.0,climatology_municipal,0.16666666666666666,2022-09
2605301,Exu,PE,2022,9,0.0,climatology_municipal,3.1666666666666665,2022-09
2607307,Ipubi,PE,2022,9,1.0,climatology_municipal,4.0,2022-09
2614006,Serrita,PE,2022,9,1.0,climatology_municipal,4.166666666666667,2022-09
2614303,Moreilândia,PE,2022,9,1.0,climatology_municipal,1.1666666666666667,2022-09
2615607,Trindade,PE,2022,9,0.0,climatology_municipal,1.1111111111111112,2022-09
2200277,Alegrete do Piauí,PI,2022,9,1.0,climatology_apa_intensity12,0.542177163659138,2022-09
2202091,Caldeirão Grande do Piauí,PI,2022,9,0.0,climatology_apa_intensity12,1.9518377891728969,2022-09
2202554,Caridade do Piauí,PI,2022,9,0.0,climatology_apa_intensity12,1.6807492073433279,2022-09
2203271,Curral Novo do Piauí,PI,2022,9,4.0,climatology_apa_intensity12,2.114490938270638,2022-09
2204154,Francisco Macedo,PI,2022,9,0.0,climatology_apa_intensity12,0.1626531490977414,2022-09
2204303,Fronteiras,PI,2022,9,0.0,climatology_apa_intensity12,2.6024503855638623,2022-09
2205953,Marcolândia,PI,2022,9,0.0,climatology_apa_intensity12,0.6506125963909656,2022-09
2207207,Padre Marcos,PI,2022,9,0.0,climatology_apa_intensity12,0.1084354327318276,2022-09
2210300,São Julião,PI,2022,9,0.0,climatology_apa_intensity12,1.409660625513759,2022-09
2210706,Simões,PI,2022,9,0.0,climatology_apa_intensity12,1.6807492073433279,2022-09
2300101,Abaiara,CE,2022,9,2.0,climatology_apa_intensity12,0.271088581829569,2022-09
2300606,Altaneira,CE,2022,9,0.0,climatology_apa_intensity12,0.3253062981954828,2022-09
2301307,Araripe,CE,2022,9,8.0,climatology_apa_intensity12,6.831432262105139,2022-09
2301604,Assaré,CE,2022,9,0.0,climatology_apa_intensity12,1.2470074764160173,2022-09
2301901,Barbalha,CE,2022,9,7.0,climatology_apa_intensity12,2.71088581829569,2022-09
2302503,Brejo Santo,CE,2022,9,4.0,climatology_apa_intensity12,1.3012251927819312,2022-09
2302701,Campos Sales,CE,2022,9,2.0,climatology_apa_intensity12,1.409660625513759,2022-09
2304202,Crato,CE,2022,9,2.0,climatology_apa_intensity12,3.9036755783457937,2022-09
2304301,Farias Brito,CE,2022,9,0.0,climatology_apa_intensity12,3.1988452655889144,2022-09
2307106,Jardim,CE,2022,9,3.0,climatology_apa_intensity12,1.5180960582455865,2022-09
2307205,Jati,CE,2022,9,0.0,climatology_apa_intensity12,0.4879594472932242,2022-09
2308401,Missão Velha,CE,2022,9,4.0,climatology_apa_intensity12,2.981974400125259,2022-09
2309201,Nova Olinda,CE,2022,9,0.0,climatology_apa_intensity12,0.813265745488707,2022-09
2310605,Penaforte,CE,2022,9,0.0,climatology_apa_intensity12,0.0,2022-09
2311108,Porteiras,CE,2022,9,1.0,climatology_apa_intensity12,0.8674834618546208,2022-09
2311207,Potengi,CE,2022,9,4.0,climatology_apa_intensity12,1.1927897600501036,2022-09
2311959,Salitre,CE,2022,9,2.0,climatology_apa_intensity12,1.5180960582455865,2022-09
2312106,Santana do Cariri,CE,2022,9,2.0,climatology_apa_intensity12,2.0602732219047244,2022-09
2601102,Araripina,PE,2022,9,25.0,climatology_apa_intensity12,8.566399185814381,2022-09
2602001,Bodocó,PE,2022,9,4.0,climatology_apa_intensity12,11.602591302305553,2022-09
2604304,Cedro,PE,2022,9,0.0,climatology_apa_intensity12,0.1626531490977414,2022-09
2605301,Exu,PE,2022,9,0.0,climatology_apa_intensity12,3.0904098328570866,2022-09
2607307,Ipubi,PE,2022,9,1.0,climatology_apa_intensity12,3.9036755783457937,2022-09
2614006,Serrita,PE,2022,9,1.0,climatology_apa_intensity12,4.066328727443535,2022-09
2614303,Moreilândia,PE,2022,9,1.0,climatology_apa_intensity12,1.13857204368419,2022-09
2615607,Trindade,PE,2022,9,0.0,climatology_apa_intensity12,1.084354327318276,2022-09
2200277,Alegrete do Piauí,PI,2022,10,2.0,climatology_municipal,1.1666666666666667,2022-10
2202091,Caldeirão Grande do Piauí,PI,2022,10,14.0,climatology_municipal,6.166666666666667,2022-10
2202554,Caridade do Piauí,PI,2022,10,13.0,climatology_municipal,8.722222222222221,2022-10
2203271,Curral Novo do Piauí,PI,2022,10,8.0,climatology_municipal,5.722222222222222,2022-10
2204154,Francisco Macedo,PI,2022,10,0.0,climatology_municipal,2.111111111111111,2022-10
2204303,Fronteiras,PI,2022,10,6.0,climatology_municipal,6.666666666666667,2022-10
2205953,Marcolândia,PI,2022,10,0.0,climatology_municipal,0.8333333333333334,2022-10
2207207,Padre Marcos,PI,2022,10,4.0,climatology_municipal,2.1666666666666665,2022-10
2210300,São Julião,PI,2022,10,4.0,climatology_municipal,1.1666666666666667,2022-10
2210706,Simões,PI,2022,10,3.0,climatology_municipal,7.611111111111111,2022-10
2300101,Abaiara,CE,2022,10,5.0,climatology_municipal,1.2777777777777777,2022-10
2300606,Altaneira,CE,2022,10,0.0,climatology_municipal,0.4444444444444444,2022-10
2301307,Araripe,CE,2022,10,12.0,climatology_municipal,10.777777777777779,2022-10
2301604,Assaré,CE,2022,10,10.0,climatology_municipal,3.1666666666666665,2022-10
2301901,Barbalha,CE,2022,10,4.0,climatology_municipal,3.3333333333333335,2022-10
2302503,Brejo Santo,CE,2022,10,2.0,climatology_municipal,2.6666666666666665,2022-10
2302701,Campos Sales,CE,2022,10,7.0,climatology_municipal,2.4444444444444446,2022-10
2304202,Crato,CE,2022,10,5.0,climatology_municipal,8.444444444444445,2022-10
2304301,Farias Brito,CE,2022,10,0.0,climatology_municipal,3.111111111111111,2022-10
2307106,Jardim,CE,2022,10,0.0,climatology_municipal,2.611111111111111,2022-10
2307205,Jati,CE,2022,10,0.0,climatology_municipal,2.611111111111111,2022-10
2308401,Missão Velha,CE,2022,10,5.0,climatology_municipal,4.833333333333333,2022-10
2309201,Nova Olinda,CE,2022,10,4.0,climatology_municipal,0.8333333333333334,2022-10
2310605,Penaforte,CE,2022,10,1.0,climatology_municipal,0.16666666666666666,2022-10
2311108,Porteiras,CE,2022,10,1.0,climatology_municipal,0.5,2022-10
2311207,Potengi,CE,2022,10,4.0,climatology_municipal,1.9444444444444444,2022-10
2311959,Salitre,CE,2022,10,16.0,climatology_municipal,3.8333333333333335,2022-10
2312106,Santana do Cariri,CE,2022,10,5.0,climatology_municipal,6.333333333333333,2022-10
2601102,Araripina,PE,2022,10,24.0,climatology_municipal,18.555555555555557,2022-10
2602001,Bodocó,PE,2022,10,35.0,climatology_municipal,34.666666666666664,2022-10
2604304,Cedro,PE,2022,10,0.0,climatology_municipal,0.2222222222222222,2022-10
2605301,Exu,PE,2022,10,17.0,climatology_municipal,12.222222222222221,2022-10
2607307,Ipubi,PE,2022,10,21.0,climatology_municipal,10.333333333333334,2022-10
2614006,Serrita,PE,2022,10,22.0,climatology_municipal,10.055555555555555,2022-10
2614303,Moreilândia,PE,2022,10,24.0,climatology_municipal,4.666666666666667,2022-10
2615607,Trindade,PE,2022,10,0.0,climatology_municipal,2.7222222222222223,2022-10
2200277,Alegrete do Piauí,PI,2022,10,2.0,climatology_apa_intensity12,1.063837534355987,2022-10
2202091,Caldeirão Grande do Piauí,PI,2022,10,14.0,climatology_apa_intensity12,5.623141253024502,2022-10
2202554,Caridade do Piauí,PI,2022,10,13.0,climatology_apa_intensity12,7.9534520425661865,2022-10
2203271,Curral Novo do Piauí,PI,2022,10,8.0,climatology_apa_intensity12,5.2178698113650785,2022-10
2204154,Francisco Macedo,PI,2022,10,0.0,climatology_apa_intensity12,1.9250393478822618,2022-10
2204303,Fronteiras,PI,2022,10,6.0,climatology_apa_intensity12,6.079071624891354,2022-10
2205953,Marcolândia,PI,2022,10,0.0,climatology_apa_intensity12,0.7598839531114192,2022-10
2207207,Padre Marcos,PI,2022,10,4.0,climatology_apa_intensity12,1.9756982780896897,2022-10
2210300,São Julião,PI,2022,10,4.0,climatology_apa_intensity12,1.063837534355987,2022-10
2210706,Simões,PI,2022,10,3.0,climatology_apa_intensity12,6.940273438417628,2022-10
2300101,Abaiara,CE,2022,10,5.0,climatology_apa_intensity12,1.1651553947708426,2022-10
2300606,Altaneira,CE,2022,10,0.0,climatology_apa_intensity12,0.4052714416594235,2022-10
2301307,Araripe,CE,2022,10,12.0,climatology_apa_intensity12,9.827832460241021,2022-10
2301604,Assaré,CE,2022,10,10.0,climatology_apa_intensity12,2.8875590218233924,2022-10
2301901,Barbalha,CE,2022,10,4.0,climatology_apa_intensity12,3.039535812445677,2022-10
2302503,Brejo Santo,CE,2022,10,2.0,climatology_apa_intensity12,2.431628649956541,2022-10
2302701,Campos Sales,CE,2022,10,7.0,climatology_apa_intensity12,2.2289929291268296,2022-10
2304202,Crato,CE,2022,10,5.0,climatology_apa_intensity12,7.700157391529047,2022-10
2304301,Farias Brito,CE,2022,10,0.0,climatology_apa_intensity12,2.836900091615965,2022-10
2307106,Jardim,CE,2022,10,0.0,climatology_apa_intensity12,2.3809697197491135,2022-10
2307205,Jati,CE,2022,10,0.0,climatology_apa_intensity12,2.3809697197491135,2022-10
2308401,Missão Velha,CE,2022,10,5.0,climatology_apa_intensity12,4.40732692804623,2022-10
2309201,Nova Olinda,CE,2022,10,4.0,climatology_apa_intensity12,0.7598839531114192,2022-10
2310605,Penaforte,CE,2022,10,1.0,climatology_apa_intensity12,0.1519767906222838,2022-10
2311108,Porteiras,CE,2022,10,1.0,climatology_apa_intensity12,0.4559303718668515,2022-10
2311207,Potengi,CE,2022,10,4.0,climatology_apa_intensity12,1.7730625572599779,2022-10
2311959,Salitre,CE,2022,10,16.0,climatology_apa_intensity12,3.4954661843125283,2022-10
2312106,Santana do Cariri,CE,2022,10,5.0,climatology_apa_intensity12,5.775118043646785,2022-10
2601102,Araripina,PE,2022,10,24.0,climatology_apa_intensity12,16.920082689280935,2022-10
2602001,Bodocó,PE,2022,10,35.0,climatology_apa_intensity12,31.611172449435035,2022-10
2604304,Cedro,PE,2022,10,0.0,climatology_apa_intensity12,0.20263572082971176,2022-10
2605301,Exu,PE,2022,10,17.0,climatology_apa_intensity12,11.144964645634147,2022-10
2607307,Ipubi,PE,2022,10,21.0,climatology_apa_intensity12,9.422561018581598,2022-10
2614006,Serrita,PE,2022,10,22.0,climatology_apa_intensity12,9.169266367544457,2022-10
2614303,Moreilândia,PE,2022,10,24.0,climatology_apa_intensity12,4.255350137423948,2022-10
2615607,Trindade,PE,2022,10,0.0,climatology_apa_intensity12,2.482287580163969,2022-10
2200277,Alegrete do Piauí,PI,2022,11,0.0,climatology_municipal,1.3333333333333333,2022-11
2202091,Caldeirão Grande do Piauí,PI,2022,11,0.0,climatology_municipal,4.833333333333333,2022-11
2202554,Caridade do Piauí,PI,2022,11,7.0,climatology_municipal,3.5555555555555554,2022-11
2203271,Curral Novo do Piauí,PI,2022,11,1.0,climatology_municipal,2.5555555555555554,2022-11
2204154,Francisco Macedo,PI,2022,11,0.0,climatology_municipal,2.4444444444444446,2022-11
2204303,Fronteiras,PI,2022,11,7.0,climatology_municipal,7.222222222222222,2022-11
2205953,Marcolândia,PI,2022,11,0.0,climatology_municipal,1.2777777777777777,2022-11
2207207,Padre Marcos,PI,2022,11,1.0,climatology_municipal,3.111111111111111,2022-11
2210300,São Julião,PI,2022,11,0.0,climatology_municipal,1.3888888888888888,2022-11
2210706,Simões,PI,2022,11,1.0,climatology_municipal,8.222222222222221,2022-11
2300101,Abaiara,CE,2022,11,2.0,climatology_municipal,2.3333333333333335,2022-11
2300606,Altaneira,CE,2022,11,0.0,climatology_municipal,0.2777777777777778,2022-11
2301307,Araripe,CE,2022,11,14.0,climatology_municipal,13.055555555555555,2022-11
2301604,Assaré,CE,2022,11,0.0,climatology_municipal,5.111111111111111,2022-11
2301901,Barbalha,CE,2022,11,1.0,climatology_municipal,4.444444444444445,2022-11
2302503,Brejo Santo,CE,2022,11,3.0,climatology_municipal,4.888888888888889,2022-11
2302701,Campos Sales,CE,2022,11,0.0,climatology_municipal,3.0,2022-11
2304202,Crato,CE,2022,11,8.0,climatology_municipal,9.777777777777779,2022-11
2304301,Farias Brito,CE,2022,11,2.0,climatology_municipal,2.8333333333333335,2022-11
2307106,Jardim,CE,2022,11,2.0,climatology_municipal,2.7777777777777777,2022-11
2307205,Jati,CE,2022,11,4.0,climatology_municipal,2.1666666666666665,2022-11
2308401,Missão Velha,CE,2022,11,15.0,climatology_municipal,8.944444444444445,2022-11
2309201,Nova Olinda,CE,2022,11,1.0,climatology_municipal,3.7222222222222223,2022-11
2310605,Penaforte,CE,2022,11,0.0,climatology_municipal,0.16666666666666666,2022-11
2311108,Porteiras,CE,2022,11,2.0,climatology_municipal,1.8888888888888888,2022-11
2311207,Potengi,CE,2022,11,5.0,climatology_municipal,2.111111111111111,2022-11
2311959,Salitre,CE,2022,11,10.0,climatology_municipal,8.38888888888889,2022-11
2312106,Santana do Cariri,CE,2022,11,5.0,climatology_municipal,11.88888888888889,2022-11
2601102,Araripina,PE,2022,11,5.0,climatology_municipal,13.11111111111111,2022-11
2602001,Bodocó,PE,2022,11,35.0,climatology_municipal,29.61111111111111,2022-11
2604304,Cedro,PE,2022,11,0.0,climatology_municipal,0.16666666666666666,2022-11
2605301,Exu,PE,2022,11,15.0,climatology_municipal,16.055555555555557,2022-11
2607307,Ipubi,PE,2022,11,5.0,climatology_municipal,8.38888888888889,2022-11
2614006,Serrita,PE,2022,11,14.0,climatology_municipal,9.61111111111111,2022-11
2614303,Moreilândia,PE,2022,11,0.0,climatology_municipal,5.222222222222222,2022-11
2615607,Trindade,PE,2022,11,0.0,climatology_municipal,1.3888888888888888,2022-11
2200277,Alegrete do Piauí,PI,2022,11,0.0,climatology_apa_intensity12,1.2637774127501888,2022-11
2202091,Caldeirão Grande do Piauí,PI,2022,11,0.0,climatology_apa_intensity12,4.581193121219434,2022-11
2202554,Caridade do Piauí,PI,2022,11,7.0,climatology_apa_intensity12,3.3700731006671703,2022-11
2203271,Curral Novo do Piauí,PI,2022,11,1.0,climatology_apa_intensity12,2.4222400411045286,2022-11
2204154,Francisco Macedo,PI,2022,11,0.0,climatology_apa_intensity12,2.3169252567086795,2022-11
2204303,Fronteiras,PI,2022,11,7.0,climatology_apa_intensity12,6.84546098573019,2022-11
2205953,Marcolândia,PI,2022,11,0.0,climatology_apa_intensity12,1.2111200205522643,2022-11
2207207,Padre Marcos,PI,2022,11,1.0,climatology_apa_intensity12,2.948813963083774,2022-11
2210300,São Julião,PI,2022,11,0.0,climatology_apa_intensity12,1.3164348049481134,2022-11
2210706,Simões,PI,2022,11,1.0,climatology_apa_intensity12,7.79329404529283,2022-11
2300101,Abaiara,CE,2022,11,2.0,climatology_apa_intensity12,2.2116104723128305,2022-11
2300606,Altaneira,CE,2022,11,0.0,climatology_apa_intensity12,0.2632869609896227,2022-11
2301307,Araripe,CE,2022,11,14.0,climatology_apa_intensity12,12.374487166512266,2022-11
2301604,Assaré,CE,2022,11,0.0,climatology_apa_intensity12,4.844480082209057,2022-11
2301901,Barbalha,CE,2022,11,1.0,climatology_apa_intensity12,4.212591375833963,2022-11
2302503,Brejo Santo,CE,2022,11,3.0,climatology_apa_intensity12,4.633850513417359,2022-11
2302701,Campos Sales,CE,2022,11,0.0,climatology_apa_intensity12,2.843499178687925,2022-11
2304202,Crato,CE,2022,11,8.0,climatology_apa_intensity12,9.267701026834718,2022-11
2304301,Farias Brito,CE,2022,11,2.0,climatology_apa_intensity12,2.6855270020941515,2022-11
2307106,Jardim,CE,2022,11,2.0,climatology_apa_intensity12,2.6328696098962268,2022-11
2307205,Jati,CE,2022,11,4.0,climatology_apa_intensity12,2.0536382957190567,2022-11
2308401,Missão Velha,CE,2022,11,15.0,climatology_apa_intensity12,8.47784014386585,2022-11
2309201,Nova Olinda,CE,2022,11,1.0,climatology_apa_intensity12,3.528045277260944,2022-11
2310605,Penaforte,CE,2022,11,0.0,climatology_apa_intensity12,0.1579721765937736,2022-11
2311108,Porteiras,CE,2022,11,2.0,climatology_apa_intensity12,1.7903513347294342,2022-11
2311207,Potengi,CE,2022,11,5.0,climatology_apa_intensity12,2.0009809035211323,2022-11
2311959,Salitre,CE,2022,11,10.0,climatology_apa_intensity12,7.9512662218866055,2022-11
2312106,Santana do Cariri,CE,2022,11,5.0,climatology_apa_intensity12,11.26868193035585,2022-11
2601102,Araripina,PE,2022,11,5.0,climatology_apa_intensity12,12.42714455871019,2022-11
2602001,Bodocó,PE,2022,11,35.0,climatology_apa_intensity12,28.066390041493776,2022-11
2604304,Cedro,PE,2022,11,0.0,climatology_apa_intensity12,0.1579721765937736,2022-11
2605301,Exu,PE,2022,11,15.0,climatology_apa_intensity12,15.217986345200192,2022-11
2607307,Ipubi,PE,2022,11,5.0,climatology_apa_intensity12,7.9512662218866055,2022-11
2614006,Serrita,PE,2022,11,14.0,climatology_apa_intensity12,9.109728850240945,2022-11
2614303,Moreilândia,PE,2022,11,0.0,climatology_apa_intensity12,4.949794866604907,2022-11
2615607,Trindade,PE,2022,11,0.0,climatology_apa_intensity12,1.3164348049481134,2022-11
2200277,Alegrete do Piauí,PI,2022,12,1.0,climatology_municipal,0.5555555555555556,2022-12
2202091,Caldeirão Grande do Piauí,PI,2022,12,1.0,climatology_municipal,1.1666666666666667,2022-12
2202554,Caridade do Piauí,PI,2022,12,0.0,climatology_municipal,1.8333333333333333,2022-12
2203271,Curral Novo do Piauí,PI,2022,12,0.0,climatology_municipal,0.6111111111111112,2022-12
2204154,Francisco Macedo,PI,2022,12,0.0,climatology_municipal,1.0,2022-12
2204303,Fronteiras,PI,2022,12,4.0,climatology_municipal,1.9444444444444444,2022-12
2205953,Marcolândia,PI,2022,12,2.0,climatology_municipal,1.2777777777777777,2022-12
2207207,Padre Marcos,PI,2022,12,0.0,climatology_municipal,0.7777777777777778,2022-12
2210300,São Julião,PI,2022,12,1.0,climatology_municipal,0.2777777777777778,2022-12
2210706,Simões,PI,2022,12,0.0,climatology_municipal,1.7222222222222223,2022-12
2300101,Abaiara,CE,2022,12,0.0,climatology_municipal,1.8888888888888888,2022-12
2300606,Altaneira,CE,2022,12,0.0,climatology_municipal,0.5,2022-12
2301307,Araripe,CE,2022,12,7.0,climatology_municipal,6.222222222222222,2022-12
2301604,Assaré,CE,2022,12,10.0,climatology_municipal,4.777777777777778,2022-12
2301901,Barbalha,CE,2022,12,0.0,climatology_municipal,2.388888888888889,2022-12
2302503,Brejo Santo,CE,2022,12,2.0,climatology_municipal,2.1666666666666665,2022-12
2302701,Campos Sales,CE,2022,12,3.0,climatology_municipal,1.4444444444444444,2022-12
2304202,Crato,CE,2022,12,2.0,climatology_municipal,6.333333333333333,2022-12
2304301,Farias Brito,CE,2022,12,6.0,climatology_municipal,2.111111111111111,2022-12
2307106,Jardim,CE,2022,12,1.0,climatology_municipal,3.5,2022-12
2307205,Jati,CE,2022,12,1.0,climatology_municipal,0.9444444444444444,2022-12
2308401,Missão Velha,CE,2022,12,3.0,climatology_municipal,7.166666666666667,2022-12
2309201,Nova Olinda,CE,2022,12,0.0,climatology_municipal,3.0,2022-12
2310605,Penaforte,CE,2022,12,2.0,climatology_municipal,0.3333333333333333,2022-12
2311108,Porteiras,CE,2022,12,0.0,climatology_municipal,1.8888888888888888,2022-12
2311207,Potengi,CE,2022,12,1.0,climatology_municipal,1.3888888888888888,2022-12
2311959,Salitre,CE,2022,12,4.0,climatology_municipal,3.6666666666666665,2022-12
2312106,Santana do Cariri,CE,2022,12,13.0,climatology_municipal,10.722222222222221,2022-12
2601102,Araripina,PE,2022,12,1.0,climatology_municipal,4.111111111111111,2022-12
2602001,Bodocó,PE,2022,12,16.0,climatology_municipal,14.5,2022-12
2604304,Cedro,PE,2022,12,0.0,climatology_municipal,0.3333333333333333,2022-12
2605301,Exu,PE,2022,12,6.0,climatology_municipal,12.38888888888889,2022-12
2607307,Ipubi,PE,2022,12,2.0,climatology_municipal,4.277777777777778,2022-12
2614006,Serrita,PE,2022,12,3.0,climatology_municipal,5.444444444444445,2022-12
2614303,Moreilândia,PE,2022,12,0.0,climatology_municipal,2.2777777777777777,2022-12
2615607,Trindade,PE,2022,12,1.0,climatology_municipal,0.3333333333333333,2022-12
2200277,Alegrete do Piauí,PI,2022,12,1.0,climatology_apa_intensity12,0.5273965917741904,2022-12
2202091,Caldeirão Grande do Piauí,PI,2022,12,1.0,climatology_apa_intensity12,1.1075328427258,2022-12
2202554,Caridade do Piauí,PI,2022,12,0.0,climatology_apa_intensity12,1.7404087528548284,2022-12
2203271,Curral Novo do Piauí,PI,2022,12,0.0,climatology_apa_intensity12,0.5801362509516095,2022-12
2204154,Francisco Macedo,PI,2022,12,0.0,climatology_apa_intensity12,0.9493138651935428,2022-12
2204303,Fronteiras,PI,2022,12,4.0,climatology_apa_intensity12,1.8458880712096666,2022-12
2205953,Marcolândia,PI,2022,12,2.0,climatology_apa_intensity12,1.213012161080638,2022-12
2207207,Padre Marcos,PI,2022,12,0.0,climatology_apa_intensity12,0.7383552284838666,2022-12
2210300,São Julião,PI,2022,12,1.0,climatology_apa_intensity12,0.2636982958870952,2022-12
2210706,Simões,PI,2022,12,0.0,climatology_apa_intensity12,1.6349294344999905,2022-12
2300101,Abaiara,CE,2022,12,0.0,climatology_apa_intensity12,1.7931484120322474,2022-12
2300606,Altaneira,CE,2022,12,0.0,climatology_apa_intensity12,0.4746569325967714,2022-12
2301307,Araripe,CE,2022,12,7.0,climatology_apa_intensity12,5.906841827870933,2022-12
2301604,Assaré,CE,2022,12,10.0,climatology_apa_intensity12,4.5356106892580375,2022-12
2301901,Barbalha,CE,2022,12,0.0,climatology_apa_intensity12,2.2678053446290187,2022-12
2302503,Brejo Santo,CE,2022,12,2.0,climatology_apa_intensity12,2.0568467079193424,2022-12
2302701,Campos Sales,CE,2022,12,3.0,climatology_apa_intensity12,1.371231138612895,2022-12
2304202,Crato,CE,2022,12,2.0,climatology_apa_intensity12,6.01232114622577,2022-12
2304301,Farias Brito,CE,2022,12,6.0,climatology_apa_intensity12,2.0041070487419237,2022-12
2307106,Jardim,CE,2022,12,1.0,climatology_apa_intensity12,3.3225985281773998,2022-12
2307205,Jati,CE,2022,12,1.0,climatology_apa_intensity12,0.8965742060161237,2022-12
2308401,Missão Velha,CE,2022,12,3.0,climatology_apa_intensity12,6.803416033887057,2022-12
2309201,Nova Olinda,CE,2022,12,0.0,climatology_apa_intensity12,2.8479415955806284,2022-12
2310605,Penaforte,CE,2022,12,2.0,climatology_apa_intensity12,0.3164379550645142,2022-12
2311108,Porteiras,CE,2022,12,0.0,climatology_apa_intensity12,1.7931484120322474,2022-12
2311207,Potengi,CE,2022,12,1.0,climatology_apa_intensity12,1.318491479435476,2022-12
2311959,Salitre,CE,2022,12,4.0,climatology_apa_intensity12,3.480817505709657,2022-12
2312106,Santana do Cariri,CE,2022,12,13.0,climatology_apa_intensity12,10.178754221241874,2022-12
2601102,Araripina,PE,2022,12,1.0,climatology_apa_intensity12,3.902734779129009,2022-12
2602001,Bodocó,PE,2022,12,16.0,climatology_apa_intensity12,13.76505104530637,2022-12
2604304,Cedro,PE,2022,12,0.0,climatology_apa_intensity12,0.3164379550645142,2022-12
2605301,Exu,PE,2022,12,6.0,climatology_apa_intensity12,11.760943996564446,2022-12
2607307,Ipubi,PE,2022,12,2.0,climatology_apa_intensity12,4.060953756661267,2022-12
2614006,Serrita,PE,2022,12,3.0,climatology_apa_intensity12,5.168486599387067,2022-12
2614303,Moreilândia,PE,2022,12,0.0,climatology_apa_intensity12,2.162326026274181,2022-12
2615607,Trindade,PE,2022,12,1.0,climatology_apa_intensity12,0.3164379550645142,2022-12
2200277,Alegrete do Piauí,PI,2023,1,0.0,climatology_municipal,0.10526315789473684,2023-01
2202091,Caldeirão Grande do Piauí,PI,2023,1,0.0,climatology_municipal,0.15789473684210525,2023-01
2202554,Caridade do Piauí,PI,2023,1,0.0,climatology_municipal,0.05263157894736842,2023-01
2203271,Curral Novo do Piauí,PI,2023,1,0.0,climatology_municipal,0.0,2023-01
2204154,Francisco Macedo,PI,2023,1,0.0,climatology_municipal,0.0,2023-01
2204303,Fronteiras,PI,2023,1,0.0,climatology_municipal,0.42105263157894735,2023-01
2205953,Marcolândia,PI,2023,1,0.0,climatology_municipal,0.15789473684210525,2023-01
2207207,Padre Marcos,PI,2023,1,0.0,climatology_municipal,0.3157894736842105,2023-01
2210300,São Julião,PI,2023,1,0.0,climatology_municipal,0.05263157894736842,2023-01
2210706,Simões,PI,2023,1,0.0,climatology_municipal,0.15789473684210525,2023-01
2300101,Abaiara,CE,2023,1,0.0,climatology_municipal,0.05263157894736842,2023-01
2300606,Altaneira,CE,2023,1,0.0,climatology_municipal,0.0,2023-01
2301307,Araripe,CE,2023,1,1.0,climatology_municipal,1.368421052631579,2023-01
2301604,Assaré,CE,2023,1,0.0,climatology_municipal,1.9473684210526316,2023-01
2301901,Barbalha,CE,2023,1,1.0,climatology_municipal,0.42105263157894735,2023-01
2302503,Brejo Santo,CE,2023,1,0.0,climatology_municipal,0.3684210526315789,2023-01
2302701,Campos Sales,CE,2023,1,1.0,climatology_municipal,0.3684210526315789,2023-01
2304202,Crato,CE,2023,1,0.0,climatology_municipal,0.7894736842105263,2023-01
2304301,Farias Brito,CE,2023,1,0.0,climatology_municipal,0.5789473684210527,2023-01
2307106,Jardim,CE,2023,1,0.0,climatology_municipal,0.47368421052631576,2023-01
2307205,Jati,CE,2023,1,0.0,climatology_municipal,0.3684210526315789,2023-01
2308401,Missão Velha,CE,2023,1,1.0,climatology_municipal,1.105263157894737,2023-01
2309201,Nova Olinda,CE,2023,1,0.0,climatology_municipal,0.2631578947368421,2023-01
2310605,Penaforte,CE,2023,1,0.0,climatology_municipal,0.05263157894736842,2023-01
2311108,Porteiras,CE,2023,1,0.0,climatology_municipal,0.21052631578947367,2023-01
2311207,Potengi,CE,2023,1,0.0,climatology_municipal,0.7368421052631579,2023-01
2311959,Salitre,CE,2023,1,0.0,climatology_municipal,0.5263157894736842,2023-01
2312106,Santana do Cariri,CE,2023,1,0.0,climatology_municipal,3.5789473684210527,2023-01
2601102,Araripina,PE,2023,1,0.0,climatology_municipal,0.42105263157894735,2023-01
2602001,Bodocó,PE,2023,1,1.0,climatology_municipal,1.736842105263158,2023-01
2604304,Cedro,PE,2023,1,0.0,climatology_municipal,0.05263157894736842,2023-01
2605301,Exu,PE,2023,1,2.0,climatology_municipal,2.0526315789473686,2023-01
2607307,Ipubi,PE,2023,1,0.0,climatology_municipal,0.47368421052631576,2023-01
2614006,Serrita,PE,2023,1,1.0,climatology_municipal,1.368421052631579,2023-01
2614303,Moreilândia,PE,2023,1,0.0,climatology_municipal,0.3157894736842105,2023-01
2615607,Trindade,PE,2023,1,1.0,climatology_municipal,0.05263157894736842,2023-01
2200277,Alegrete do Piauí,PI,2023,1,0.0,climatology_apa_intensity12,0.10698198198198197,2023-01
2202091,Caldeirão Grande do Piauí,PI,2023,1,0.0,climatology_apa_intensity12,0.16047297297297297,2023-01
2202554,Caridade do Piauí,PI,2023,1,0.0,climatology_apa_intensity12,0.053490990990990986,2023-01
2203271,Curral Novo do Piauí,PI,2023,1,0.0,climatology_apa_intensity12,0.0,2023-01
2204154,Francisco Macedo,PI,2023,1,0.0,climatology_apa_intensity12,0.0,2023-01
2204303,Fronteiras,PI,2023,1,0.0,climatology_apa_intensity12,0.4279279279279279,2023-01
2205953,Marcolândia,PI,2023,1,0.0,climatology_apa_intensity12,0.16047297297297297,2023-01
2207207,Padre Marcos,PI,2023,1,0.0,climatology_apa_intensity12,0.32094594594594594,2023-01
2210300,São Julião,PI,2023,1,0.0,climatology_apa_intensity12,0.053490990990990986,2023-01
2210706,Simões,PI,2023,1,0.0,climatology_apa_intensity12,0.16047297297297297,2023-01
2300101,Abaiara,CE,2023,1,0.0,climatology_apa_intensity12,0.053490990990990986,2023-01
2300606,Altaneira,CE,2023,1,0.0,climatology_apa_intensity12,0.0,2023-01
2301307,Araripe,CE,2023,1,1.0,climatology_apa_intensity12,1.3907657657657657,2023-01
2301604,Assaré,CE,2023,1,0.0,climatology_apa_intensity12,1.9791666666666667,2023-01
2301901,Barbalha,CE,2023,1,1.0,climatology_apa_intensity12,0.4279279279279279,2023-01
2302503,Brejo Santo,CE,2023,1,0.0,climatology_apa_intensity12,0.3744369369369369,2023-01
2302701,Campos Sales,CE,2023,1,1.0,climatology_apa_intensity12,0.3744369369369369,2023-01
2304202,Crato,CE,2023,1,0.0,climatology_apa_intensity12,0.8023648648648648,2023-01
2304301,Farias Brito,CE,2023,1,0.0,climatology_apa_intensity12,0.5884009009009009,2023-01
2307106,Jardim,CE,2023,1,0.0,climatology_apa_intensity12,0.48141891891891886,2023-01
2307205,Jati,CE,2023,1,0.0,climatology_apa_intensity12,0.3744369369369369,2023-01
2308401,Missão Velha,CE,2023,1,1.0,climatology_apa_intensity12,1.123310810810811,2023-01
2309201,Nova Olinda,CE,2023,1,0.0,climatology_apa_intensity12,0.2674549549549549,2023-01
2310605,Penaforte,CE,2023,1,0.0,climatology_apa_intensity12,0.053490990990990986,2023-01
2311108,Porteiras,CE,2023,1,0.0,climatology_apa_intensity12,0.21396396396396394,2023-01
2311207,Potengi,CE,2023,1,0.0,climatology_apa_intensity12,0.7488738738738738,2023-01
2311959,Salitre,CE,2023,1,0.0,climatology_apa_intensity12,0.5349099099099098,2023-01
2312106,Santana do Cariri,CE,2023,1,0.0,climatology_apa_intensity12,3.6373873873873874,2023-01
2601102,Araripina,PE,2023,1,0.0,climatology_apa_intensity12,0.4279279279279279,2023-01
2602001,Bodocó,PE,2023,1,1.0,climatology_apa_intensity12,1.7652027027027026,2023-01
2604304,Cedro,PE,2023,1,0.0,climatology_apa_intensity12,0.053490990990990986,2023-01
2605301,Exu,PE,2023,1,2.0,climatology_apa_intensity12,2.0861486486486487,2023-01
2607307,Ipubi,PE,2023,1,0.0,climatology_apa_intensity12,0.48141891891891886,2023-01
2614006,Serrita,PE,2023,1,1.0,climatology_apa_intensity12,1.3907657657657657,2023-01
2614303,Moreilândia,PE,2023,1,0.0,climatology_apa_intensity12,0.32094594594594594,2023-01
2615607,Trindade,PE,2023,1,1.0,climatology_apa_intensity12,0.053490990990990986,2023-01
2200277,Alegrete do Piauí,PI,2023,2,0.0,climatology_municipal,0.0,2023-02
2202091,Caldeirão Grande do Piauí,PI,2023,2,0.0,climatology_municipal,0.05263157894736842,2023-02
2202554,Caridade do Piauí,PI,2023,2,0.0,climatology_municipal,0.0,2023-02
2203271,Curral Novo do Piauí,PI,2023,2,0.0,climatology_municipal,0.0,2023-02
2204154,Francisco Macedo,PI,2023,2,0.0,climatology_municipal,0.0,2023-02
2204303,Fronteiras,PI,2023,2,0.0,climatology_municipal,0.0,2023-02
2205953,Marcolândia,PI,2023,2,0.0,climatology_municipal,0.0,2023-02
2207207,Padre Marcos,PI,2023,2,0.0,climatology_municipal,0.05263157894736842,2023-02
2210300,São Julião,PI,2023,2,0.0,climatology_municipal,0.0,2023-02
2210706,Simões,PI,2023,2,0.0,climatology_municipal,0.10526315789473684,2023-02
2300101,Abaiara,CE,2023,2,0.0,climatology_municipal,0.0,2023-02
2300606,Altaneira,CE,2023,2,0.0,climatology_municipal,0.0,2023-02
2301307,Araripe,CE,2023,2,1.0,climatology_municipal,0.10526315789473684,2023-02
2301604,Assaré,CE,2023,2,0.0,climatology_municipal,0.2631578947368421,2023-02
2301901,Barbalha,CE,2023,2,0.0,climatology_municipal,0.15789473684210525,2023-02
2302503,Brejo Santo,CE,2023,2,1.0,climatology_municipal,0.05263157894736842,2023-02
2302701,Campos Sales,CE,2023,2,0.0,climatology_municipal,0.05263157894736842,2023-02
2304202,Crato,CE,2023,2,1.0,climatology_municipal,0.2631578947368421,2023-02
2304301,Farias Brito,CE,2023,2,0.0,climatology_municipal,0.0,2023-02
2307106,Jardim,CE,2023,2,0.0,climatology_municipal,0.10526315789473684,2023-02
2307205,Jati,CE,2023,2,0.0,climatology_municipal,0.15789473684210525,2023-02
2308401,Missão Velha,CE,2023,2,2.0,climatology_municipal,0.10526315789473684,2023-02
2309201,Nova Olinda,CE,2023,2,0.0,climatology_municipal,0.0,2023-02
2310605,Penaforte,CE,2023,2,0.0,climatology_municipal,0.10526315789473684,2023-02
2311108,Porteiras,CE,2023,2,0.0,climatology_municipal,0.10526315789473684,2023-02
2311207,Potengi,CE,2023,2,0.0,climatology_municipal,0.3157894736842105,2023-02
2311959,Salitre,CE,2023,2,0.0,climatology_municipal,0.05263157894736842,2023-02
2312106,Santana do Cariri,CE,2023,2,0.0,climatology_municipal,0.2631578947368421,2023-02
2601102,Araripina,PE,2023,2,0.0,climatology_municipal,0.15789473684210525,2023-02
2602001,Bodocó,PE,2023,2,1.0,climatology_municipal,0.2631578947368421,2023-02
2604304,Cedro,PE,2023,2,0.0,climatology_municipal,0.0,2023-02
2605301,Exu,PE,2023,2,2.0,climatology_municipal,0.21052631578947367,2023-02
2607307,Ipubi,PE,2023,2,0.0,climatology_municipal,0.10526315789473684,2023-02
2614006,Serrita,PE,2023,2,0.0,climatology_municipal,0.10526315789473684,2023-02
2614303,Moreilândia,PE,2023,2,0.0,climatology_municipal,0.15789473684210525,2023-02
2615607,Trindade,PE,2023,2,0.0,climatology_municipal,0.05263157894736842,2023-02
2200277,Alegrete do Piauí,PI,2023,2,0.0,climatology_apa_intensity12,0.0,2023-02
2202091,Caldeirão Grande do Piauí,PI,2023,2,0.0,climatology_apa_intensity12,0.054027401119994364,2023-02
2202554,Caridade do Piauí,PI,2023,2,0.0,climatology_apa_intensity12,0.0,2023-02
2203271,Curral Novo do Piauí,PI,2023,2,0.0,climatology_apa_intensity12,0.0,2023-02
2204154,Francisco Macedo,PI,2023,2,0.0,climatology_apa_intensity12,0.0,2023-02
2204303,Fronteiras,PI,2023,2,0.0,climatology_apa_intensity12,0.0,2023-02
2205953,Marcolândia,PI,2023,2,0.0,climatology_apa_intensity12,0.0,2023-02
2207207,Padre Marcos,PI,2023,2,0.0,climatology_apa_intensity12,0.054027401119994364,2023-02
2210300,São Julião,PI,2023,2,0.0,climatology_apa_intensity12,0.0,2023-02
2210706,Simões,PI,2023,2,0.0,climatology_apa_intensity12,0.10805480223998873,2023-02
2300101,Abaiara,CE,2023,2,0.0,climatology_apa_intensity12,0.0,2023-02
2300606,Altaneira,CE,2023,2,0.0,climatology_apa_intensity12,0.0,2023-02
2301307,Araripe,CE,2023,2,1.0,climatology_apa_intensity12,0.10805480223998873,2023-02
2301604,Assaré,CE,2023,2,0.0,climatology_apa_intensity12,0.27013700559997184,2023-02
2301901,Barbalha,CE,2023,2,0.0,climatology_apa_intensity12,0.16208220335998308,2023-02
2302503,Brejo Santo,CE,2023,2,1.0,climatology_apa_intensity12,0.054027401119994364,2023-02
2302701,Campos Sales,CE,2023,2,0.0,climatology_apa_intensity12,0.054027401119994364,2023-02
2304202,Crato,CE,2023,2,1.0,climatology_apa_intensity12,0.27013700559997184,2023-02
2304301,Farias Brito,CE,2023,2,0.0,climatology_apa_intensity12,0.0,2023-02
2307106,Jardim,CE,2023,2,0.0,climatology_apa_intensity12,0.10805480223998873,2023-02
2307205,Jati,CE,2023,2,0.0,climatology_apa_intensity12,0.16208220335998308,2023-02
2308401,Missão Velha,CE,2023,2,2.0,climatology_apa_intensity12,0.10805480223998873,2023-02
2309201,Nova Olinda,CE,2023,2,0.0,climatology_apa_intensity12,0.0,2023-02
2310605,Penaforte,CE,2023,2,0.0,climatology_apa_intensity12,0.10805480223998873,2023-02
2311108,Porteiras,CE,2023,2,0.0,climatology_apa_intensity12,0.10805480223998873,2023-02
2311207,Potengi,CE,2023,2,0.0,climatology_apa_intensity12,0.32416440671996616,2023-02
2311959,Salitre,CE,2023,2,0.0,climatology_apa_intensity12,0.054027401119994364,2023-02
2312106,Santana do Cariri,CE,2023,2,0.0,climatology_apa_intensity12,0.27013700559997184,2023-02
2601102,Araripina,PE,2023,2,0.0,climatology_apa_intensity12,0.16208220335998308,2023-02
2602001,Bodocó,PE,2023,2,1.0,climatology_apa_intensity12,0.27013700559997184,2023-02
2604304,Cedro,PE,2023,2,0.0,climatology_apa_intensity12,0.0,2023-02
2605301,Exu,PE,2023,2,2.0,climatology_apa_intensity12,0.21610960447997746,2023-02
2607307,Ipubi,PE,2023,2,0.0,climatology_apa_intensity12,0.10805480223998873,2023-02
2614006,Serrita,PE,2023,2,0.0,climatology_apa_intensity12,0.10805480223998873,2023-02
2614303,Moreilândia,PE,2023,2,0.0,climatology_apa_intensity12,0.16208220335998308,2023-02
2615607,Trindade,PE,2023,2,0.0,climatology_apa_intensity12,0.054027401119994364,2023-02
2200277,Alegrete do Piauí,PI,2023,3,0.0,climatology_municipal,0.0,2023-03
2202091,Caldeirão Grande do Piauí,PI,2023,3,0.0,climatology_municipal,0.0,2023-03
2202554,Caridade do Piauí,PI,2023,3,1.0,climatology_municipal,0.0,2023-03
2203271,Curral Novo do Piauí,PI,2023,3,0.0,climatology_municipal,0.0,2023-03
2204154,Francisco Macedo,PI,2023,3,0.0,climatology_municipal,0.0,2023-03
2204303,Fronteiras,PI,2023,3,0.0,climatology_municipal,0.0,2023-03
2205953,Marcolândia,PI,2023,3,0.0,climatology_municipal,0.0,2023-03
2207207,Padre Marcos,PI,2023,3,0.0,climatology_municipal,0.0,2023-03
2210300,São Julião,PI,2023,3,0.0,climatology_municipal,0.0,2023-03
2210706,Simões,PI,2023,3,0.0,climatology_municipal,0.0,2023-03
2300101,Abaiara,CE,2023,3,1.0,climatology_municipal,0.0,2023-03
2300606,Altaneira,CE,2023,3,0.0,climatology_municipal,0.0,2023-03
2301307,Araripe,CE,2023,3,0.0,climatology_municipal,0.0,2023-03
2301604,Assaré,CE,2023,3,0.0,climatology_municipal,0.0,2023-03
2301901,Barbalha,CE,2023,3,0.0,climatology_municipal,0.0,2023-03
2302503,Brejo Santo,CE,2023,3,0.0,climatology_municipal,0.0,2023-03
2302701,Campos Sales,CE,2023,3,0.0,climatology_municipal,0.0,2023-03
2304202,Crato,CE,2023,3,1.0,climatology_municipal,0.10526315789473684,2023-03
2304301,Farias Brito,CE,2023,3,0.0,climatology_municipal,0.05263157894736842,2023-03
2307106,Jardim,CE,2023,3,0.0,climatology_municipal,0.05263157894736842,2023-03
2307205,Jati,CE,2023,3,0.0,climatology_municipal,0.0,2023-03
2308401,Missão Velha,CE,2023,3,0.0,climatology_municipal,0.3157894736842105,2023-03
2309201,Nova Olinda,CE,2023,3,0.0,climatology_municipal,0.0,2023-03
2310605,Penaforte,CE,2023,3,0.0,climatology_municipal,0.0,2023-03
2311108,Porteiras,CE,2023,3,0.0,climatology_municipal,0.0,2023-03
2311207,Potengi,CE,2023,3,0.0,climatology_municipal,0.0,2023-03
2311959,Salitre,CE,2023,3,0.0,climatology_municipal,0.05263157894736842,2023-03
2312106,Santana do Cariri,CE,2023,3,0.0,climatology_municipal,0.0,2023-03
2601102,Araripina,PE,2023,3,0.0,climatology_municipal,0.05263157894736842,2023-03
2602001,Bodocó,PE,2023,3,0.0,climatology_municipal,0.2631578947368421,2023-03
2604304,Cedro,PE,2023,3,0.0,climatology_municipal,0.0,2023-03
2605301,Exu,PE,2023,3,1.0,climatology_municipal,0.05263157894736842,2023-03
2607307,Ipubi,PE,2023,3,0.0,climatology_municipal,0.05263157894736842,2023-03
2614006,Serrita,PE,2023,3,0.0,climatology_municipal,0.0,2023-03
2614303,Moreilândia,PE,2023,3,0.0,climatology_municipal,0.0,2023-03
2615607,Trindade,PE,2023,3,0.0,climatology_municipal,0.0,2023-03
2200277,Alegrete do Piauí,PI,2023,3,0.0,climatology_apa_intensity12,0.0,2023-03
2202091,Caldeirão Grande do Piauí,PI,2023,3,0.0,climatology_apa_intensity12,0.0,2023-03
2202554,Caridade do Piauí,PI,2023,3,1.0,climatology_apa_intensity12,0.0,2023-03
2203271,Curral Novo do Piauí,PI,2023,3,0.0,climatology_apa_intensity12,0.0,2023-03
2204154,Francisco Macedo,PI,2023,3,0.0,climatology_apa_intensity12,0.0,2023-03
2204303,Fronteiras,PI,2023,3,0.0,climatology_apa_intensity12,0.0,2023-03
2205953,Marcolândia,PI,2023,3,0.0,climatology_apa_intensity12,0.0,2023-03
2207207,Padre Marcos,PI,2023,3,0.0,climatology_apa_intensity12,0.0,2023-03
2210300,São Julião,PI,2023,3,0.0,climatology_apa_intensity12,0.0,2023-03
2210706,Simões,PI,2023,3,0.0,climatology_apa_intensity12,0.0,2023-03
2300101,Abaiara,CE,2023,3,1.0,climatology_apa_intensity12,0.0,2023-03
2300606,Altaneira,CE,2023,3,0.0,climatology_apa_intensity12,0.0,2023-03
2301307,Araripe,CE,2023,3,0.0,climatology_apa_intensity12,0.0,2023-03
2301604,Assaré,CE,2023,3,0.0,climatology_apa_intensity12,0.0,2023-03
2301901,Barbalha,CE,2023,3,0.0,climatology_apa_intensity12,0.0,2023-03
2302503,Brejo Santo,CE,2023,3,0.0,climatology_apa_intensity12,0.0,2023-03
2302701,Campos Sales,CE,2023,3,0.0,climatology_apa_intensity12,0.0,2023-03
2304202,Crato,CE,2023,3,1.0,climatology_apa_intensity12,0.10886633945735831,2023-03
2304301,Farias Brito,CE,2023,3,0.0,climatology_apa_intensity12,0.054433169728679155,2023-03
2307106,Jardim,CE,2023,3,0.0,climatology_apa_intensity12,0.054433169728679155,2023-03
2307205,Jati,CE,2023,3,0.0,climatology_apa_intensity12,0.0,2023-03
2308401,Missão Velha,CE,2023,3,0.0,climatology_apa_intensity12,0.32659901837207495,2023-03
2309201,Nova Olinda,CE,2023,3,0.0,climatology_apa_intensity12,0.0,2023-03
2310605,Penaforte,CE,2023,3,0.0,climatology_apa_intensity12,0.0,2023-03
2311108,Porteiras,CE,2023,3,0.0,climatology_apa_intensity12,0.0,2023-03
2311207,Potengi,CE,2023,3,0.0,climatology_apa_intensity12,0.0,2023-03
2311959,Salitre,CE,2023,3,0.0,climatology_apa_intensity12,0.054433169728679155,2023-03
2312106,Santana do Cariri,CE,2023,3,0.0,climatology_apa_intensity12,0.0,2023-03
2601102,Araripina,PE,2023,3,0.0,climatology_apa_intensity12,0.054433169728679155,2023-03
2602001,Bodocó,PE,2023,3,0.0,climatology_apa_intensity12,0.27216584864339577,2023-03
2604304,Cedro,PE,2023,3,0.0,climatology_apa_intensity12,0.0,2023-03
2605301,Exu,PE,2023,3,1.0,climatology_apa_intensity12,0.054433169728679155,2023-03
2607307,Ipubi,PE,2023,3,0.0,climatology_apa_intensity12,0.054433169728679155,2023-03
2614006,Serrita,PE,2023,3,0.0,climatology_apa_intensity12,0.0,2023-03
2614303,Moreilândia,PE,2023,3,0.0,climatology_apa_intensity12,0.0,2023-03
2615607,Trindade,PE,2023,3,0.0,climatology_apa_intensity12,0.0,2023-03
2200277,Alegrete do Piauí,PI,2023,4,0.0,climatology_municipal,0.0,2023-04
2202091,Caldeirão Grande do Piauí,PI,2023,4,0.0,climatology_municipal,0.0,2023-04
2202554,Caridade do Piauí,PI,2023,4,0.0,climatology_municipal,0.0,2023-04
2203271,Curral Novo do Piauí,PI,2023,4,0.0,climatology_municipal,0.0,2023-04
2204154,Francisco Macedo,PI,2023,4,0.0,climatology_municipal,0.0,2023-04
2204303,Fronteiras,PI,2023,4,0.0,climatology_municipal,0.0,2023-04
2205953,Marcolândia,PI,2023,4,0.0,climatology_municipal,0.0,2023-04
2207207,Padre Marcos,PI,2023,4,0.0,climatology_municipal,0.0,2023-04
2210300,São Julião,PI,2023,4,0.0,climatology_municipal,0.0,2023-04
2210706,Simões,PI,2023,4,0.0,climatology_municipal,0.0,2023-04
2300101,Abaiara,CE,2023,4,0.0,climatology_municipal,0.0,2023-04
2300606,Altaneira,CE,2023,4,0.0,climatology_municipal,0.0,2023-04
2301307,Araripe,CE,2023,4,0.0,climatology_municipal,0.0,2023-04
2301604,Assaré,CE,2023,4,0.0,climatology_municipal,0.0,2023-04
2301901,Barbalha,CE,2023,4,0.0,climatology_municipal,0.0,2023-04
2302503,Brejo Santo,CE,2023,4,0.0,climatology_municipal,0.0,2023-04
2302701,Campos Sales,CE,2023,4,0.0,climatology_municipal,0.0,2023-04
2304202,Crato,CE,2023,4,0.0,climatology_municipal,0.0,2023-04
2304301,Farias Brito,CE,2023,4,0.0,climatology_municipal,0.0,2023-04
2307106,Jardim,CE,2023,4,0.0,climatology_municipal,0.0,2023-04
2307205,Jati,CE,2023,4,0.0,climatology_municipal,0.0,2023-04
2308401,Missão Velha,CE,2023,4,0.0,climatology_municipal,0.21052631578947367,2023-04
2309201,Nova Olinda,CE,2023,4,0.0,climatology_municipal,0.0,2023-04
2310605,Penaforte,CE,2023,4,0.0,climatology_municipal,0.0,2023-04
2311108,Porteiras,CE,2023,4,0.0,climatology_municipal,0.0,2023-04
2311207,Potengi,CE,2023,4,0.0,climatology_municipal,0.0,2023-04
2311959,Salitre,CE,2023,4,0.0,climatology_municipal,0.05263157894736842,2023-04
2312106,Santana do Cariri,CE,2023,4,0.0,climatology_municipal,0.0,2023-04
2601102,Araripina,PE,2023,4,0.0,climatology_municipal,0.05263157894736842,2023-04
2602001,Bodocó,PE,2023,4,0.0,climatology_municipal,0.10526315789473684,2023-04
2604304,Cedro,PE,2023,4,0.0,climatology_municipal,0.0,2023-04
2605301,Exu,PE,2023,4,1.0,climatology_municipal,0.05263157894736842,2023-04
2607307,Ipubi,PE,2023,4,0.0,climatology_municipal,0.05263157894736842,2023-04
2614006,Serrita,PE,2023,4,0.0,climatology_municipal,0.05263157894736842,2023-04
2614303,Moreilândia,PE,2023,4,0.0,climatology_municipal,0.0,2023-04
2615607,Trindade,PE,2023,4,0.0,climatology_municipal,0.0,2023-04
2200277,Alegrete do Piauí,PI,2023,4,0.0,climatology_apa_intensity12,0.0,2023-04
2202091,Caldeirão Grande do Piauí,PI,2023,4,0.0,climatology_apa_intensity12,0.0,2023-04
2202554,Caridade do Piauí,PI,2023,4,0.0,climatology_apa_intensity12,0.0,2023-04
2203271,Curral Novo do Piauí,PI,2023,4,0.0,climatology_apa_intensity12,0.0,2023-04
2204154,Francisco Macedo,PI,2023,4,0.0,climatology_apa_intensity12,0.0,2023-04
2204303,Fronteiras,PI,2023,4,0.0,climatology_apa_intensity12,0.0,2023-04
2205953,Marcolândia,PI,2023,4,0.0,climatology_apa_intensity12,0.0,2023-04
2207207,Padre Marcos,PI,2023,4,0.0,climatology_apa_intensity12,0.0,2023-04
2210300,São Julião,PI,2023,4,0.0,climatology_apa_intensity12,0.0,2023-04
2210706,Simões,PI,2023,4,0.0,climatology_apa_intensity12,0.0,2023-04
2300101,Abaiara,CE,2023,4,0.0,climatology_apa_intensity12,0.0,2023-04
2300606,Altaneira,CE,2023,4,0.0,climatology_apa_intensity12,0.0,2023-04
2301307,Araripe,CE,2023,4,0.0,climatology_apa_intensity12,0.0,2023-04
2301604,Assaré,CE,2023,4,0.0,climatology_apa_intensity12,0.0,2023-04
2301901,Barbalha,CE,2023,4,0.0,climatology_apa_intensity12,0.0,2023-04
2302503,Brejo Santo,CE,2023,4,0.0,climatology_apa_intensity12,0.0,2023-04
2302701,Campos Sales,CE,2023,4,0.0,climatology_apa_intensity12,0.0,2023-04
2304202,Crato,CE,2023,4,0.0,climatology_apa_intensity12,0.0,2023-04
2304301,Farias Brito,CE,2023,4,0.0,climatology_apa_intensity12,0.0,2023-04
2307106,Jardim,CE,2023,4,0.0,climatology_apa_intensity12,0.0,2023-04
2307205,Jati,CE,2023,4,0.0,climatology_apa_intensity12,0.0,2023-04
2308401,Missão Velha,CE,2023,4,0.0,climatology_apa_intensity12,0.21881545366540528,2023-04
2309201,Nova Olinda,CE,2023,4,0.0,climatology_apa_intensity12,0.0,2023-04
2310605,Penaforte,CE,2023,4,0.0,climatology_apa_intensity12,0.0,2023-04
2311108,Porteiras,CE,2023,4,0.0,climatology_apa_intensity12,0.0,2023-04
2311207,Potengi,CE,2023,4,0.0,climatology_apa_intensity12,0.0,2023-04
2311959,Salitre,CE,2023,4,0.0,climatology_apa_intensity12,0.05470386341635132,2023-04
2312106,Santana do Cariri,CE,2023,4,0.0,climatology_apa_intensity12,0.0,2023-04
2601102,Araripina,PE,2023,4,0.0,climatology_apa_intensity12,0.05470386341635132,2023-04
2602001,Bodocó,PE,2023,4,0.0,climatology_apa_intensity12,0.10940772683270264,2023-04
2604304,Cedro,PE,2023,4,0.0,climatology_apa_intensity12,0.0,2023-04
2605301,Exu,PE,2023,4,1.0,climatology_apa_intensity12,0.05470386341635132,2023-04
2607307,Ipubi,PE,2023,4,0.0,climatology_apa_intensity12,0.05470386341635132,2023-04
2614006,Serrita,PE,2023,4,0.0,climatology_apa_intensity12,0.05470386341635132,2023-04
2614303,Moreilândia,PE,2023,4,0.0,climatology_apa_intensity12,0.0,2023-04
2615607,Trindade,PE,2023,4,0.0,climatology_apa_intensity12,0.0,2023-04
2200277,Alegrete do Piauí,PI,2023,5,0.0,climatology_municipal,0.0,2023-05
2202091,Caldeirão Grande do Piauí,PI,2023,5,0.0,climatology_municipal,0.0,2023-05
2202554,Caridade do Piauí,PI,2023,5,0.0,climatology_municipal,0.0,2023-05
2203271,Curral Novo do Piauí,PI,2023,5,0.0,climatology_municipal,0.21052631578947367,2023-05
2204154,Francisco Macedo,PI,2023,5,0.0,climatology_municipal,0.0,2023-05
2204303,Fronteiras,PI,2023,5,0.0,climatology_municipal,0.0,2023-05
2205953,Marcolândia,PI,2023,5,0.0,climatology_municipal,0.0,2023-05
2207207,Padre Marcos,PI,2023,5,0.0,climatology_municipal,0.0,2023-05
2210300,São Julião,PI,2023,5,0.0,climatology_municipal,0.0,2023-05
2210706,Simões,PI,2023,5,0.0,climatology_municipal,0.0,2023-05
2300101,Abaiara,CE,2023,5,0.0,climatology_municipal,0.05263157894736842,2023-05
2300606,Altaneira,CE,2023,5,0.0,climatology_municipal,0.0,2023-05
2301307,Araripe,CE,2023,5,0.0,climatology_municipal,0.2631578947368421,2023-05
2301604,Assaré,CE,2023,5,0.0,climatology_municipal,0.0,2023-05
2301901,Barbalha,CE,2023,5,0.0,climatology_municipal,0.0,2023-05
2302503,Brejo Santo,CE,2023,5,0.0,climatology_municipal,0.10526315789473684,2023-05
2302701,Campos Sales,CE,2023,5,0.0,climatology_municipal,0.0,2023-05
2304202,Crato,CE,2023,5,0.0,climatology_municipal,0.05263157894736842,2023-05
2304301,Farias Brito,CE,2023,5,0.0,climatology_municipal,0.0,2023-05
2307106,Jardim,CE,2023,5,0.0,climatology_municipal,0.15789473684210525,2023-05
2307205,Jati,CE,2023,5,0.0,climatology_municipal,0.0,2023-05
2308401,Missão Velha,CE,2023,5,1.0,climatology_municipal,0.0,2023-05
2309201,Nova Olinda,CE,2023,5,0.0,climatology_municipal,0.15789473684210525,2023-05
2310605,Penaforte,CE,2023,5,0.0,climatology_municipal,0.0,2023-05
2311108,Porteiras,CE,2023,5,0.0,climatology_municipal,0.05263157894736842,2023-05
2311207,Potengi,CE,2023,5,0.0,climatology_municipal,0.05263157894736842,2023-05
2311959,Salitre,CE,2023,5,0.0,climatology_municipal,0.05263157894736842,2023-05
2312106,Santana do Cariri,CE,2023,5,2.0,climatology_municipal,0.0,2023-05
2601102,Araripina,PE,2023,5,1.0,climatology_municipal,0.05263157894736842,2023-05
2602001,Bodocó,PE,2023,5,0.0,climatology_municipal,0.10526315789473684,2023-05
2604304,Cedro,PE,2023,5,0.0,climatology_municipal,0.0,2023-05
2605301,Exu,PE,2023,5,0.0,climatology_municipal,0.15789473684210525,2023-05
2607307,Ipubi,PE,2023,5,0.0,climatology_municipal,0.05263157894736842,2023-05
2614006,Serrita,PE,2023,5,0.0,climatology_municipal,0.0,2023-05
2614303,Moreilândia,PE,2023,5,0.0,climatology_municipal,0.0,2023-05
2615607,Trindade,PE,2023,5,0.0,climatology_municipal,0.0,2023-05
2200277,Alegrete do Piauí,PI,2023,5,0.0,climatology_apa_intensity12,0.0,2023-05
2202091,Caldeirão Grande do Piauí,PI,2023,5,0.0,climatology_apa_intensity12,0.0,2023-05
2202554,Caridade do Piauí,PI,2023,5,0.0,climatology_apa_intensity12,0.0,2023-05
2203271,Curral Novo do Piauí,PI,2023,5,0.0,climatology_apa_intensity12,0.2190908994906418,2023-05
2204154,Francisco Macedo,PI,2023,5,0.0,climatology_apa_intensity12,0.0,2023-05
2204303,Fronteiras,PI,2023,5,0.0,climatology_apa_intensity12,0.0,2023-05
2205953,Marcolândia,PI,2023,5,0.0,climatology_apa_intensity12,0.0,2023-05
2207207,Padre Marcos,PI,2023,5,0.0,climatology_apa_intensity12,0.0,2023-05
2210300,São Julião,PI,2023,5,0.0,climatology_apa_intensity12,0.0,2023-05
2210706,Simões,PI,2023,5,0.0,climatology_apa_intensity12,0.0,2023-05
2300101,Abaiara,CE,2023,5,0.0,climatology_apa_intensity12,0.05477272487266045,2023-05
2300606,Altaneira,CE,2023,5,0.0,climatology_apa_intensity12,0.0,2023-05
2301307,Araripe,CE,2023,5,0.0,climatology_apa_intensity12,0.27386362436330225,2023-05
2301604,Assaré,CE,2023,5,0.0,climatology_apa_intensity12,0.0,2023-05
2301901,Barbalha,CE,2023,5,0.0,climatology_apa_intensity12,0.0,2023-05
2302503,Brejo Santo,CE,2023,5,0.0,climatology_apa_intensity12,0.1095454497453209,2023-05
2302701,Campos Sales,CE,2023,5,0.0,climatology_apa_intensity12,0.0,2023-05
2304202,Crato,CE,2023,5,0.0,climatology_apa_intensity12,0.05477272487266045,2023-05
2304301,Farias Brito,CE,2023,5,0.0,climatology_apa_intensity12,0.0,2023-05
2307106,Jardim,CE,2023,5,0.0,climatology_apa_intensity12,0.16431817461798134,2023-05
2307205,Jati,CE,2023,5,0.0,climatology_apa_intensity12,0.0,2023-05
2308401,Missão Velha,CE,2023,5,1.0,climatology_apa_intensity12,0.0,2023-05
2309201,Nova Olinda,CE,2023,5,0.0,climatology_apa_intensity12,0.16431817461798134,2023-05
2310605,Penaforte,CE,2023,5,0.0,climatology_apa_intensity12,0.0,2023-05
2311108,Porteiras,CE,2023,5,0.0,climatology_apa_intensity12,0.05477272487266045,2023-05
2311207,Potengi,CE,2023,5,0.0,climatology_apa_intensity12,0.05477272487266045,2023-05
2311959,Salitre,CE,2023,5,0.0,climatology_apa_intensity12,0.05477272487266045,2023-05
2312106,Santana do Cariri,CE,2023,5,2.0,climatology_apa_intensity12,0.0,2023-05
2601102,Araripina,PE,2023,5,1.0,climatology_apa_intensity12,0.05477272487266045,2023-05
2602001,Bodocó,PE,2023,5,0.0,climatology_apa_intensity12,0.1095454497453209,2023-05
2604304,Cedro,PE,2023,5,0.0,climatology_apa_intensity12,0.0,2023-05
2605301,Exu,PE,2023,5,0.0,climatology_apa_intensity12,0.16431817461798134,2023-05
2607307,Ipubi,PE,2023,5,0.0,climatology_apa_intensity12,0.05477272487266045,2023-05
2614006,Serrita,PE,2023,5,0.0,climatology_apa_intensity12,0.0,2023-05
2614303,Moreilândia,PE,2023,5,0.0,climatology_apa_intensity12,0.0,2023-05
2615607,Trindade,PE,2023,5,0.0,climatology_apa_intensity12,0.0,2023-05
2200277,Alegrete do Piauí,PI,2023,6,0.0,climatology_municipal,0.0,2023-06
2202091,Caldeirão Grande do Piauí,PI,2023,6,1.0,climatology_municipal,0.10526315789473684,2023-06
2202554,Caridade do Piauí,PI,2023,6,0.0,climatology_municipal,0.0,2023-06
2203271,Curral Novo do Piauí,PI,2023,6,0.0,climatology_municipal,0.0,2023-06
2204154,Francisco Macedo,PI,2023,6,0.0,climatology_municipal,0.0,2023-06
2204303,Fronteiras,PI,2023,6,0.0,climatology_municipal,0.0,2023-06
2205953,Marcolândia,PI,2023,6,0.0,climatology_municipal,0.0,2023-06
2207207,Padre Marcos,PI,2023,6,0.0,climatology_municipal,0.0,2023-06
2210300,São Julião,PI,2023,6,0.0,climatology_municipal,0.0,2023-06
2210706,Simões,PI,2023,6,0.0,climatology_municipal,0.05263157894736842,2023-06
2300101,Abaiara,CE,2023,6,0.0,climatology_municipal,0.15789473684210525,2023-06
2300606,Altaneira,CE,2023,6,0.0,climatology_municipal,0.0,2023-06
2301307,Araripe,CE,2023,6,0.0,climatology_municipal,0.15789473684210525,2023-06
2301604,Assaré,CE,2023,6,0.0,climatology_municipal,0.0,2023-06
2301901,Barbalha,CE,2023,6,0.0,climatology_municipal,0.15789473684210525,2023-06
2302503,Brejo Santo,CE,2023,6,1.0,climatology_municipal,0.2631578947368421,2023-06
2302701,Campos Sales,CE,2023,6,0.0,climatology_municipal,0.0,2023-06
2304202,Crato,CE,2023,6,0.0,climatology_municipal,0.05263157894736842,2023-06
2304301,Farias Brito,CE,2023,6,0.0,climatology_municipal,0.0,2023-06
2307106,Jardim,CE,2023,6,0.0,climatology_municipal,0.05263157894736842,2023-06
2307205,Jati,CE,2023,6,0.0,climatology_municipal,0.0,2023-06
2308401,Missão Velha,CE,2023,6,0.0,climatology_municipal,0.10526315789473684,2023-06
2309201,Nova Olinda,CE,2023,6,0.0,climatology_municipal,0.0,2023-06
2310605,Penaforte,CE,2023,6,0.0,climatology_municipal,0.0,2023-06
2311108,Porteiras,CE,2023,6,0.0,climatology_municipal,0.05263157894736842,2023-06
2311207,Potengi,CE,2023,6,0.0,climatology_municipal,0.0,2023-06
2311959,Salitre,CE,2023,6,0.0,climatology_municipal,0.10526315789473684,2023-06
2312106,Santana do Cariri,CE,2023,6,2.0,climatology_municipal,0.0,2023-06
2601102,Araripina,PE,2023,6,2.0,climatology_municipal,0.42105263157894735,2023-06
2602001,Bodocó,PE,2023,6,0.0,climatology_municipal,0.05263157894736842,2023-06
2604304,Cedro,PE,2023,6,0.0,climatology_municipal,0.21052631578947367,2023-06
2605301,Exu,PE,2023,6,0.0,climatology_municipal,0.10526315789473684,2023-06
2607307,Ipubi,PE,2023,6,0.0,climatology_municipal,0.21052631578947367,2023-06
2614006,Serrita,PE,2023,6,0.0,climatology_municipal,0.0,2023-06
2614303,Moreilândia,PE,2023,6,0.0,climatology_municipal,0.10526315789473684,2023-06
2615607,Trindade,PE,2023,6,0.0,climatology_municipal,0.0,2023-06
2200277,Alegrete do Piauí,PI,2023,6,0.0,climatology_apa_intensity12,0.0,2023-06
2202091,Caldeirão Grande do Piauí,PI,2023,6,1.0,climatology_apa_intensity12,0.10910498715376764,2023-06
2202554,Caridade do Piauí,PI,2023,6,0.0,climatology_apa_intensity12,0.0,2023-06
2203271,Curral Novo do Piauí,PI,2023,6,0.0,climatology_apa_intensity12,0.0,2023-06
2204154,Francisco Macedo,PI,2023,6,0.0,climatology_apa_intensity12,0.0,2023-06
2204303,Fronteiras,PI,2023,6,0.0,climatology_apa_intensity12,0.0,2023-06
2205953,Marcolândia,PI,2023,6,0.0,climatology_apa_intensity12,0.0,2023-06
2207207,Padre Marcos,PI,2023,6,0.0,climatology_apa_intensity12,0.0,2023-06
2210300,São Julião,PI,2023,6,0.0,climatology_apa_intensity12,0.0,2023-06
2210706,Simões,PI,2023,6,0.0,climatology_apa_intensity12,0.05455249357688382,2023-06
2300101,Abaiara,CE,2023,6,0.0,climatology_apa_intensity12,0.16365748073065148,2023-06
2300606,Altaneira,CE,2023,6,0.0,climatology_apa_intensity12,0.0,2023-06
2301307,Araripe,CE,2023,6,0.0,climatology_apa_intensity12,0.16365748073065148,2023-06
2301604,Assaré,CE,2023,6,0.0,climatology_apa_intensity12,0.0,2023-06
2301901,Barbalha,CE,2023,6,0.0,climatology_apa_intensity12,0.16365748073065148,2023-06
2302503,Brejo Santo,CE,2023,6,1.0,climatology_apa_intensity12,0.2727624678844191,2023-06
2302701,Campos Sales,CE,2023,6,0.0,climatology_apa_intensity12,0.0,2023-06
2304202,Crato,CE,2023,6,0.0,climatology_apa_intensity12,0.05455249357688382,2023-06
2304301,Farias Brito,CE,2023,6,0.0,climatology_apa_intensity12,0.0,2023-06
2307106,Jardim,CE,2023,6,0.0,climatology_apa_intensity12,0.05455249357688382,2023-06
2307205,Jati,CE,2023,6,0.0,climatology_apa_intensity12,0.0,2023-06
2308401,Missão Velha,CE,2023,6,0.0,climatology_apa_intensity12,0.10910498715376764,2023-06
2309201,Nova Olinda,CE,2023,6,0.0,climatology_apa_intensity12,0.0,2023-06
2310605,Penaforte,CE,2023,6,0.0,climatology_apa_intensity12,0.0,2023-06
2311108,Porteiras,CE,2023,6,0.0,climatology_apa_intensity12,0.05455249357688382,2023-06
2311207,Potengi,CE,2023,6,0.0,climatology_apa_intensity12,0.0,2023-06
2311959,Salitre,CE,2023,6,0.0,climatology_apa_intensity12,0.10910498715376764,2023-06
2312106,Santana do Cariri,CE,2023,6,2.0,climatology_apa_intensity12,0.0,2023-06
2601102,Araripina,PE,2023,6,2.0,climatology_apa_intensity12,0.43641994861507055,2023-06
2602001,Bodocó,PE,2023,6,0.0,climatology_apa_intensity12,0.05455249357688382,2023-06
2604304,Cedro,PE,2023,6,0.0,climatology_apa_intensity12,0.21820997430753528,2023-06
2605301,Exu,PE,2023,6,0.0,climatology_apa_intensity12,0.10910498715376764,2023-06
2607307,Ipubi,PE,2023,6,0.0,climatology_apa_intensity12,0.21820997430753528,2023-06
2614006,Serrita,PE,2023,6,0.0,climatology_apa_intensity12,0.0,2023-06
2614303,Moreilândia,PE,2023,6,0.0,climatology_apa_intensity12,0.10910498715376764,2023-06
2615607,Trindade,PE,2023,6,0.0,climatology_apa_intensity12,0.0,2023-06
2200277,Alegrete do Piauí,PI,2023,7,0.0,climatology_municipal,0.0,2023-07
2202091,Caldeirão Grande do Piauí,PI,2023,7,1.0,climatology_municipal,0.0,2023-07
2202554,Caridade do Piauí,PI,2023,7,0.0,climatology_municipal,0.0,2023-07
2203271,Curral Novo do Piauí,PI,2023,7,1.0,climatology_municipal,0.05263157894736842,2023-07
2204154,Francisco Macedo,PI,2023,7,0.0,climatology_municipal,0.05263157894736842,2023-07
2204303,Fronteiras,PI,2023,7,3.0,climatology_municipal,0.10526315789473684,2023-07
2205953,Marcolândia,PI,2023,7,0.0,climatology_municipal,0.0,2023-07
2207207,Padre Marcos,PI,2023,7,0.0,climatology_municipal,0.0,2023-07
2210300,São Julião,PI,2023,7,0.0,climatology_municipal,0.0,2023-07
2210706,Simões,PI,2023,7,1.0,climatology_municipal,0.05263157894736842,2023-07
2300101,Abaiara,CE,2023,7,0.0,climatology_municipal,0.15789473684210525,2023-07
2300606,Altaneira,CE,2023,7,0.0,climatology_municipal,0.0,2023-07
2301307,Araripe,CE,2023,7,1.0,climatology_municipal,0.3157894736842105,2023-07
2301604,Assaré,CE,2023,7,0.0,climatology_municipal,0.05263157894736842,2023-07
2301901,Barbalha,CE,2023,7,1.0,climatology_municipal,0.3157894736842105,2023-07
2302503,Brejo Santo,CE,2023,7,0.0,climatology_municipal,0.21052631578947367,2023-07
2302701,Campos Sales,CE,2023,7,4.0,climatology_municipal,0.05263157894736842,2023-07
2304202,Crato,CE,2023,7,0.0,climatology_municipal,0.0,2023-07
2304301,Farias Brito,CE,2023,7,0.0,climatology_municipal,0.21052631578947367,2023-07
2307106,Jardim,CE,2023,7,0.0,climatology_municipal,0.05263157894736842,2023-07
2307205,Jati,CE,2023,7,0.0,climatology_municipal,0.0,2023-07
2308401,Missão Velha,CE,2023,7,1.0,climatology_municipal,0.10526315789473684,2023-07
2309201,Nova Olinda,CE,2023,7,0.0,climatology_municipal,0.42105263157894735,2023-07
2310605,Penaforte,CE,2023,7,1.0,climatology_municipal,0.0,2023-07
2311108,Porteiras,CE,2023,7,0.0,climatology_municipal,0.15789473684210525,2023-07
2311207,Potengi,CE,2023,7,1.0,climatology_municipal,0.10526315789473684,2023-07
2311959,Salitre,CE,2023,7,4.0,climatology_municipal,0.21052631578947367,2023-07
2312106,Santana do Cariri,CE,2023,7,0.0,climatology_municipal,0.47368421052631576,2023-07
2601102,Araripina,PE,2023,7,5.0,climatology_municipal,1.105263157894737,2023-07
2602001,Bodocó,PE,2023,7,3.0,climatology_municipal,0.2631578947368421,2023-07
2604304,Cedro,PE,2023,7,0.0,climatology_municipal,0.0,2023-07
2605301,Exu,PE,2023,7,0.0,climatology_municipal,0.05263157894736842,2023-07
2607307,Ipubi,PE,2023,7,4.0,climatology_municipal,0.10526315789473684,2023-07
2614006,Serrita,PE,2023,7,0.0,climatology_municipal,0.0,2023-07
2614303,Moreilândia,PE,2023,7,0.0,climatology_municipal,0.10526315789473684,2023-07
2615607,Trindade,PE,2023,7,0.0,climatology_municipal,0.0,2023-07
2200277,Alegrete do Piauí,PI,2023,7,0.0,climatology_apa_intensity12,0.0,2023-07
2202091,Caldeirão Grande do Piauí,PI,2023,7,1.0,climatology_apa_intensity12,0.0,2023-07
2202554,Caridade do Piauí,PI,2023,7,0.0,climatology_apa_intensity12,0.0,2023-07
2203271,Curral Novo do Piauí,PI,2023,7,1.0,climatology_apa_intensity12,0.05482074180415835,2023-07
2204154,Francisco Macedo,PI,2023,7,0.0,climatology_apa_intensity12,0.05482074180415835,2023-07
2204303,Fronteiras,PI,2023,7,3.0,climatology_apa_intensity12,0.1096414836083167,2023-07
2205953,Marcolândia,PI,2023,7,0.0,climatology_apa_intensity12,0.0,2023-07
2207207,Padre Marcos,PI,2023,7,0.0,climatology_apa_intensity12,0.0,2023-07
2210300,São Julião,PI,2023,7,0.0,climatology_apa_intensity12,0.0,2023-07
2210706,Simões,PI,2023,7,1.0,climatology_apa_intensity12,0.05482074180415835,2023-07
2300101,Abaiara,CE,2023,7,0.0,climatology_apa_intensity12,0.16446222541247504,2023-07
2300606,Altaneira,CE,2023,7,0.0,climatology_apa_intensity12,0.0,2023-07
2301307,Araripe,CE,2023,7,1.0,climatology_apa_intensity12,0.3289244508249501,2023-07
2301604,Assaré,CE,2023,7,0.0,climatology_apa_intensity12,0.05482074180415835,2023-07
2301901,Barbalha,CE,2023,7,1.0,climatology_apa_intensity12,0.3289244508249501,2023-07
2302503,Brejo Santo,CE,2023,7,0.0,climatology_apa_intensity12,0.2192829672166334,2023-07
2302701,Campos Sales,CE,2023,7,4.0,climatology_apa_intensity12,0.05482074180415835,2023-07
2304202,Crato,CE,2023,7,0.0,climatology_apa_intensity12,0.0,2023-07
2304301,Farias Brito,CE,2023,7,0.0,climatology_apa_intensity12,0.2192829672166334,2023-07
2307106,Jardim,CE,2023,7,0.0,climatology_apa_intensity12,0.05482074180415835,2023-07
2307205,Jati,CE,2023,7,0.0,climatology_apa_intensity12,0.0,2023-07
2308401,Missão Velha,CE,2023,7,1.0,climatology_apa_intensity12,0.1096414836083167,2023-07
2309201,Nova Olinda,CE,2023,7,0.0,climatology_apa_intensity12,0.4385659344332668,2023-07
2310605,Penaforte,CE,2023,7,1.0,climatology_apa_intensity12,0.0,2023-07
2311108,Porteiras,CE,2023,7,0.0,climatology_apa_intensity12,0.16446222541247504,2023-07
2311207,Potengi,CE,2023,7,1.0,climatology_apa_intensity12,0.1096414836083167,2023-07
2311959,Salitre,CE,2023,7,4.0,climatology_apa_intensity12,0.2192829672166334,2023-07
2312106,Santana do Cariri,CE,2023,7,0.0,climatology_apa_intensity12,0.49338667623742516,2023-07
2601102,Araripina,PE,2023,7,5.0,climatology_apa_intensity12,1.1512355778873256,2023-07
2602001,Bodocó,PE,2023,7,3.0,climatology_apa_intensity12,0.27410370902079173,2023-07
2604304,Cedro,PE,2023,7,0.0,climatology_apa_intensity12,0.0,2023-07
2605301,Exu,PE,2023,7,0.0,climatology_apa_intensity12,0.05482074180415835,2023-07
2607307,Ipubi,PE,2023,7,4.0,climatology_apa_intensity12,0.1096414836083167,2023-07
2614006,Serrita,PE,2023,7,0.0,climatology_apa_intensity12,0.0,2023-07
2614303,Moreilândia,PE,2023,7,0.0,climatology_apa_intensity12,0.1096414836083167,2023-07
2615607,Trindade,PE,2023,7,0.0,climatology_apa_intensity12,0.0,2023-07
2200277,Alegrete do Piauí,PI,2023,8,0.0,climatology_municipal,0.05263157894736842,2023-08
2202091,Caldeirão Grande do Piauí,PI,2023,8,3.0,climatology_municipal,0.10526315789473684,2023-08
2202554,Caridade do Piauí,PI,2023,8,0.0,climatology_municipal,0.05263157894736842,2023-08
2203271,Curral Novo do Piauí,PI,2023,8,1.0,climatology_municipal,0.05263157894736842,2023-08
2204154,Francisco Macedo,PI,2023,8,0.0,climatology_municipal,0.0,2023-08
2204303,Fronteiras,PI,2023,8,1.0,climatology_municipal,0.21052631578947367,2023-08
2205953,Marcolândia,PI,2023,8,0.0,climatology_municipal,0.10526315789473684,2023-08
2207207,Padre Marcos,PI,2023,8,0.0,climatology_municipal,0.15789473684210525,2023-08
2210300,São Julião,PI,2023,8,0.0,climatology_municipal,0.0,2023-08
2210706,Simões,PI,2023,8,1.0,climatology_municipal,0.2631578947368421,2023-08
2300101,Abaiara,CE,2023,8,0.0,climatology_municipal,0.3684210526315789,2023-08
2300606,Altaneira,CE,2023,8,0.0,climatology_municipal,0.0,2023-08
2301307,Araripe,CE,2023,8,0.0,climatology_municipal,0.8947368421052632,2023-08
2301604,Assaré,CE,2023,8,0.0,climatology_municipal,0.9473684210526315,2023-08
2301901,Barbalha,CE,2023,8,6.0,climatology_municipal,1.1578947368421053,2023-08
2302503,Brejo Santo,CE,2023,8,1.0,climatology_municipal,0.15789473684210525,2023-08
2302701,Campos Sales,CE,2023,8,0.0,climatology_municipal,0.3157894736842105,2023-08
2304202,Crato,CE,2023,8,0.0,climatology_municipal,1.631578947368421,2023-08
2304301,Farias Brito,CE,2023,8,0.0,climatology_municipal,0.15789473684210525,2023-08
2307106,Jardim,CE,2023,8,0.0,climatology_municipal,0.15789473684210525,2023-08
2307205,Jati,CE,2023,8,0.0,climatology_municipal,0.0,2023-08
2308401,Missão Velha,CE,2023,8,3.0,climatology_municipal,0.7368421052631579,2023-08
2309201,Nova Olinda,CE,2023,8,0.0,climatology_municipal,0.21052631578947367,2023-08
2310605,Penaforte,CE,2023,8,0.0,climatology_municipal,0.0,2023-08
2311108,Porteiras,CE,2023,8,0.0,climatology_municipal,0.15789473684210525,2023-08
2311207,Potengi,CE,2023,8,0.0,climatology_municipal,0.0,2023-08
2311959,Salitre,CE,2023,8,6.0,climatology_municipal,0.2631578947368421,2023-08
2312106,Santana do Cariri,CE,2023,8,1.0,climatology_municipal,0.7368421052631579,2023-08
2601102,Araripina,PE,2023,8,7.0,climatology_municipal,1.6842105263157894,2023-08
2602001,Bodocó,PE,2023,8,8.0,climatology_municipal,0.5789473684210527,2023-08
2604304,Cedro,PE,2023,8,0.0,climatology_municipal,0.0,2023-08
2605301,Exu,PE,2023,8,2.0,climatology_municipal,0.5263157894736842,2023-08
2607307,Ipubi,PE,2023,8,2.0,climatology_municipal,1.0,2023-08
2614006,Serrita,PE,2023,8,0.0,climatology_municipal,0.21052631578947367,2023-08
2614303,Moreilândia,PE,2023,8,0.0,climatology_municipal,0.0,2023-08
2615607,Trindade,PE,2023,8,0.0,climatology_municipal,0.631578947368421,2023-08
2200277,Alegrete do Piauí,PI,2023,8,0.0,climatology_apa_intensity12,0.05612965317634826,2023-08
2202091,Caldeirão Grande do Piauí,PI,2023,8,3.0,climatology_apa_intensity12,0.11225930635269651,2023-08
2202554,Caridade do Piauí,PI,2023,8,0.0,climatology_apa_intensity12,0.05612965317634826,2023-08
2203271,Curral Novo do Piauí,PI,2023,8,1.0,climatology_apa_intensity12,0.05612965317634826,2023-08
2204154,Francisco Macedo,PI,2023,8,0.0,climatology_apa_intensity12,0.0,2023-08
2204303,Fronteiras,PI,2023,8,1.0,climatology_apa_intensity12,0.22451861270539303,2023-08
2205953,Marcolândia,PI,2023,8,0.0,climatology_apa_intensity12,0.11225930635269651,2023-08
2207207,Padre Marcos,PI,2023,8,0.0,climatology_apa_intensity12,0.16838895952904478,2023-08
2210300,São Julião,PI,2023,8,0.0,climatology_apa_intensity12,0.0,2023-08
2210706,Simões,PI,2023,8,1.0,climatology_apa_intensity12,0.2806482658817413,2023-08
2300101,Abaiara,CE,2023,8,0.0,climatology_apa_intensity12,0.39290757223443784,2023-08
2300606,Altaneira,CE,2023,8,0.0,climatology_apa_intensity12,0.0,2023-08
2301307,Araripe,CE,2023,8,0.0,climatology_apa_intensity12,0.9542041039979204,2023-08
2301604,Assaré,CE,2023,8,0.0,climatology_apa_intensity12,1.0103337571742688,2023-08
2301901,Barbalha,CE,2023,8,6.0,climatology_apa_intensity12,1.2348523698796618,2023-08
2302503,Brejo Santo,CE,2023,8,1.0,climatology_apa_intensity12,0.16838895952904478,2023-08
2302701,Campos Sales,CE,2023,8,0.0,climatology_apa_intensity12,0.33677791905808957,2023-08
2304202,Crato,CE,2023,8,0.0,climatology_apa_intensity12,1.740019248466796,2023-08
2304301,Farias Brito,CE,2023,8,0.0,climatology_apa_intensity12,0.16838895952904478,2023-08
2307106,Jardim,CE,2023,8,0.0,climatology_apa_intensity12,0.16838895952904478,2023-08
2307205,Jati,CE,2023,8,0.0,climatology_apa_intensity12,0.0,2023-08
2308401,Missão Velha,CE,2023,8,3.0,climatology_apa_intensity12,0.7858151444688757,2023-08
2309201,Nova Olinda,CE,2023,8,0.0,climatology_apa_intensity12,0.22451861270539303,2023-08
2310605,Penaforte,CE,2023,8,0.0,climatology_apa_intensity12,0.0,2023-08
2311108,Porteiras,CE,2023,8,0.0,climatology_apa_intensity12,0.16838895952904478,2023-08
2311207,Potengi,CE,2023,8,0.0,climatology_apa_intensity12,0.0,2023-08
2311959,Salitre,CE,2023,8,6.0,climatology_apa_intensity12,0.2806482658817413,2023-08
2312106,Santana do Cariri,CE,2023,8,1.0,climatology_apa_intensity12,0.7858151444688757,2023-08
2601102,Araripina,PE,2023,8,7.0,climatology_apa_intensity12,1.7961489016431442,2023-08
2602001,Bodocó,PE,2023,8,8.0,climatology_apa_intensity12,0.6174261849398309,2023-08
2604304,Cedro,PE,2023,8,0.0,climatology_apa_intensity12,0.0,2023-08
2605301,Exu,PE,2023,8,2.0,climatology_apa_intensity12,0.5612965317634826,2023-08
2607307,Ipubi,PE,2023,8,2.0,climatology_apa_intensity12,1.066463410350617,2023-08
2614006,Serrita,PE,2023,8,0.0,climatology_apa_intensity12,0.22451861270539303,2023-08
2614303,Moreilândia,PE,2023,8,0.0,climatology_apa_intensity12,0.0,2023-08
2615607,Trindade,PE,2023,8,0.0,climatology_apa_intensity12,0.6735558381161791,2023-08
2200277,Alegrete do Piauí,PI,2023,9,3.0,climatology_municipal,0.5789473684210527,2023-09
2202091,Caldeirão Grande do Piauí,PI,2023,9,1.0,climatology_municipal,1.894736842105263,2023-09
2202554,Caridade do Piauí,PI,2023,9,8.0,climatology_municipal,1.631578947368421,2023-09
2203271,Curral Novo do Piauí,PI,2023,9,1.0,climatology_municipal,2.263157894736842,2023-09
2204154,Francisco Macedo,PI,2023,9,5.0,climatology_municipal,0.15789473684210525,2023-09
2204303,Fronteiras,PI,2023,9,19.0,climatology_municipal,2.526315789473684,2023-09
2205953,Marcolândia,PI,2023,9,0.0,climatology_municipal,0.631578947368421,2023-09
2207207,Padre Marcos,PI,2023,9,0.0,climatology_municipal,0.10526315789473684,2023-09
2210300,São Julião,PI,2023,9,5.0,climatology_municipal,1.368421052631579,2023-09
2210706,Simões,PI,2023,9,6.0,climatology_municipal,1.631578947368421,2023-09
2300101,Abaiara,CE,2023,9,3.0,climatology_municipal,0.3684210526315789,2023-09
2300606,Altaneira,CE,2023,9,0.0,climatology_municipal,0.3157894736842105,2023-09
2301307,Araripe,CE,2023,9,10.0,climatology_municipal,7.052631578947368,2023-09
2301604,Assaré,CE,2023,9,17.0,climatology_municipal,1.2105263157894737,2023-09
2301901,Barbalha,CE,2023,9,5.0,climatology_municipal,3.0,2023-09
2302503,Brejo Santo,CE,2023,9,12.0,climatology_municipal,1.4736842105263157,2023-09
2302701,Campos Sales,CE,2023,9,6.0,climatology_municipal,1.4736842105263157,2023-09
2304202,Crato,CE,2023,9,7.0,climatology_municipal,3.8947368421052633,2023-09
2304301,Farias Brito,CE,2023,9,3.0,climatology_municipal,3.1052631578947367,2023-09
2307106,Jardim,CE,2023,9,3.0,climatology_municipal,1.631578947368421,2023-09
2307205,Jati,CE,2023,9,1.0,climatology_municipal,0.47368421052631576,2023-09
2308401,Missão Velha,CE,2023,9,3.0,climatology_municipal,3.1052631578947367,2023-09
2309201,Nova Olinda,CE,2023,9,0.0,climatology_municipal,0.7894736842105263,2023-09
2310605,Penaforte,CE,2023,9,0.0,climatology_municipal,0.0,2023-09
2311108,Porteiras,CE,2023,9,0.0,climatology_municipal,0.8947368421052632,2023-09
2311207,Potengi,CE,2023,9,7.0,climatology_municipal,1.368421052631579,2023-09
2311959,Salitre,CE,2023,9,12.0,climatology_municipal,1.5789473684210527,2023-09
2312106,Santana do Cariri,CE,2023,9,13.0,climatology_municipal,2.1052631578947367,2023-09
2601102,Araripina,PE,2023,9,27.0,climatology_municipal,9.631578947368421,2023-09
2602001,Bodocó,PE,2023,9,36.0,climatology_municipal,11.473684210526315,2023-09
2604304,Cedro,PE,2023,9,0.0,climatology_municipal,0.15789473684210525,2023-09
2605301,Exu,PE,2023,9,15.0,climatology_municipal,3.0,2023-09
2607307,Ipubi,PE,2023,9,15.0,climatology_municipal,3.8421052631578947,2023-09
2614006,Serrita,PE,2023,9,7.0,climatology_municipal,4.0,2023-09
2614303,Moreilândia,PE,2023,9,3.0,climatology_municipal,1.1578947368421053,2023-09
2615607,Trindade,PE,2023,9,6.0,climatology_municipal,1.0526315789473684,2023-09
2200277,Alegrete do Piauí,PI,2023,9,3.0,climatology_apa_intensity12,0.6316808010124844,2023-09
2202091,Caldeirão Grande do Piauí,PI,2023,9,1.0,climatology_apa_intensity12,2.0673189851317666,2023-09
2202554,Caridade do Piauí,PI,2023,9,8.0,climatology_apa_intensity12,1.7801913483079104,2023-09
2203271,Curral Novo do Piauí,PI,2023,9,1.0,climatology_apa_intensity12,2.4692976766851658,2023-09
2204154,Francisco Macedo,PI,2023,9,5.0,climatology_apa_intensity12,0.1722765820943139,2023-09
2204303,Fronteiras,PI,2023,9,19.0,climatology_apa_intensity12,2.7564253135090224,2023-09
2205953,Marcolândia,PI,2023,9,0.0,climatology_apa_intensity12,0.6891063283772556,2023-09
2207207,Padre Marcos,PI,2023,9,0.0,climatology_apa_intensity12,0.1148510547295426,2023-09
2210300,São Julião,PI,2023,9,5.0,climatology_apa_intensity12,1.493063711484054,2023-09
2210706,Simões,PI,2023,9,6.0,climatology_apa_intensity12,1.7801913483079104,2023-09
2300101,Abaiara,CE,2023,9,3.0,climatology_apa_intensity12,0.4019786915533991,2023-09
2300606,Altaneira,CE,2023,9,0.0,climatology_apa_intensity12,0.3445531641886278,2023-09
2301307,Araripe,CE,2023,9,10.0,climatology_apa_intensity12,7.695020666879354,2023-09
2301604,Assaré,CE,2023,9,17.0,climatology_apa_intensity12,1.32078712938974,2023-09
2301901,Barbalha,CE,2023,9,5.0,climatology_apa_intensity12,3.273255059791964,2023-09
2302503,Brejo Santo,CE,2023,9,12.0,climatology_apa_intensity12,1.6079147662135964,2023-09
2302701,Campos Sales,CE,2023,9,6.0,climatology_apa_intensity12,1.6079147662135964,2023-09
2304202,Crato,CE,2023,9,7.0,climatology_apa_intensity12,4.249489024993077,2023-09
2304301,Farias Brito,CE,2023,9,3.0,climatology_apa_intensity12,3.3881061145215066,2023-09
2307106,Jardim,CE,2023,9,3.0,climatology_apa_intensity12,1.7801913483079104,2023-09
2307205,Jati,CE,2023,9,1.0,climatology_apa_intensity12,0.5168297462829416,2023-09
2308401,Missão Velha,CE,2023,9,3.0,climatology_apa_intensity12,3.3881061145215066,2023-09
2309201,Nova Olinda,CE,2023,9,0.0,climatology_apa_intensity12,0.8613829104715696,2023-09
2310605,Penaforte,CE,2023,9,0.0,climatology_apa_intensity12,0.0,2023-09
2311108,Porteiras,CE,2023,9,0.0,climatology_apa_intensity12,0.9762339652011122,2023-09
2311207,Potengi,CE,2023,9,7.0,climatology_apa_intensity12,1.493063711484054,2023-09
2311959,Salitre,CE,2023,9,12.0,climatology_apa_intensity12,1.7227658209431391,2023-09
2312106,Santana do Cariri,CE,2023,9,13.0,climatology_apa_intensity12,2.297021094590852,2023-09
2601102,Araripina,PE,2023,9,27.0,climatology_apa_intensity12,10.508871507753149,2023-09
2602001,Bodocó,PE,2023,9,36.0,climatology_apa_intensity12,12.518764965520143,2023-09
2604304,Cedro,PE,2023,9,0.0,climatology_apa_intensity12,0.1722765820943139,2023-09
2605301,Exu,PE,2023,9,15.0,climatology_apa_intensity12,3.273255059791964,2023-09
2607307,Ipubi,PE,2023,9,15.0,climatology_apa_intensity12,4.192063497628305,2023-09
2614006,Serrita,PE,2023,9,7.0,climatology_apa_intensity12,4.364340079722619,2023-09
2614303,Moreilândia,PE,2023,9,3.0,climatology_apa_intensity12,1.2633616020249687,2023-09
2615607,Trindade,PE,2023,9,6.0,climatology_apa_intensity12,1.148510547295426,2023-09
2200277,Alegrete do Piauí,PI,2023,10,0.0,climatology_municipal,1.2105263157894737,2023-10
2202091,Caldeirão Grande do Piauí,PI,2023,10,7.0,climatology_municipal,6.578947368421052,2023-10
2202554,Caridade do Piauí,PI,2023,10,15.0,climatology_municipal,8.947368421052632,2023-10
2203271,Curral Novo do Piauí,PI,2023,10,1.0,climatology_municipal,5.842105263157895,2023-10
2204154,Francisco Macedo,PI,2023,10,2.0,climatology_municipal,2.0,2023-10
2204303,Fronteiras,PI,2023,10,5.0,climatology_municipal,6.631578947368421,2023-10
2205953,Marcolândia,PI,2023,10,0.0,climatology_municipal,0.7894736842105263,2023-10
2207207,Padre Marcos,PI,2023,10,3.0,climatology_municipal,2.263157894736842,2023-10
2210300,São Julião,PI,2023,10,2.0,climatology_municipal,1.3157894736842106,2023-10
2210706,Simões,PI,2023,10,17.0,climatology_municipal,7.368421052631579,2023-10
2300101,Abaiara,CE,2023,10,10.0,climatology_municipal,1.4736842105263157,2023-10
2300606,Altaneira,CE,2023,10,0.0,climatology_municipal,0.42105263157894735,2023-10
2301307,Araripe,CE,2023,10,33.0,climatology_municipal,10.842105263157896,2023-10
2301604,Assaré,CE,2023,10,15.0,climatology_municipal,3.526315789473684,2023-10
2301901,Barbalha,CE,2023,10,19.0,climatology_municipal,3.3684210526315788,2023-10
2302503,Brejo Santo,CE,2023,10,1.0,climatology_municipal,2.6315789473684212,2023-10
2302701,Campos Sales,CE,2023,10,4.0,climatology_municipal,2.6842105263157894,2023-10
2304202,Crato,CE,2023,10,13.0,climatology_municipal,8.263157894736842,2023-10
2304301,Farias Brito,CE,2023,10,2.0,climatology_municipal,2.9473684210526314,2023-10
2307106,Jardim,CE,2023,10,1.0,climatology_municipal,2.473684210526316,2023-10
2307205,Jati,CE,2023,10,2.0,climatology_municipal,2.473684210526316,2023-10
2308401,Missão Velha,CE,2023,10,30.0,climatology_municipal,4.842105263157895,2023-10
2309201,Nova Olinda,CE,2023,10,0.0,climatology_municipal,1.0,2023-10
2310605,Penaforte,CE,2023,10,0.0,climatology_municipal,0.21052631578947367,2023-10
2311108,Porteiras,CE,2023,10,0.0,climatology_municipal,0.5263157894736842,2023-10
2311207,Potengi,CE,2023,10,0.0,climatology_municipal,2.0526315789473686,2023-10
2311959,Salitre,CE,2023,10,15.0,climatology_municipal,4.473684210526316,2023-10
2312106,Santana do Cariri,CE,2023,10,14.0,climatology_municipal,6.2631578947368425,2023-10
2601102,Araripina,PE,2023,10,41.0,climatology_municipal,18.842105263157894,2023-10
2602001,Bodocó,PE,2023,10,100.0,climatology_municipal,34.68421052631579,2023-10
2604304,Cedro,PE,2023,10,0.0,climatology_municipal,0.21052631578947367,2023-10
2605301,Exu,PE,2023,10,29.0,climatology_municipal,12.473684210526315,2023-10
2607307,Ipubi,PE,2023,10,35.0,climatology_municipal,10.894736842105264,2023-10
2614006,Serrita,PE,2023,10,5.0,climatology_municipal,10.68421052631579,2023-10
2614303,Moreilândia,PE,2023,10,4.0,climatology_municipal,5.684210526315789,2023-10
2615607,Trindade,PE,2023,10,4.0,climatology_municipal,2.5789473684210527,2023-10
2200277,Alegrete do Piauí,PI,2023,10,0.0,climatology_apa_intensity12,1.593780099923083,2023-10
2202091,Caldeirão Grande do Piauí,PI,2023,10,7.0,climatology_apa_intensity12,8.661848369147188,2023-10
2202554,Caridade do Piauí,PI,2023,10,15.0,climatology_apa_intensity12,11.780113782040178,2023-10
2203271,Curral Novo do Piauí,PI,2023,10,1.0,climatology_apa_intensity12,7.691721351802704,2023-10
2204154,Francisco Macedo,PI,2023,10,2.0,climatology_apa_intensity12,2.6332019042207455,2023-10
2204303,Fronteiras,PI,2023,10,5.0,climatology_apa_intensity12,8.731143156100368,2023-10
2205953,Marcolândia,PI,2023,10,0.0,climatology_apa_intensity12,1.0394218042976626,2023-10
2207207,Padre Marcos,PI,2023,10,3.0,climatology_apa_intensity12,2.979675838986633,2023-10
2210300,São Julião,PI,2023,10,2.0,climatology_apa_intensity12,1.732369673829438,2023-10
2210706,Simões,PI,2023,10,17.0,climatology_apa_intensity12,9.701270173444852,2023-10
2300101,Abaiara,CE,2023,10,10.0,climatology_apa_intensity12,1.9402540346889703,2023-10
2300606,Altaneira,CE,2023,10,0.0,climatology_apa_intensity12,0.55435829562542,2023-10
2301307,Araripe,CE,2023,10,33.0,climatology_apa_intensity12,14.27472611235457,2023-10
2301604,Assaré,CE,2023,10,15.0,climatology_apa_intensity12,4.642750725862893,2023-10
2301901,Barbalha,CE,2023,10,19.0,climatology_apa_intensity12,4.43486636500336,2023-10
2302503,Brejo Santo,CE,2023,10,1.0,climatology_apa_intensity12,3.464739347658876,2023-10
2302701,Campos Sales,CE,2023,10,4.0,climatology_apa_intensity12,3.534034134612053,2023-10
2304202,Crato,CE,2023,10,13.0,climatology_apa_intensity12,10.87928155164887,2023-10
2304301,Farias Brito,CE,2023,10,2.0,climatology_apa_intensity12,3.8805080693779406,2023-10
2307106,Jardim,CE,2023,10,1.0,climatology_apa_intensity12,3.2568549867993433,2023-10
2307205,Jati,CE,2023,10,2.0,climatology_apa_intensity12,3.2568549867993433,2023-10
2308401,Missão Velha,CE,2023,10,30.0,climatology_apa_intensity12,6.375120399692332,2023-10
2309201,Nova Olinda,CE,2023,10,0.0,climatology_apa_intensity12,1.3166009521103728,2023-10
2310605,Penaforte,CE,2023,10,0.0,climatology_apa_intensity12,0.27717914781271,2023-10
2311108,Porteiras,CE,2023,10,0.0,climatology_apa_intensity12,0.6929478695317751,2023-10
2311207,Potengi,CE,2023,10,0.0,climatology_apa_intensity12,2.7024966911739234,2023-10
2311959,Salitre,CE,2023,10,15.0,climatology_apa_intensity12,5.890056891020089,2023-10
2312106,Santana do Cariri,CE,2023,10,14.0,climatology_apa_intensity12,8.246079647428125,2023-10
2601102,Araripina,PE,2023,10,41.0,climatology_apa_intensity12,24.807533729237548,2023-10
2602001,Bodocó,PE,2023,10,100.0,climatology_apa_intensity12,45.66526460214398,2023-10
2604304,Cedro,PE,2023,10,0.0,climatology_apa_intensity12,0.27717914781271,2023-10
2605301,Exu,PE,2023,10,29.0,climatology_apa_intensity12,16.42286450790307,2023-10
2607307,Ipubi,PE,2023,10,35.0,climatology_apa_intensity12,14.344020899307747,2023-10
2614006,Serrita,PE,2023,10,5.0,climatology_apa_intensity12,14.066841751495035,2023-10
2614303,Moreilândia,PE,2023,10,4.0,climatology_apa_intensity12,7.483836990943171,2023-10
2615607,Trindade,PE,2023,10,4.0,climatology_apa_intensity12,3.3954445607056982,2023-10
2200277,Alegrete do Piauí,PI,2023,11,3.0,climatology_municipal,1.263157894736842,2023-11
2202091,Caldeirão Grande do Piauí,PI,2023,11,6.0,climatology_municipal,4.578947368421052,2023-11
2202554,Caridade do Piauí,PI,2023,11,9.0,climatology_municipal,3.736842105263158,2023-11
2203271,Curral Novo do Piauí,PI,2023,11,4.0,climatology_municipal,2.473684210526316,2023-11
2204154,Francisco Macedo,PI,2023,11,2.0,climatology_municipal,2.3157894736842106,2023-11
2204303,Fronteiras,PI,2023,11,10.0,climatology_municipal,7.2105263157894735,2023-11
2205953,Marcolândia,PI,2023,11,1.0,climatology_municipal,1.2105263157894737,2023-11
2207207,Padre Marcos,PI,2023,11,0.0,climatology_municipal,3.0,2023-11
2210300,São Julião,PI,2023,11,2.0,climatology_municipal,1.3157894736842106,2023-11
2210706,Simões,PI,2023,11,10.0,climatology_municipal,7.842105263157895,2023-11
2300101,Abaiara,CE,2023,11,9.0,climatology_municipal,2.3157894736842106,2023-11
2300606,Altaneira,CE,2023,11,0.0,climatology_municipal,0.2631578947368421,2023-11
2301307,Araripe,CE,2023,11,24.0,climatology_municipal,13.105263157894736,2023-11
2301604,Assaré,CE,2023,11,5.0,climatology_municipal,4.842105263157895,2023-11
2301901,Barbalha,CE,2023,11,2.0,climatology_municipal,4.2631578947368425,2023-11
2302503,Brejo Santo,CE,2023,11,6.0,climatology_municipal,4.7894736842105265,2023-11
2302701,Campos Sales,CE,2023,11,1.0,climatology_municipal,2.8421052631578947,2023-11
2304202,Crato,CE,2023,11,9.0,climatology_municipal,9.68421052631579,2023-11
2304301,Farias Brito,CE,2023,11,13.0,climatology_municipal,2.789473684210526,2023-11
2307106,Jardim,CE,2023,11,6.0,climatology_municipal,2.736842105263158,2023-11
2307205,Jati,CE,2023,11,2.0,climatology_municipal,2.263157894736842,2023-11
2308401,Missão Velha,CE,2023,11,8.0,climatology_municipal,9.263157894736842,2023-11
2309201,Nova Olinda,CE,2023,11,4.0,climatology_municipal,3.5789473684210527,2023-11
2310605,Penaforte,CE,2023,11,0.0,climatology_municipal,0.15789473684210525,2023-11
2311108,Porteiras,CE,2023,11,2.0,climatology_municipal,1.894736842105263,2023-11
2311207,Potengi,CE,2023,11,0.0,climatology_municipal,2.263157894736842,2023-11
2311959,Salitre,CE,2023,11,9.0,climatology_municipal,8.473684210526315,2023-11
2312106,Santana do Cariri,CE,2023,11,14.0,climatology_municipal,11.526315789473685,2023-11
2601102,Araripina,PE,2023,11,34.0,climatology_municipal,12.68421052631579,2023-11
2602001,Bodocó,PE,2023,11,28.0,climatology_municipal,29.894736842105264,2023-11
2604304,Cedro,PE,2023,11,0.0,climatology_municipal,0.15789473684210525,2023-11
2605301,Exu,PE,2023,11,17.0,climatology_municipal,16.0,2023-11
2607307,Ipubi,PE,2023,11,15.0,climatology_municipal,8.210526315789474,2023-11
2614006,Serrita,PE,2023,11,6.0,climatology_municipal,9.842105263157896,2023-11
2614303,Moreilândia,PE,2023,11,5.0,climatology_municipal,4.947368421052632,2023-11
2615607,Trindade,PE,2023,11,2.0,climatology_municipal,1.3157894736842106,2023-11
2200277,Alegrete do Piauí,PI,2023,11,3.0,climatology_apa_intensity12,1.8857066792271227,2023-11
2202091,Caldeirão Grande do Piauí,PI,2023,11,6.0,climatology_apa_intensity12,6.835686712198319,2023-11
2202554,Caridade do Piauí,PI,2023,11,9.0,climatology_apa_intensity12,5.5785489260469046,2023-11
2203271,Curral Novo do Piauí,PI,2023,11,4.0,climatology_apa_intensity12,3.692842246819782,2023-11
2204154,Francisco Macedo,PI,2023,11,2.0,climatology_apa_intensity12,3.4571289119163917,2023-11
2204303,Fronteiras,PI,2023,11,10.0,climatology_apa_intensity12,10.764242293921491,2023-11
2205953,Marcolândia,PI,2023,11,1.0,climatology_apa_intensity12,1.8071355675926593,2023-11
2207207,Padre Marcos,PI,2023,11,0.0,climatology_apa_intensity12,4.4785533631644165,2023-11
2210300,São Julião,PI,2023,11,2.0,climatology_apa_intensity12,1.9642777908615863,2023-11
2210706,Simões,PI,2023,11,10.0,climatology_apa_intensity12,11.707095633535053,2023-11
2300101,Abaiara,CE,2023,11,9.0,climatology_apa_intensity12,3.4571289119163917,2023-11
2300606,Altaneira,CE,2023,11,0.0,climatology_apa_intensity12,0.3928555581723172,2023-11
2301307,Araripe,CE,2023,11,24.0,climatology_apa_intensity12,19.564206796981395,2023-11
2301604,Assaré,CE,2023,11,5.0,climatology_apa_intensity12,7.228542270370637,2023-11
2301901,Barbalha,CE,2023,11,2.0,climatology_apa_intensity12,6.36426004239154,2023-11
2302503,Brejo Santo,CE,2023,11,6.0,climatology_apa_intensity12,7.149971158736173,2023-11
2302701,Campos Sales,CE,2023,11,1.0,climatology_apa_intensity12,4.242840028261026,2023-11
2304202,Crato,CE,2023,11,9.0,climatology_apa_intensity12,14.457084540741274,2023-11
2304301,Farias Brito,CE,2023,11,13.0,climatology_apa_intensity12,4.164268916626562,2023-11
2307106,Jardim,CE,2023,11,6.0,climatology_apa_intensity12,4.085697804992099,2023-11
2307205,Jati,CE,2023,11,2.0,climatology_apa_intensity12,3.378557800281928,2023-11
2308401,Missão Velha,CE,2023,11,8.0,climatology_apa_intensity12,13.828515647665567,2023-11
2309201,Nova Olinda,CE,2023,11,4.0,climatology_apa_intensity12,5.342835591143515,2023-11
2310605,Penaforte,CE,2023,11,0.0,climatology_apa_intensity12,0.23571333490339033,2023-11
2311108,Porteiras,CE,2023,11,2.0,climatology_apa_intensity12,2.8285600188406836,2023-11
2311207,Potengi,CE,2023,11,0.0,climatology_apa_intensity12,3.378557800281928,2023-11
2311959,Salitre,CE,2023,11,9.0,climatology_apa_intensity12,12.649948973148613,2023-11
2312106,Santana do Cariri,CE,2023,11,14.0,climatology_apa_intensity12,17.207073447947497,2023-11
2601102,Araripina,PE,2023,11,34.0,climatology_apa_intensity12,18.93563790390569,2023-11
2602001,Bodocó,PE,2023,11,28.0,climatology_apa_intensity12,44.628391408375236,2023-11
2604304,Cedro,PE,2023,11,0.0,climatology_apa_intensity12,0.23571333490339033,2023-11
2605301,Exu,PE,2023,11,17.0,climatology_apa_intensity12,23.885617936876887,2023-11
2607307,Ipubi,PE,2023,11,15.0,climatology_apa_intensity12,12.257093414976298,2023-11
2614006,Serrita,PE,2023,11,6.0,climatology_apa_intensity12,14.692797875644665,2023-11
2614303,Moreilândia,PE,2023,11,5.0,climatology_apa_intensity12,7.385684493639564,2023-11
2615607,Trindade,PE,2023,11,2.0,climatology_apa_intensity12,1.9642777908615863,2023-11
2200277,Alegrete do Piauí,PI,2023,12,0.0,climatology_municipal,0.5789473684210527,2023-12
2202091,Caldeirão Grande do Piauí,PI,2023,12,2.0,climatology_municipal,1.1578947368421053,2023-12
2202554,Caridade do Piauí,PI,2023,12,2.0,climatology_municipal,1.736842105263158,2023-12
2203271,Curral Novo do Piauí,PI,2023,12,0.0,climatology_municipal,0.5789473684210527,2023-12
2204154,Francisco Macedo,PI,2023,12,1.0,climatology_municipal,0.9473684210526315,2023-12
2204303,Fronteiras,PI,2023,12,5.0,climatology_municipal,2.0526315789473686,2023-12
2205953,Marcolândia,PI,2023,12,0.0,climatology_municipal,1.3157894736842106,2023-12
2207207,Padre Marcos,PI,2023,12,3.0,climatology_municipal,0.7368421052631579,2023-12
2210300,São Julião,PI,2023,12,4.0,climatology_municipal,0.3157894736842105,2023-12
2210706,Simões,PI,2023,12,1.0,climatology_municipal,1.631578947368421,2023-12
2300101,Abaiara,CE,2023,12,4.0,climatology_municipal,1.7894736842105263,2023-12
2300606,Altaneira,CE,2023,12,0.0,climatology_municipal,0.47368421052631576,2023-12
2301307,Araripe,CE,2023,12,15.0,climatology_municipal,6.2631578947368425,2023-12
2301604,Assaré,CE,2023,12,4.0,climatology_municipal,5.052631578947368,2023-12
2301901,Barbalha,CE,2023,12,1.0,climatology_municipal,2.263157894736842,2023-12
2302503,Brejo Santo,CE,2023,12,6.0,climatology_municipal,2.1578947368421053,2023-12
2302701,Campos Sales,CE,2023,12,2.0,climatology_municipal,1.5263157894736843,2023-12
2304202,Crato,CE,2023,12,1.0,climatology_municipal,6.105263157894737,2023-12
2304301,Farias Brito,CE,2023,12,1.0,climatology_municipal,2.3157894736842106,2023-12
2307106,Jardim,CE,2023,12,5.0,climatology_municipal,3.3684210526315788,2023-12
2307205,Jati,CE,2023,12,2.0,climatology_municipal,0.9473684210526315,2023-12
2308401,Missão Velha,CE,2023,12,10.0,climatology_municipal,6.947368421052632,2023-12
2309201,Nova Olinda,CE,2023,12,3.0,climatology_municipal,2.8421052631578947,2023-12
2310605,Penaforte,CE,2023,12,1.0,climatology_municipal,0.42105263157894735,2023-12
2311108,Porteiras,CE,2023,12,1.0,climatology_municipal,1.7894736842105263,2023-12
2311207,Potengi,CE,2023,12,0.0,climatology_municipal,1.368421052631579,2023-12
2311959,Salitre,CE,2023,12,4.0,climatology_municipal,3.6842105263157894,2023-12
2312106,Santana do Cariri,CE,2023,12,2.0,climatology_municipal,10.842105263157896,2023-12
2601102,Araripina,PE,2023,12,2.0,climatology_municipal,3.9473684210526314,2023-12
2602001,Bodocó,PE,2023,12,13.0,climatology_municipal,14.578947368421053,2023-12
2604304,Cedro,PE,2023,12,0.0,climatology_municipal,0.3157894736842105,2023-12
2605301,Exu,PE,2023,12,8.0,climatology_municipal,12.052631578947368,2023-12
2607307,Ipubi,PE,2023,12,4.0,climatology_municipal,4.157894736842105,2023-12
2614006,Serrita,PE,2023,12,0.0,climatology_municipal,5.315789473684211,2023-12
2614303,Moreilândia,PE,2023,12,2.0,climatology_municipal,2.1578947368421053,2023-12
2615607,Trindade,PE,2023,12,5.0,climatology_municipal,0.3684210526315789,2023-12
2200277,Alegrete do Piauí,PI,2023,12,0.0,climatology_apa_intensity12,0.937796375676034,2023-12
2202091,Caldeirão Grande do Piauí,PI,2023,12,2.0,climatology_apa_intensity12,1.875592751352068,2023-12
2202554,Caridade do Piauí,PI,2023,12,2.0,climatology_apa_intensity12,2.813389127028102,2023-12
2203271,Curral Novo do Piauí,PI,2023,12,0.0,climatology_apa_intensity12,0.937796375676034,2023-12
2204154,Francisco Macedo,PI,2023,12,1.0,climatology_apa_intensity12,1.5345758874698736,2023-12
2204303,Fronteiras,PI,2023,12,5.0,climatology_apa_intensity12,3.3249144228513936,2023-12
2205953,Marcolândia,PI,2023,12,0.0,climatology_apa_intensity12,2.1313553992637138,2023-12
2207207,Padre Marcos,PI,2023,12,3.0,climatology_apa_intensity12,1.1935590235876796,2023-12
2210300,São Julião,PI,2023,12,4.0,climatology_apa_intensity12,0.5115252958232912,2023-12
2210706,Simões,PI,2023,12,1.0,climatology_apa_intensity12,2.6428806950870047,2023-12
2300101,Abaiara,CE,2023,12,4.0,climatology_apa_intensity12,2.8986433429986507,2023-12
2300606,Altaneira,CE,2023,12,0.0,climatology_apa_intensity12,0.7672879437349368,2023-12
2301307,Araripe,CE,2023,12,15.0,climatology_apa_intensity12,10.145251700495278,2023-12
2301604,Assaré,CE,2023,12,4.0,climatology_apa_intensity12,8.18440473317266,2023-12
2301901,Barbalha,CE,2023,12,1.0,climatology_apa_intensity12,3.665931286733587,2023-12
2302503,Brejo Santo,CE,2023,12,6.0,climatology_apa_intensity12,3.49542285479249,2023-12
2302701,Campos Sales,CE,2023,12,2.0,climatology_apa_intensity12,2.4723722631459077,2023-12
2304202,Crato,CE,2023,12,1.0,climatology_apa_intensity12,9.889489052583631,2023-12
2304301,Farias Brito,CE,2023,12,1.0,climatology_apa_intensity12,3.751185502704136,2023-12
2307106,Jardim,CE,2023,12,5.0,climatology_apa_intensity12,5.4562698221151065,2023-12
2307205,Jati,CE,2023,12,2.0,climatology_apa_intensity12,1.5345758874698736,2023-12
2308401,Missão Velha,CE,2023,12,10.0,climatology_apa_intensity12,11.253556508112409,2023-12
2309201,Nova Olinda,CE,2023,12,3.0,climatology_apa_intensity12,4.6037276624096215,2023-12
2310605,Penaforte,CE,2023,12,1.0,climatology_apa_intensity12,0.6820337277643883,2023-12
2311108,Porteiras,CE,2023,12,1.0,climatology_apa_intensity12,2.8986433429986507,2023-12
2311207,Potengi,CE,2023,12,0.0,climatology_apa_intensity12,2.2166096152342623,2023-12
2311959,Salitre,CE,2023,12,4.0,climatology_apa_intensity12,5.967795117938398,2023-12
2312106,Santana do Cariri,CE,2023,12,2.0,climatology_apa_intensity12,17.562368489933,2023-12
2601102,Araripina,PE,2023,12,2.0,climatology_apa_intensity12,6.39406619779114,2023-12
2602001,Bodocó,PE,2023,12,13.0,climatology_apa_intensity12,23.61541782384195,2023-12
2604304,Cedro,PE,2023,12,0.0,climatology_apa_intensity12,0.5115252958232912,2023-12
2605301,Exu,PE,2023,12,8.0,climatology_apa_intensity12,19.523215457255617,2023-12
2607307,Ipubi,PE,2023,12,4.0,climatology_apa_intensity12,6.735083061673335,2023-12
2614006,Serrita,PE,2023,12,0.0,climatology_apa_intensity12,8.610675813025402,2023-12
2614303,Moreilândia,PE,2023,12,2.0,climatology_apa_intensity12,3.49542285479249,2023-12
2615607,Trindade,PE,2023,12,5.0,climatology_apa_intensity12,0.5967795117938398,2023-12
2200277,Alegrete do Piauí,PI,2024,1,0.0,climatology_municipal,0.1,2024-01
2202091,Caldeirão Grande do Piauí,PI,2024,1,1.0,climatology_municipal,0.15,2024-01
2202554,Caridade do Piauí,PI,2024,1,0.0,climatology_municipal,0.05,2024-01
2203271,Curral Novo do Piauí,PI,2024,1,0.0,climatology_municipal,0.0,2024-01
2204154,Francisco Macedo,PI,2024,1,0.0,climatology_municipal,0.0,2024-01
2204303,Fronteiras,PI,2024,1,0.0,climatology_municipal,0.4,2024-01
2205953,Marcolândia,PI,2024,1,1.0,climatology_municipal,0.15,2024-01
2207207,Padre Marcos,PI,2024,1,0.0,climatology_municipal,0.3,2024-01
2210300,São Julião,PI,2024,1,0.0,climatology_municipal,0.05,2024-01
2210706,Simões,PI,2024,1,2.0,climatology_municipal,0.15,2024-01
2300101,Abaiara,CE,2024,1,0.0,climatology_municipal,0.05,2024-01
2300606,Altaneira,CE,2024,1,0.0,climatology_municipal,0.0,2024-01
2301307,Araripe,CE,2024,1,6.0,climatology_municipal,1.35,2024-01
2301604,Assaré,CE,2024,1,1.0,climatology_municipal,1.85,2024-01
2301901,Barbalha,CE,2024,1,0.0,climatology_municipal,0.45,2024-01
2302503,Brejo Santo,CE,2024,1,1.0,climatology_municipal,0.35,2024-01
2302701,Campos Sales,CE,2024,1,1.0,climatology_municipal,0.4,2024-01
2304202,Crato,CE,2024,1,3.0,climatology_municipal,0.75,2024-01
2304301,Farias Brito,CE,2024,1,0.0,climatology_municipal,0.55,2024-01
2307106,Jardim,CE,2024,1,1.0,climatology_municipal,0.45,2024-01
2307205,Jati,CE,2024,1,0.0,climatology_municipal,0.35,2024-01
2308401,Missão Velha,CE,2024,1,5.0,climatology_municipal,1.1,2024-01
2309201,Nova Olinda,CE,2024,1,0.0,climatology_municipal,0.25,2024-01
2310605,Penaforte,CE,2024,1,1.0,climatology_municipal,0.05,2024-01
2311108,Porteiras,CE,2024,1,0.0,climatology_municipal,0.2,2024-01
2311207,Potengi,CE,2024,1,0.0,climatology_municipal,0.7,2024-01
2311959,Salitre,CE,2024,1,1.0,climatology_municipal,0.5,2024-01
2312106,Santana do Cariri,CE,2024,1,4.0,climatology_municipal,3.4,2024-01
2601102,Araripina,PE,2024,1,0.0,climatology_municipal,0.4,2024-01
2602001,Bodocó,PE,2024,1,7.0,climatology_municipal,1.7,2024-01
2604304,Cedro,PE,2024,1,0.0,climatology_municipal,0.05,2024-01
2605301,Exu,PE,2024,1,3.0,climatology_municipal,2.05,2024-01
2607307,Ipubi,PE,2024,1,0.0,climatology_municipal,0.45,2024-01
2614006,Serrita,PE,2024,1,1.0,climatology_municipal,1.35,2024-01
2614303,Moreilândia,PE,2024,1,2.0,climatology_municipal,0.3,2024-01
2615607,Trindade,PE,2024,1,1.0,climatology_municipal,0.1,2024-01
2200277,Alegrete do Piauí,PI,2024,1,0.0,climatology_apa_intensity12,0.16469676419298587,2024-01
2202091,Caldeirão Grande do Piauí,PI,2024,1,1.0,climatology_apa_intensity12,0.2470451462894788,2024-01
2202554,Caridade do Piauí,PI,2024,1,0.0,climatology_apa_intensity12,0.08234838209649294,2024-01
2203271,Curral Novo do Piauí,PI,2024,1,0.0,climatology_apa_intensity12,0.0,2024-01
2204154,Francisco Macedo,PI,2024,1,0.0,climatology_apa_intensity12,0.0,2024-01
2204303,Fronteiras,PI,2024,1,0.0,climatology_apa_intensity12,0.6587870567719435,2024-01
2205953,Marcolândia,PI,2024,1,1.0,climatology_apa_intensity12,0.2470451462894788,2024-01
2207207,Padre Marcos,PI,2024,1,0.0,climatology_apa_intensity12,0.4940902925789576,2024-01
2210300,São Julião,PI,2024,1,0.0,climatology_apa_intensity12,0.08234838209649294,2024-01
2210706,Simões,PI,2024,1,2.0,climatology_apa_intensity12,0.2470451462894788,2024-01
2300101,Abaiara,CE,2024,1,0.0,climatology_apa_intensity12,0.08234838209649294,2024-01
2300606,Altaneira,CE,2024,1,0.0,climatology_apa_intensity12,0.0,2024-01
2301307,Araripe,CE,2024,1,6.0,climatology_apa_intensity12,2.2234063166053093,2024-01
2301604,Assaré,CE,2024,1,1.0,climatology_apa_intensity12,3.0468901375702386,2024-01
2301901,Barbalha,CE,2024,1,0.0,climatology_apa_intensity12,0.7411354388684365,2024-01
2302503,Brejo Santo,CE,2024,1,1.0,climatology_apa_intensity12,0.5764386746754505,2024-01
2302701,Campos Sales,CE,2024,1,1.0,climatology_apa_intensity12,0.6587870567719435,2024-01
2304202,Crato,CE,2024,1,3.0,climatology_apa_intensity12,1.235225731447394,2024-01
2304301,Farias Brito,CE,2024,1,0.0,climatology_apa_intensity12,0.9058322030614223,2024-01
2307106,Jardim,CE,2024,1,1.0,climatology_apa_intensity12,0.7411354388684365,2024-01
2307205,Jati,CE,2024,1,0.0,climatology_apa_intensity12,0.5764386746754505,2024-01
2308401,Missão Velha,CE,2024,1,5.0,climatology_apa_intensity12,1.8116644061228446,2024-01
2309201,Nova Olinda,CE,2024,1,0.0,climatology_apa_intensity12,0.41174191048246467,2024-01
2310605,Penaforte,CE,2024,1,1.0,climatology_apa_intensity12,0.08234838209649294,2024-01
2311108,Porteiras,CE,2024,1,0.0,climatology_apa_intensity12,0.32939352838597175,2024-01
2311207,Potengi,CE,2024,1,0.0,climatology_apa_intensity12,1.152877349350901,2024-01
2311959,Salitre,CE,2024,1,1.0,climatology_apa_intensity12,0.8234838209649293,2024-01
2312106,Santana do Cariri,CE,2024,1,4.0,climatology_apa_intensity12,5.599689982561519,2024-01
2601102,Araripina,PE,2024,1,0.0,climatology_apa_intensity12,0.6587870567719435,2024-01
2602001,Bodocó,PE,2024,1,7.0,climatology_apa_intensity12,2.7998449912807595,2024-01
2604304,Cedro,PE,2024,1,0.0,climatology_apa_intensity12,0.08234838209649294,2024-01
2605301,Exu,PE,2024,1,3.0,climatology_apa_intensity12,3.37628366595621,2024-01
2607307,Ipubi,PE,2024,1,0.0,climatology_apa_intensity12,0.7411354388684365,2024-01
2614006,Serrita,PE,2024,1,1.0,climatology_apa_intensity12,2.2234063166053093,2024-01
2614303,Moreilândia,PE,2024,1,2.0,climatology_apa_intensity12,0.4940902925789576,2024-01
2615607,Trindade,PE,2024,1,1.0,climatology_apa_intensity12,0.16469676419298587,2024-01
2200277,Alegrete do Piauí,PI,2024,2,0.0,climatology_municipal,0.0,2024-02
2202091,Caldeirão Grande do Piauí,PI,2024,2,0.0,climatology_municipal,0.05,2024-02
2202554,Caridade do Piauí,PI,2024,2,0.0,climatology_municipal,0.0,2024-02
2203271,Curral Novo do Piauí,PI,2024,2,2.0,climatology_municipal,0.0,2024-02
2204154,Francisco Macedo,PI,2024,2,0.0,climatology_municipal,0.0,2024-02
2204303,Fronteiras,PI,2024,2,0.0,climatology_municipal,0.0,2024-02
2205953,Marcolândia,PI,2024,2,0.0,climatology_municipal,0.0,2024-02
2207207,Padre Marcos,PI,2024,2,0.0,climatology_municipal,0.05,2024-02
2210300,São Julião,PI,2024,2,0.0,climatology_municipal,0.0,2024-02
2210706,Simões,PI,2024,2,0.0,climatology_municipal,0.1,2024-02
2300101,Abaiara,CE,2024,2,0.0,climatology_municipal,0.0,2024-02
2300606,Altaneira,CE,2024,2,0.0,climatology_municipal,0.0,2024-02
2301307,Araripe,CE,2024,2,0.0,climatology_municipal,0.15,2024-02
2301604,Assaré,CE,2024,2,2.0,climatology_municipal,0.25,2024-02
2301901,Barbalha,CE,2024,2,0.0,climatology_municipal,0.15,2024-02
2302503,Brejo Santo,CE,2024,2,0.0,climatology_municipal,0.1,2024-02
2302701,Campos Sales,CE,2024,2,0.0,climatology_municipal,0.05,2024-02
2304202,Crato,CE,2024,2,1.0,climatology_municipal,0.3,2024-02
2304301,Farias Brito,CE,2024,2,1.0,climatology_municipal,0.0,2024-02
2307106,Jardim,CE,2024,2,0.0,climatology_municipal,0.1,2024-02
2307205,Jati,CE,2024,2,0.0,climatology_municipal,0.15,2024-02
2308401,Missão Velha,CE,2024,2,1.0,climatology_municipal,0.2,2024-02
2309201,Nova Olinda,CE,2024,2,0.0,climatology_municipal,0.0,2024-02
2310605,Penaforte,CE,2024,2,0.0,climatology_municipal,0.1,2024-02
2311108,Porteiras,CE,2024,2,0.0,climatology_municipal,0.1,2024-02
2311207,Potengi,CE,2024,2,0.0,climatology_municipal,0.3,2024-02
2311959,Salitre,CE,2024,2,2.0,climatology_municipal,0.05,2024-02
2312106,Santana do Cariri,CE,2024,2,0.0,climatology_municipal,0.25,2024-02
2601102,Araripina,PE,2024,2,0.0,climatology_municipal,0.15,2024-02
2602001,Bodocó,PE,2024,2,0.0,climatology_municipal,0.3,2024-02
2604304,Cedro,PE,2024,2,0.0,climatology_municipal,0.0,2024-02
2605301,Exu,PE,2024,2,3.0,climatology_municipal,0.3,2024-02
2607307,Ipubi,PE,2024,2,0.0,climatology_municipal,0.1,2024-02
2614006,Serrita,PE,2024,2,0.0,climatology_municipal,0.1,2024-02
2614303,Moreilândia,PE,2024,2,0.0,climatology_municipal,0.15,2024-02
2615607,Trindade,PE,2024,2,0.0,climatology_municipal,0.05,2024-02
2200277,Alegrete do Piauí,PI,2024,2,0.0,climatology_apa_intensity12,0.0,2024-02
2202091,Caldeirão Grande do Piauí,PI,2024,2,0.0,climatology_apa_intensity12,0.0843681754936681,2024-02
2202554,Caridade do Piauí,PI,2024,2,0.0,climatology_apa_intensity12,0.0,2024-02
2203271,Curral Novo do Piauí,PI,2024,2,2.0,climatology_apa_intensity12,0.0,2024-02
2204154,Francisco Macedo,PI,2024,2,0.0,climatology_apa_intensity12,0.0,2024-02
2204303,Fronteiras,PI,2024,2,0.0,climatology_apa_intensity12,0.0,2024-02
2205953,Marcolândia,PI,2024,2,0.0,climatology_apa_intensity12,0.0,2024-02
2207207,Padre Marcos,PI,2024,2,0.0,climatology_apa_intensity12,0.0843681754936681,2024-02
2210300,São Julião,PI,2024,2,0.0,climatology_apa_intensity12,0.0,2024-02
2210706,Simões,PI,2024,2,0.0,climatology_apa_intensity12,0.1687363509873362,2024-02
2300101,Abaiara,CE,2024,2,0.0,climatology_apa_intensity12,0.0,2024-02
2300606,Altaneira,CE,2024,2,0.0,climatology_apa_intensity12,0.0,2024-02
2301307,Araripe,CE,2024,2,0.0,climatology_apa_intensity12,0.25310452648100423,2024-02
2301604,Assaré,CE,2024,2,2.0,climatology_apa_intensity12,0.4218408774683404,2024-02
2301901,Barbalha,CE,2024,2,0.0,climatology_apa_intensity12,0.25310452648100423,2024-02
2302503,Brejo Santo,CE,2024,2,0.0,climatology_apa_intensity12,0.1687363509873362,2024-02
2302701,Campos Sales,CE,2024,2,0.0,climatology_apa_intensity12,0.0843681754936681,2024-02
2304202,Crato,CE,2024,2,1.0,climatology_apa_intensity12,0.5062090529620085,2024-02
2304301,Farias Brito,CE,2024,2,1.0,climatology_apa_intensity12,0.0,2024-02
2307106,Jardim,CE,2024,2,0.0,climatology_apa_intensity12,0.1687363509873362,2024-02
2307205,Jati,CE,2024,2,0.0,climatology_apa_intensity12,0.25310452648100423,2024-02
2308401,Missão Velha,CE,2024,2,1.0,climatology_apa_intensity12,0.3374727019746724,2024-02
2309201,Nova Olinda,CE,2024,2,0.0,climatology_apa_intensity12,0.0,2024-02
2310605,Penaforte,CE,2024,2,0.0,climatology_apa_intensity12,0.1687363509873362,2024-02
2311108,Porteiras,CE,2024,2,0.0,climatology_apa_intensity12,0.1687363509873362,2024-02
2311207,Potengi,CE,2024,2,0.0,climatology_apa_intensity12,0.5062090529620085,2024-02
2311959,Salitre,CE,2024,2,2.0,climatology_apa_intensity12,0.0843681754936681,2024-02
2312106,Santana do Cariri,CE,2024,2,0.0,climatology_apa_intensity12,0.4218408774683404,2024-02
2601102,Araripina,PE,2024,2,0.0,climatology_apa_intensity12,0.25310452648100423,2024-02
2602001,Bodocó,PE,2024,2,0.0,climatology_apa_intensity12,0.5062090529620085,2024-02
2604304,Cedro,PE,2024,2,0.0,climatology_apa_intensity12,0.0,2024-02
2605301,Exu,PE,2024,2,3.0,climatology_apa_intensity12,0.5062090529620085,2024-02
2607307,Ipubi,PE,2024,2,0.0,climatology_apa_intensity12,0.1687363509873362,2024-02
2614006,Serrita,PE,2024,2,0.0,climatology_apa_intensity12,0.1687363509873362,2024-02
2614303,Moreilândia,PE,2024,2,0.0,climatology_apa_intensity12,0.25310452648100423,2024-02
2615607,Trindade,PE,2024,2,0.0,climatology_apa_intensity12,0.0843681754936681,2024-02
2200277,Alegrete do Piauí,PI,2024,3,0.0,climatology_municipal,0.0,2024-03
2202091,Caldeirão Grande do Piauí,PI,2024,3,0.0,climatology_municipal,0.0,2024-03
2202554,Caridade do Piauí,PI,2024,3,0.0,climatology_municipal,0.05,2024-03
2203271,Curral Novo do Piauí,PI,2024,3,0.0,climatology_municipal,0.0,2024-03
2204154,Francisco Macedo,PI,2024,3,0.0,climatology_municipal,0.0,2024-03
2204303,Fronteiras,PI,2024,3,0.0,climatology_municipal,0.0,2024-03
2205953,Marcolândia,PI,2024,3,0.0,climatology_municipal,0.0,2024-03
2207207,Padre Marcos,PI,2024,3,0.0,climatology_municipal,0.0,2024-03
2210300,São Julião,PI,2024,3,0.0,climatology_municipal,0.0,2024-03
2210706,Simões,PI,2024,3,0.0,climatology_municipal,0.0,2024-03
2300101,Abaiara,CE,2024,3,0.0,climatology_municipal,0.05,2024-03
2300606,Altaneira,CE,2024,3,0.0,climatology_municipal,0.0,2024-03
2301307,Araripe,CE,2024,3,1.0,climatology_municipal,0.0,2024-03
2301604,Assaré,CE,2024,3,0.0,climatology_municipal,0.0,2024-03
2301901,Barbalha,CE,2024,3,0.0,climatology_municipal,0.0,2024-03
2302503,Brejo Santo,CE,2024,3,0.0,climatology_municipal,0.0,2024-03
2302701,Campos Sales,CE,2024,3,0.0,climatology_municipal,0.0,2024-03
2304202,Crato,CE,2024,3,0.0,climatology_municipal,0.15,2024-03
2304301,Farias Brito,CE,2024,3,0.0,climatology_municipal,0.05,2024-03
2307106,Jardim,CE,2024,3,0.0,climatology_municipal,0.05,2024-03
2307205,Jati,CE,2024,3,0.0,climatology_municipal,0.0,2024-03
2308401,Missão Velha,CE,2024,3,0.0,climatology_municipal,0.3,2024-03
2309201,Nova Olinda,CE,2024,3,0.0,climatology_municipal,0.0,2024-03
2310605,Penaforte,CE,2024,3,0.0,climatology_municipal,0.0,2024-03
2311108,Porteiras,CE,2024,3,0.0,climatology_municipal,0.0,2024-03
2311207,Potengi,CE,2024,3,0.0,climatology_municipal,0.0,2024-03
2311959,Salitre,CE,2024,3,0.0,climatology_municipal,0.05,2024-03
2312106,Santana do Cariri,CE,2024,3,0.0,climatology_municipal,0.0,2024-03
2601102,Araripina,PE,2024,3,0.0,climatology_municipal,0.05,2024-03
2602001,Bodocó,PE,2024,3,0.0,climatology_municipal,0.25,2024-03
2604304,Cedro,PE,2024,3,0.0,climatology_municipal,0.0,2024-03
2605301,Exu,PE,2024,3,1.0,climatology_municipal,0.1,2024-03
2607307,Ipubi,PE,2024,3,0.0,climatology_municipal,0.05,2024-03
2614006,Serrita,PE,2024,3,0.0,climatology_municipal,0.0,2024-03
2614303,Moreilândia,PE,2024,3,0.0,climatology_municipal,0.0,2024-03
2615607,Trindade,PE,2024,3,0.0,climatology_municipal,0.0,2024-03
2200277,Alegrete do Piauí,PI,2024,3,0.0,climatology_apa_intensity12,0.0,2024-03
2202091,Caldeirão Grande do Piauí,PI,2024,3,0.0,climatology_apa_intensity12,0.0,2024-03
2202554,Caridade do Piauí,PI,2024,3,0.0,climatology_apa_intensity12,0.08458253643231894,2024-03
2203271,Curral Novo do Piauí,PI,2024,3,0.0,climatology_apa_intensity12,0.0,2024-03
2204154,Francisco Macedo,PI,2024,3,0.0,climatology_apa_intensity12,0.0,2024-03
2204303,Fronteiras,PI,2024,3,0.0,climatology_apa_intensity12,0.0,2024-03
2205953,Marcolândia,PI,2024,3,0.0,climatology_apa_intensity12,0.0,2024-03
2207207,Padre Marcos,PI,2024,3,0.0,climatology_apa_intensity12,0.0,2024-03
2210300,São Julião,PI,2024,3,0.0,climatology_apa_intensity12,0.0,2024-03
2210706,Simões,PI,2024,3,0.0,climatology_apa_intensity12,0.0,2024-03
2300101,Abaiara,CE,2024,3,0.0,climatology_apa_intensity12,0.08458253643231894,2024-03
2300606,Altaneira,CE,2024,3,0.0,climatology_apa_intensity12,0.0,2024-03
2301307,Araripe,CE,2024,3,1.0,climatology_apa_intensity12,0.0,2024-03
2301604,Assaré,CE,2024,3,0.0,climatology_apa_intensity12,0.0,2024-03
2301901,Barbalha,CE,2024,3,0.0,climatology_apa_intensity12,0.0,2024-03
2302503,Brejo Santo,CE,2024,3,0.0,climatology_apa_intensity12,0.0,2024-03
2302701,Campos Sales,CE,2024,3,0.0,climatology_apa_intensity12,0.0,2024-03
2304202,Crato,CE,2024,3,0.0,climatology_apa_intensity12,0.2537476092969568,2024-03
2304301,Farias Brito,CE,2024,3,0.0,climatology_apa_intensity12,0.08458253643231894,2024-03
2307106,Jardim,CE,2024,3,0.0,climatology_apa_intensity12,0.08458253643231894,2024-03
2307205,Jati,CE,2024,3,0.0,climatology_apa_intensity12,0.0,2024-03
2308401,Missão Velha,CE,2024,3,0.0,climatology_apa_intensity12,0.5074952185939136,2024-03
2309201,Nova Olinda,CE,2024,3,0.0,climatology_apa_intensity12,0.0,2024-03
2310605,Penaforte,CE,2024,3,0.0,climatology_apa_intensity12,0.0,2024-03
2311108,Porteiras,CE,2024,3,0.0,climatology_apa_intensity12,0.0,2024-03
2311207,Potengi,CE,2024,3,0.0,climatology_apa_intensity12,0.0,2024-03
2311959,Salitre,CE,2024,3,0.0,climatology_apa_intensity12,0.08458253643231894,2024-03
2312106,Santana do Cariri,CE,2024,3,0.0,climatology_apa_intensity12,0.0,2024-03
2601102,Araripina,PE,2024,3,0.0,climatology_apa_intensity12,0.08458253643231894,2024-03
2602001,Bodocó,PE,2024,3,0.0,climatology_apa_intensity12,0.42291268216159467,2024-03
2604304,Cedro,PE,2024,3,0.0,climatology_apa_intensity12,0.0,2024-03
2605301,Exu,PE,2024,3,1.0,climatology_apa_intensity12,0.1691650728646379,2024-03
2607307,Ipubi,PE,2024,3,0.0,climatology_apa_intensity12,0.08458253643231894,2024-03
2614006,Serrita,PE,2024,3,0.0,climatology_apa_intensity12,0.0,2024-03
2614303,Moreilândia,PE,2024,3,0.0,climatology_apa_intensity12,0.0,2024-03
2615607,Trindade,PE,2024,3,0.0,climatology_apa_intensity12,0.0,2024-03
2200277,Alegrete do Piauí,PI,2024,4,0.0,climatology_municipal,0.0,2024-04
2202091,Caldeirão Grande do Piauí,PI,2024,4,0.0,climatology_municipal,0.0,2024-04
2202554,Caridade do Piauí,PI,2024,4,0.0,climatology_municipal,0.0,2024-04
2203271,Curral Novo do Piauí,PI,2024,4,0.0,climatology_municipal,0.0,2024-04
2204154,Francisco Macedo,PI,2024,4,0.0,climatology_municipal,0.0,2024-04
2204303,Fronteiras,PI,2024,4,0.0,climatology_municipal,0.0,2024-04
2205953,Marcolândia,PI,2024,4,0.0,climatology_municipal,0.0,2024-04
2207207,Padre Marcos,PI,2024,4,0.0,climatology_municipal,0.0,2024-04
2210300,São Julião,PI,2024,4,0.0,climatology_municipal,0.0,2024-04
2210706,Simões,PI,2024,4,0.0,climatology_municipal,0.0,2024-04
2300101,Abaiara,CE,2024,4,0.0,climatology_municipal,0.0,2024-04
2300606,Altaneira,CE,2024,4,0.0,climatology_municipal,0.0,2024-04
2301307,Araripe,CE,2024,4,0.0,climatology_municipal,0.0,2024-04
2301604,Assaré,CE,2024,4,0.0,climatology_municipal,0.0,2024-04
2301901,Barbalha,CE,2024,4,0.0,climatology_municipal,0.0,2024-04
2302503,Brejo Santo,CE,2024,4,0.0,climatology_municipal,0.0,2024-04
2302701,Campos Sales,CE,2024,4,0.0,climatology_municipal,0.0,2024-04
2304202,Crato,CE,2024,4,0.0,climatology_municipal,0.0,2024-04
2304301,Farias Brito,CE,2024,4,0.0,climatology_municipal,0.0,2024-04
2307106,Jardim,CE,2024,4,0.0,climatology_municipal,0.0,2024-04
2307205,Jati,CE,2024,4,0.0,climatology_municipal,0.0,2024-04
2308401,Missão Velha,CE,2024,4,0.0,climatology_municipal,0.2,2024-04
2309201,Nova Olinda,CE,2024,4,0.0,climatology_municipal,0.0,2024-04
2310605,Penaforte,CE,2024,4,0.0,climatology_municipal,0.0,2024-04
2311108,Porteiras,CE,2024,4,0.0,climatology_municipal,0.0,2024-04
2311207,Potengi,CE,2024,4,0.0,climatology_municipal,0.0,2024-04
2311959,Salitre,CE,2024,4,0.0,climatology_municipal,0.05,2024-04
2312106,Santana do Cariri,CE,2024,4,0.0,climatology_municipal,0.0,2024-04
2601102,Araripina,PE,2024,4,0.0,climatology_municipal,0.05,2024-04
2602001,Bodocó,PE,2024,4,0.0,climatology_municipal,0.1,2024-04
2604304,Cedro,PE,2024,4,0.0,climatology_municipal,0.0,2024-04
2605301,Exu,PE,2024,4,2.0,climatology_municipal,0.1,2024-04
2607307,Ipubi,PE,2024,4,0.0,climatology_municipal,0.05,2024-04
2614006,Serrita,PE,2024,4,0.0,climatology_municipal,0.05,2024-04
2614303,Moreilândia,PE,2024,4,0.0,climatology_municipal,0.0,2024-04
2615607,Trindade,PE,2024,4,0.0,climatology_municipal,0.0,2024-04
2200277,Alegrete do Piauí,PI,2024,4,0.0,climatology_apa_intensity12,0.0,2024-04
2202091,Caldeirão Grande do Piauí,PI,2024,4,0.0,climatology_apa_intensity12,0.0,2024-04
2202554,Caridade do Piauí,PI,2024,4,0.0,climatology_apa_intensity12,0.0,2024-04
2203271,Curral Novo do Piauí,PI,2024,4,0.0,climatology_apa_intensity12,0.0,2024-04
2204154,Francisco Macedo,PI,2024,4,0.0,climatology_apa_intensity12,0.0,2024-04
2204303,Fronteiras,PI,2024,4,0.0,climatology_apa_intensity12,0.0,2024-04
2205953,Marcolândia,PI,2024,4,0.0,climatology_apa_intensity12,0.0,2024-04
2207207,Padre Marcos,PI,2024,4,0.0,climatology_apa_intensity12,0.0,2024-04
2210300,São Julião,PI,2024,4,0.0,climatology_apa_intensity12,0.0,2024-04
2210706,Simões,PI,2024,4,0.0,climatology_apa_intensity12,0.0,2024-04
2300101,Abaiara,CE,2024,4,0.0,climatology_apa_intensity12,0.0,2024-04
2300606,Altaneira,CE,2024,4,0.0,climatology_apa_intensity12,0.0,2024-04
2301307,Araripe,CE,2024,4,0.0,climatology_apa_intensity12,0.0,2024-04
2301604,Assaré,CE,2024,4,0.0,climatology_apa_intensity12,0.0,2024-04
2301901,Barbalha,CE,2024,4,0.0,climatology_apa_intensity12,0.0,2024-04
2302503,Brejo Santo,CE,2024,4,0.0,climatology_apa_intensity12,0.0,2024-04
2302701,Campos Sales,CE,2024,4,0.0,climatology_apa_intensity12,0.0,2024-04
2304202,Crato,CE,2024,4,0.0,climatology_apa_intensity12,0.0,2024-04
2304301,Farias Brito,CE,2024,4,0.0,climatology_apa_intensity12,0.0,2024-04
2307106,Jardim,CE,2024,4,0.0,climatology_apa_intensity12,0.0,2024-04
2307205,Jati,CE,2024,4,0.0,climatology_apa_intensity12,0.0,2024-04
2308401,Missão Velha,CE,2024,4,0.0,climatology_apa_intensity12,0.3377967693809515,2024-04
2309201,Nova Olinda,CE,2024,4,0.0,climatology_apa_intensity12,0.0,2024-04
2310605,Penaforte,CE,2024,4,0.0,climatology_apa_intensity12,0.0,2024-04
2311108,Porteiras,CE,2024,4,0.0,climatology_apa_intensity12,0.0,2024-04
2311207,Potengi,CE,2024,4,0.0,climatology_apa_intensity12,0.0,2024-04
2311959,Salitre,CE,2024,4,0.0,climatology_apa_intensity12,0.08444919234523787,2024-04
2312106,Santana do Cariri,CE,2024,4,0.0,climatology_apa_intensity12,0.0,2024-04
2601102,Araripina,PE,2024,4,0.0,climatology_apa_intensity12,0.08444919234523787,2024-04
2602001,Bodocó,PE,2024,4,0.0,climatology_apa_intensity12,0.16889838469047574,2024-04
2604304,Cedro,PE,2024,4,0.0,climatology_apa_intensity12,0.0,2024-04
2605301,Exu,PE,2024,4,2.0,climatology_apa_intensity12,0.16889838469047574,2024-04
2607307,Ipubi,PE,2024,4,0.0,climatology_apa_intensity12,0.08444919234523787,2024-04
2614006,Serrita,PE,2024,4,0.0,climatology_apa_intensity12,0.08444919234523787,2024-04
2614303,Moreilândia,PE,2024,4,0.0,climatology_apa_intensity12,0.0,2024-04
2615607,Trindade,PE,2024,4,0.0,climatology_apa_intensity12,0.0,2024-04
2200277,Alegrete do Piauí,PI,2024,5,0.0,climatology_municipal,0.0,2024-05
2202091,Caldeirão Grande do Piauí,PI,2024,5,0.0,climatology_municipal,0.0,2024-05
2202554,Caridade do Piauí,PI,2024,5,0.0,climatology_municipal,0.0,2024-05
2203271,Curral Novo do Piauí,PI,2024,5,0.0,climatology_municipal,0.2,2024-05
2204154,Francisco Macedo,PI,2024,5,0.0,climatology_municipal,0.0,2024-05
2204303,Fronteiras,PI,2024,5,0.0,climatology_municipal,0.0,2024-05
2205953,Marcolândia,PI,2024,5,0.0,climatology_municipal,0.0,2024-05
2207207,Padre Marcos,PI,2024,5,0.0,climatology_municipal,0.0,2024-05
2210300,São Julião,PI,2024,5,0.0,climatology_municipal,0.0,2024-05
2210706,Simões,PI,2024,5,0.0,climatology_municipal,0.0,2024-05
2300101,Abaiara,CE,2024,5,0.0,climatology_municipal,0.05,2024-05
2300606,Altaneira,CE,2024,5,0.0,climatology_municipal,0.0,2024-05
2301307,Araripe,CE,2024,5,5.0,climatology_municipal,0.25,2024-05
2301604,Assaré,CE,2024,5,0.0,climatology_municipal,0.0,2024-05
2301901,Barbalha,CE,2024,5,0.0,climatology_municipal,0.0,2024-05
2302503,Brejo Santo,CE,2024,5,0.0,climatology_municipal,0.1,2024-05
2302701,Campos Sales,CE,2024,5,0.0,climatology_municipal,0.0,2024-05
2304202,Crato,CE,2024,5,0.0,climatology_municipal,0.05,2024-05
2304301,Farias Brito,CE,2024,5,0.0,climatology_municipal,0.0,2024-05
2307106,Jardim,CE,2024,5,0.0,climatology_municipal,0.15,2024-05
2307205,Jati,CE,2024,5,0.0,climatology_municipal,0.0,2024-05
2308401,Missão Velha,CE,2024,5,3.0,climatology_municipal,0.05,2024-05
2309201,Nova Olinda,CE,2024,5,0.0,climatology_municipal,0.15,2024-05
2310605,Penaforte,CE,2024,5,0.0,climatology_municipal,0.0,2024-05
2311108,Porteiras,CE,2024,5,0.0,climatology_municipal,0.05,2024-05
2311207,Potengi,CE,2024,5,0.0,climatology_municipal,0.05,2024-05
2311959,Salitre,CE,2024,5,0.0,climatology_municipal,0.05,2024-05
2312106,Santana do Cariri,CE,2024,5,0.0,climatology_municipal,0.1,2024-05
2601102,Araripina,PE,2024,5,0.0,climatology_municipal,0.1,2024-05
2602001,Bodocó,PE,2024,5,8.0,climatology_municipal,0.1,2024-05
2604304,Cedro,PE,2024,5,0.0,climatology_municipal,0.0,2024-05
2605301,Exu,PE,2024,5,0.0,climatology_municipal,0.15,2024-05
2607307,Ipubi,PE,2024,5,0.0,climatology_municipal,0.05,2024-05
2614006,Serrita,PE,2024,5,0.0,climatology_municipal,0.0,2024-05
2614303,Moreilândia,PE,2024,5,0.0,climatology_municipal,0.0,2024-05
2615607,Trindade,PE,2024,5,0.0,climatology_municipal,0.0,2024-05
2200277,Alegrete do Piauí,PI,2024,5,0.0,climatology_apa_intensity12,0.0,2024-05
2202091,Caldeirão Grande do Piauí,PI,2024,5,0.0,climatology_apa_intensity12,0.0,2024-05
2202554,Caridade do Piauí,PI,2024,5,0.0,climatology_apa_intensity12,0.0,2024-05
2203271,Curral Novo do Piauí,PI,2024,5,0.0,climatology_apa_intensity12,0.338025575070752,2024-05
2204154,Francisco Macedo,PI,2024,5,0.0,climatology_apa_intensity12,0.0,2024-05
2204303,Fronteiras,PI,2024,5,0.0,climatology_apa_intensity12,0.0,2024-05
2205953,Marcolândia,PI,2024,5,0.0,climatology_apa_intensity12,0.0,2024-05
2207207,Padre Marcos,PI,2024,5,0.0,climatology_apa_intensity12,0.0,2024-05
2210300,São Julião,PI,2024,5,0.0,climatology_apa_intensity12,0.0,2024-05
2210706,Simões,PI,2024,5,0.0,climatology_apa_intensity12,0.0,2024-05
2300101,Abaiara,CE,2024,5,0.0,climatology_apa_intensity12,0.084506393767688,2024-05
2300606,Altaneira,CE,2024,5,0.0,climatology_apa_intensity12,0.0,2024-05
2301307,Araripe,CE,2024,5,5.0,climatology_apa_intensity12,0.42253196883843996,2024-05
2301604,Assaré,CE,2024,5,0.0,climatology_apa_intensity12,0.0,2024-05
2301901,Barbalha,CE,2024,5,0.0,climatology_apa_intensity12,0.0,2024-05
2302503,Brejo Santo,CE,2024,5,0.0,climatology_apa_intensity12,0.169012787535376,2024-05
2302701,Campos Sales,CE,2024,5,0.0,climatology_apa_intensity12,0.0,2024-05
2304202,Crato,CE,2024,5,0.0,climatology_apa_intensity12,0.084506393767688,2024-05
2304301,Farias Brito,CE,2024,5,0.0,climatology_apa_intensity12,0.0,2024-05
2307106,Jardim,CE,2024,5,0.0,climatology_apa_intensity12,0.25351918130306395,2024-05
2307205,Jati,CE,2024,5,0.0,climatology_apa_intensity12,0.0,2024-05
2308401,Missão Velha,CE,2024,5,3.0,climatology_apa_intensity12,0.084506393767688,2024-05
2309201,Nova Olinda,CE,2024,5,0.0,climatology_apa_intensity12,0.25351918130306395,2024-05
2310605,Penaforte,CE,2024,5,0.0,climatology_apa_intensity12,0.0,2024-05
2311108,Porteiras,CE,2024,5,0.0,climatology_apa_intensity12,0.084506393767688,2024-05
2311207,Potengi,CE,2024,5,0.0,climatology_apa_intensity12,0.084506393767688,2024-05
2311959,Salitre,CE,2024,5,0.0,climatology_apa_intensity12,0.084506393767688,2024-05
2312106,Santana do Cariri,CE,2024,5,0.0,climatology_apa_intensity12,0.169012787535376,2024-05
2601102,Araripina,PE,2024,5,0.0,climatology_apa_intensity12,0.169012787535376,2024-05
2602001,Bodocó,PE,2024,5,8.0,climatology_apa_intensity12,0.169012787535376,2024-05
2604304,Cedro,PE,2024,5,0.0,climatology_apa_intensity12,0.0,2024-05
2605301,Exu,PE,2024,5,0.0,climatology_apa_intensity12,0.25351918130306395,2024-05
2607307,Ipubi,PE,2024,5,0.0,climatology_apa_intensity12,0.084506393767688,2024-05
2614006,Serrita,PE,2024,5,0.0,climatology_apa_intensity12,0.0,2024-05
2614303,Moreilândia,PE,2024,5,0.0,climatology_apa_intensity12,0.0,2024-05
2615607,Trindade,PE,2024,5,0.0,climatology_apa_intensity12,0.0,2024-05
2200277,Alegrete do Piauí,PI,2024,6,0.0,climatology_municipal,0.0,2024-06
2202091,Caldeirão Grande do Piauí,PI,2024,6,0.0,climatology_municipal,0.15,2024-06
2202554,Caridade do Piauí,PI,2024,6,0.0,climatology_municipal,0.0,2024-06
2203271,Curral Novo do Piauí,PI,2024,6,0.0,climatology_municipal,0.0,2024-06
2204154,Francisco Macedo,PI,2024,6,0.0,climatology_municipal,0.0,2024-06
2204303,Fronteiras,PI,2024,6,0.0,climatology_municipal,0.0,2024-06
2205953,Marcolândia,PI,2024,6,0.0,climatology_municipal,0.0,2024-06
2207207,Padre Marcos,PI,2024,6,0.0,climatology_municipal,0.0,2024-06
2210300,São Julião,PI,2024,6,0.0,climatology_municipal,0.0,2024-06
2210706,Simões,PI,2024,6,0.0,climatology_municipal,0.05,2024-06
2300101,Abaiara,CE,2024,6,0.0,climatology_municipal,0.15,2024-06
2300606,Altaneira,CE,2024,6,0.0,climatology_municipal,0.0,2024-06
2301307,Araripe,CE,2024,6,4.0,climatology_municipal,0.15,2024-06
2301604,Assaré,CE,2024,6,0.0,climatology_municipal,0.0,2024-06
2301901,Barbalha,CE,2024,6,0.0,climatology_municipal,0.15,2024-06
2302503,Brejo Santo,CE,2024,6,1.0,climatology_municipal,0.3,2024-06
2302701,Campos Sales,CE,2024,6,0.0,climatology_municipal,0.0,2024-06
2304202,Crato,CE,2024,6,0.0,climatology_municipal,0.05,2024-06
2304301,Farias Brito,CE,2024,6,0.0,climatology_municipal,0.0,2024-06
2307106,Jardim,CE,2024,6,0.0,climatology_municipal,0.05,2024-06
2307205,Jati,CE,2024,6,0.0,climatology_municipal,0.0,2024-06
2308401,Missão Velha,CE,2024,6,1.0,climatology_municipal,0.1,2024-06
2309201,Nova Olinda,CE,2024,6,0.0,climatology_municipal,0.0,2024-06
2310605,Penaforte,CE,2024,6,0.0,climatology_municipal,0.0,2024-06
2311108,Porteiras,CE,2024,6,0.0,climatology_municipal,0.05,2024-06
2311207,Potengi,CE,2024,6,0.0,climatology_municipal,0.0,2024-06
2311959,Salitre,CE,2024,6,0.0,climatology_municipal,0.1,2024-06
2312106,Santana do Cariri,CE,2024,6,3.0,climatology_municipal,0.1,2024-06
2601102,Araripina,PE,2024,6,0.0,climatology_municipal,0.5,2024-06
2602001,Bodocó,PE,2024,6,2.0,climatology_municipal,0.05,2024-06
2604304,Cedro,PE,2024,6,0.0,climatology_municipal,0.2,2024-06
2605301,Exu,PE,2024,6,0.0,climatology_municipal,0.1,2024-06
2607307,Ipubi,PE,2024,6,0.0,climatology_municipal,0.2,2024-06
2614006,Serrita,PE,2024,6,0.0,climatology_municipal,0.0,2024-06
2614303,Moreilândia,PE,2024,6,0.0,climatology_municipal,0.1,2024-06
2615607,Trindade,PE,2024,6,0.0,climatology_municipal,0.0,2024-06
2200277,Alegrete do Piauí,PI,2024,6,0.0,climatology_apa_intensity12,0.0,2024-06
2202091,Caldeirão Grande do Piauí,PI,2024,6,0.0,climatology_apa_intensity12,0.25561454030232494,2024-06
2202554,Caridade do Piauí,PI,2024,6,0.0,climatology_apa_intensity12,0.0,2024-06
2203271,Curral Novo do Piauí,PI,2024,6,0.0,climatology_apa_intensity12,0.0,2024-06
2204154,Francisco Macedo,PI,2024,6,0.0,climatology_apa_intensity12,0.0,2024-06
2204303,Fronteiras,PI,2024,6,0.0,climatology_apa_intensity12,0.0,2024-06
2205953,Marcolândia,PI,2024,6,0.0,climatology_apa_intensity12,0.0,2024-06
2207207,Padre Marcos,PI,2024,6,0.0,climatology_apa_intensity12,0.0,2024-06
2210300,São Julião,PI,2024,6,0.0,climatology_apa_intensity12,0.0,2024-06
2210706,Simões,PI,2024,6,0.0,climatology_apa_intensity12,0.08520484676744167,2024-06
2300101,Abaiara,CE,2024,6,0.0,climatology_apa_intensity12,0.25561454030232494,2024-06
2300606,Altaneira,CE,2024,6,0.0,climatology_apa_intensity12,0.0,2024-06
2301307,Araripe,CE,2024,6,4.0,climatology_apa_intensity12,0.25561454030232494,2024-06
2301604,Assaré,CE,2024,6,0.0,climatology_apa_intensity12,0.0,2024-06
2301901,Barbalha,CE,2024,6,0.0,climatology_apa_intensity12,0.25561454030232494,2024-06
2302503,Brejo Santo,CE,2024,6,1.0,climatology_apa_intensity12,0.5112290806046499,2024-06
2302701,Campos Sales,CE,2024,6,0.0,climatology_apa_intensity12,0.0,2024-06
2304202,Crato,CE,2024,6,0.0,climatology_apa_intensity12,0.08520484676744167,2024-06
2304301,Farias Brito,CE,2024,6,0.0,climatology_apa_intensity12,0.0,2024-06
2307106,Jardim,CE,2024,6,0.0,climatology_apa_intensity12,0.08520484676744167,2024-06
2307205,Jati,CE,2024,6,0.0,climatology_apa_intensity12,0.0,2024-06
2308401,Missão Velha,CE,2024,6,1.0,climatology_apa_intensity12,0.17040969353488333,2024-06
2309201,Nova Olinda,CE,2024,6,0.0,climatology_apa_intensity12,0.0,2024-06
2310605,Penaforte,CE,2024,6,0.0,climatology_apa_intensity12,0.0,2024-06
2311108,Porteiras,CE,2024,6,0.0,climatology_apa_intensity12,0.08520484676744167,2024-06
2311207,Potengi,CE,2024,6,0.0,climatology_apa_intensity12,0.0,2024-06
2311959,Salitre,CE,2024,6,0.0,climatology_apa_intensity12,0.17040969353488333,2024-06
2312106,Santana do Cariri,CE,2024,6,3.0,climatology_apa_intensity12,0.17040969353488333,2024-06
2601102,Araripina,PE,2024,6,0.0,climatology_apa_intensity12,0.8520484676744166,2024-06
2602001,Bodocó,PE,2024,6,2.0,climatology_apa_intensity12,0.08520484676744167,2024-06
2604304,Cedro,PE,2024,6,0.0,climatology_apa_intensity12,0.34081938706976667,2024-06
2605301,Exu,PE,2024,6,0.0,climatology_apa_intensity12,0.17040969353488333,2024-06
2607307,Ipubi,PE,2024,6,0.0,climatology_apa_intensity12,0.34081938706976667,2024-06
2614006,Serrita,PE,2024,6,0.0,climatology_apa_intensity12,0.0,2024-06
2614303,Moreilândia,PE,2024,6,0.0,climatology_apa_intensity12,0.17040969353488333,2024-06
2615607,Trindade,PE,2024,6,0.0,climatology_apa_intensity12,0.0,2024-06
2200277,Alegrete do Piauí,PI,2024,7,0.0,climatology_municipal,0.0,2024-07
2202091,Caldeirão Grande do Piauí,PI,2024,7,0.0,climatology_municipal,0.05,2024-07
2202554,Caridade do Piauí,PI,2024,7,0.0,climatology_municipal,0.0,2024-07
2203271,Curral Novo do Piauí,PI,2024,7,0.0,climatology_municipal,0.1,2024-07
2204154,Francisco Macedo,PI,2024,7,0.0,climatology_municipal,0.05,2024-07
2204303,Fronteiras,PI,2024,7,0.0,climatology_municipal,0.25,2024-07
2205953,Marcolândia,PI,2024,7,0.0,climatology_municipal,0.0,2024-07
2207207,Padre Marcos,PI,2024,7,0.0,climatology_municipal,0.0,2024-07
2210300,São Julião,PI,2024,7,1.0,climatology_municipal,0.0,2024-07
2210706,Simões,PI,2024,7,0.0,climatology_municipal,0.1,2024-07
2300101,Abaiara,CE,2024,7,0.0,climatology_municipal,0.15,2024-07
2300606,Altaneira,CE,2024,7,0.0,climatology_municipal,0.0,2024-07
2301307,Araripe,CE,2024,7,1.0,climatology_municipal,0.35,2024-07
2301604,Assaré,CE,2024,7,0.0,climatology_municipal,0.05,2024-07
2301901,Barbalha,CE,2024,7,0.0,climatology_municipal,0.35,2024-07
2302503,Brejo Santo,CE,2024,7,2.0,climatology_municipal,0.2,2024-07
2302701,Campos Sales,CE,2024,7,1.0,climatology_municipal,0.25,2024-07
2304202,Crato,CE,2024,7,0.0,climatology_municipal,0.0,2024-07
2304301,Farias Brito,CE,2024,7,0.0,climatology_municipal,0.2,2024-07
2307106,Jardim,CE,2024,7,0.0,climatology_municipal,0.05,2024-07
2307205,Jati,CE,2024,7,0.0,climatology_municipal,0.0,2024-07
2308401,Missão Velha,CE,2024,7,0.0,climatology_municipal,0.15,2024-07
2309201,Nova Olinda,CE,2024,7,0.0,climatology_municipal,0.4,2024-07
2310605,Penaforte,CE,2024,7,0.0,climatology_municipal,0.05,2024-07
2311108,Porteiras,CE,2024,7,0.0,climatology_municipal,0.15,2024-07
2311207,Potengi,CE,2024,7,0.0,climatology_municipal,0.15,2024-07
2311959,Salitre,CE,2024,7,0.0,climatology_municipal,0.4,2024-07
2312106,Santana do Cariri,CE,2024,7,6.0,climatology_municipal,0.45,2024-07
2601102,Araripina,PE,2024,7,0.0,climatology_municipal,1.3,2024-07
2602001,Bodocó,PE,2024,7,1.0,climatology_municipal,0.4,2024-07
2604304,Cedro,PE,2024,7,0.0,climatology_municipal,0.0,2024-07
2605301,Exu,PE,2024,7,2.0,climatology_municipal,0.05,2024-07
2607307,Ipubi,PE,2024,7,5.0,climatology_municipal,0.3,2024-07
2614006,Serrita,PE,2024,7,0.0,climatology_municipal,0.0,2024-07
2614303,Moreilândia,PE,2024,7,0.0,climatology_municipal,0.1,2024-07
2615607,Trindade,PE,2024,7,1.0,climatology_municipal,0.0,2024-07
2200277,Alegrete do Piauí,PI,2024,7,0.0,climatology_apa_intensity12,0.0,2024-07
2202091,Caldeirão Grande do Piauí,PI,2024,7,0.0,climatology_apa_intensity12,0.0854825558940909,2024-07
2202554,Caridade do Piauí,PI,2024,7,0.0,climatology_apa_intensity12,0.0,2024-07
2203271,Curral Novo do Piauí,PI,2024,7,0.0,climatology_apa_intensity12,0.1709651117881818,2024-07
2204154,Francisco Macedo,PI,2024,7,0.0,climatology_apa_intensity12,0.0854825558940909,2024-07
2204303,Fronteiras,PI,2024,7,0.0,climatology_apa_intensity12,0.4274127794704545,2024-07
2205953,Marcolândia,PI,2024,7,0.0,climatology_apa_intensity12,0.0,2024-07
2207207,Padre Marcos,PI,2024,7,0.0,climatology_apa_intensity12,0.0,2024-07
2210300,São Julião,PI,2024,7,1.0,climatology_apa_intensity12,0.0,2024-07
2210706,Simões,PI,2024,7,0.0,climatology_apa_intensity12,0.1709651117881818,2024-07
2300101,Abaiara,CE,2024,7,0.0,climatology_apa_intensity12,0.2564476676822727,2024-07
2300606,Altaneira,CE,2024,7,0.0,climatology_apa_intensity12,0.0,2024-07
2301307,Araripe,CE,2024,7,1.0,climatology_apa_intensity12,0.5983778912586363,2024-07
2301604,Assaré,CE,2024,7,0.0,climatology_apa_intensity12,0.0854825558940909,2024-07
2301901,Barbalha,CE,2024,7,0.0,climatology_apa_intensity12,0.5983778912586363,2024-07
2302503,Brejo Santo,CE,2024,7,2.0,climatology_apa_intensity12,0.3419302235763636,2024-07
2302701,Campos Sales,CE,2024,7,1.0,climatology_apa_intensity12,0.4274127794704545,2024-07
2304202,Crato,CE,2024,7,0.0,climatology_apa_intensity12,0.0,2024-07
2304301,Farias Brito,CE,2024,7,0.0,climatology_apa_intensity12,0.3419302235763636,2024-07
2307106,Jardim,CE,2024,7,0.0,climatology_apa_intensity12,0.0854825558940909,2024-07
2307205,Jati,CE,2024,7,0.0,climatology_apa_intensity12,0.0,2024-07
2308401,Missão Velha,CE,2024,7,0.0,climatology_apa_intensity12,0.2564476676822727,2024-07
2309201,Nova Olinda,CE,2024,7,0.0,climatology_apa_intensity12,0.6838604471527272,2024-07
2310605,Penaforte,CE,2024,7,0.0,climatology_apa_intensity12,0.0854825558940909,2024-07
2311108,Porteiras,CE,2024,7,0.0,climatology_apa_intensity12,0.2564476676822727,2024-07
2311207,Potengi,CE,2024,7,0.0,climatology_apa_intensity12,0.2564476676822727,2024-07
2311959,Salitre,CE,2024,7,0.0,climatology_apa_intensity12,0.6838604471527272,2024-07
2312106,Santana do Cariri,CE,2024,7,6.0,climatology_apa_intensity12,0.769343003046818,2024-07
2601102,Araripina,PE,2024,7,0.0,climatology_apa_intensity12,2.2225464532463635,2024-07
2602001,Bodocó,PE,2024,7,1.0,climatology_apa_intensity12,0.6838604471527272,2024-07
2604304,Cedro,PE,2024,7,0.0,climatology_apa_intensity12,0.0,2024-07
2605301,Exu,PE,2024,7,2.0,climatology_apa_intensity12,0.0854825558940909,2024-07
2607307,Ipubi,PE,2024,7,5.0,climatology_apa_intensity12,0.5128953353645453,2024-07
2614006,Serrita,PE,2024,7,0.0,climatology_apa_intensity12,0.0,2024-07
2614303,Moreilândia,PE,2024,7,0.0,climatology_apa_intensity12,0.1709651117881818,2024-07
2615607,Trindade,PE,2024,7,1.0,climatology_apa_intensity12,0.0,2024-07
2200277,Alegrete do Piauí,PI,2024,8,0.0,climatology_municipal,0.05,2024-08
2202091,Caldeirão Grande do Piauí,PI,2024,8,0.0,climatology_municipal,0.25,2024-08
2202554,Caridade do Piauí,PI,2024,8,0.0,climatology_municipal,0.05,2024-08
2203271,Curral Novo do Piauí,PI,2024,8,1.0,climatology_municipal,0.1,2024-08
2204154,Francisco Macedo,PI,2024,8,0.0,climatology_municipal,0.0,2024-08
2204303,Fronteiras,PI,2024,8,2.0,climatology_municipal,0.25,2024-08
2205953,Marcolândia,PI,2024,8,0.0,climatology_municipal,0.1,2024-08
2207207,Padre Marcos,PI,2024,8,0.0,climatology_municipal,0.15,2024-08
2210300,São Julião,PI,2024,8,0.0,climatology_municipal,0.0,2024-08
2210706,Simões,PI,2024,8,0.0,climatology_municipal,0.3,2024-08
2300101,Abaiara,CE,2024,8,0.0,climatology_municipal,0.35,2024-08
2300606,Altaneira,CE,2024,8,0.0,climatology_municipal,0.0,2024-08
2301307,Araripe,CE,2024,8,5.0,climatology_municipal,0.85,2024-08
2301604,Assaré,CE,2024,8,1.0,climatology_municipal,0.9,2024-08
2301901,Barbalha,CE,2024,8,1.0,climatology_municipal,1.4,2024-08
2302503,Brejo Santo,CE,2024,8,0.0,climatology_municipal,0.2,2024-08
2302701,Campos Sales,CE,2024,8,4.0,climatology_municipal,0.3,2024-08
2304202,Crato,CE,2024,8,4.0,climatology_municipal,1.55,2024-08
2304301,Farias Brito,CE,2024,8,0.0,climatology_municipal,0.15,2024-08
2307106,Jardim,CE,2024,8,0.0,climatology_municipal,0.15,2024-08
2307205,Jati,CE,2024,8,0.0,climatology_municipal,0.0,2024-08
2308401,Missão Velha,CE,2024,8,6.0,climatology_municipal,0.85,2024-08
2309201,Nova Olinda,CE,2024,8,1.0,climatology_municipal,0.2,2024-08
2310605,Penaforte,CE,2024,8,0.0,climatology_municipal,0.0,2024-08
2311108,Porteiras,CE,2024,8,0.0,climatology_municipal,0.15,2024-08
2311207,Potengi,CE,2024,8,1.0,climatology_municipal,0.0,2024-08
2311959,Salitre,CE,2024,8,0.0,climatology_municipal,0.55,2024-08
2312106,Santana do Cariri,CE,2024,8,6.0,climatology_municipal,0.75,2024-08
2601102,Araripina,PE,2024,8,1.0,climatology_municipal,1.95,2024-08
2602001,Bodocó,PE,2024,8,9.0,climatology_municipal,0.95,2024-08
2604304,Cedro,PE,2024,8,0.0,climatology_municipal,0.0,2024-08
2605301,Exu,PE,2024,8,6.0,climatology_municipal,0.6,2024-08
2607307,Ipubi,PE,2024,8,0.0,climatology_municipal,1.05,2024-08
2614006,Serrita,PE,2024,8,2.0,climatology_municipal,0.2,2024-08
2614303,Moreilândia,PE,2024,8,0.0,climatology_municipal,0.0,2024-08
2615607,Trindade,PE,2024,8,0.0,climatology_municipal,0.6,2024-08
2200277,Alegrete do Piauí,PI,2024,8,0.0,climatology_apa_intensity12,0.08470205591677106,2024-08
2202091,Caldeirão Grande do Piauí,PI,2024,8,0.0,climatology_apa_intensity12,0.4235102795838553,2024-08
2202554,Caridade do Piauí,PI,2024,8,0.0,climatology_apa_intensity12,0.08470205591677106,2024-08
2203271,Curral Novo do Piauí,PI,2024,8,1.0,climatology_apa_intensity12,0.16940411183354212,2024-08
2204154,Francisco Macedo,PI,2024,8,0.0,climatology_apa_intensity12,0.0,2024-08
2204303,Fronteiras,PI,2024,8,2.0,climatology_apa_intensity12,0.4235102795838553,2024-08
2205953,Marcolândia,PI,2024,8,0.0,climatology_apa_intensity12,0.16940411183354212,2024-08
2207207,Padre Marcos,PI,2024,8,0.0,climatology_apa_intensity12,0.25410616775031314,2024-08
2210300,São Julião,PI,2024,8,0.0,climatology_apa_intensity12,0.0,2024-08
2210706,Simões,PI,2024,8,0.0,climatology_apa_intensity12,0.5082123355006263,2024-08
2300101,Abaiara,CE,2024,8,0.0,climatology_apa_intensity12,0.5929143914173973,2024-08
2300606,Altaneira,CE,2024,8,0.0,climatology_apa_intensity12,0.0,2024-08
2301307,Araripe,CE,2024,8,5.0,climatology_apa_intensity12,1.439934950585108,2024-08
2301604,Assaré,CE,2024,8,1.0,climatology_apa_intensity12,1.524637006501879,2024-08
2301901,Barbalha,CE,2024,8,1.0,climatology_apa_intensity12,2.3716575656695893,2024-08
2302503,Brejo Santo,CE,2024,8,0.0,climatology_apa_intensity12,0.33880822366708424,2024-08
2302701,Campos Sales,CE,2024,8,4.0,climatology_apa_intensity12,0.5082123355006263,2024-08
2304202,Crato,CE,2024,8,4.0,climatology_apa_intensity12,2.6257637334199027,2024-08
2304301,Farias Brito,CE,2024,8,0.0,climatology_apa_intensity12,0.25410616775031314,2024-08
2307106,Jardim,CE,2024,8,0.0,climatology_apa_intensity12,0.25410616775031314,2024-08
2307205,Jati,CE,2024,8,0.0,climatology_apa_intensity12,0.0,2024-08
2308401,Missão Velha,CE,2024,8,6.0,climatology_apa_intensity12,1.439934950585108,2024-08
2309201,Nova Olinda,CE,2024,8,1.0,climatology_apa_intensity12,0.33880822366708424,2024-08
2310605,Penaforte,CE,2024,8,0.0,climatology_apa_intensity12,0.0,2024-08
2311108,Porteiras,CE,2024,8,0.0,climatology_apa_intensity12,0.25410616775031314,2024-08
2311207,Potengi,CE,2024,8,1.0,climatology_apa_intensity12,0.0,2024-08
2311959,Salitre,CE,2024,8,0.0,climatology_apa_intensity12,0.9317226150844817,2024-08
2312106,Santana do Cariri,CE,2024,8,6.0,climatology_apa_intensity12,1.270530838751566,2024-08
2601102,Araripina,PE,2024,8,1.0,climatology_apa_intensity12,3.303380180754071,2024-08
2602001,Bodocó,PE,2024,8,9.0,climatology_apa_intensity12,1.60933906241865,2024-08
2604304,Cedro,PE,2024,8,0.0,climatology_apa_intensity12,0.0,2024-08
2605301,Exu,PE,2024,8,6.0,climatology_apa_intensity12,1.0164246710012526,2024-08
2607307,Ipubi,PE,2024,8,0.0,climatology_apa_intensity12,1.7787431742521922,2024-08
2614006,Serrita,PE,2024,8,2.0,climatology_apa_intensity12,0.33880822366708424,2024-08
2614303,Moreilândia,PE,2024,8,0.0,climatology_apa_intensity12,0.0,2024-08
2615607,Trindade,PE,2024,8,0.0,climatology_apa_intensity12,1.0164246710012526,2024-08
2200277,Alegrete do Piauí,PI,2024,9,0.0,climatology_municipal,0.7,2024-09
2202091,Caldeirão Grande do Piauí,PI,2024,9,2.0,climatology_municipal,1.85,2024-09
2202554,Caridade do Piauí,PI,2024,9,0.0,climatology_municipal,1.95,2024-09
2203271,Curral Novo do Piauí,PI,2024,9,3.0,climatology_municipal,2.2,2024-09
2204154,Francisco Macedo,PI,2024,9,1.0,climatology_municipal,0.4,2024-09
2204303,Fronteiras,PI,2024,9,0.0,climatology_municipal,3.35,2024-09
2205953,Marcolândia,PI,2024,9,0.0,climatology_municipal,0.6,2024-09
2207207,Padre Marcos,PI,2024,9,0.0,climatology_municipal,0.1,2024-09
2210300,São Julião,PI,2024,9,1.0,climatology_municipal,1.55,2024-09
2210706,Simões,PI,2024,9,0.0,climatology_municipal,1.85,2024-09
2300101,Abaiara,CE,2024,9,2.0,climatology_municipal,0.5,2024-09
2300606,Altaneira,CE,2024,9,0.0,climatology_municipal,0.3,2024-09
2301307,Araripe,CE,2024,9,8.0,climatology_municipal,7.2,2024-09
2301604,Assaré,CE,2024,9,0.0,climatology_municipal,2.0,2024-09
2301901,Barbalha,CE,2024,9,1.0,climatology_municipal,3.1,2024-09
2302503,Brejo Santo,CE,2024,9,1.0,climatology_municipal,2.0,2024-09
2302701,Campos Sales,CE,2024,9,0.0,climatology_municipal,1.7,2024-09
2304202,Crato,CE,2024,9,0.0,climatology_municipal,4.05,2024-09
2304301,Farias Brito,CE,2024,9,3.0,climatology_municipal,3.1,2024-09
2307106,Jardim,CE,2024,9,0.0,climatology_municipal,1.7,2024-09
2307205,Jati,CE,2024,9,2.0,climatology_municipal,0.5,2024-09
2308401,Missão Velha,CE,2024,9,3.0,climatology_municipal,3.1,2024-09
2309201,Nova Olinda,CE,2024,9,0.0,climatology_municipal,0.75,2024-09
2310605,Penaforte,CE,2024,9,0.0,climatology_municipal,0.0,2024-09
2311108,Porteiras,CE,2024,9,0.0,climatology_municipal,0.85,2024-09
2311207,Potengi,CE,2024,9,0.0,climatology_municipal,1.65,2024-09
2311959,Salitre,CE,2024,9,1.0,climatology_municipal,2.1,2024-09
2312106,Santana do Cariri,CE,2024,9,13.0,climatology_municipal,2.65,2024-09
2601102,Araripina,PE,2024,9,13.0,climatology_municipal,10.5,2024-09
2602001,Bodocó,PE,2024,9,6.0,climatology_municipal,12.7,2024-09
2604304,Cedro,PE,2024,9,0.0,climatology_municipal,0.15,2024-09
2605301,Exu,PE,2024,9,6.0,climatology_municipal,3.6,2024-09
2607307,Ipubi,PE,2024,9,7.0,climatology_municipal,4.4,2024-09
2614006,Serrita,PE,2024,9,0.0,climatology_municipal,4.15,2024-09
2614303,Moreilândia,PE,2024,9,0.0,climatology_municipal,1.25,2024-09
2615607,Trindade,PE,2024,9,5.0,climatology_municipal,1.3,2024-09
2200277,Alegrete do Piauí,PI,2024,9,0.0,climatology_apa_intensity12,1.1904761904761902,2024-09
2202091,Caldeirão Grande do Piauí,PI,2024,9,2.0,climatology_apa_intensity12,3.1462585034013606,2024-09
2202554,Caridade do Piauí,PI,2024,9,0.0,climatology_apa_intensity12,3.3163265306122445,2024-09
2203271,Curral Novo do Piauí,PI,2024,9,3.0,climatology_apa_intensity12,3.741496598639456,2024-09
2204154,Francisco Macedo,PI,2024,9,1.0,climatology_apa_intensity12,0.6802721088435374,2024-09
2204303,Fronteiras,PI,2024,9,0.0,climatology_apa_intensity12,5.697278911564625,2024-09
2205953,Marcolândia,PI,2024,9,0.0,climatology_apa_intensity12,1.020408163265306,2024-09
2207207,Padre Marcos,PI,2024,9,0.0,climatology_apa_intensity12,0.17006802721088435,2024-09
2210300,São Julião,PI,2024,9,1.0,climatology_apa_intensity12,2.636054421768707,2024-09
2210706,Simões,PI,2024,9,0.0,climatology_apa_intensity12,3.1462585034013606,2024-09
2300101,Abaiara,CE,2024,9,2.0,climatology_apa_intensity12,0.8503401360544217,2024-09
2300606,Altaneira,CE,2024,9,0.0,climatology_apa_intensity12,0.510204081632653,2024-09
2301307,Araripe,CE,2024,9,8.0,climatology_apa_intensity12,12.244897959183673,2024-09
2301604,Assaré,CE,2024,9,0.0,climatology_apa_intensity12,3.401360544217687,2024-09
2301901,Barbalha,CE,2024,9,1.0,climatology_apa_intensity12,5.272108843537414,2024-09
2302503,Brejo Santo,CE,2024,9,1.0,climatology_apa_intensity12,3.401360544217687,2024-09
2302701,Campos Sales,CE,2024,9,0.0,climatology_apa_intensity12,2.891156462585034,2024-09
2304202,Crato,CE,2024,9,0.0,climatology_apa_intensity12,6.887755102040815,2024-09
2304301,Farias Brito,CE,2024,9,3.0,climatology_apa_intensity12,5.272108843537414,2024-09
2307106,Jardim,CE,2024,9,0.0,climatology_apa_intensity12,2.891156462585034,2024-09
2307205,Jati,CE,2024,9,2.0,climatology_apa_intensity12,0.8503401360544217,2024-09
2308401,Missão Velha,CE,2024,9,3.0,climatology_apa_intensity12,5.272108843537414,2024-09
2309201,Nova Olinda,CE,2024,9,0.0,climatology_apa_intensity12,1.2755102040816326,2024-09
2310605,Penaforte,CE,2024,9,0.0,climatology_apa_intensity12,0.0,2024-09
2311108,Porteiras,CE,2024,9,0.0,climatology_apa_intensity12,1.445578231292517,2024-09
2311207,Potengi,CE,2024,9,0.0,climatology_apa_intensity12,2.8061224489795915,2024-09
2311959,Salitre,CE,2024,9,1.0,climatology_apa_intensity12,3.571428571428571,2024-09
2312106,Santana do Cariri,CE,2024,9,13.0,climatology_apa_intensity12,4.506802721088435,2024-09
2601102,Araripina,PE,2024,9,13.0,climatology_apa_intensity12,17.857142857142858,2024-09
2602001,Bodocó,PE,2024,9,6.0,climatology_apa_intensity12,21.598639455782312,2024-09
2604304,Cedro,PE,2024,9,0.0,climatology_apa_intensity12,0.2551020408163265,2024-09
2605301,Exu,PE,2024,9,6.0,climatology_apa_intensity12,6.122448979591836,2024-09
2607307,Ipubi,PE,2024,9,7.0,climatology_apa_intensity12,7.482993197278912,2024-09
2614006,Serrita,PE,2024,9,0.0,climatology_apa_intensity12,7.057823129251701,2024-09
2614303,Moreilândia,PE,2024,9,0.0,climatology_apa_intensity12,2.1258503401360542,2024-09
2615607,Trindade,PE,2024,9,5.0,climatology_apa_intensity12,2.2108843537414966,2024-09
2200277,Alegrete do Piauí,PI,2024,10,8.0,climatology_municipal,1.15,2024-10
2202091,Caldeirão Grande do Piauí,PI,2024,10,5.0,climatology_municipal,6.6,2024-10
2202554,Caridade do Piauí,PI,2024,10,11.0,climatology_municipal,9.25,2024-10
2203271,Curral Novo do Piauí,PI,2024,10,16.0,climatology_municipal,5.6,2024-10
2204154,Francisco Macedo,PI,2024,10,4.0,climatology_municipal,2.0,2024-10
2204303,Fronteiras,PI,2024,10,6.0,climatology_municipal,6.55,2024-10
2205953,Marcolândia,PI,2024,10,1.0,climatology_municipal,0.75,2024-10
2207207,Padre Marcos,PI,2024,10,8.0,climatology_municipal,2.3,2024-10
2210300,São Julião,PI,2024,10,0.0,climatology_municipal,1.35,2024-10
2210706,Simões,PI,2024,10,20.0,climatology_municipal,7.85,2024-10
2300101,Abaiara,CE,2024,10,0.0,climatology_municipal,1.9,2024-10
2300606,Altaneira,CE,2024,10,0.0,climatology_municipal,0.4,2024-10
2301307,Araripe,CE,2024,10,16.0,climatology_municipal,11.95,2024-10
2301604,Assaré,CE,2024,10,7.0,climatology_municipal,4.1,2024-10
2301901,Barbalha,CE,2024,10,8.0,climatology_municipal,4.15,2024-10
2302503,Brejo Santo,CE,2024,10,3.0,climatology_municipal,2.55,2024-10
2302701,Campos Sales,CE,2024,10,17.0,climatology_municipal,2.75,2024-10
2304202,Crato,CE,2024,10,20.0,climatology_municipal,8.5,2024-10
2304301,Farias Brito,CE,2024,10,0.0,climatology_municipal,2.9,2024-10
2307106,Jardim,CE,2024,10,3.0,climatology_municipal,2.4,2024-10
2307205,Jati,CE,2024,10,2.0,climatology_municipal,2.45,2024-10
2308401,Missão Velha,CE,2024,10,12.0,climatology_municipal,6.1,2024-10
2309201,Nova Olinda,CE,2024,10,2.0,climatology_municipal,0.95,2024-10
2310605,Penaforte,CE,2024,10,2.0,climatology_municipal,0.2,2024-10
2311108,Porteiras,CE,2024,10,1.0,climatology_municipal,0.5,2024-10
2311207,Potengi,CE,2024,10,3.0,climatology_municipal,1.95,2024-10
2311959,Salitre,CE,2024,10,4.0,climatology_municipal,5.0,2024-10
2312106,Santana do Cariri,CE,2024,10,30.0,climatology_municipal,6.65,2024-10
2601102,Araripina,PE,2024,10,35.0,climatology_municipal,19.95,2024-10
2602001,Bodocó,PE,2024,10,77.0,climatology_municipal,37.95,2024-10
2604304,Cedro,PE,2024,10,2.0,climatology_municipal,0.2,2024-10
2605301,Exu,PE,2024,10,14.0,climatology_municipal,13.3,2024-10
2607307,Ipubi,PE,2024,10,8.0,climatology_municipal,12.1,2024-10
2614006,Serrita,PE,2024,10,37.0,climatology_municipal,10.4,2024-10
2614303,Moreilândia,PE,2024,10,16.0,climatology_municipal,5.6,2024-10
2615607,Trindade,PE,2024,10,2.0,climatology_municipal,2.65,2024-10
2200277,Alegrete do Piauí,PI,2024,10,8.0,climatology_apa_intensity12,1.689838983439607,2024-10
2202091,Caldeirão Grande do Piauí,PI,2024,10,5.0,climatology_apa_intensity12,9.698206339740354,2024-10
2202554,Caridade do Piauí,PI,2024,10,11.0,climatology_apa_intensity12,13.592183127666404,2024-10
2203271,Curral Novo do Piauí,PI,2024,10,16.0,climatology_apa_intensity12,8.22878113674939,2024-10
2204154,Francisco Macedo,PI,2024,10,4.0,climatology_apa_intensity12,2.9388504059819254,2024-10
2204303,Fronteiras,PI,2024,10,6.0,climatology_apa_intensity12,9.624735079590806,2024-10
2205953,Marcolândia,PI,2024,10,1.0,climatology_apa_intensity12,1.102068902243222,2024-10
2207207,Padre Marcos,PI,2024,10,8.0,climatology_apa_intensity12,3.379677966879214,2024-10
2210300,São Julião,PI,2024,10,0.0,climatology_apa_intensity12,1.9837240240377998,2024-10
2210706,Simões,PI,2024,10,20.0,climatology_apa_intensity12,11.534987843479056,2024-10
2300101,Abaiara,CE,2024,10,0.0,climatology_apa_intensity12,2.791907885682829,2024-10
2300606,Altaneira,CE,2024,10,0.0,climatology_apa_intensity12,0.5877700811963851,2024-10
2301307,Araripe,CE,2024,10,16.0,climatology_apa_intensity12,17.559631175742002,2024-10
2301604,Assaré,CE,2024,10,7.0,climatology_apa_intensity12,6.024643332262946,2024-10
2301901,Barbalha,CE,2024,10,8.0,climatology_apa_intensity12,6.098114592412496,2024-10
2302503,Brejo Santo,CE,2024,10,3.0,climatology_apa_intensity12,3.7470342676269546,2024-10
2302701,Campos Sales,CE,2024,10,17.0,climatology_apa_intensity12,4.040919308225147,2024-10
2304202,Crato,CE,2024,10,20.0,climatology_apa_intensity12,12.490114225423183,2024-10
2304301,Farias Brito,CE,2024,10,0.0,climatology_apa_intensity12,4.2613330886737915,2024-10
2307106,Jardim,CE,2024,10,3.0,climatology_apa_intensity12,3.5266204871783104,2024-10
2307205,Jati,CE,2024,10,2.0,climatology_apa_intensity12,3.6000917473278586,2024-10
2308401,Missão Velha,CE,2024,10,12.0,climatology_apa_intensity12,8.963493738244871,2024-10
2309201,Nova Olinda,CE,2024,10,2.0,climatology_apa_intensity12,1.3959539428414145,2024-10
2310605,Penaforte,CE,2024,10,2.0,climatology_apa_intensity12,0.29388504059819254,2024-10
2311108,Porteiras,CE,2024,10,1.0,climatology_apa_intensity12,0.7347126014954813,2024-10
2311207,Potengi,CE,2024,10,3.0,climatology_apa_intensity12,2.865379145832377,2024-10
2311959,Salitre,CE,2024,10,4.0,climatology_apa_intensity12,7.347126014954814,2024-10
2312106,Santana do Cariri,CE,2024,10,30.0,climatology_apa_intensity12,9.771677599889902,2024-10
2601102,Araripina,PE,2024,10,35.0,climatology_apa_intensity12,29.315032799669705,2024-10
2602001,Bodocó,PE,2024,10,77.0,climatology_apa_intensity12,55.76468645350704,2024-10
2604304,Cedro,PE,2024,10,2.0,climatology_apa_intensity12,0.29388504059819254,2024-10
2605301,Exu,PE,2024,10,14.0,climatology_apa_intensity12,19.543355199779803,2024-10
2607307,Ipubi,PE,2024,10,8.0,climatology_apa_intensity12,17.780044956190647,2024-10
2614006,Serrita,PE,2024,10,37.0,climatology_apa_intensity12,15.282022111106013,2024-10
2614303,Moreilândia,PE,2024,10,16.0,climatology_apa_intensity12,8.22878113674939,2024-10
2615607,Trindade,PE,2024,10,2.0,climatology_apa_intensity12,3.893976787926051,2024-10
2200277,Alegrete do Piauí,PI,2024,11,0.0,climatology_municipal,1.35,2024-11
2202091,Caldeirão Grande do Piauí,PI,2024,11,4.0,climatology_municipal,4.65,2024-11
2202554,Caridade do Piauí,PI,2024,11,10.0,climatology_municipal,4.0,2024-11
2203271,Curral Novo do Piauí,PI,2024,11,10.0,climatology_municipal,2.55,2024-11
2204154,Francisco Macedo,PI,2024,11,3.0,climatology_municipal,2.3,2024-11
2204303,Fronteiras,PI,2024,11,7.0,climatology_municipal,7.35,2024-11
2205953,Marcolândia,PI,2024,11,3.0,climatology_municipal,1.2,2024-11
2207207,Padre Marcos,PI,2024,11,5.0,climatology_municipal,2.85,2024-11
2210300,São Julião,PI,2024,11,1.0,climatology_municipal,1.35,2024-11
2210706,Simões,PI,2024,11,27.0,climatology_municipal,7.95,2024-11
2300101,Abaiara,CE,2024,11,9.0,climatology_municipal,2.65,2024-11
2300606,Altaneira,CE,2024,11,4.0,climatology_municipal,0.25,2024-11
2301307,Araripe,CE,2024,11,25.0,climatology_municipal,13.65,2024-11
2301604,Assaré,CE,2024,11,17.0,climatology_municipal,4.85,2024-11
2301901,Barbalha,CE,2024,11,9.0,climatology_municipal,4.15,2024-11
2302503,Brejo Santo,CE,2024,11,6.0,climatology_municipal,4.85,2024-11
2302701,Campos Sales,CE,2024,11,2.0,climatology_municipal,2.75,2024-11
2304202,Crato,CE,2024,11,15.0,climatology_municipal,9.65,2024-11
2304301,Farias Brito,CE,2024,11,8.0,climatology_municipal,3.3,2024-11
2307106,Jardim,CE,2024,11,4.0,climatology_municipal,2.9,2024-11
2307205,Jati,CE,2024,11,9.0,climatology_municipal,2.25,2024-11
2308401,Missão Velha,CE,2024,11,19.0,climatology_municipal,9.2,2024-11
2309201,Nova Olinda,CE,2024,11,5.0,climatology_municipal,3.6,2024-11
2310605,Penaforte,CE,2024,11,2.0,climatology_municipal,0.15,2024-11
2311108,Porteiras,CE,2024,11,4.0,climatology_municipal,1.9,2024-11
2311207,Potengi,CE,2024,11,8.0,climatology_municipal,2.15,2024-11
2311959,Salitre,CE,2024,11,9.0,climatology_municipal,8.5,2024-11
2312106,Santana do Cariri,CE,2024,11,11.0,climatology_municipal,11.65,2024-11
2601102,Araripina,PE,2024,11,18.0,climatology_municipal,13.75,2024-11
2602001,Bodocó,PE,2024,11,32.0,climatology_municipal,29.8,2024-11
2604304,Cedro,PE,2024,11,3.0,climatology_municipal,0.15,2024-11
2605301,Exu,PE,2024,11,16.0,climatology_municipal,16.05,2024-11
2607307,Ipubi,PE,2024,11,19.0,climatology_municipal,8.55,2024-11
2614006,Serrita,PE,2024,11,11.0,climatology_municipal,9.65,2024-11
2614303,Moreilândia,PE,2024,11,8.0,climatology_municipal,4.95,2024-11
2615607,Trindade,PE,2024,11,8.0,climatology_municipal,1.35,2024-11
2200277,Alegrete do Piauí,PI,2024,11,0.0,climatology_apa_intensity12,1.9113361107248024,2024-11
2202091,Caldeirão Grande do Piauí,PI,2024,11,4.0,climatology_apa_intensity12,6.583491048052097,2024-11
2202554,Caridade do Piauí,PI,2024,11,10.0,climatology_apa_intensity12,5.663218105851266,2024-11
2203271,Curral Novo do Piauí,PI,2024,11,10.0,climatology_apa_intensity12,3.610301542480182,2024-11
2204154,Francisco Macedo,PI,2024,11,3.0,climatology_apa_intensity12,3.256350410864478,2024-11
2204303,Fronteiras,PI,2024,11,7.0,climatology_apa_intensity12,10.4061632695017,2024-11
2205953,Marcolândia,PI,2024,11,3.0,climatology_apa_intensity12,1.6989654317553797,2024-11
2207207,Padre Marcos,PI,2024,11,5.0,climatology_apa_intensity12,4.035042900419027,2024-11
2210300,São Julião,PI,2024,11,1.0,climatology_apa_intensity12,1.9113361107248024,2024-11
2210706,Simões,PI,2024,11,27.0,climatology_apa_intensity12,11.255645985379392,2024-11
2300101,Abaiara,CE,2024,11,9.0,climatology_apa_intensity12,3.7518819951264635,2024-11
2300606,Altaneira,CE,2024,11,4.0,climatology_apa_intensity12,0.35395113161570413,2024-11
2301307,Araripe,CE,2024,11,25.0,climatology_apa_intensity12,19.325731786217446,2024-11
2301604,Assaré,CE,2024,11,17.0,climatology_apa_intensity12,6.866651953344659,2024-11
2301901,Barbalha,CE,2024,11,9.0,climatology_apa_intensity12,5.875588784820689,2024-11
2302503,Brejo Santo,CE,2024,11,6.0,climatology_apa_intensity12,6.866651953344659,2024-11
2302701,Campos Sales,CE,2024,11,2.0,climatology_apa_intensity12,3.8934624477727455,2024-11
2304202,Crato,CE,2024,11,15.0,climatology_apa_intensity12,13.66251368036618,2024-11
2304301,Farias Brito,CE,2024,11,8.0,climatology_apa_intensity12,4.672154937327294,2024-11
2307106,Jardim,CE,2024,11,4.0,climatology_apa_intensity12,4.1058331267421675,2024-11
2307205,Jati,CE,2024,11,9.0,climatology_apa_intensity12,3.185560184541337,2024-11
2308401,Missão Velha,CE,2024,11,19.0,climatology_apa_intensity12,13.025401643457911,2024-11
2309201,Nova Olinda,CE,2024,11,5.0,climatology_apa_intensity12,5.09689629526614,2024-11
2310605,Penaforte,CE,2024,11,2.0,climatology_apa_intensity12,0.21237067896942247,2024-11
2311108,Porteiras,CE,2024,11,4.0,climatology_apa_intensity12,2.6900286002793514,2024-11
2311207,Potengi,CE,2024,11,8.0,climatology_apa_intensity12,3.0439797318950554,2024-11
2311959,Salitre,CE,2024,11,9.0,climatology_apa_intensity12,12.034338474933941,2024-11
2312106,Santana do Cariri,CE,2024,11,11.0,climatology_apa_intensity12,16.494122733291814,2024-11
2601102,Araripina,PE,2024,11,18.0,climatology_apa_intensity12,19.467312238863727,2024-11
2602001,Bodocó,PE,2024,11,32.0,climatology_apa_intensity12,42.19097488859193,2024-11
2604304,Cedro,PE,2024,11,3.0,climatology_apa_intensity12,0.21237067896942247,2024-11
2605301,Exu,PE,2024,11,16.0,climatology_apa_intensity12,22.723662649728205,2024-11
2607307,Ipubi,PE,2024,11,19.0,climatology_apa_intensity12,12.105128701257081,2024-11
2614006,Serrita,PE,2024,11,11.0,climatology_apa_intensity12,13.66251368036618,2024-11
2614303,Moreilândia,PE,2024,11,8.0,climatology_apa_intensity12,7.008232405990942,2024-11
2615607,Trindade,PE,2024,11,8.0,climatology_apa_intensity12,1.9113361107248024,2024-11
2200277,Alegrete do Piauí,PI,2024,12,1.0,climatology_municipal,0.55,2024-12
2202091,Caldeirão Grande do Piauí,PI,2024,12,2.0,climatology_municipal,1.2,2024-12
2202554,Caridade do Piauí,PI,2024,12,1.0,climatology_municipal,1.75,2024-12
2203271,Curral Novo do Piauí,PI,2024,12,1.0,climatology_municipal,0.55,2024-12
2204154,Francisco Macedo,PI,2024,12,1.0,climatology_municipal,0.95,2024-12
2204303,Fronteiras,PI,2024,12,4.0,climatology_municipal,2.2,2024-12
2205953,Marcolândia,PI,2024,12,3.0,climatology_municipal,1.25,2024-12
2207207,Padre Marcos,PI,2024,12,1.0,climatology_municipal,0.85,2024-12
2210300,São Julião,PI,2024,12,9.0,climatology_municipal,0.5,2024-12
2210706,Simões,PI,2024,12,6.0,climatology_municipal,1.6,2024-12
2300101,Abaiara,CE,2024,12,0.0,climatology_municipal,1.9,2024-12
2300606,Altaneira,CE,2024,12,1.0,climatology_municipal,0.45,2024-12
2301307,Araripe,CE,2024,12,23.0,climatology_municipal,6.7,2024-12
2301604,Assaré,CE,2024,12,8.0,climatology_municipal,5.0,2024-12
2301901,Barbalha,CE,2024,12,2.0,climatology_municipal,2.2,2024-12
2302503,Brejo Santo,CE,2024,12,9.0,climatology_municipal,2.35,2024-12
2302701,Campos Sales,CE,2024,12,5.0,climatology_municipal,1.55,2024-12
2304202,Crato,CE,2024,12,7.0,climatology_municipal,5.85,2024-12
2304301,Farias Brito,CE,2024,12,16.0,climatology_municipal,2.25,2024-12
2307106,Jardim,CE,2024,12,6.0,climatology_municipal,3.45,2024-12
2307205,Jati,CE,2024,12,2.0,climatology_municipal,1.0,2024-12
2308401,Missão Velha,CE,2024,12,10.0,climatology_municipal,7.1,2024-12
2309201,Nova Olinda,CE,2024,12,4.0,climatology_municipal,2.85,2024-12
2310605,Penaforte,CE,2024,12,0.0,climatology_municipal,0.45,2024-12
2311108,Porteiras,CE,2024,12,3.0,climatology_municipal,1.75,2024-12
2311207,Potengi,CE,2024,12,4.0,climatology_municipal,1.3,2024-12
2311959,Salitre,CE,2024,12,8.0,climatology_municipal,3.7,2024-12
2312106,Santana do Cariri,CE,2024,12,17.0,climatology_municipal,10.4,2024-12
2601102,Araripina,PE,2024,12,17.0,climatology_municipal,3.85,2024-12
2602001,Bodocó,PE,2024,12,24.0,climatology_municipal,14.5,2024-12
2604304,Cedro,PE,2024,12,0.0,climatology_municipal,0.3,2024-12
2605301,Exu,PE,2024,12,8.0,climatology_municipal,11.85,2024-12
2607307,Ipubi,PE,2024,12,7.0,climatology_municipal,4.15,2024-12
2614006,Serrita,PE,2024,12,13.0,climatology_municipal,5.05,2024-12
2614303,Moreilândia,PE,2024,12,5.0,climatology_municipal,2.15,2024-12
2615607,Trindade,PE,2024,12,3.0,climatology_municipal,0.6,2024-12
2200277,Alegrete do Piauí,PI,2024,12,1.0,climatology_apa_intensity12,0.8294956567612449,2024-12
2202091,Caldeirão Grande do Piauí,PI,2024,12,2.0,climatology_apa_intensity12,1.8098087056608976,2024-12
2202554,Caridade do Piauí,PI,2024,12,1.0,climatology_apa_intensity12,2.6393043624221426,2024-12
2203271,Curral Novo do Piauí,PI,2024,12,1.0,climatology_apa_intensity12,0.8294956567612449,2024-12
2204154,Francisco Macedo,PI,2024,12,1.0,climatology_apa_intensity12,1.4327652253148773,2024-12
2204303,Fronteiras,PI,2024,12,4.0,climatology_apa_intensity12,3.3179826270449797,2024-12
2205953,Marcolândia,PI,2024,12,3.0,climatology_apa_intensity12,1.8852174017301018,2024-12
2207207,Padre Marcos,PI,2024,12,1.0,climatology_apa_intensity12,1.281947833176469,2024-12
2210300,São Julião,PI,2024,12,9.0,climatology_apa_intensity12,0.7540869606920407,2024-12
2210706,Simões,PI,2024,12,6.0,climatology_apa_intensity12,2.4130782742145307,2024-12
2300101,Abaiara,CE,2024,12,0.0,climatology_apa_intensity12,2.8655304506297545,2024-12
2300606,Altaneira,CE,2024,12,1.0,climatology_apa_intensity12,0.6786782646228366,2024-12
2301307,Araripe,CE,2024,12,23.0,climatology_apa_intensity12,10.104765273273346,2024-12
2301604,Assaré,CE,2024,12,8.0,climatology_apa_intensity12,7.540869606920407,2024-12
2301901,Barbalha,CE,2024,12,2.0,climatology_apa_intensity12,3.3179826270449797,2024-12
2302503,Brejo Santo,CE,2024,12,9.0,climatology_apa_intensity12,3.5442087152525916,2024-12
2302701,Campos Sales,CE,2024,12,5.0,climatology_apa_intensity12,2.3376695781453263,2024-12
2304202,Crato,CE,2024,12,7.0,climatology_apa_intensity12,8.822817440096877,2024-12
2304301,Farias Brito,CE,2024,12,16.0,climatology_apa_intensity12,3.3933913231141832,2024-12
2307106,Jardim,CE,2024,12,6.0,climatology_apa_intensity12,5.203200028775082,2024-12
2307205,Jati,CE,2024,12,2.0,climatology_apa_intensity12,1.5081739213840815,2024-12
2308401,Missão Velha,CE,2024,12,10.0,climatology_apa_intensity12,10.708034841826978,2024-12
2309201,Nova Olinda,CE,2024,12,4.0,climatology_apa_intensity12,4.298295675944632,2024-12
2310605,Penaforte,CE,2024,12,0.0,climatology_apa_intensity12,0.6786782646228366,2024-12
2311108,Porteiras,CE,2024,12,3.0,climatology_apa_intensity12,2.6393043624221426,2024-12
2311207,Potengi,CE,2024,12,4.0,climatology_apa_intensity12,1.960626097799306,2024-12
2311959,Salitre,CE,2024,12,8.0,climatology_apa_intensity12,5.580243509121102,2024-12
2312106,Santana do Cariri,CE,2024,12,17.0,climatology_apa_intensity12,15.685008782394448,2024-12
2601102,Araripina,PE,2024,12,17.0,climatology_apa_intensity12,5.8064695973287135,2024-12
2602001,Bodocó,PE,2024,12,24.0,climatology_apa_intensity12,21.86852186006918,2024-12
2604304,Cedro,PE,2024,12,0.0,climatology_apa_intensity12,0.4524521764152244,2024-12
2605301,Exu,PE,2024,12,8.0,climatology_apa_intensity12,17.871860968401364,2024-12
2607307,Ipubi,PE,2024,12,7.0,climatology_apa_intensity12,6.258921773743938,2024-12
2614006,Serrita,PE,2024,12,13.0,climatology_apa_intensity12,7.6162783029896115,2024-12
2614303,Moreilândia,PE,2024,12,5.0,climatology_apa_intensity12,3.242573930975775,2024-12
2615607,Trindade,PE,2024,12,3.0,climatology_apa_intensity12,0.9049043528304488,2024-12
